dataset,model,cal_size,test_size,Affine_brier,Affine_logloss,Affine_kuiper,Affine_ece-15,Affine_accuracy,Affine_time
2dplanes,CatBoost,36691,4077,0.09566581992819971,0.15233013869202797,0.006399699952453375,0.01286080852150917,0.9261711835861206,0.021960424026474357
2dplanes,ExtraTrees,36691,4077,0.09486259351824752,0.1522995448848157,0.00589916855096817,0.008719940669834614,0.9254353642463684,0.013385678990744054
2dplanes,LightGBM,36691,4077,0.09542333070410883,0.15329470517962826,0.0061399550177156925,0.011605599895119667,0.9298503994941711,0.010713189956732094
2dplanes,LinearModel,36691,4077,0.2337732752576288,0.3669847591000591,0.013548547402024269,0.02186155505478382,0.840569019317627,0.005783029017038643
2dplanes,NeuralNetFastAI,36691,4077,0.09425699663896286,0.15071827500104576,0.004214500542730093,0.008939535357058048,0.9327937364578247,0.011827033944427967
2dplanes,NeuralNetTorch,36691,4077,0.09469411382307698,0.15216671161174664,0.005059823859483004,0.008495915681123734,0.9310767650604248,0.014291716972365975
2dplanes,RandomForest,36691,4077,0.09544858890160915,0.15378825350301406,0.004531474784016609,0.014212976209819317,0.9269070625305176,0.012119864928536117
2dplanes,XGBoost,36691,4077,0.09558433454857965,0.15293179586912792,0.006124821491539478,0.014089211821556091,0.9276428818702698,0.01067499304190278
APSFailure,CatBoost,68400,7600,0.007761000153745533,0.0152193238845961,0.0009338749805465341,0.0023817133624106646,0.9948683977127075,0.02481058705598116
APSFailure,ExtraTrees,68400,7600,0.011589878833129433,0.03060976898697719,0.004116983152925968,0.007090381812304258,0.9934210777282715,0.024631564039736986
APSFailure,LightGBM,68400,7600,0.0077832229402722474,0.015415725547864119,0.000854058307595551,0.001603254466317594,0.9955263137817383,0.028446916956454515
APSFailure,LinearModel,68400,7600,0.011553600702173861,0.021881646739667717,0.001577920513227582,0.0030037816613912582,0.9930263161659241,0.02481276891194284
APSFailure,NeuralNetFastAI,68400,7600,0.009235961982739412,0.01716643549012211,0.0013248911127448082,0.0029057946521788836,0.9940789341926575,0.032589680049568415
APSFailure,NeuralNetTorch,68400,7600,0.010806109353806227,0.020834811480544207,0.0017727389931678772,0.0029826671816408634,0.9932894706726074,0.0268517549848184
APSFailure,RandomForest,68400,7600,0.011961665436600462,0.03726285291096602,0.00540623813867569,0.00998071301728487,0.992236852645874,0.023681405000388622
APSFailure,XGBoost,68400,7600,0.007513703522720557,0.014739966057415219,0.0009042337769642472,0.0022251028567552567,0.9952631592750549,0.026466213050298393
Amazon_employee_access,CatBoost,29492,3277,0.07193192466550104,0.13413631812910784,0.00542988907545805,0.011412578634917736,0.9551419019699097,0.009834909928031266
Amazon_employee_access,ExtraTrees,29492,3277,0.082140626735393,0.1529240059909255,0.011549726128578186,0.021867720410227776,0.9459871649742126,0.011542883003130555
Amazon_employee_access,LightGBM,29492,3277,0.07920271457688983,0.15141921101043082,0.00580126978456974,0.007857047021389008,0.9484284520149231,0.012527829967439175
Amazon_employee_access,LinearModel,29492,3277,0.08357951586362995,0.1561309522912233,0.004591979086399078,0.00919494777917862,0.9459871649742126,0.011386372963897884
Amazon_employee_access,NeuralNetFastAI,29492,3277,0.08350442927802122,0.1551958746656624,0.005411969497799873,0.011232579126954079,0.9462923407554626,0.01221837499178946
Amazon_employee_access,NeuralNetTorch,29492,3277,0.08611357638545528,0.16149090783854703,0.01035042479634285,0.017105266451835632,0.9453768730163574,0.011494918959215283
Amazon_employee_access,RandomForest,29492,3277,0.0866146229649513,0.16033954990563293,0.021921057254076004,0.04001961275935173,0.9423252940177917,0.014463581959716976
Amazon_employee_access,XGBoost,29492,3277,0.07554979998381496,0.14388134760405047,0.004782927688211203,0.00944639090448618,0.951785147190094,0.011543097090907395
Australian,CatBoost,621,69,0.175344759070343,0.2902051278121342,0.04993043094873428,0.06492980569601059,0.8695651888847351,0.0017878049984574318
Australian,ExtraTrees,621,69,0.17222995770599914,0.29034115902612023,0.06129022687673569,0.10142247378826141,0.8550724387168884,0.001863825018517673
Australian,LightGBM,621,69,0.1766193182773117,0.32007189371925954,0.06214376538991928,0.09003978222608566,0.8695651888847351,0.0018572540720924735
Australian,LinearModel,621,69,0.17057963432345205,0.2924167091929369,0.05988682061433792,0.13184185326099396,0.9130434989929199,0.001913751009851694
Australian,NeuralNetFastAI,621,69,0.15764011068777542,0.2836347040924532,0.06398133933544159,0.07763846963644028,0.8985507488250732,0.001899093040265143
Australian,NeuralNetTorch,621,69,0.16569923510447548,0.2824072533454757,0.04373052716255188,0.11237600445747375,0.8840579986572266,0.0018604230135679245
Australian,RandomForest,621,69,0.18027915718912005,0.32630214193069695,0.07998612523078918,0.15420107543468475,0.8550724387168884,0.0020033769542351365
Australian,XGBoost,621,69,0.1494930532728283,0.26180568202232907,0.04624854773283005,0.0912298932671547,0.8840579986572266,0.0017414010362699628
Bioresponse,CatBoost,3375,376,0.277408016402791,0.4353730205094898,0.02296493947505951,0.06812729686498642,0.813829779624939,0.002668119966983795
Bioresponse,ExtraTrees,3375,376,0.28315678037768327,0.4317584903299206,0.023012887686491013,0.04973232373595238,0.8005319237709045,0.002643610001541674
Bioresponse,LightGBM,3375,376,0.2769685132142267,0.432747737631137,0.02681404910981655,0.06046689301729202,0.8191489577293396,0.002680813893675804
Bioresponse,LinearModel,3375,376,0.42897985737327693,0.6171882358017312,0.09775514900684357,0.17651893198490143,0.7234042286872864,0.004452700959518552
Bioresponse,NeuralNetFastAI,3375,376,0.2869663693114109,0.44356301395957193,0.023994728922843933,0.06536714732646942,0.7792553305625916,0.0026824979577213526
Bioresponse,NeuralNetTorch,3375,376,0.29225940007798185,0.45076949651794357,0.027825556695461273,0.07731866836547852,0.789893627166748,0.0026852870360016823
Bioresponse,RandomForest,3375,376,0.28159389438020477,0.4344125152158513,0.0290638767182827,0.050168849527835846,0.813829779624939,0.002694671042263508
Bioresponse,XGBoost,3375,376,0.2754903240802447,0.43221440654625604,0.027272619307041168,0.05774606019258499,0.813829779624939,0.0026745930081233382
Click_prediction_small,CatBoost,35953,3995,0.2533766930280174,0.4118231106766105,0.007921060547232628,0.011253930628299713,0.8367959856987,0.01470352301839739
Click_prediction_small,ExtraTrees,35953,3995,0.2601769540780173,0.42092903106046836,0.0077056242153048515,0.010245641693472862,0.8342928886413574,0.014125591958872974
Click_prediction_small,LightGBM,35953,3995,0.25809430922124166,0.41894475188501995,0.008067607879638672,0.011720110662281513,0.8367959856987,0.014142011990770698
Click_prediction_small,LinearModel,35953,3995,0.2604433377746252,0.42315005565013336,0.010695872828364372,0.016838563606142998,0.8357947468757629,0.015269662020727992
Click_prediction_small,NeuralNetFastAI,35953,3995,0.25863579887328647,0.420333406873833,0.007359720766544342,0.00854614656418562,0.8372966051101685,0.015235060011036694
Click_prediction_small,NeuralNetTorch,35953,3995,0.25948432872030935,0.41849460783052633,0.005152774974703789,0.0066300854086875916,0.8340425491333008,0.015221709967590868
Click_prediction_small,RandomForest,35953,3995,0.2590970536936725,0.4183615666894161,0.005884293466806412,0.010271519422531128,0.8342928886413574,0.013521219021640718
Click_prediction_small,XGBoost,35953,3995,0.25794805296920026,0.4171647656670594,0.008579224348068237,0.013719807378947735,0.8347935080528259,0.013907246990129352
GAMETES_Epistasis_2-Way_1000atts_0_4H_EDM-1_EDM-1_1,CatBoost,1440,160,0.4077541540552538,0.598329068334872,0.08083455264568329,0.14746995270252228,0.737500011920929,0.0018137370934709907
GAMETES_Epistasis_2-Way_1000atts_0_4H_EDM-1_EDM-1_1,ExtraTrees,1440,160,0.5043816615412696,0.6975355703353108,0.07341286540031433,0.049285247921943665,0.4749999940395355,0.0018041720613837242
GAMETES_Epistasis_2-Way_1000atts_0_4H_EDM-1_EDM-1_1,LightGBM,1440,160,0.5121468777503204,0.7053207665759164,0.08610089123249054,0.04348013177514076,0.3812499940395355,0.0019131480948999524
GAMETES_Epistasis_2-Way_1000atts_0_4H_EDM-1_EDM-1_1,LinearModel,1440,160,0.5000569436558797,0.693204139929599,0.03162092715501785,0.0003169274714309722,0.53125,0.0027502570301294327
GAMETES_Epistasis_2-Way_1000atts_0_4H_EDM-1_EDM-1_1,NeuralNetFastAI,1440,160,0.4927012392132806,0.6858399371486122,0.05734679475426674,0.02779356949031353,0.6000000238418579,0.0019159390358254313
GAMETES_Epistasis_2-Way_1000atts_0_4H_EDM-1_EDM-1_1,NeuralNetTorch,1440,160,0.5012867108786543,0.6944341272411287,0.052577823400497437,0.0008502955315634608,0.46875,0.0024510829243808985
GAMETES_Epistasis_2-Way_1000atts_0_4H_EDM-1_EDM-1_1,RandomForest,1440,160,0.5072629796057372,0.7004334951113481,0.04729720577597618,0.04434098303318024,0.4375,0.0017828309210017323
GAMETES_Epistasis_2-Way_1000atts_0_4H_EDM-1_EDM-1_1,XGBoost,1440,160,0.5023620478714985,0.6955259131738297,0.03574836254119873,0.06088367849588394,0.5062500238418579,0.0018101379973813891
GAMETES_Epistasis_2-Way_20atts_0_1H_EDM-1_1,CatBoost,1440,160,0.4150193416524486,0.6058378676449507,0.04540605843067169,0.07337941229343414,0.699999988079071,0.0017969839973375201
GAMETES_Epistasis_2-Way_20atts_0_1H_EDM-1_1,ExtraTrees,1440,160,0.4677140397100249,0.6602045836637848,0.04476534575223923,0.0552951954305172,0.6000000238418579,0.0020278720185160637
GAMETES_Epistasis_2-Way_20atts_0_1H_EDM-1_1,LightGBM,1440,160,0.4380368159606151,0.6292442299097776,0.05924036353826523,0.12208256125450134,0.6625000238418579,0.0017903399420902133
GAMETES_Epistasis_2-Way_20atts_0_1H_EDM-1_1,LinearModel,1440,160,0.501390434897508,0.6945336600129549,0.043937668204307556,0.02542153000831604,0.5,0.0017678820295259356
GAMETES_Epistasis_2-Way_20atts_0_1H_EDM-1_1,NeuralNetFastAI,1440,160,0.4106054196051067,0.5998174889611677,0.050447434186935425,0.09036806970834732,0.699999988079071,0.0020589219639077783
GAMETES_Epistasis_2-Way_20atts_0_1H_EDM-1_1,NeuralNetTorch,1440,160,0.4130375401133709,0.606307338331668,0.04510566592216492,0.08677779883146286,0.699999988079071,0.0019322220468893647
GAMETES_Epistasis_2-Way_20atts_0_1H_EDM-1_1,RandomForest,1440,160,0.47645172831738253,0.6694780434711995,0.04010464996099472,0.06164556369185448,0.612500011920929,0.0019312860677018762
GAMETES_Epistasis_2-Way_20atts_0_1H_EDM-1_1,XGBoost,1440,160,0.44422086179226217,0.6361207136826593,0.042401790618896484,0.05852126702666283,0.6625000238418579,0.001971716992557049
GAMETES_Epistasis_2-Way_20atts_0_4H_EDM-1_1,CatBoost,1440,160,0.30599230056519955,0.4581977620045349,0.04429733753204346,0.10690757632255554,0.75,0.001961396890692413
GAMETES_Epistasis_2-Way_20atts_0_4H_EDM-1_1,ExtraTrees,1440,160,0.39819577182673216,0.591794961626183,0.046327508985996246,0.10954046994447708,0.6937500238418579,0.002078004996292293
GAMETES_Epistasis_2-Way_20atts_0_4H_EDM-1_1,LightGBM,1440,160,0.3418526679372474,0.5079907139162902,0.06518185138702393,0.14885161817073822,0.731249988079071,0.0018002729630097747
GAMETES_Epistasis_2-Way_20atts_0_4H_EDM-1_1,LinearModel,1440,160,0.49715052606189125,0.6902857740146524,0.034769266843795776,0.03322843834757805,0.5,0.0017765869852155447
GAMETES_Epistasis_2-Way_20atts_0_4H_EDM-1_1,NeuralNetFastAI,1440,160,0.2856297408428741,0.43556806900347,0.04184820130467415,0.019641803577542305,0.793749988079071,0.0017733550630509853
GAMETES_Epistasis_2-Way_20atts_0_4H_EDM-1_1,NeuralNetTorch,1440,160,0.304669642683858,0.46613968221378455,0.038451969623565674,0.09641482681035995,0.7875000238418579,0.0024185540387406945
GAMETES_Epistasis_2-Way_20atts_0_4H_EDM-1_1,RandomForest,1440,160,0.395468393445395,0.5862286431816078,0.04555980861186981,0.11239240318536758,0.699999988079071,0.0022080530179664493
GAMETES_Epistasis_2-Way_20atts_0_4H_EDM-1_1,XGBoost,1440,160,0.3545966446799544,0.5284601986454837,0.06070288270711899,0.14501288533210754,0.731249988079071,0.0019723770674318075
GAMETES_Epistasis_3-Way_20atts_0_2H_EDM-1_1,CatBoost,1440,160,0.4037892434526709,0.5823167095546798,0.05147041380405426,0.10472195595502853,0.637499988079071,0.0019506929675117135
GAMETES_Epistasis_3-Way_20atts_0_2H_EDM-1_1,ExtraTrees,1440,160,0.48783589126221427,0.6809514948035563,0.03184026479721069,0.06084383279085159,0.5562499761581421,0.002208664081990719
GAMETES_Epistasis_3-Way_20atts_0_2H_EDM-1_1,LightGBM,1440,160,0.48570948965240535,0.6786533905021828,0.04447363689541817,0.04429858550429344,0.5874999761581421,0.0017551879864186049
GAMETES_Epistasis_3-Way_20atts_0_2H_EDM-1_1,LinearModel,1440,160,0.49953536732054865,0.6926828960050265,0.039010800421237946,0.013983946293592453,0.5062500238418579,0.0017734059365466237
GAMETES_Epistasis_3-Way_20atts_0_2H_EDM-1_1,NeuralNetFastAI,1440,160,0.39609101086121623,0.5654768934848547,0.04755726456642151,0.09681303799152374,0.65625,0.001933543011546135
GAMETES_Epistasis_3-Way_20atts_0_2H_EDM-1_1,NeuralNetTorch,1440,160,0.4264043940092007,0.6143828676338507,0.0467412956058979,0.10949563980102539,0.625,0.0020638819551095366
GAMETES_Epistasis_3-Way_20atts_0_2H_EDM-1_1,RandomForest,1440,160,0.491943799029405,0.6848448609947424,0.04795160889625549,0.09224448353052139,0.512499988079071,0.001943037030287087
GAMETES_Epistasis_3-Way_20atts_0_2H_EDM-1_1,XGBoost,1440,160,0.48830231746886205,0.6812685155477853,0.05619756877422333,0.07070014625787735,0.5687500238418579,0.0021668639965355396
GAMETES_Heterogeneity_20atts_1600_Het_0_4_0_2_50_EDM-2_001,CatBoost,1440,160,0.42028774974507205,0.5942111292668554,0.07495258748531342,0.16913549602031708,0.6499999761581421,0.001856049057096243
GAMETES_Heterogeneity_20atts_1600_Het_0_4_0_2_50_EDM-2_001,ExtraTrees,1440,160,0.4966637656465392,0.6977516734549567,0.06538693606853485,0.13718077540397644,0.6187499761581421,0.00198397901840508
GAMETES_Heterogeneity_20atts_1600_Het_0_4_0_2_50_EDM-2_001,LightGBM,1440,160,0.4635387985252599,0.6550955500826502,0.07221049815416336,0.10604552179574966,0.6312500238418579,0.0017678069416433573
GAMETES_Heterogeneity_20atts_1600_Het_0_4_0_2_50_EDM-2_001,LinearModel,1440,160,0.4971595921217914,0.6903055575748513,0.06555770337581635,0.00021662107610609382,0.550000011920929,0.001869846018962562
GAMETES_Heterogeneity_20atts_1600_Het_0_4_0_2_50_EDM-2_001,NeuralNetFastAI,1440,160,0.4628503220260676,0.6505539489413475,0.08464387059211731,0.15496528148651123,0.606249988079071,0.0019034380093216896
GAMETES_Heterogeneity_20atts_1600_Het_0_4_0_2_50_EDM-2_001,NeuralNetTorch,1440,160,0.4490979810881063,0.6372692663906441,0.06667834520339966,0.14041195809841156,0.6499999761581421,0.002063049003481865
GAMETES_Heterogeneity_20atts_1600_Het_0_4_0_2_50_EDM-2_001,RandomForest,1440,160,0.49695976058740693,0.6971139538496858,0.06086813285946846,0.12715353071689606,0.606249988079071,0.002276418963447213
GAMETES_Heterogeneity_20atts_1600_Het_0_4_0_2_50_EDM-2_001,XGBoost,1440,160,0.45443923740839853,0.6477196801996958,0.049558188766241074,0.10465870052576065,0.6499999761581421,0.0019930420676246285
GAMETES_Heterogeneity_20atts_1600_Het_0_4_0_2_75_EDM-2_001,CatBoost,1440,160,0.3756135455966024,0.5542988841079112,0.04796754568815231,0.09399884939193726,0.6875,0.0019685119623318315
GAMETES_Heterogeneity_20atts_1600_Het_0_4_0_2_75_EDM-2_001,ExtraTrees,1440,160,0.41794812495529643,0.6072414946349222,0.03853253647685051,0.07903684675693512,0.668749988079071,0.0023276900174096227
GAMETES_Heterogeneity_20atts_1600_Het_0_4_0_2_75_EDM-2_001,LightGBM,1440,160,0.3880795958676653,0.5738900402066176,0.040820538997650146,0.09616751223802567,0.7124999761581421,0.0018580820178613067
GAMETES_Heterogeneity_20atts_1600_Het_0_4_0_2_75_EDM-2_001,LinearModel,1440,160,0.5031161121762718,0.696277763900264,0.05621013790369034,0.07439937442541122,0.45625001192092896,0.0017146279569715261
GAMETES_Heterogeneity_20atts_1600_Het_0_4_0_2_75_EDM-2_001,NeuralNetFastAI,1440,160,0.3765932311485146,0.5571313083832271,0.051237620413303375,0.10264281183481216,0.706250011920929,0.0019843849586322904
GAMETES_Heterogeneity_20atts_1600_Het_0_4_0_2_75_EDM-2_001,NeuralNetTorch,1440,160,0.3513301794360986,0.5273562003034604,0.06416201591491699,0.10386490821838379,0.7250000238418579,0.002143923076801002
GAMETES_Heterogeneity_20atts_1600_Het_0_4_0_2_75_EDM-2_001,RandomForest,1440,160,0.4060225180445263,0.5948889640500141,0.037596702575683594,0.09429503232240677,0.699999988079071,0.002261140034534037
GAMETES_Heterogeneity_20atts_1600_Het_0_4_0_2_75_EDM-2_001,XGBoost,1440,160,0.39033348365077314,0.5758826855940289,0.03762737661600113,0.05808364599943161,0.6937500238418579,0.001882203039713204
Internet-Advertisements,CatBoost,2951,328,0.04462413907111372,0.09111373332111396,0.015668153762817383,0.01967891864478588,0.9725610017776489,0.00296469300519675
Internet-Advertisements,ExtraTrees,2951,328,0.061964162745790766,0.3807582302423236,0.04006991535425186,0.07361911237239838,0.9725610017776489,0.003419754095375538
Internet-Advertisements,LightGBM,2951,328,0.044867341555203354,0.0916383600781973,0.013571321964263916,0.02464853785932064,0.9725610017776489,0.002824863069690764
Internet-Advertisements,LinearModel,2951,328,0.0646298787084792,0.13694528331323946,0.015521539375185966,0.030797656625509262,0.9664633870124817,0.0034006009809672832
Internet-Advertisements,NeuralNetFastAI,2951,328,0.058737072910759136,0.11558655742507701,0.01853431761264801,0.018861055374145508,0.9634146094322205,0.0036128800129517913
Internet-Advertisements,NeuralNetTorch,2951,328,0.05243508577086659,0.11405282105732574,0.012632012367248535,0.030760467052459717,0.9664633870124817,0.002935187891125679
Internet-Advertisements,RandomForest,2951,328,0.06218656751904613,0.12446253312735024,0.03694065660238266,0.06211136654019356,0.9725610017776489,0.0033564260229468346
Internet-Advertisements,XGBoost,2951,328,0.05019020027913793,0.10062889411593004,0.012568933889269829,0.01934063248336315,0.9695122241973877,0.0029077959479764104
OVA_Colon,CatBoost,1390,155,0.0737147415206841,0.17357118405440253,0.019401978701353073,0.03198995813727379,0.9612902998924255,0.0023349879775196314
OVA_Colon,ExtraTrees,1390,155,0.06893616555439014,0.15293864596692608,0.021138392388820648,0.035253990441560745,0.9612902998924255,0.0024133239639922976
OVA_Colon,LightGBM,1390,155,0.06438796325109654,0.15440012623375338,0.01769307255744934,0.025350242853164673,0.9677419066429138,0.0024694650201126933
OVA_Colon,LinearModel,1390,155,0.0735991661468595,0.3236724201620024,0.01822643354535103,0.02896733395755291,0.9677419066429138,0.004041305044665933
OVA_Colon,NeuralNetFastAI,1390,155,0.08277580472922066,0.18710871163432533,0.02720719203352928,0.0440516360104084,0.9612902998924255,0.0026684999465942383
OVA_Colon,NeuralNetTorch,1390,155,0.07006796527559245,0.16284109489140028,0.02154611423611641,0.04046029970049858,0.9677419066429138,0.0030709999846294522
OVA_Colon,RandomForest,1390,155,0.08064509354585889,0.17641688962531538,0.019006114453077316,0.04441213980317116,0.948387086391449,0.0022704140283167362
OVA_Colon,XGBoost,1390,155,0.0718937485258963,0.17114404375755998,0.01920458674430847,0.03347620740532875,0.9612902998924255,0.002378166071139276
OVA_Endometrium,CatBoost,1390,155,0.05379745196594286,0.10216485676273186,0.013892630115151405,0.02442122809588909,0.9612902998924255,0.002652244991622865
OVA_Endometrium,ExtraTrees,1390,155,0.05533645779834371,0.09932783549807199,0.013090619817376137,0.02499310113489628,0.9677419066429138,0.0025320829590782523
OVA_Endometrium,LightGBM,1390,155,0.04597573283784774,0.09028319389807847,0.01499198004603386,0.02966882847249508,0.9677419066429138,0.002693291986361146
OVA_Endometrium,LinearModel,1390,155,0.04001481434603975,0.07229047131243371,0.01564345881342888,0.019557971507310867,0.9677419066429138,0.003124344046227634
OVA_Endometrium,NeuralNetFastAI,1390,155,0.044930000157682316,0.08063419860703495,0.01436014473438263,0.015176257118582726,0.9677419066429138,0.0027178929885849357
OVA_Endometrium,NeuralNetTorch,1390,155,0.04331466912545885,0.0860111246053173,0.01123180240392685,0.02333899401128292,0.9741935729980469,0.0027809380553662777
OVA_Endometrium,RandomForest,1390,155,0.06021742241556879,0.11804645224519701,0.02204747311770916,0.04075977951288223,0.9612902998924255,0.0023450080770999193
OVA_Endometrium,XGBoost,1390,155,0.05083926350627064,0.09995363576231751,0.013606706634163857,0.021826718002557755,0.9612902998924255,0.0025678930105641484
OVA_Kidney,CatBoost,1390,155,0.01348381168828878,0.047792419999258776,0.011874482966959476,0.013051921501755714,0.9935483932495117,0.0023843280505388975
OVA_Kidney,ExtraTrees,1390,155,0.015557775265221152,0.0664275532945843,0.015857962891459465,0.019200880080461502,0.9935483932495117,0.0025262520648539066
OVA_Kidney,LightGBM,1390,155,0.013533802457345973,0.044385975866367985,0.012187663465738297,0.011994867585599422,0.9935483932495117,0.0024672020226716995
OVA_Kidney,LinearModel,1390,155,0.014097964593569604,0.046099086461609214,0.014616912230849266,0.015341144055128098,0.9935483932495117,0.003799980040639639
OVA_Kidney,NeuralNetFastAI,1390,155,0.016639657479472502,0.04209710347160773,0.012415388599038124,0.021736392751336098,0.9935483932495117,0.00261598895303905
OVA_Kidney,NeuralNetTorch,1390,155,0.01538699418674472,0.04915800397402621,0.017107773572206497,0.017972305417060852,0.9935483932495117,0.002244749921374023
OVA_Kidney,RandomForest,1390,155,0.01598497825213621,0.06395765563014254,0.013846312649548054,0.01976531557738781,0.9935483932495117,0.0025970879942178726
OVA_Kidney,XGBoost,1390,155,0.013490092012547564,0.04732629706460721,0.01403074525296688,0.013904469087719917,0.9935483932495117,0.0025715470546856523
OVA_Lung,CatBoost,1390,155,0.014712629104474028,0.04754095094521829,0.011469266377389431,0.007919776253402233,0.9935483932495117,0.002493562991730869
OVA_Lung,ExtraTrees,1390,155,0.023662088182157794,0.09131668769186149,0.010565508157014847,0.012409767135977745,0.9870967864990234,0.0027458149706944823
OVA_Lung,LightGBM,1390,155,0.016938073473716845,0.05402749640165747,0.01402690727263689,0.010096953250467777,0.9935483932495117,0.0023836978944018483
OVA_Lung,LinearModel,1390,155,0.028569281497152606,0.15826275938395395,0.020999103784561157,0.03067980706691742,0.9806451797485352,0.004145151004195213
OVA_Lung,NeuralNetFastAI,1390,155,0.03775540467486662,0.07072553220781197,0.009417617693543434,0.01941896229982376,0.9741935729980469,0.002421130076982081
OVA_Lung,NeuralNetTorch,1390,155,0.025323815095890986,0.07012054540507874,0.020815696567296982,0.01764812506735325,0.9870967864990234,0.0026394780725240707
OVA_Lung,RandomForest,1390,155,0.033143611469945974,0.11493135806765906,0.014844349585473537,0.014530740678310394,0.9806451797485352,0.002703937003389001
OVA_Lung,XGBoost,1390,155,0.015492821318231265,0.047859005786580054,0.011145440861582756,0.009660166688263416,0.9935483932495117,0.0025908019160851836
OVA_Ovary,CatBoost,1390,155,0.11185587988436702,0.19913346851467703,0.02700132131576538,0.051185242831707,0.9225806593894958,0.002364636049605906
OVA_Ovary,ExtraTrees,1390,155,0.11836209130562673,0.18413622772898972,0.03322342038154602,0.0703921690583229,0.9161290526390076,0.002253020997159183
OVA_Ovary,LightGBM,1390,155,0.10115331457818108,0.1814067367465336,0.024519162252545357,0.05292383208870888,0.9354838728904724,0.0024883050937205553
OVA_Ovary,LinearModel,1390,155,0.11277026243871283,0.19319549416956006,0.026897884905338287,0.062093257904052734,0.9225806593894958,0.003555369097739458
OVA_Ovary,NeuralNetFastAI,1390,155,0.11849835139551924,0.1862367550849558,0.03466055542230606,0.07842448353767395,0.9096774458885193,0.0025112220318987966
OVA_Ovary,NeuralNetTorch,1390,155,0.09913221507802396,0.15519747114491575,0.028303902596235275,0.05867161229252815,0.9290322661399841,0.0020322580821812153
OVA_Ovary,RandomForest,1390,155,0.11867168381208582,0.18371560104757093,0.03660234063863754,0.07611161470413208,0.9225806593894958,0.0023983740247786045
OVA_Ovary,XGBoost,1390,155,0.10489377959987245,0.1979861863603119,0.028903990983963013,0.05613715201616287,0.9419354796409607,0.002375585027039051
OVA_Prostate,CatBoost,1390,155,0.014333081906421916,0.09946945704211103,0.00645161047577858,0.009406721219420433,0.9935483932495117,0.0034843680914491415
OVA_Prostate,ExtraTrees,1390,155,0.014263368105939166,0.06867191837561633,0.006451331079006195,0.009959827177226543,0.9935483932495117,0.0028521340573206544
OVA_Prostate,LightGBM,1390,155,0.012903872299485777,0.06791771477808298,0.007042836397886276,0.0070425355806946754,0.9935483932495117,0.0030067330226302147
OVA_Prostate,LinearModel,1390,155,0.02504342853810233,0.5868214002815982,0.013519695028662682,0.01351968850940466,0.9870967864990234,0.003691888996399939
OVA_Prostate,NeuralNetFastAI,1390,155,0.025806451648634293,1.126923537595469,0.012903565540909767,0.012903653085231781,0.9870967864990234,0.003681429079733789
OVA_Prostate,NeuralNetTorch,1390,155,0.012903225814885724,0.23253993437895665,0.006451848894357681,0.006451935041695833,0.9935483932495117,0.0033166399225592613
OVA_Prostate,RandomForest,1390,155,0.016590537237937963,0.05614605172056786,0.008512122556567192,0.013882196508347988,0.9935483932495117,0.0028666260186582804
OVA_Prostate,XGBoost,1390,155,0.019731902257202408,0.052211188410381616,0.00644286721944809,0.012225795537233353,0.9870967864990234,0.0026955530047416687
PhishingWebsites,CatBoost,9949,1106,0.04886482712941565,0.08605390439661655,0.009024428203701973,0.020684005692601204,0.9629294872283936,0.005115746054798365
PhishingWebsites,ExtraTrees,9949,1106,0.056872119826354914,0.0987988291924051,0.010248049162328243,0.016824768856167793,0.9638336300849915,0.005897770053707063
PhishingWebsites,LightGBM,9949,1106,0.04733824119848699,0.08012447792692787,0.008901826106011868,0.014924162067472935,0.9638336300849915,0.005327399936504662
PhishingWebsites,LinearModel,9949,1106,0.0942529754298043,0.1524119655506627,0.008987478911876678,0.023051507771015167,0.9358047246932983,0.00464166107121855
PhishingWebsites,NeuralNetFastAI,9949,1106,0.04917568314399533,0.08186449607271933,0.006804024800658226,0.01455500815063715,0.965641975402832,0.00666383805219084
PhishingWebsites,NeuralNetTorch,9949,1106,0.04874905596185115,0.08170515634027585,0.0088089844211936,0.015950072556734085,0.9647377729415894,0.00671154004521668
PhishingWebsites,RandomForest,9949,1106,0.056321735836437584,0.09865030279633945,0.01074066013097763,0.014011312276124954,0.9620253443717957,0.0058874000096693635
PhishingWebsites,XGBoost,9949,1106,0.04812692275056749,0.08532804825876983,0.00841201189905405,0.013744702562689781,0.965641975402832,0.004939862061291933
Run_or_walk_information,CatBoost,79729,8859,0.009231773094296137,0.01722801817050767,0.0021629114635288715,0.0037284987047314644,0.9942431449890137,0.02527026494499296
Run_or_walk_information,ExtraTrees,79729,8859,0.012332664220638207,0.024711796492918627,0.004688587971031666,0.0074034822173416615,0.9928885698318481,0.03109779697842896
Run_or_walk_information,LightGBM,79729,8859,0.00845235728356513,0.016289788498210396,0.0020832312293350697,0.002262615133076906,0.9943560361862183,0.02244082500692457
Run_or_walk_information,LinearModel,79729,8859,0.28371914094828943,0.4329485130429309,0.06433874368667603,0.12530304491519928,0.7235579490661621,0.017791745020076632
Run_or_walk_information,NeuralNetFastAI,79729,8859,0.013239866027853526,0.025815239796971288,0.002739801537245512,0.003403944429010153,0.9914211630821228,0.03544805897399783
Run_or_walk_information,NeuralNetTorch,79729,8859,0.010810105264514045,0.02132342707024244,0.003868948668241501,0.00513750035315752,0.9936787486076355,0.03353783895727247
Run_or_walk_information,RandomForest,79729,8859,0.013799077523856264,0.027471497986247918,0.00523355882614851,0.008501194417476654,0.9922112822532654,0.025263778981752694
Run_or_walk_information,XGBoost,79729,8859,0.009952171158815514,0.01825459698575224,0.002113526687026024,0.0030052615329623222,0.9933401346206665,0.026709178928285837
Satellite,CatBoost,4590,510,0.01478291933933631,0.02654886224758988,0.006726366933435202,0.007768863346427679,0.9882352948188782,0.004148922977037728
Satellite,ExtraTrees,4590,510,0.015701860755264252,0.025205933773643337,0.005777372047305107,0.009015502408146858,0.9882352948188782,0.004291731049306691
Satellite,LightGBM,4590,510,0.016034131536548535,0.02793844723946573,0.007375667337328196,0.007441049907356501,0.9882352948188782,0.004277858999557793
Satellite,LinearModel,4590,510,0.01516432086837107,0.026800919504699042,0.006285440176725388,0.007661350071430206,0.9921568632125854,0.0027279950445517898
Satellite,NeuralNetFastAI,4590,510,0.012583336753622137,0.02373019911508337,0.004728034138679504,0.006771423388272524,0.9921568632125854,0.004023386049084365
Satellite,NeuralNetTorch,4590,510,0.016734237520398782,0.030958528414338254,0.007144267670810223,0.007798256818205118,0.9901960492134094,0.004513405961915851
Satellite,RandomForest,4590,510,0.013458104739378151,0.024359928599810655,0.004712954163551331,0.009198801591992378,0.9882352948188782,0.003513382049277425
Satellite,XGBoost,4590,510,0.015591757649239731,0.028438836168852077,0.006845587864518166,0.006037600804120302,0.9901960492134094,0.004053137032315135
SpeedDating,CatBoost,7540,838,0.17542051733935582,0.2886797425700443,0.015490777790546417,0.028867604210972786,0.8818615674972534,0.004557834006845951
SpeedDating,ExtraTrees,7540,838,0.19232511366271304,0.30942052362765354,0.017252009361982346,0.033492933958768845,0.8687350749969482,0.004438001080416143
SpeedDating,LightGBM,7540,838,0.17607455186929277,0.2900595366350395,0.02182128094136715,0.03007279895246029,0.8866348266601562,0.004616412916220725
SpeedDating,LinearModel,7540,838,0.18949212922785508,0.3119217082776012,0.027488168329000473,0.0423397496342659,0.8723150491714478,0.0050465959357097745
SpeedDating,NeuralNetFastAI,7540,838,0.1888567917026775,0.30779499405033844,0.025479670614004135,0.032863516360521317,0.8770883083343506,0.004239225992932916
SpeedDating,NeuralNetTorch,7540,838,0.18907147961051649,0.3081960082853949,0.025013212114572525,0.036853987723588943,0.8687350749969482,0.004618269973434508
SpeedDating,RandomForest,7540,838,0.190568040143567,0.3103897829460745,0.020748227834701538,0.03483830392360687,0.8699284195899963,0.00463580503128469
SpeedDating,XGBoost,7540,838,0.1754381311513805,0.28933219485382405,0.022068334743380547,0.027938779443502426,0.8830549120903015,0.004981638980098069
Titanic,CatBoost,1980,221,0.25290514015961196,0.4084919342889082,0.0651465654373169,0.05049688369035721,0.8325791954994202,0.0024010889464989305
Titanic,ExtraTrees,1980,221,0.2625239363116144,0.42714028725322956,0.07654585689306259,0.072811059653759,0.8325791954994202,0.0023996150121092796
Titanic,LightGBM,1980,221,0.2526616195146116,0.40819091798432017,0.0682087317109108,0.054446712136268616,0.8325791954994202,0.002555240993387997
Titanic,LinearModel,1980,221,0.2801902848140827,0.4548837326744418,0.06174338608980179,0.08600980043411255,0.8325791954994202,0.002435429021716118
Titanic,NeuralNetFastAI,1980,221,0.2534447334921957,0.408438338468786,0.06705299019813538,0.055766232311725616,0.8325791954994202,0.002437490038573742
Titanic,NeuralNetTorch,1980,221,0.2539507695532792,0.41025199205112195,0.06592602282762527,0.05093088746070862,0.8325791954994202,0.0024659569608047605
Titanic,RandomForest,1980,221,0.25744463655668093,0.41866774577140653,0.07173996418714523,0.05632563680410385,0.8325791954994202,0.002429214073345065
Titanic,XGBoost,1980,221,0.2530318774001714,0.4086214750961075,0.06755131483078003,0.05150166153907776,0.8325791954994202,0.002322200918570161
ada,CatBoost,3732,415,0.17003444296896933,0.2671693397955468,0.013052556663751602,0.03113638609647751,0.8867470026016235,0.0030212640995159745
ada,ExtraTrees,3732,415,0.20063765644136514,0.31758106122360763,0.03300681710243225,0.04962768405675888,0.8554216623306274,0.0032487830612808466
ada,LightGBM,3732,415,0.17148304982706358,0.2734539724061427,0.015558945015072823,0.04773634672164917,0.8819277286529541,0.0029761360492557287
ada,LinearModel,3732,415,0.19699383563775288,0.31130297370031607,0.013594761490821838,0.026759739965200424,0.8554216623306274,0.0028120120987296104
ada,NeuralNetFastAI,3732,415,0.18588386623983766,0.29517579466016997,0.017445262521505356,0.03442114219069481,0.8722891807556152,0.0033325139665976167
ada,NeuralNetTorch,3732,415,0.18484596650937044,0.28873174020366854,0.014450497925281525,0.03210645541548729,0.8722891807556152,0.0027897979598492384
ada,RandomForest,3732,415,0.18146233866538794,0.2876608616774822,0.011927250772714615,0.03927561268210411,0.87469881772995,0.002796818967908621
ada,XGBoost,3732,415,0.169641224472209,0.2680426576810486,0.009851908311247826,0.03215453773736954,0.8819277286529541,0.0030825750436633825
adult,CatBoost,43957,4885,0.17122684644761368,0.2706831049955021,0.005183753557503223,0.00995822623372078,0.8769702911376953,0.01609625294804573
adult,ExtraTrees,43957,4885,0.1904088640460312,0.31701632734576607,0.008588828146457672,0.014067227020859718,0.8630501627922058,0.014094135025516152
adult,LightGBM,43957,4885,0.17077493864252158,0.26893389484626445,0.005991593934595585,0.012218745425343513,0.8769702911376953,0.015360480989329517
adult,LinearModel,43957,4885,0.20340060633717683,0.31935783861505856,0.009536812081933022,0.012986574321985245,0.853428840637207,0.014215420000255108
adult,NeuralNetFastAI,43957,4885,0.18931942344259944,0.2995326622074992,0.007533099502325058,0.008507615886628628,0.8653019666671753,0.015709089930169284
adult,NeuralNetTorch,43957,4885,0.19131291801365957,0.3010533753808018,0.007099232170730829,0.011082423850893974,0.8628454208374023,0.014144942979328334
adult,RandomForest,43957,4885,0.18705742326971758,0.2941906152526309,0.005990054924041033,0.011777623556554317,0.8626407384872437,0.014103142078965902
adult,XGBoost,43957,4885,0.17014817514845346,0.2679833653814032,0.005846290849149227,0.01159942988306284,0.8765609264373779,0.015275413985364139
ailerons,CatBoost,12375,1375,0.1597861528404947,0.2605185199183343,0.012219622731208801,0.02790086902678013,0.8894545435905457,0.005408185999840498
ailerons,ExtraTrees,12375,1375,0.16838734943729763,0.27545500816878526,0.008291099220514297,0.02261972241103649,0.8807272911071777,0.006166424020193517
ailerons,LightGBM,12375,1375,0.15867275005772555,0.2579870416750717,0.00994054600596428,0.020725777372717857,0.8909090757369995,0.005948323989287019
ailerons,LinearModel,12375,1375,0.16969822617843813,0.27643077791687304,0.008120102807879448,0.020583350211381912,0.8843636512756348,0.005647050100378692
ailerons,NeuralNetFastAI,12375,1375,0.16666883724689446,0.2702560725504342,0.009751036763191223,0.01963547058403492,0.8821818232536316,0.005313812987878919
ailerons,NeuralNetTorch,12375,1375,0.1647551823062486,0.267688157692789,0.008986158296465874,0.02360818348824978,0.8836363554000854,0.005858183954842389
ailerons,RandomForest,12375,1375,0.16358205547797564,0.3278366194278354,0.008827333338558674,0.024956148117780685,0.8821818232536316,0.005831895978190005
ailerons,XGBoost,12375,1375,0.15919480041240539,0.2585499720849573,0.008663572371006012,0.02237890101969242,0.8880000114440918,0.005076610948890448
arcene,CatBoost,90,10,0.3374021200199631,0.5810895945763526,0.13455986976623535,0.24382920563220978,0.699999988079071,0.0016673349309712648
arcene,ExtraTrees,90,10,0.27842195504146744,0.5005734591041737,0.10088316351175308,0.24711084365844727,0.8999999761581421,0.0017306730151176453
arcene,LightGBM,90,10,0.37948102771611425,0.5827673362521499,0.13035699725151062,0.21132200956344604,0.699999988079071,0.0015764429699629545
arcene,LinearModel,90,10,0.27576227891599214,0.42102983116382475,0.10762736946344376,0.28841838240623474,0.699999988079071,0.0020013049943372607
arcene,NeuralNetFastAI,90,10,0.3216366506586491,0.5498194954165989,0.1258142590522766,0.27343472838401794,0.800000011920929,0.0017835489707067609
arcene,NeuralNetTorch,90,10,0.3547790862392407,0.7398355839254713,0.15216347575187683,0.24135425686836243,0.699999988079071,0.001660565030761063
arcene,RandomForest,90,10,0.38138213917732955,0.6302897859723811,0.09734725207090378,0.2763288617134094,0.800000011920929,0.0016365250339731574
arcene,XGBoost,90,10,0.3760547025910094,0.569881229992776,0.10563299804925919,0.2616518437862396,0.800000011920929,0.0015768340090289712
arsenic-female-bladder,CatBoost,503,56,0.19545157089242288,0.3135855540814882,0.024165518581867218,0.06976396590471268,0.8928571343421936,0.0018472080118954182
arsenic-female-bladder,ExtraTrees,503,56,0.20890868673565605,0.3336558200503777,0.04062318801879883,0.10012171417474747,0.8571428656578064,0.002057523000985384
arsenic-female-bladder,LightGBM,503,56,0.21368409581254982,0.34184157805569704,0.04335632920265198,0.06658212095499039,0.8571428656578064,0.00201073894277215
arsenic-female-bladder,LinearModel,503,56,0.23760061742495206,0.3715242952851395,0.048695892095565796,0.047981470823287964,0.8392857313156128,0.001957983011379838
arsenic-female-bladder,NeuralNetFastAI,503,56,0.20873021328171282,0.3188625527645644,0.03135517239570618,0.06987037509679794,0.8571428656578064,0.002007090952247381
arsenic-female-bladder,NeuralNetTorch,503,56,0.18570634782488638,0.310710412641872,0.04834890365600586,0.09141010791063309,0.875,0.0023097519297152758
arsenic-female-bladder,RandomForest,503,56,0.2363157281056796,0.3869864817311459,0.05394083261489868,0.03886224702000618,0.8571428656578064,0.0038036340847611427
arsenic-female-bladder,XGBoost,503,56,0.2091465460842988,0.34122317659767376,0.029400162398815155,0.07295781373977661,0.8571428656578064,0.001998096937313676
autoUniv-au1-1000,CatBoost,900,100,0.3656543637814136,0.5568180680697543,0.057687222957611084,0.11255711317062378,0.7799999713897705,0.002133689005859196
autoUniv-au1-1000,ExtraTrees,900,100,0.3609929886439508,0.5521599475346635,0.039704397320747375,0.12318535894155502,0.7699999809265137,0.0020683049224317074
autoUniv-au1-1000,LightGBM,900,100,0.35743550700475857,0.5493934758557661,0.06064482405781746,0.15853270888328552,0.7699999809265137,0.0021458129631355405
autoUniv-au1-1000,LinearModel,900,100,0.3824653116687813,0.5779365843065633,0.06979478150606155,0.1418410688638687,0.7400000095367432,0.0020975240040570498
autoUniv-au1-1000,NeuralNetFastAI,900,100,0.35139029317668197,0.5380377634218764,0.052644792944192886,0.09402357786893845,0.7699999809265137,0.0019964639795944095
autoUniv-au1-1000,NeuralNetTorch,900,100,0.35474720674524235,0.5372747355755522,0.05277751386165619,0.06945250183343887,0.75,0.0021239679772406816
autoUniv-au1-1000,RandomForest,900,100,0.37962387820555554,0.5753524692917199,0.05168922245502472,0.12710799276828766,0.7300000190734863,0.0021752890897914767
autoUniv-au1-1000,XGBoost,900,100,0.363033174430128,0.5510890108343457,0.05138365179300308,0.11029413342475891,0.75,0.0019529620185494423
bank-marketing,CatBoost,40689,4522,0.11775838062748176,0.18735131024993232,0.008855273947119713,0.012554777786135674,0.9106590151786804,0.014621402020566165
bank-marketing,ExtraTrees,40689,4522,0.12651628453876582,0.20135174798653396,0.010502769611775875,0.017395660281181335,0.9053516387939453,0.013296384015120566
bank-marketing,LightGBM,40689,4522,0.1197668184304979,0.18970414983962638,0.008166934363543987,0.01168430969119072,0.9135338068008423,0.014556306065060198
bank-marketing,LinearModel,40689,4522,0.14373400947929138,0.23394063524685718,0.013331371359527111,0.020321238785982132,0.8987174034118652,0.013305541942827404
bank-marketing,NeuralNetFastAI,40689,4522,0.1203027651596172,0.19093114641346812,0.005570240318775177,0.007161211222410202,0.9117646813392639,0.01313615101389587
bank-marketing,NeuralNetTorch,40689,4522,0.12029257301231668,0.1907179945444324,0.007536605931818485,0.011057734489440918,0.9113224148750305,0.015955570968799293
bank-marketing,RandomForest,40689,4522,0.12543529218740093,0.19911892301283834,0.008229078724980354,0.013355848379433155,0.9053516387939453,0.017730531049892306
bank-marketing,XGBoost,40689,4522,0.12020281339681367,0.19140977309788434,0.010549662634730339,0.015614835545420647,0.9099955558776855,0.014557410962879658
bank32nh,CatBoost,7372,820,0.26943467758337375,0.41325647040049585,0.021717574447393417,0.04387922212481499,0.795121967792511,0.0044086979469284415
bank32nh,ExtraTrees,7372,820,0.27104798934289553,0.41579426576371137,0.021750112995505333,0.03978275880217552,0.800000011920929,0.004307932103984058
bank32nh,LightGBM,7372,820,0.2684576054349993,0.4129456631237073,0.021466679871082306,0.04031306132674217,0.800000011920929,0.004319177009165287
bank32nh,LinearModel,7372,820,0.2691405637021714,0.41606340504512973,0.022529251873493195,0.04971562698483467,0.790243923664093,0.004251066013239324
bank32nh,NeuralNetFastAI,7372,820,0.2555475208829055,0.39565138764385527,0.023089734837412834,0.037171706557273865,0.8121951222419739,0.0043479399755597115
bank32nh,NeuralNetTorch,7372,820,0.2615660125421427,0.4036968533361996,0.013002252206206322,0.025205502286553383,0.8060975670814514,0.004243846051394939
bank32nh,RandomForest,7372,820,0.28505568635029,0.4355782882655462,0.026002027094364166,0.04170043766498566,0.790243923664093,0.00464817404281348
bank32nh,XGBoost,7372,820,0.2723403226249316,0.41914574460385384,0.021695606410503387,0.03679705411195755,0.79756098985672,0.0042504360899329185
bank8FM,CatBoost,7372,820,0.07449625163784963,0.1203762575953097,0.009229477494955063,0.017761562019586563,0.9463414549827576,0.00431175297126174
bank8FM,ExtraTrees,7372,820,0.07893330520784293,0.1266327783502588,0.010831964202225208,0.019376831129193306,0.9451219439506531,0.004758538096211851
bank8FM,LightGBM,7372,820,0.07540628420781091,0.12044023353691939,0.009166416712105274,0.01939266547560692,0.9487804770469666,0.004343787091784179
bank8FM,LinearModel,7372,820,0.08174009594851159,0.13392446875465502,0.00883933249861002,0.018291521817445755,0.9451219439506531,0.0043539529433473945
bank8FM,NeuralNetFastAI,7372,820,0.07638844096254706,0.11779783945318201,0.009424136951565742,0.024045897647738457,0.9487804770469666,0.0042837560176849365
bank8FM,NeuralNetTorch,7372,820,0.07902820025277203,0.12288475910141518,0.010967964306473732,0.019215352833271027,0.9439024329185486,0.004309280076995492
bank8FM,RandomForest,7372,820,0.07810101849556186,0.13066196438781533,0.009247872978448868,0.023089168593287468,0.9439024329185486,0.004679123987443745
bank8FM,XGBoost,7372,820,0.07675962713297253,0.1274204029607104,0.010002643801271915,0.02259180322289467,0.9463414549827576,0.003898780094459653
blood-transfusion-service-center,CatBoost,673,75,0.3227623840813896,0.48896260047611484,0.06989062577486038,0.10403583943843842,0.7599999904632568,0.0020813419250771403
blood-transfusion-service-center,ExtraTrees,673,75,0.31357776871657883,0.4727517352383637,0.04699558764696121,0.11855429410934448,0.7599999904632568,0.0021595959551632404
blood-transfusion-service-center,LightGBM,673,75,0.315527024622939,0.47695221001987953,0.05258100479841232,0.10658229887485504,0.7599999904632568,0.0020828209817409515
blood-transfusion-service-center,LinearModel,673,75,0.31142786857017285,0.4674017075161446,0.06508441269397736,0.08774092048406601,0.7333333492279053,0.001988425967283547
blood-transfusion-service-center,NeuralNetFastAI,673,75,0.3138283430891343,0.4711963352385723,0.06303652375936508,0.08478192985057831,0.7733333110809326,0.001990371965803206
blood-transfusion-service-center,NeuralNetTorch,673,75,0.31606857953360323,0.47792396831757705,0.06794463098049164,0.0843387022614479,0.7333333492279053,0.002101848949678242
blood-transfusion-service-center,RandomForest,673,75,0.3166738306592851,0.48061226816771446,0.05940541625022888,0.11358024924993515,0.7733333110809326,0.0020430940203368664
blood-transfusion-service-center,XGBoost,673,75,0.32922611228305615,0.5020103145554318,0.04314879700541496,0.08795209228992462,0.7599999904632568,0.002119065960869193
boston_corrected,CatBoost,455,51,0.166174144710109,0.2715869356042013,0.08270158618688583,0.09938351064920425,0.8823529481887817,0.0018443060107529163
boston_corrected,ExtraTrees,455,51,0.1429850972235766,0.24550540377624808,0.09008445590734482,0.12564533948898315,0.9215686321258545,0.0018404190195724368
boston_corrected,LightGBM,455,51,0.16056826521275744,0.2634777643681916,0.08572405576705933,0.11949441581964493,0.9215686321258545,0.0018563609337434173
boston_corrected,LinearModel,455,51,0.17799575591131975,0.28559326242733357,0.08780933171510696,0.1446325182914734,0.8823529481887817,0.0018356719519942999
boston_corrected,NeuralNetFastAI,455,51,0.13749213529176801,0.23997764629891055,0.1044430285692215,0.14472845196723938,0.9215686321258545,0.0018592019332572818
boston_corrected,NeuralNetTorch,455,51,0.17079845977641292,0.2732826347989372,0.08738817274570465,0.15051031112670898,0.9019607901573181,0.0017815330065786839
boston_corrected,RandomForest,455,51,0.16875730067684735,0.2794273870289444,0.08106590807437897,0.1279030740261078,0.8823529481887817,0.0017963590798899531
boston_corrected,XGBoost,455,51,0.19512934645078236,0.30754278125154766,0.08245651423931122,0.14833875000476837,0.8823529481887817,0.0017982600256800652
churn,CatBoost,4500,500,0.08666918834898427,0.18267743748389256,0.01478913426399231,0.026832837611436844,0.949999988079071,0.0034403090830892324
churn,ExtraTrees,4500,500,0.11550840971297777,0.22819790865156803,0.0431373156607151,0.07627423852682114,0.9279999732971191,0.003903219010680914
churn,LightGBM,4500,500,0.09708197730689071,0.21128782378336414,0.024331336840987206,0.0506155788898468,0.9459999799728394,0.0034473069244995713
churn,LinearModel,4500,500,0.2093248116708658,0.334200798696086,0.03438711166381836,0.06519114971160889,0.8460000157356262,0.0033799370285123587
churn,NeuralNetFastAI,4500,500,0.0791230318975589,0.1720789238247139,0.01425604335963726,0.027975820004940033,0.9580000042915344,0.0038601140258833766
churn,NeuralNetTorch,4500,500,0.0859503426222278,0.18304111545198715,0.022075947374105453,0.034501735121011734,0.9520000219345093,0.0036858069943264127
churn,RandomForest,4500,500,0.09903611989647806,0.3721354315093068,0.017632486298680305,0.029026605188846588,0.9380000233650208,0.003957030945457518
churn,XGBoost,4500,500,0.0892495641524589,0.18862184612529564,0.01571592316031456,0.03779935836791992,0.9440000057220459,0.0036233359714969993
climate-model-simulation-crashes,CatBoost,486,54,0.09580274678707078,0.18805431687738747,0.046442676335573196,0.05276232585310936,0.9444444179534912,0.002359989914111793
climate-model-simulation-crashes,ExtraTrees,486,54,0.08602394763589062,0.3130133384157259,0.04696926474571228,0.06469320505857468,0.9444444179534912,0.002281538094393909
climate-model-simulation-crashes,LightGBM,486,54,0.09674520428289449,0.28269815152938854,0.052586134523153305,0.05721750482916832,0.9444444179534912,0.0025433639530092478
climate-model-simulation-crashes,LinearModel,486,54,0.10101370993547691,0.3420851404635162,0.061918798834085464,0.07719341665506363,0.9444444179534912,0.001935088075697422
climate-model-simulation-crashes,NeuralNetFastAI,486,54,0.09576642038621237,0.3121366918312142,0.04933277890086174,0.05807308852672577,0.9444444179534912,0.0019426579819992185
climate-model-simulation-crashes,NeuralNetTorch,486,54,0.10525256955784759,0.2860993250609458,0.04338490962982178,0.07782426476478577,0.9259259104728699,0.0019761400762945414
climate-model-simulation-crashes,RandomForest,486,54,0.10002364781517789,0.2960909420258987,0.06786376237869263,0.0805971622467041,0.9259259104728699,0.002385301049798727
climate-model-simulation-crashes,XGBoost,486,54,0.08930904034125652,0.20637128033532207,0.06070956215262413,0.06745116412639618,0.9444444179534912,0.0021191949490457773
colleges_usnews,CatBoost,1171,131,0.3766901155054029,0.5475561653443178,0.05849944055080414,0.11642089486122131,0.7099236845970154,0.002001676009967923
colleges_usnews,ExtraTrees,1171,131,0.37288872496111763,0.5456947133294757,0.062285926192998886,0.14991578459739685,0.694656491279602,0.001880978001281619
colleges_usnews,LightGBM,1171,131,0.3890084012499559,0.5637535298736832,0.07758725434541702,0.1346455067396164,0.7022900581359863,0.002000369015149772
colleges_usnews,LinearModel,1171,131,0.392601344243492,0.5662441714271672,0.06179038807749748,0.13065974414348602,0.6717557311058044,0.0021262550726532936
colleges_usnews,NeuralNetFastAI,1171,131,0.40069619175453186,0.5747727855583328,0.08176206797361374,0.13495463132858276,0.6717557311058044,0.0018707630224525928
colleges_usnews,NeuralNetTorch,1171,131,0.3899325067463243,0.5597079432745194,0.08003761619329453,0.1530613899230957,0.6870229244232178,0.0022242999402806163
colleges_usnews,RandomForest,1171,131,0.3694363690291299,0.5590562968639914,0.05863909050822258,0.1442166119813919,0.7022900581359863,0.0019632939947769046
colleges_usnews,XGBoost,1171,131,0.3960861451822815,0.5702845510234812,0.07928773015737534,0.14545480906963348,0.694656491279602,0.002008636947721243
cpu_act,CatBoost,7372,820,0.06474035695753236,0.1109101845173736,0.013757770881056786,0.024778516963124275,0.9585365653038025,0.004341338993981481
cpu_act,ExtraTrees,7372,820,0.07746729151563585,0.13161138174560738,0.018262121826410294,0.03475598618388176,0.95243901014328,0.004828877979889512
cpu_act,LightGBM,7372,820,0.06647034727139385,0.11214230615575017,0.013466112315654755,0.02477860637009144,0.962195098400116,0.003992035053670406
cpu_act,LinearModel,7372,820,0.0840952916470251,0.14315031566134537,0.015655383467674255,0.027099670842289925,0.9451219439506531,0.004004237009212375
cpu_act,NeuralNetFastAI,7372,820,0.07067305101188531,0.12059491909938172,0.017120160162448883,0.03759235888719559,0.95243901014328,0.0045963069424033165
cpu_act,NeuralNetTorch,7372,820,0.07385617746341731,0.12676724578125334,0.018709516152739525,0.031454503536224365,0.9609755873680115,0.004249852034263313
cpu_act,RandomForest,7372,820,0.07720187170533076,0.13461382920546322,0.02212565578520298,0.03846420347690582,0.954878032207489,0.004470004001632333
cpu_act,XGBoost,7372,820,0.0643729805960127,0.10989837736568234,0.014525332488119602,0.02791195921599865,0.9560975432395935,0.004315905040130019
cpu_small,CatBoost,7372,820,0.09562026258815821,0.15362116571901008,0.011106152087450027,0.031148254871368408,0.9365853667259216,0.004077030927874148
cpu_small,ExtraTrees,7372,820,0.10539727899402981,0.17088641360426451,0.017267391085624695,0.029063912108540535,0.9280487895011902,0.004890267038717866
cpu_small,LightGBM,7372,820,0.09611741761759447,0.1547773433248428,0.010384969413280487,0.0360584557056427,0.9353658556938171,0.0040226789424195886
cpu_small,LinearModel,7372,820,0.1265121087631037,0.20066003395567233,0.010792531073093414,0.02520114555954933,0.9073171019554138,0.003999980981461704
cpu_small,NeuralNetFastAI,7372,820,0.10890747370705756,0.17035014631572606,0.008639760315418243,0.03172425553202629,0.9219512343406677,0.004376377095468342
cpu_small,NeuralNetTorch,7372,820,0.10363847437612446,0.16521816550027246,0.013088524341583252,0.02800656482577324,0.9256097674369812,0.0039819939993321896
cpu_small,RandomForest,7372,820,0.10275120196787924,0.1669584525600508,0.016675669699907303,0.02852080576121807,0.9341463446617126,0.00490803096909076
cpu_small,XGBoost,7372,820,0.09804565786273384,0.15816764833200062,0.010819217190146446,0.03263960778713226,0.9365853667259216,0.00397187692578882
credit-g,CatBoost,900,100,0.2743037101865032,0.4242658509664728,0.04989844188094139,0.10728298127651215,0.8199999928474426,0.0020833719754591584
credit-g,ExtraTrees,900,100,0.284461338755592,0.4394397481593675,0.055763740092515945,0.10991134494543076,0.8199999928474426,0.0022075349697843194
credit-g,LightGBM,900,100,0.28669193187589737,0.4448196099713412,0.046536654233932495,0.05315743759274483,0.7900000214576721,0.0020816250471398234
credit-g,LinearModel,900,100,0.3069307857321267,0.4693806936710866,0.04727421700954437,0.09192364662885666,0.7799999713897705,0.0019747529877349734
credit-g,NeuralNetFastAI,900,100,0.2951955360742077,0.44946002806198854,0.04325386881828308,0.07899758964776993,0.7799999713897705,0.0020187098998576403
credit-g,NeuralNetTorch,900,100,0.30914597782885767,0.4750232194674652,0.07457858324050903,0.09022033214569092,0.7799999713897705,0.002313366043381393
credit-g,RandomForest,900,100,0.27402308961799726,0.4253334023318473,0.06000316143035889,0.08485610038042068,0.7900000214576721,0.0020119110122323036
credit-g,XGBoost,900,100,0.2931151236208554,0.44588970455054744,0.042324528098106384,0.08394705504179001,0.7699999809265137,0.0020292309345677495
cylinder-bands,CatBoost,486,54,0.18970049725228336,0.3084786099565808,0.05163133889436722,0.1197095662355423,0.8518518805503845,0.0019090899731963873
cylinder-bands,ExtraTrees,486,54,0.17355339122396793,0.3035684894750101,0.05036191642284393,0.08885492384433746,0.9074074029922485,0.001989315962418914
cylinder-bands,LightGBM,486,54,0.18259476650504142,0.30373521849170876,0.05155273526906967,0.12644872069358826,0.8518518805503845,0.0019579309737309813
cylinder-bands,LinearModel,486,54,0.271136485059539,0.4242745504495272,0.055670544505119324,0.13834168016910553,0.7777777910232544,0.002222886891104281
cylinder-bands,NeuralNetFastAI,486,54,0.24634487504955824,0.3993865746072624,0.08218152821063995,0.1857680231332779,0.8518518805503845,0.002154974965378642
cylinder-bands,NeuralNetTorch,486,54,0.2234382637520273,0.3608081622253644,0.07900428771972656,0.13754300773143768,0.8518518805503845,0.0022243590792641044
cylinder-bands,RandomForest,486,54,0.17193022531257027,0.29168762423998784,0.03816560283303261,0.11885979771614075,0.8888888955116272,0.001973986974917352
cylinder-bands,XGBoost,486,54,0.17392366132723008,0.2967428039528264,0.06391994655132294,0.11550848931074142,0.8888888955116272,0.0018025620374828577
delta_ailerons,CatBoost,6416,713,0.08966960924136066,0.17942755555974058,0.009776855818927288,0.019951794296503067,0.9453015327453613,0.003663609968498349
delta_ailerons,ExtraTrees,6416,713,0.09531942624236309,0.41080958071601265,0.022403309121727943,0.029607104137539864,0.9453015327453613,0.0040776130044832826
delta_ailerons,LightGBM,6416,713,0.09111486623482183,0.18427607974408308,0.01009815838187933,0.025322118774056435,0.9424964785575867,0.004005879047326744
delta_ailerons,LinearModel,6416,713,0.1117190513609395,0.22179347657744528,0.01274660974740982,0.03262798488140106,0.939691424369812,0.0034564599627628922
delta_ailerons,NeuralNetFastAI,6416,713,0.1017948597405406,0.20180276768754427,0.010988791473209858,0.02464984729886055,0.9424964785575867,0.0034442819887772202
delta_ailerons,NeuralNetTorch,6416,713,0.10057962293721484,0.1984661282471405,0.011674240231513977,0.02476840652525425,0.9438990354537964,0.004069981048814952
delta_ailerons,RandomForest,6416,713,0.0936330411374742,0.18551472706361413,0.013538073748350143,0.018076075240969658,0.9438990354537964,0.0037814308889210224
delta_ailerons,XGBoost,6416,713,0.09172643301560858,0.18610314091065996,0.012012758292257786,0.025112930685281754,0.946704089641571,0.003724626963958144
delta_elevators,CatBoost,8565,952,0.17666464008103955,0.29676063903192584,0.01158737763762474,0.016880061477422714,0.8855041861534119,0.0033967280760407448
delta_elevators,ExtraTrees,8565,952,0.17972683457470856,0.2995337572301369,0.011294267140328884,0.025265229865908623,0.8802521228790283,0.005066229030489922
delta_elevators,LightGBM,8565,952,0.17504035305396545,0.294021139260291,0.013700312003493309,0.03264963626861572,0.8897058963775635,0.004141513956710696
delta_elevators,LinearModel,8565,952,0.18030402983396296,0.3111689443200488,0.016373571008443832,0.034516237676143646,0.881302535533905,0.003259108983911574
delta_elevators,NeuralNetFastAI,8565,952,0.17801811384063884,0.2993940566222513,0.009842902421951294,0.020948568359017372,0.875,0.004129545064643025
delta_elevators,NeuralNetTorch,8565,952,0.1763533339811241,0.29559034451640154,0.010772742331027985,0.02622002735733986,0.8802521228790283,0.004110526060685515
delta_elevators,RandomForest,8565,952,0.18333651736347495,0.3045950812748143,0.012400970794260502,0.03361211717128754,0.8728991746902466,0.00458935194183141
delta_elevators,XGBoost,8565,952,0.17656366085972838,0.29554322832874,0.009644052013754845,0.02383190207183361,0.8823529481887817,0.0033338010543957353
diabetes,CatBoost,691,77,0.24754097112982076,0.39172993437836007,0.04338695853948593,0.0966142863035202,0.8311688303947449,0.0020050409948453307
diabetes,ExtraTrees,691,77,0.23271261096685059,0.3710507574219602,0.048039332032203674,0.10695167630910873,0.8571428656578064,0.0020108820172026753
diabetes,LightGBM,691,77,0.24298882791810203,0.3854196669037633,0.03325676918029785,0.11690614372491837,0.8311688303947449,0.0018933550454676151
diabetes,LinearModel,691,77,0.2258764292850296,0.36690301687177734,0.059209711849689484,0.11402436345815659,0.8311688303947449,0.0019177510403096676
diabetes,NeuralNetFastAI,691,77,0.24252082894406862,0.3856255910714615,0.062176551669836044,0.10642895102500916,0.8311688303947449,0.001821820973418653
diabetes,NeuralNetTorch,691,77,0.24639733402656974,0.3844844587372885,0.04536443576216698,0.15125423669815063,0.8181818127632141,0.0018011409556493163
diabetes,RandomForest,691,77,0.2408901527218457,0.3837863731159041,0.044916532933712006,0.09459512680768967,0.8311688303947449,0.0019068140536546707
diabetes,XGBoost,691,77,0.25894761617590784,0.4089044203158815,0.04154490306973457,0.15238066017627716,0.8051947951316833,0.0018035699613392353
dresses-sales,CatBoost,450,50,0.4766624548634066,0.6696944312594443,0.06980732083320618,0.101305291056633,0.5799999833106995,0.0018032729858532548
dresses-sales,ExtraTrees,450,50,0.509178130499448,0.7042183385618518,0.10655327141284943,0.14557453989982605,0.5799999833106995,0.0017688570078462362
dresses-sales,LightGBM,450,50,0.49410186924505134,0.690223363641869,0.08122897893190384,0.14214041829109192,0.5799999833106995,0.0018064449541270733
dresses-sales,LinearModel,450,50,0.48619076073405393,0.6829944554543407,0.0909024029970169,0.1333046704530716,0.6399999856948853,0.0016331359511241317
dresses-sales,NeuralNetFastAI,450,50,0.48497327543051183,0.6842282554803069,0.08702277392148972,0.20043474435806274,0.6600000262260437,0.0017124509904533625
dresses-sales,NeuralNetTorch,450,50,0.47968067203500797,0.6756070247406158,0.07850224524736404,0.0875241681933403,0.6200000047683716,0.0018076879205182195
dresses-sales,RandomForest,450,50,0.512111217803836,0.7077854358062463,0.08980779349803925,0.15397435426712036,0.5799999833106995,0.0017903440166264772
dresses-sales,XGBoost,450,50,0.4989149442587095,0.6957014965700001,0.06715326756238937,0.11653998494148254,0.6000000238418579,0.0018729530274868011
eeg-eye-state,CatBoost,13482,1498,0.06066144184838404,0.10503392044767977,0.007570744026452303,0.010435405187308788,0.9612817168235779,0.007549586007371545
eeg-eye-state,ExtraTrees,13482,1498,0.08059127886028161,0.13401749844803307,0.010094597935676575,0.012627750635147095,0.9432576894760132,0.008570836973376572
eeg-eye-state,LightGBM,13482,1498,0.06726634619975876,0.11384445638023195,0.008876838721334934,0.014849790371954441,0.9566088318824768,0.006930095027200878
eeg-eye-state,LinearModel,13482,1498,0.44817164516510444,0.6385036733697064,0.020815692842006683,0.048688292503356934,0.6301735639572144,0.005924649070948362
eeg-eye-state,NeuralNetFastAI,13482,1498,0.25269928468686736,0.39902833685069067,0.04878515377640724,0.0842079445719719,0.8197596669197083,0.006025542039424181
eeg-eye-state,NeuralNetTorch,13482,1498,0.026038372849355368,0.0475618630567386,0.0033837556838989258,0.008414071053266525,0.9826435446739197,0.006600088090635836
eeg-eye-state,RandomForest,13482,1498,0.09451963279901467,0.1590648829449526,0.009461168199777603,0.015267864800989628,0.9385848045349121,0.008507560938596725
eeg-eye-state,XGBoost,13482,1498,0.07064683105757331,0.11985267718275848,0.00824153982102871,0.012514346279203892,0.9526034593582153,0.0069421789376065135
electricity,CatBoost,40780,4532,0.08099348205612963,0.14001097912536278,0.005177605431526899,0.011890195310115814,0.9472638964653015,0.014178407029248774
electricity,ExtraTrees,40780,4532,0.13717108018008242,0.22687162325295146,0.0076093110255897045,0.011726833879947662,0.9060017466545105,0.015075086033903062
electricity,LightGBM,40780,4532,0.08165240708397455,0.14300521458718313,0.008002026937901974,0.01347795408219099,0.948808491230011,0.014191568014211953
electricity,LinearModel,40780,4532,0.3286944594433154,0.4945371554490336,0.006570480763912201,0.011905302293598652,0.7561782598495483,0.013238062034361064
electricity,NeuralNetFastAI,40780,4532,0.21977400237009803,0.3457618233930584,0.01149335689842701,0.017284221947193146,0.8435569405555725,0.011201373999938369
electricity,NeuralNetTorch,40780,4532,0.18588046443761586,0.2991691404638424,0.020484406501054764,0.030543016269803047,0.8720211982727051,0.018819220014847815
electricity,RandomForest,40780,4532,0.10629140287215029,0.19903528711424578,0.009538324549794197,0.015458455309271812,0.9300529360771179,0.0164028350263834
electricity,XGBoost,40780,4532,0.07957930849197428,0.13962654759289522,0.006168795749545097,0.010337484069168568,0.948367178440094,0.014110999065451324
fri_c0_1000_5,CatBoost,900,100,0.12183001688932013,0.1902519538980515,0.05660451948642731,0.09640288352966309,0.9100000262260437,0.002143527031876147
fri_c0_1000_5,ExtraTrees,900,100,0.1436661763599967,0.2198503454283002,0.05469118058681488,0.09382811188697815,0.8799999952316284,0.0023082540137693286
fri_c0_1000_5,LightGBM,900,100,0.11548091572636576,0.17885124296086452,0.03705011308193207,0.06904721260070801,0.8999999761581421,0.002145593985915184
fri_c0_1000_5,LinearModel,900,100,0.208219238142396,0.35582641714039914,0.06690634787082672,0.13377903401851654,0.8899999856948853,0.001722194952890277
fri_c0_1000_5,NeuralNetFastAI,900,100,0.09947068333084363,0.157311815060208,0.044579487293958664,0.08414803445339203,0.9399999976158142,0.0022379910806193948
fri_c0_1000_5,NeuralNetTorch,900,100,0.09952025112048235,0.15302705953308085,0.028529755771160126,0.0775284543633461,0.9100000262260437,0.0021202299976721406
fri_c0_1000_5,RandomForest,900,100,0.126870927092496,0.2128302852003911,0.05006881058216095,0.07120221853256226,0.9300000071525574,0.0021620369516313076
fri_c0_1000_5,XGBoost,900,100,0.13647791900402542,0.21404739095255113,0.03889421001076698,0.09558513760566711,0.8799999952316284,0.0019449710380285978
fri_c0_500_5,CatBoost,450,50,0.2030912929759816,0.30872918371819674,0.07523316890001297,0.13289105892181396,0.8399999737739563,0.0018540630117058754
fri_c0_500_5,ExtraTrees,450,50,0.25174903343441185,0.39106549253409567,0.0938691720366478,0.11369063705205917,0.800000011920929,0.0019310449715703726
fri_c0_500_5,LightGBM,450,50,0.20657424445113803,0.3150818991036111,0.08140522986650467,0.13340726494789124,0.8799999952316284,0.0018401399720460176
fri_c0_500_5,LinearModel,450,50,0.28183690178357546,0.42243413538442787,0.037236765027046204,0.1330093890428543,0.7799999713897705,0.0017230239463970065
fri_c0_500_5,NeuralNetFastAI,450,50,0.19608679705418475,0.2866264255134536,0.07425278425216675,0.11002987623214722,0.8399999737739563,0.0019997030030936003
fri_c0_500_5,NeuralNetTorch,450,50,0.20510284309253804,0.3020673327119732,0.07789276540279388,0.12444424629211426,0.8600000143051147,0.001930598053149879
fri_c0_500_5,RandomForest,450,50,0.26661155681462384,0.39337269826178867,0.08866914361715317,0.15928727388381958,0.7799999713897705,0.001965697971172631
fri_c0_500_5,XGBoost,450,50,0.22628286783484022,0.35196225409810594,0.0787707045674324,0.12868013978004456,0.800000011920929,0.0018358679953962564
fri_c1_1000_50,CatBoost,900,100,0.1193703556054107,0.20374643961973846,0.014645010232925415,0.06587614119052887,0.9300000071525574,0.0021147039951756597
fri_c1_1000_50,ExtraTrees,900,100,0.11553286437895212,0.19969929186789342,0.024547342211008072,0.07458127290010452,0.9200000166893005,0.002160751959308982
fri_c1_1000_50,LightGBM,900,100,0.13892699504988115,0.21547525512958607,0.031113922595977783,0.08017612993717194,0.8799999952316284,0.0020157400285825133
fri_c1_1000_50,LinearModel,900,100,0.41064168796458056,0.5971514961493489,0.0450797900557518,0.1275912970304489,0.6800000071525574,0.0018705450929701328
fri_c1_1000_50,NeuralNetFastAI,900,100,0.14846640451800905,0.2587545038020154,0.05083122104406357,0.11282344907522202,0.9100000262260437,0.002139794989489019
fri_c1_1000_50,NeuralNetTorch,900,100,0.2296711173049058,0.3616511803614887,0.0483536422252655,0.10383016616106033,0.8399999737739563,0.0020466260612010956
fri_c1_1000_50,RandomForest,900,100,0.15566162600897557,0.2646857997628905,0.028001883998513222,0.08242133259773254,0.8999999761581421,0.002061511971987784
fri_c1_1000_50,XGBoost,900,100,0.12276216627118405,0.20134813510953062,0.03211987763643265,0.10396438837051392,0.8999999761581421,0.002015799982473254
fri_c2_1000_25,CatBoost,900,100,0.12428702645242762,0.21295760238650224,0.031201262027025223,0.06703928112983704,0.9200000166893005,0.0019338770071044564
fri_c2_1000_25,ExtraTrees,900,100,0.14785122539193218,0.2599993175487279,0.027842503041028976,0.07086828351020813,0.8799999952316284,0.0020588079933077097
fri_c2_1000_25,LightGBM,900,100,0.14347559820053593,0.24746904777872436,0.029720980674028397,0.06927331537008286,0.8999999761581421,0.0020270750392228365
fri_c2_1000_25,LinearModel,900,100,0.3580498982262914,0.5310659860786688,0.050956688821315765,0.13098052144050598,0.7099999785423279,0.0019326000474393368
fri_c2_1000_25,NeuralNetFastAI,900,100,0.12921505774213915,0.23054337582843623,0.028740696609020233,0.0755116268992424,0.9100000262260437,0.00205518607981503
fri_c2_1000_25,NeuralNetTorch,900,100,0.1314026113361016,0.22645289141327332,0.019000815227627754,0.03949723392724991,0.8999999761581421,0.002142786979675293
fri_c2_1000_25,RandomForest,900,100,0.1551284024874793,0.2954444799644948,0.03715628385543823,0.06744490563869476,0.8899999856948853,0.002190822036936879
fri_c2_1000_25,XGBoost,900,100,0.14172814646226814,0.2439949975444165,0.03188710659742355,0.054119810461997986,0.8899999856948853,0.0020320890471339226
fri_c2_500_50,CatBoost,450,50,0.19218714767618172,0.296409883905953,0.05253027379512787,0.15002766251564026,0.8600000143051147,0.002008683979511261
fri_c2_500_50,ExtraTrees,450,50,0.218609464790038,0.32917767371677814,0.04707200825214386,0.11452484875917435,0.8399999737739563,0.0019544329261407256
fri_c2_500_50,LightGBM,450,50,0.18194856998536835,0.2759734397864419,0.05230208858847618,0.12132075428962708,0.8799999952316284,0.0019230690086260438
fri_c2_500_50,LinearModel,450,50,0.37825682969782776,0.5529284748574121,0.06519834697246552,0.18015283346176147,0.7200000286102295,0.001895858091302216
fri_c2_500_50,NeuralNetFastAI,450,50,0.21628538707716985,0.3612310426811107,0.08296174556016922,0.16676482558250427,0.8600000143051147,0.0018880789866670966
fri_c2_500_50,NeuralNetTorch,450,50,0.26980023323733276,0.4317516353762267,0.04992741346359253,0.16293048858642578,0.800000011920929,0.001825435901992023
fri_c2_500_50,RandomForest,450,50,0.22343407153697115,0.3395618585318759,0.05319639667868614,0.13283056020736694,0.8199999928474426,0.0018129799282178283
fri_c2_500_50,XGBoost,450,50,0.23111969306117708,0.34939664998484044,0.05457799881696701,0.11280706524848938,0.8399999737739563,0.0019057809840887785
fri_c3_1000_10,CatBoost,900,100,0.10452996763043107,0.179069151692729,0.02862654998898506,0.0727597251534462,0.9300000071525574,0.0020001110387966037
fri_c3_1000_10,ExtraTrees,900,100,0.0934553404667766,0.16704282427112788,0.017735840752720833,0.05270462855696678,0.9399999976158142,0.002170407911762595
fri_c3_1000_10,LightGBM,900,100,0.11145329664025073,0.18247717877903025,0.02140900306403637,0.08219588547945023,0.9200000166893005,0.002053049043752253
fri_c3_1000_10,LinearModel,900,100,0.3827434237163781,0.5640504446086012,0.045394256711006165,0.13901245594024658,0.7200000286102295,0.001866025966592133
fri_c3_1000_10,NeuralNetFastAI,900,100,0.08203326791327598,0.1401786658684807,0.03409253805875778,0.06026452034711838,0.9599999785423279,0.0020257759606465697
fri_c3_1000_10,NeuralNetTorch,900,100,0.09202551672484968,0.16768433059857712,0.02818486839532852,0.07101339846849442,0.949999988079071,0.0020516110816970468
fri_c3_1000_10,RandomForest,900,100,0.1157635080751246,0.21436526343396003,0.024715455248951912,0.0923643708229065,0.9300000071525574,0.0020436859922483563
fri_c3_1000_10,XGBoost,900,100,0.09914275619389422,0.17935786062262105,0.03021894581615925,0.05699336156249046,0.9399999976158142,0.0018475649412721395
fri_c3_1000_25,CatBoost,900,100,0.1094534381351464,0.16510227056454022,0.02883792296051979,0.0633111447095871,0.9100000262260437,0.0021115639247000217
fri_c3_1000_25,ExtraTrees,900,100,0.10130735371275745,0.15543204115430412,0.021817002445459366,0.07871131598949432,0.9200000166893005,0.0024045760510489345
fri_c3_1000_25,LightGBM,900,100,0.07908648601119143,0.13218409913106194,0.019866207614541054,0.07301394641399384,0.9599999785423279,0.002152903936803341
fri_c3_1000_25,LinearModel,900,100,0.4301856343656519,0.6134290230783076,0.05312643200159073,0.11142520606517792,0.6600000262260437,0.001972752041183412
fri_c3_1000_25,NeuralNetFastAI,900,100,0.08072535234002708,0.13872060213039034,0.026400050148367882,0.06175236031413078,0.949999988079071,0.00216467899736017
fri_c3_1000_25,NeuralNetTorch,900,100,0.08130728150022386,0.15742074678041618,0.03292892128229141,0.08207420259714127,0.9599999785423279,0.002173012006096542
fri_c3_1000_25,RandomForest,900,100,0.13590727679602094,0.20855600500122648,0.027766428887844086,0.07860477268695831,0.9100000262260437,0.0021900810534134507
fri_c3_1000_25,XGBoost,900,100,0.09860010040180711,0.1628809342164467,0.02303466945886612,0.05618133768439293,0.9300000071525574,0.0020301990443840623
fri_c3_500_10,CatBoost,450,50,0.2102519946860684,0.3518368650604402,0.07041606307029724,0.10548483580350876,0.8799999952316284,0.0019603659166023135
fri_c3_500_10,ExtraTrees,450,50,0.24275504370534626,0.43345412457787924,0.08346516638994217,0.14238250255584717,0.8600000143051147,0.00195979792624712
fri_c3_500_10,LightGBM,450,50,0.25084491659746566,0.40772806165951825,0.07628390938043594,0.14036208391189575,0.800000011920929,0.0019203989068046212
fri_c3_500_10,LinearModel,450,50,0.3977097188355044,0.5841533057713182,0.07567499577999115,0.17498105764389038,0.7200000286102295,0.0016679069958627224
fri_c3_500_10,NeuralNetFastAI,450,50,0.22136431926612385,0.3689412267957193,0.06336791813373566,0.15605442225933075,0.8399999737739563,0.001933883992023766
fri_c3_500_10,NeuralNetTorch,450,50,0.17802610319126877,0.2903021375426754,0.039343781769275665,0.11546259373426437,0.8799999952316284,0.002092332928441465
fri_c3_500_10,RandomForest,450,50,0.22506473324147436,0.38925249038436704,0.07268305122852325,0.13217642903327942,0.8399999737739563,0.002023010980337858
fri_c3_500_10,XGBoost,450,50,0.2093086332672615,0.35275083736358775,0.0678693875670433,0.13094069063663483,0.8600000143051147,0.00184102903585881
fri_c3_500_50,CatBoost,450,50,0.22331292775006542,0.348073691844821,0.07540902495384216,0.16735675930976868,0.800000011920929,0.0019394310656934977
fri_c3_500_50,ExtraTrees,450,50,0.2011669383811885,0.3174834602397617,0.08273203670978546,0.16992878913879395,0.8600000143051147,0.0020458640065044165
fri_c3_500_50,LightGBM,450,50,0.18695698414487427,0.3141617800221727,0.051536787301301956,0.08753711730241776,0.8600000143051147,0.0020152019569650292
fri_c3_500_50,LinearModel,450,50,0.42876536592835907,0.6114672094549689,0.09856897592544556,0.2031959444284439,0.5600000023841858,0.0019442809280008078
fri_c3_500_50,NeuralNetFastAI,450,50,0.4266496803822284,0.6118616308298658,0.08150932192802429,0.17225588858127594,0.6600000262260437,0.001768765039741993
fri_c3_500_50,NeuralNetTorch,450,50,0.4234419457732811,0.6133581174682889,0.08626638352870941,0.1567988395690918,0.6600000262260437,0.002267007017508149
fri_c3_500_50,RandomForest,450,50,0.19208201558545873,0.3047746281026958,0.04041252285242081,0.11345864087343216,0.8999999761581421,0.0018582440679892898
fri_c3_500_50,XGBoost,450,50,0.17311706891303152,0.29797186983162155,0.045572929084300995,0.12634190917015076,0.8799999952316284,0.0018894510576501489
fri_c4_500_100,CatBoost,450,50,0.1614944851887614,0.24247690512289335,0.04933653026819229,0.12384022027254105,0.8999999761581421,0.001861541997641325
fri_c4_500_100,ExtraTrees,450,50,0.1472386895127254,0.2269042617331493,0.048492688685655594,0.09128911793231964,0.8999999761581421,0.002038659993559122
fri_c4_500_100,LightGBM,450,50,0.15086974293277985,0.2389288065556555,0.048626117408275604,0.11426415294408798,0.8999999761581421,0.0019197340589016676
fri_c4_500_100,LinearModel,450,50,0.4596083013395983,0.650515036556597,0.08553528785705566,0.12327822297811508,0.5600000023841858,0.0019351590890437365
fri_c4_500_100,NeuralNetFastAI,450,50,0.45051376936961446,0.6411608533031865,0.09134215861558914,0.07041535526514053,0.6600000262260437,0.0018650669371709228
fri_c4_500_100,NeuralNetTorch,450,50,0.44874050128997295,0.6406031974649332,0.1068875789642334,0.13683822751045227,0.6800000071525574,0.002122756908647716
fri_c4_500_100,RandomForest,450,50,0.1691922581146985,0.25826917529836035,0.03493647649884224,0.0921141654253006,0.8799999952316284,0.0018926840275526047
fri_c4_500_100,XGBoost,450,50,0.14703355222838393,0.22816291576640602,0.04944204166531563,0.10603205114603043,0.8999999761581421,0.0018431959906592965
fried,CatBoost,36691,4077,0.09252330349064006,0.1458265115957109,0.006959735415875912,0.01049908995628357,0.9310767650604248,0.013373718014918268
fried,ExtraTrees,36691,4077,0.11414478492485773,0.17900498882633764,0.009195301681756973,0.01593267358839512,0.9200392365455627,0.01520604093093425
fried,LightGBM,36691,4077,0.09346939139875546,0.14768473205449925,0.0073390924371778965,0.011444633826613426,0.9296051263809204,0.0121158059919253
fried,LinearModel,36691,4077,0.23292714773617051,0.3783655130012556,0.010310148820281029,0.025190800428390503,0.8403237462043762,0.008833441999740899
fried,NeuralNetFastAI,36691,4077,0.09118039371294624,0.1442381349195491,0.008308634161949158,0.00926088448613882,0.9347559213638306,0.013264768989756703
fried,NeuralNetTorch,36691,4077,0.09079622265622109,0.1439668918347139,0.006615076679736376,0.010846306569874287,0.9354918003082275,0.013323705061338842
fried,RandomForest,36691,4077,0.11550570877126515,0.1821430979073187,0.008638263680040836,0.016613323241472244,0.9153789281845093,0.015220744884572923
fried,XGBoost,36691,4077,0.09460574888414933,0.15053454034038818,0.007191951386630535,0.011884773150086403,0.9330390095710754,0.012205038918182254
gina,CatBoost,2837,316,0.06045395383145162,0.10365952545796267,0.010257888585329056,0.029245056211948395,0.9620253443717957,0.0030829589813947678
gina,ExtraTrees,2837,316,0.09394201967079002,0.16154485592908546,0.011645877733826637,0.03150085732340813,0.9430379867553711,0.003061947994865477
gina,LightGBM,2837,316,0.0634611156482703,0.1109435920840079,0.010241910815238953,0.026064006611704826,0.9588607549667358,0.0030888349283486605
gina,LinearModel,2837,316,0.23668359463912372,0.3813715717528793,0.059679340571165085,0.10929451882839203,0.844936728477478,0.0041364290518686175
gina,NeuralNetFastAI,2837,316,0.06346926878711999,0.12327783592822052,0.0381317138671875,0.0702892616391182,0.9778481125831604,0.004812288098037243
gina,NeuralNetTorch,2837,316,0.05800576381320673,0.11327105782945028,0.03026748262345791,0.059954799711704254,0.9715189933776855,0.004070217022672296
gina,RandomForest,2837,316,0.09108224485335457,0.15633343895501794,0.009077459573745728,0.029158320277929306,0.9398733973503113,0.002972126007080078
gina,XGBoost,2837,316,0.06812554329025397,0.11762390590248192,0.009966276586055756,0.024466626346111298,0.9556962251663208,0.002695201081223786
hill-valley,CatBoost,1090,122,0.4801412221898069,0.6729770245533837,0.05168399214744568,0.07766123116016388,0.5655737519264221,0.002151906955987215
hill-valley,ExtraTrees,1090,122,0.46690589927425846,0.6592198490084791,0.0425247848033905,0.0820874497294426,0.5901639461517334,0.0018383610295131803
hill-valley,LightGBM,1090,122,0.45166009518000294,0.6429901690017434,0.050744302570819855,0.12081608176231384,0.5983606576919556,0.0019974440801888704
hill-valley,LinearModel,1090,122,0.166939031550313,0.3206329564198463,0.08865295350551605,0.13269948959350586,0.9098360538482666,0.002412484958767891
hill-valley,NeuralNetFastAI,1090,122,0.2846167559667648,0.43025074824730875,0.14564649760723114,0.2530856728553772,0.8524590134620667,0.0022927080281078815
hill-valley,NeuralNetTorch,1090,122,0.1342482958860132,0.22490717646964817,0.05161914974451065,0.06807229667901993,0.9016393423080444,0.0024927969789132476
hill-valley,RandomForest,1090,122,0.4685048551585846,0.6607735691889686,0.056039854884147644,0.0583784244954586,0.631147563457489,0.0019213010091334581
hill-valley,XGBoost,1090,122,0.47610247788338733,0.6688095249547608,0.036619409918785095,0.04332829266786575,0.5901639461517334,0.0018750280141830444
hiva_agnostic,CatBoost,3806,423,0.06310320295470404,0.1353023476845326,0.01137157529592514,0.023210125043988228,0.9645389914512634,0.0038688050117343664
hiva_agnostic,ExtraTrees,3806,423,0.06393888090665825,0.14426938620623073,0.01636750064790249,0.022228289395570755,0.9645389914512634,0.003580654039978981
hiva_agnostic,LightGBM,3806,423,0.06393900101247162,0.13878456827667607,0.011877467855811119,0.018280720338225365,0.9645389914512634,0.0036860359832644463
hiva_agnostic,LinearModel,3806,423,0.06311326949221972,0.13918599232850504,0.017316995188593864,0.015393085777759552,0.9645389914512634,0.0051312020514160395
hiva_agnostic,NeuralNetFastAI,3806,423,0.06039309188687842,0.13507740921987618,0.012068307027220726,0.011568100191652775,0.9669030904769897,0.0038274970138445497
hiva_agnostic,NeuralNetTorch,3806,423,0.06308922216092136,0.14045251980082804,0.013895627111196518,0.019993817433714867,0.9669030904769897,0.003669183002784848
hiva_agnostic,RandomForest,3806,423,0.06419679572495939,0.13993275849368553,0.014730991795659065,0.024738742038607597,0.9669030904769897,0.0033647799864411354
hiva_agnostic,XGBoost,3806,423,0.0606337237695667,0.1320216296984104,0.010546734556555748,0.019241133704781532,0.9669030904769897,0.0036691019777208567
houses,CatBoost,18576,2064,0.01627064592824272,0.029282003274246397,0.0033349127043038607,0.006837621331214905,0.9903100728988647,0.007907505030743778
houses,ExtraTrees,18576,2064,0.015768438935669666,0.028640486220360396,0.004115192219614983,0.0066682263277471066,0.9898256063461304,0.00818790402263403
houses,LightGBM,18576,2064,0.01811799209002474,0.03198816383926539,0.005047036334872246,0.006918446626514196,0.9874030947685242,0.009362880024127662
houses,LinearModel,18576,2064,0.0467474600805416,0.08332457326274875,0.007285943254828453,0.019482053816318512,0.9685077667236328,0.00796750991139561
houses,NeuralNetFastAI,18576,2064,0.017845516820186723,0.03202970963227223,0.004625728819519281,0.008838078007102013,0.9874030947685242,0.008677294012159109
houses,NeuralNetTorch,18576,2064,0.0186951236178527,0.03315875543623522,0.004309396725147963,0.007561236619949341,0.9878876209259033,0.009899419965222478
houses,RandomForest,18576,2064,0.01895976301723788,0.03297503242835629,0.0037788536865264177,0.006141335237771273,0.9878876209259033,0.009065172984264791
houses,XGBoost,18576,2064,0.017819521964747728,0.03158745327434467,0.004089032299816608,0.007466732058674097,0.9893410801887512,0.007899492979049683
ilpd,CatBoost,524,59,0.3700954124100457,0.5399042164678256,0.061419613659381866,0.10268395394086838,0.694915235042572,0.0019869550596922636
ilpd,ExtraTrees,524,59,0.3556239793609897,0.5128398231679904,0.04641708731651306,0.1387023776769638,0.7288135886192322,0.002042607986368239
ilpd,LightGBM,524,59,0.3640904352052749,0.5289717295272713,0.07251578569412231,0.158714160323143,0.7118644118309021,0.002004459034651518
ilpd,LinearModel,524,59,0.40015119585725883,0.6916613586108864,0.08169548213481903,0.16977764666080475,0.6440678238868713,0.0019847780931741
ilpd,NeuralNetFastAI,524,59,0.35877432006517573,0.5088083747900969,0.06811769306659698,0.1491069793701172,0.6610169410705566,0.001989190001040697
ilpd,NeuralNetTorch,524,59,0.3676435751496508,0.5406873679319534,0.05587808042764664,0.09766557812690735,0.6779661178588867,0.0022005439968779683
ilpd,RandomForest,524,59,0.36385576628223576,0.5274135748134463,0.05071836709976196,0.13752566277980804,0.7118644118309021,0.0019398429431021214
ilpd,XGBoost,524,59,0.3742507262013076,0.5417601830680427,0.07020004093647003,0.13394208252429962,0.6779661178588867,0.0019584090914577246
jasmine,CatBoost,2685,299,0.2656363085156289,0.40503670190308333,0.033149752765893936,0.06828796863555908,0.8227424621582031,0.0027435460360720754
jasmine,ExtraTrees,2685,299,0.27201495190344593,0.4081863312570581,0.023763496428728104,0.047705940902233124,0.8193979859352112,0.002884988090954721
jasmine,LightGBM,2685,299,0.2604216414003163,0.3981705792726806,0.028224263340234756,0.05121318995952606,0.8193979859352112,0.002750620013102889
jasmine,LinearModel,2685,299,0.29488389853156816,0.449801634445604,0.03625182434916496,0.05468455329537392,0.7993311285972595,0.0029460210353136063
jasmine,NeuralNetFastAI,2685,299,0.2831937335139199,0.4297652521757382,0.030363779515028,0.06049447879195213,0.8060200810432434,0.0027325599221512675
jasmine,NeuralNetTorch,2685,299,0.2844775940642154,0.42937285345356996,0.035809777677059174,0.0608709454536438,0.7993311285972595,0.0024740599328652024
jasmine,RandomForest,2685,299,0.26277882708351097,0.3966872445729745,0.0310981422662735,0.06044456362724304,0.8260869383811951,0.0026733579579740763
jasmine,XGBoost,2685,299,0.2590117682762739,0.3963026798981234,0.02865254506468773,0.041678767651319504,0.8260869383811951,0.0027415630174800754
jm1,CatBoost,9796,1089,0.264409053390119,0.4179204592478436,0.012739669531583786,0.0259422417730093,0.8163452744483948,0.005224218009971082
jm1,ExtraTrees,9796,1089,0.26171257669531134,0.4114983958895876,0.011186696588993073,0.022010013461112976,0.8200183510780334,0.005233103991486132
jm1,LightGBM,9796,1089,0.2642273644519706,0.4180788922705276,0.012848682701587677,0.024028753861784935,0.8191000819206238,0.005110224010422826
jm1,LinearModel,9796,1089,0.2797681838216509,0.4417463514509041,0.01263592392206192,0.028086580336093903,0.8172635436058044,0.005571333924308419
jm1,NeuralNetFastAI,9796,1089,0.26875109954804693,0.42961116746939454,0.01590897887945175,0.03572017326951027,0.8255280256271362,0.006263109971769154
jm1,NeuralNetTorch,9796,1089,0.2751747177605298,0.43433500569479866,0.01689901389181614,0.030527349561452866,0.8154270052909851,0.005286684958264232
jm1,RandomForest,9796,1089,0.2634629744354547,0.4157891653828687,0.01216371450573206,0.023400386795401573,0.8227731585502625,0.005586651968769729
jm1,XGBoost,9796,1089,0.2640727724057701,0.41745729514725377,0.011357497423887253,0.03474471718072891,0.8163452744483948,0.005029813968576491
kc1,CatBoost,1898,211,0.18101355920238282,0.3053971292280558,0.020575987175107002,0.04988422989845276,0.8767772316932678,0.0026454459875822067
kc1,ExtraTrees,1898,211,0.2317321841580535,0.3595963132498889,0.054485172033309937,0.029061518609523773,0.8483412265777588,0.005201842985115945
kc1,LightGBM,1898,211,0.19098094933867235,0.3164807729897594,0.015859784558415413,0.026334548369050026,0.8815165758132935,0.0026617220137268305
kc1,LinearModel,1898,211,0.21114838608206796,0.3426936235302274,0.029265664517879486,0.06025499850511551,0.8530805706977844,0.0026254779659211636
kc1,NeuralNetFastAI,1898,211,0.1916372439896778,0.31759551169183714,0.027417626231908798,0.055242590606212616,0.8720378875732422,0.0024746349081397057
kc1,NeuralNetTorch,1898,211,0.21128002998234727,0.3380574450755265,0.023095671087503433,0.03643415495753288,0.8530805706977844,0.0025021909968927503
kc1,RandomForest,1898,211,0.2317429036705724,0.360135322146033,0.05576422065496445,0.01832941733300686,0.8483412265777588,0.0054492190247401595
kc1,XGBoost,1898,211,0.200757280966897,0.3318020623060065,0.019560258835554123,0.05652434751391411,0.8767772316932678,0.0024911529617384076
kc2,CatBoost,469,53,0.24794648658578738,0.37242666325841545,0.07965809106826782,0.14601807296276093,0.7924528121948242,0.0018105970229953527
kc2,ExtraTrees,469,53,0.24805072278956444,0.37212943957657246,0.06508848071098328,0.12625476717948914,0.7735849022865295,0.002068236004561186
kc2,LightGBM,469,53,0.22691871797139107,0.3418774099332007,0.08229899406433105,0.16138988733291626,0.7735849022865295,0.0018710659351199865
kc2,LinearModel,469,53,0.25196664543012004,0.3827098096998043,0.08350345492362976,0.14648692309856415,0.7735849022865295,0.0018720160005614161
kc2,NeuralNetFastAI,469,53,0.2500944354076385,0.3707505096433725,0.06915806233882904,0.1299247145652771,0.7735849022865295,0.0019309640629217029
kc2,NeuralNetTorch,469,53,0.25548900580476896,0.38819291692992114,0.06562507152557373,0.1200374960899353,0.7735849022865295,0.001857285969890654
kc2,RandomForest,469,53,0.23595055468300416,0.3561712614380975,0.06909380853176117,0.11265958845615387,0.7924528121948242,0.001825485029257834
kc2,XGBoost,469,53,0.24092197860079034,0.3659417029656322,0.08264317363500595,0.16650179028511047,0.8113207817077637,0.0017473771004006267
kdd_el_nino-small,CatBoost,703,79,0.09928830802639144,0.14702948930414753,0.03482445329427719,0.07500804960727692,0.9240506291389465,0.0020466450368985534
kdd_el_nino-small,ExtraTrees,703,79,0.11003054523858713,0.17068094140194326,0.027883868664503098,0.06316480040550232,0.9367088675498962,0.0021386080188676715
kdd_el_nino-small,LightGBM,703,79,0.10937597192490349,0.1679745969271969,0.038226980715990067,0.07566699385643005,0.9367088675498962,0.0020396880572661757
kdd_el_nino-small,LinearModel,703,79,0.09909799336702478,0.153589128132375,0.028455600142478943,0.07227221131324768,0.9113923907279968,0.0022724639857187867
kdd_el_nino-small,NeuralNetFastAI,703,79,0.09881667029564811,0.1793328980147972,0.023799849674105644,0.0651460811495781,0.949367105960846,0.0021233720472082496
kdd_el_nino-small,NeuralNetTorch,703,79,0.12428246603025328,0.20530512870734743,0.035919517278671265,0.08470606803894043,0.9113923907279968,0.0020815900061279535
kdd_el_nino-small,RandomForest,703,79,0.10007794999319589,0.1483069745454498,0.025588814169168472,0.0600581094622612,0.9367088675498962,0.002078783931210637
kdd_el_nino-small,XGBoost,703,79,0.10859507054839479,0.17746140136525906,0.036844294518232346,0.06816717237234116,0.9367088675498962,0.0020495739299803972
kdd_internet_usage,CatBoost,9097,1011,0.15015221356202324,0.237507742789625,0.010965495370328426,0.026423374190926552,0.8991097807884216,0.004721203004010022
kdd_internet_usage,ExtraTrees,9097,1011,0.15978610367126247,0.2517158291374869,0.012748371809720993,0.02372203767299652,0.8872403502464294,0.005247998982667923
kdd_internet_usage,LightGBM,9097,1011,0.15004891460316508,0.23582310304378923,0.011815168894827366,0.02285694144666195,0.8961424231529236,0.005121738999150693
kdd_internet_usage,LinearModel,9097,1011,0.16813401487183038,0.2734674967346499,0.010680831968784332,0.02457616850733757,0.8783382773399353,0.00474261399358511
kdd_internet_usage,NeuralNetFastAI,9097,1011,0.15175191147693534,0.23442444860261535,0.012078491039574146,0.02637031115591526,0.8902077078819275,0.005164428963325918
kdd_internet_usage,NeuralNetTorch,9097,1011,0.15161644845333372,0.235491788954462,0.014705096371471882,0.027827857062220573,0.8911968469619751,0.005177429993636906
kdd_internet_usage,RandomForest,9097,1011,0.15996191026301523,0.25160148993312315,0.015897799283266068,0.03091352805495262,0.8892185688018799,0.005188416107557714
kdd_internet_usage,XGBoost,9097,1011,0.14929319492558002,0.2367707953067317,0.009775156155228615,0.025272652506828308,0.8991097807884216,0.005568373017013073
kick,CatBoost,65684,7299,0.161282817507993,0.28454026730628734,0.004287276417016983,0.007669305894523859,0.9035484194755554,0.024379915092140436
kick,ExtraTrees,65684,7299,0.16949685078187013,0.29755041154119954,0.004585796035826206,0.014457273297011852,0.8980682492256165,0.023819647962227464
kick,LightGBM,65684,7299,0.16464797817716295,0.291150614826614,0.005449231714010239,0.009180175140500069,0.901767373085022,0.025035173050127923
kick,LinearModel,65684,7299,0.17149488513022837,0.3018418065185437,0.0058166030794382095,0.01034183893352747,0.8979312181472778,0.02771310997195542
kick,NeuralNetFastAI,65684,7299,0.16366201580535286,0.28868215572337513,0.003863617777824402,0.009441671893000603,0.9024524092674255,0.025427246000617743
kick,NeuralNetTorch,65684,7299,0.16366685990545002,0.28910179485338433,0.003808502107858658,0.007839364930987358,0.9028633832931519,0.027324573951773345
kick,RandomForest,65684,7299,0.16857077553835215,0.2962861050240207,0.00758170522749424,0.010831713676452637,0.8980682492256165,0.025987455039285123
kick,XGBoost,65684,7299,0.16176467400251307,0.2857072031826177,0.0028482750058174133,0.006374468561261892,0.903685450553894,0.023482622927986085
kin8nm,CatBoost,7372,820,0.14598948165397546,0.23425709346514612,0.017546936869621277,0.038111329078674316,0.8939024209976196,0.003586289007216692
kin8nm,ExtraTrees,7372,820,0.2141375618487974,0.3398327240069836,0.02169518917798996,0.05646178871393204,0.8500000238418579,0.004832024918869138
kin8nm,LightGBM,7372,820,0.15230549808459162,0.2436869548942451,0.01594558358192444,0.03576114401221275,0.8902438879013062,0.0041411289712414145
kin8nm,LinearModel,7372,820,0.3561663563780548,0.5341396878992751,0.02287714183330536,0.03992537036538124,0.7292683124542236,0.0036500399000942707
kin8nm,NeuralNetFastAI,7372,820,0.1288554596566476,0.2041093571029668,0.015474826097488403,0.033463217318058014,0.9036585092544556,0.00397408299613744
kin8nm,NeuralNetTorch,7372,820,0.12793377955323942,0.2008334139254908,0.014666754752397537,0.03187398985028267,0.9121951460838318,0.004472840926609933
kin8nm,RandomForest,7372,820,0.21289741623951292,0.3365282793410155,0.019232049584388733,0.03779926523566246,0.8487805128097534,0.004823678056709468
kin8nm,XGBoost,7372,820,0.17689211173373212,0.2863549292717992,0.022574448958039284,0.037493228912353516,0.8804877996444702,0.0050292679807171226
madeline,CatBoost,2826,314,0.19276800690894344,0.32693863206297846,0.02199918031692505,0.049142878502607346,0.8694267272949219,0.002445560065098107
madeline,ExtraTrees,2826,314,0.2206883218536695,0.36881566757527134,0.021440818905830383,0.045043762773275375,0.843949019908905,0.0032068139407783747
madeline,LightGBM,2826,314,0.2128663925595969,0.3569135146876205,0.024868622422218323,0.03836822509765625,0.8662420511245728,0.0025624469853937626
madeline,LinearModel,2826,314,0.48211717679697585,0.6748300520715992,0.02339377999305725,0.04104398563504219,0.5891719460487366,0.0021792070474475622
madeline,NeuralNetFastAI,2826,314,0.39139243051100137,0.575233308998993,0.0600796714425087,0.11326783895492554,0.7197452187538147,0.002854175050742924
madeline,NeuralNetTorch,2826,314,0.36549974915737227,0.5463608921671479,0.0657695084810257,0.09509024769067764,0.7547770738601685,0.003463517059572041
madeline,RandomForest,2826,314,0.2312727513179919,0.38938321179624574,0.022515658289194107,0.05245673656463623,0.8535031676292419,0.002791438950225711
madeline,XGBoost,2826,314,0.2171317931154901,0.3632023882782807,0.02467946894466877,0.04530883952975273,0.8662420511245728,0.0025550909340381622
madelon,CatBoost,2340,260,0.18864383757907374,0.31761548346367197,0.026341993361711502,0.05106322094798088,0.8692307472229004,0.0023954369826242328
madelon,ExtraTrees,2340,260,0.21157731604895758,0.3514708367207489,0.031479932367801666,0.06633775681257248,0.8653846383094788,0.0026561319828033447
madelon,LightGBM,2340,260,0.19240839965388754,0.3295484297570055,0.04532179981470108,0.09309329092502594,0.8807692527770996,0.0023759580217301846
madelon,LinearModel,2340,260,0.48794206066435547,0.6810307043812677,0.03794422745704651,0.023264536634087563,0.5923076868057251,0.002059157006442547
madelon,NeuralNetFastAI,2340,260,0.40601523500201125,0.5950861710666647,0.07755888253450394,0.13116583228111267,0.7307692170143127,0.002815974992699921
madelon,NeuralNetTorch,2340,260,0.43738951655565295,0.6286008074812452,0.07558609545230865,0.12510885298252106,0.6884615421295166,0.00358989997766912
madelon,RandomForest,2340,260,0.2171237991302499,0.3607627437887321,0.030891012400388718,0.07907024770975113,0.8538461327552795,0.0025701369158923626
madelon,XGBoost,2340,260,0.1987442052908507,0.3343757217834439,0.029343903064727783,0.06457165628671646,0.8769230842590332,0.0025994930183514953
mammography,CatBoost,10064,1119,0.020997050492286798,0.04838180470137416,0.0027328920550644398,0.004346649628132582,0.9883824586868286,0.00537998101208359
mammography,ExtraTrees,10064,1119,0.026182221420354937,0.05816817533940788,0.007192792370915413,0.012995464727282524,0.9865951538085938,0.005936624016612768
mammography,LightGBM,10064,1119,0.02288952774142257,0.049767127054097395,0.0038334052078425884,0.00738395843654871,0.9865951538085938,0.00493937695864588
mammography,LinearModel,10064,1119,0.030283259677131164,0.0782474601055844,0.0072198836132884026,0.009562940336763859,0.9803395867347717,0.004984876955859363
mammography,NeuralNetFastAI,10064,1119,0.0243133548155364,0.05551316061797469,0.00405289139598608,0.009157885797321796,0.9848078489303589,0.006142850033938885
mammography,NeuralNetTorch,10064,1119,0.02539056840132966,0.05639311139409953,0.0039588576182723045,0.008231227286159992,0.9857015013694763,0.005669363075867295
mammography,RandomForest,10064,1119,0.026491989697300926,0.056639617865474716,0.006318178027868271,0.008114702999591827,0.9857015013694763,0.005716911982744932
mammography,XGBoost,10064,1119,0.022112018960725753,0.049694129194779654,0.0035569150932133198,0.005562704522162676,0.9865951538085938,0.0052586139645427465
mc1,CatBoost,8519,947,0.008601045843205533,0.017020486959558843,0.002517576329410076,0.004346206784248352,0.9947201609611511,0.005896919057704508
mc1,ExtraTrees,8519,947,0.008549192436514991,0.018891482458742868,0.0028011510148644447,0.004546076990664005,0.9947201609611511,0.005054833018220961
mc1,LightGBM,8519,947,0.00673122222037192,0.014088171108086025,0.001670278375968337,0.003828956512734294,0.9968320727348328,0.005866304039955139
mc1,LinearModel,8519,947,0.011915082508759254,0.030075528223409254,0.004658078774809837,0.004164145793765783,0.9926082491874695,0.005514993914403021
mc1,NeuralNetFastAI,8519,947,0.010385893020220891,0.025965649051377944,0.0027502733282744884,0.003519663820043206,0.9947201609611511,0.003816170967184007
mc1,NeuralNetTorch,8519,947,0.011799167933578858,0.029148363608047248,0.004127724561840296,0.0036550231743603945,0.9926082491874695,0.005698074004612863
mc1,RandomForest,8519,947,0.010282216546456223,0.021220620246469892,0.002340692328289151,0.0028388730715960264,0.9947201609611511,0.005405754083767533
mc1,XGBoost,8519,947,0.007857119235793056,0.015312030953908663,0.0016852610278874636,0.0032082463148981333,0.9947201609611511,0.005422177026048303
meta,CatBoost,475,53,0.09337768604294158,0.14685070727496916,0.04594207555055618,0.08162533491849899,0.9245283007621765,0.0020714569836854935
meta,ExtraTrees,475,53,0.13116856904043428,0.21747759914179232,0.06314551830291748,0.11334184557199478,0.9056603908538818,0.0020895180059596896
meta,LightGBM,475,53,0.10401176427988675,0.16120481420261837,0.04976942390203476,0.0972466692328453,0.9433962106704712,0.0018455659737810493
meta,LinearModel,475,53,0.08697566005669127,0.14783298021094746,0.045590903609991074,0.07062099874019623,0.9622641801834106,0.0018618039321154356
meta,NeuralNetFastAI,475,53,0.10847107340621669,0.18076909655049547,0.06824518740177155,0.1033599004149437,0.9245283007621765,0.0021057510748505592
meta,NeuralNetTorch,475,53,0.09527664951272033,0.1513192287773198,0.058849502354860306,0.0844355970621109,0.9622641801834106,0.0019805999472737312
meta,RandomForest,475,53,0.15318730791424726,0.25178482432899957,0.07949787378311157,0.010538500733673573,0.9056603908538818,0.0029334869468584657
meta,XGBoost,475,53,0.0968675855904038,0.16235931988295196,0.054313838481903076,0.07914987206459045,0.9433962106704712,0.0019467800157144666
mozilla4,CatBoost,13990,1555,0.06801499839574643,0.12108683122807434,0.008566461503505707,0.014578539878129959,0.9569131731987,0.007527284091338515
mozilla4,ExtraTrees,13990,1555,0.07257459621933633,0.18896738924157705,0.017411548644304276,0.030743056908249855,0.9549839496612549,0.00785986497066915
mozilla4,LightGBM,13990,1555,0.06569236042845514,0.11807707718252415,0.00764306029304862,0.017681824043393135,0.9511253833770752,0.006859346991404891
mozilla4,LinearModel,13990,1555,0.11489579740737335,0.20211673545867892,0.013713458552956581,0.01695241965353489,0.9318327903747559,0.006277626962400973
mozilla4,NeuralNetFastAI,13990,1555,0.1150165279239696,0.20694281891209104,0.007244260981678963,0.014433865435421467,0.927974283695221,0.007240637089125812
mozilla4,NeuralNetTorch,13990,1555,0.09161854185943365,0.1599957429914726,0.013028383255004883,0.021676674485206604,0.9382636547088623,0.007654784945771098
mozilla4,RandomForest,13990,1555,0.07561828627716817,0.1854270183168587,0.019134730100631714,0.032033953815698624,0.9472668766975403,0.0076686840038746595
mozilla4,XGBoost,13990,1555,0.06739367057779183,0.11992973496815248,0.008416365832090378,0.016266806051135063,0.953054666519165,0.007329509011469781
no2,CatBoost,450,50,0.43737254773585055,0.6248317099143172,0.07112853974103928,0.13874560594558716,0.6200000047683716,0.0017497299704700708
no2,ExtraTrees,450,50,0.4323620043421559,0.6191637665959838,0.08131279051303864,0.19062988460063934,0.6399999856948853,0.0017215060070157051
no2,LightGBM,450,50,0.42910359155950845,0.6165934439645938,0.04959265887737274,0.09379775822162628,0.6399999856948853,0.0017073500202968717
no2,LinearModel,450,50,0.47891585313387863,0.6713892107787147,0.13150298595428467,0.1635902374982834,0.5,0.0017539550317451358
no2,NeuralNetFastAI,450,50,0.4336155074376508,0.6225165753466202,0.07227256894111633,0.22762072086334229,0.6200000047683716,0.001677697990089655
no2,NeuralNetTorch,450,50,0.4456799909619141,0.6369363657607338,0.054649949073791504,0.09232640266418457,0.6600000262260437,0.0017664179904386401
no2,RandomForest,450,50,0.42680446107718334,0.6121168746084867,0.06538007408380508,0.18178008496761322,0.6000000238418579,0.001705738017335534
no2,XGBoost,450,50,0.42610042811146814,0.6127075402428515,0.046358734369277954,0.11260509490966797,0.6000000238418579,0.0016277690883725882
nomao,CatBoost,31018,3447,0.03788202816289011,0.06741945085919976,0.0025551188737154007,0.006415266543626785,0.9753409028053284,0.01241331291384995
nomao,ExtraTrees,31018,3447,0.05291357147408488,0.1436353459969769,0.011453733779489994,0.019567962735891342,0.9669277667999268,0.012477959971874952
nomao,LightGBM,31018,3447,0.03782144784919463,0.0672972621101642,0.0024673615116626024,0.0052349683828651905,0.9750507473945618,0.01341781101655215
nomao,LinearModel,31018,3447,0.07320971751988134,0.12519490362703412,0.00446718605235219,0.006542263552546501,0.9503916501998901,0.010353335062973201
nomao,NeuralNetFastAI,31018,3447,0.052681871053069984,0.09239758479900406,0.004871410317718983,0.009210970252752304,0.9675079584121704,0.013294502976350486
nomao,NeuralNetTorch,31018,3447,0.05218988276615268,0.09242588338518658,0.004788076970726252,0.010831224732100964,0.9654772281646729,0.011194781051017344
nomao,RandomForest,31018,3447,0.049646326738818615,0.16306056528741605,0.011400642804801464,0.018964529037475586,0.9709892868995667,0.012585844029672444
nomao,XGBoost,31018,3447,0.037959603273434714,0.06738112411198947,0.0036729234270751476,0.006275868974626064,0.9753409028053284,0.011197448009625077
numerai28_6,CatBoost,86688,9632,0.499103444639619,0.6922501919354341,0.00788182020187378,0.0027532177045941353,0.5153654217720032,0.032142878975719213
numerai28_6,ExtraTrees,86688,9632,0.49902645014323377,0.6921715574174955,0.004969179630279541,0.00493640685454011,0.516299843788147,0.028943037963472307
numerai28_6,LightGBM,86688,9632,0.49907473726609297,0.6922191469239065,0.00802527368068695,0.0028530233539640903,0.5124584436416626,0.027685036067850888
numerai28_6,LinearModel,86688,9632,0.49908268242654197,0.6922289824489261,0.005450475960969925,0.000988295767456293,0.5193106532096863,0.02802951808553189
numerai28_6,NeuralNetFastAI,86688,9632,0.4988941803225322,0.6920410163283987,0.005546897649765015,0.0013588748406618834,0.5204526782035828,0.02836476406082511
numerai28_6,NeuralNetTorch,86688,9632,0.4987848698618089,0.6919307946294865,0.004430308938026428,0.0031451345421373844,0.523982584476471,0.025077366968616843
numerai28_6,RandomForest,86688,9632,0.4992203364176378,0.6923656708533148,0.007217511534690857,0.002633890137076378,0.5120431780815125,0.02483126800507307
numerai28_6,XGBoost,86688,9632,0.4991422973634547,0.692289173763484,0.007587507367134094,0.004359619691967964,0.5132890343666077,0.030886230990290642
ozone-level-8hr,CatBoost,2280,254,0.08723062836840816,0.14462349044967168,0.01998014748096466,0.04232553765177727,0.9370078444480896,0.0030412960331887007
ozone-level-8hr,ExtraTrees,2280,254,0.07681856988746835,0.13682741646941665,0.021692391484975815,0.03582291677594185,0.9527559280395508,0.0028740089619532228
ozone-level-8hr,LightGBM,2280,254,0.08266758488178255,0.1339038188525967,0.020519521087408066,0.04680924490094185,0.9291338324546814,0.002824897994287312
ozone-level-8hr,LinearModel,2280,254,0.0744549470197524,0.12065585477653928,0.01477232575416565,0.04263316094875336,0.9409449100494385,0.002818288980051875
ozone-level-8hr,NeuralNetFastAI,2280,254,0.07460129930174329,0.12153700367924755,0.016188908368349075,0.040923409163951874,0.9448819160461426,0.0028163050301373005
ozone-level-8hr,NeuralNetTorch,2280,254,0.07061805508336723,0.11944078529765956,0.009844169020652771,0.026739679276943207,0.9488189220428467,0.0028219680534675717
ozone-level-8hr,RandomForest,2280,254,0.07683404771424583,0.12609308894638266,0.017306998372077942,0.02519482932984829,0.9448819160461426,0.002857932006008923
ozone-level-8hr,XGBoost,2280,254,0.08662930863326138,0.1442106784809069,0.02151663787662983,0.04873066768050194,0.9370078444480896,0.0028085720259696245
parity5_plus_5,CatBoost,1011,113,5.774292200847369e-10,7.860904317461932e-06,4.627155249181669e-06,7.860759978939313e-06,1.0,0.002500407979823649
parity5_plus_5,ExtraTrees,1011,113,0.04881525289931731,0.08338760516627583,0.019216444343328476,0.04290321469306946,0.9646017551422119,0.0026615660171955824
parity5_plus_5,LightGBM,1011,113,6.214278455073543e-10,1.8275026385297227e-06,1.6725034583942033e-06,1.914847416628618e-06,1.0,0.0026073140325024724
parity5_plus_5,LinearModel,1011,113,0.4849985596147436,0.6780278494630525,0.03828316926956177,0.04581658914685249,0.5663716793060303,0.0019842740148305893
parity5_plus_5,NeuralNetFastAI,1011,113,2.565911786501657e-10,9.345733291144394e-06,4.684280156652676e-06,9.345669241156429e-06,1.0,0.002330577000975609
parity5_plus_5,NeuralNetTorch,1011,113,5.704236971376391e-10,3.788606239882669e-06,3.36465609507286e-06,3.8061732539063087e-06,1.0,0.0024798610247671604
parity5_plus_5,RandomForest,1011,113,0.057474808561760286,0.0987247102744625,0.023609187453985214,0.040992021560668945,0.9557521939277649,0.002741910982877016
parity5_plus_5,XGBoost,1011,113,1.0945324854475428e-16,7.449399427201799e-10,9.313225746154785e-10,1.0000000116860974e-07,1.0,0.0029340890469029546
pbcseq,CatBoost,1750,195,0.18928525381402841,0.32224896272521636,0.039255861192941666,0.07287237048149109,0.8820512890815735,0.002168826060369611
pbcseq,ExtraTrees,1750,195,0.2355755026905211,0.3830981021835291,0.03228878602385521,0.079254649579525,0.8410256505012512,0.002345890970900655
pbcseq,LightGBM,1750,195,0.19667485269716048,0.33227423426641545,0.03511054068803787,0.06231262907385826,0.8871794939041138,0.002167897066101432
pbcseq,LinearModel,1750,195,0.39577452506924243,0.574659919841323,0.047995008528232574,0.1124754473567009,0.6666666865348816,0.002044291002675891
pbcseq,NeuralNetFastAI,1750,195,0.2919745016315392,0.4576385587021542,0.03588468208909035,0.0702853575348854,0.7897436022758484,0.0023996280506253242
pbcseq,NeuralNetTorch,1750,195,0.3106118545190884,0.4855187855862054,0.07251418381929398,0.14225320518016815,0.7948718070983887,0.0024903860175982118
pbcseq,RandomForest,1750,195,0.2405261817776041,0.3966480810174697,0.051216550171375275,0.10648751258850098,0.8717948794364929,0.002390220994129777
pbcseq,XGBoost,1750,195,0.18998501225186612,0.32747400678085775,0.04465426132082939,0.07722511887550354,0.8974359035491943,0.0023110280744731426
pc1,CatBoost,998,111,0.07791944394069342,0.1601143525577567,0.017478469759225845,0.036239951848983765,0.954954981803894,0.0022116460604593158
pc1,ExtraTrees,998,111,0.0810647770450268,0.16265413614748328,0.015170624479651451,0.03603053465485573,0.954954981803894,0.002314923913218081
pc1,LightGBM,998,111,0.08211349233705954,0.17309374597096,0.017949339002370834,0.03583414852619171,0.9639639854431152,0.002174273948185146
pc1,LinearModel,998,111,0.10011050636299738,0.19466248731422264,0.022995516657829285,0.024704458191990852,0.9459459185600281,0.0022643179399892688
pc1,NeuralNetFastAI,998,111,0.09136542694815915,0.17285286580221002,0.03212691843509674,0.04823192209005356,0.954954981803894,0.002282348112203181
pc1,NeuralNetTorch,998,111,0.09288577214524585,0.17028671986250313,0.0220040250569582,0.020977435633540154,0.9459459185600281,0.002227201941423118
pc1,RandomForest,998,111,0.10082084331031216,0.1849096911732229,0.03485947102308273,0.034189678728580475,0.9369369149208069,0.0025750920176506042
pc1,XGBoost,998,111,0.08250897590029481,0.15621116033398186,0.0168544203042984,0.0379507914185524,0.954954981803894,0.002349207061342895
pc2,CatBoost,5030,559,0.006376343919347735,0.013991148075115494,0.0031116330064833164,0.00337319727987051,0.9964221715927124,0.0035011369036510587
pc2,ExtraTrees,5030,559,0.007075429330589928,0.020360371016597538,0.004437354858964682,0.0011300501646474004,0.9964221715927124,0.006841313908807933
pc2,LightGBM,5030,559,0.00634846911440952,0.013264600115590662,0.0031958753243088722,0.0026720466557890177,0.9964221715927124,0.004239264060743153
pc2,LinearModel,5030,559,0.00678415886052808,0.016402506969628014,0.0036040577106177807,0.0006998640019446611,0.9964221715927124,0.004654980031773448
pc2,NeuralNetFastAI,5030,559,0.006621335741142283,0.01417007387750151,0.003385458840057254,0.0009376588859595358,0.9964221715927124,0.004553437000140548
pc2,NeuralNetTorch,5030,559,0.006804005446505624,0.015699292320457338,0.0034082590136677027,0.00015518738655373454,0.9964221715927124,0.0030520569998770952
pc2,RandomForest,5030,559,0.00708426143968161,0.021060093487469365,0.004993335343897343,0.0016297770198434591,0.9964221715927124,0.007056851987726986
pc2,XGBoost,5030,559,0.0057997208253382565,0.01205487311454198,0.0030465819872915745,0.0032863507512956858,0.9964221715927124,0.004182137083262205
pc3,CatBoost,1406,157,0.1759352199818117,0.28297442386466937,0.041127294301986694,0.08225791901350021,0.8789808750152588,0.002265739953145385
pc3,ExtraTrees,1406,157,0.17602561855004475,0.30453013710863397,0.06249263137578964,0.0812540277838707,0.8980891704559326,0.0034488430246710777
pc3,LightGBM,1406,157,0.1758297220721725,0.2863046889446451,0.03238747641444206,0.04744678735733032,0.8853503465652466,0.0026719500310719013
pc3,LinearModel,1406,157,0.1940878873879769,0.33089363669947797,0.041551098227500916,0.08369560539722443,0.8917197585105896,0.0023954909993335605
pc3,NeuralNetFastAI,1406,157,0.1773383475742906,0.28926305531057295,0.03494048863649368,0.06264597177505493,0.8980891704559326,0.0023704759078100324
pc3,NeuralNetTorch,1406,157,0.16920206139807262,0.2863165636575779,0.028642162680625916,0.053275637328624725,0.8980891704559326,0.00242509797681123
pc3,RandomForest,1406,157,0.1782463773356466,0.3278913745346509,0.05499818176031113,0.09302199631929398,0.8980891704559326,0.003494537086226046
pc3,XGBoost,1406,157,0.1795347470836873,0.2871287054537045,0.03843411058187485,0.06158485263586044,0.8789808750152588,0.002599345985800028
pc4,CatBoost,1312,146,0.1188638059592104,0.18314561513059185,0.033876433968544006,0.05752628296613693,0.8972602486610413,0.002358413999900222
pc4,ExtraTrees,1312,146,0.1259952528073132,0.20503521025142094,0.023202884942293167,0.05936837196350098,0.8972602486610413,0.002509909914806485
pc4,LightGBM,1312,146,0.11967544575130518,0.1908522296930517,0.026563404127955437,0.06427160650491714,0.9041095972061157,0.002380879013799131
pc4,LinearModel,1312,146,0.1173238564277146,0.19848513157963973,0.04018039256334305,0.060241349041461945,0.9246575236320496,0.0025302820140495896
pc4,NeuralNetFastAI,1312,146,0.1175121433498578,0.19579740444622107,0.0291890949010849,0.05851880833506584,0.9246575236320496,0.0022680399706587195
pc4,NeuralNetTorch,1312,146,0.13556971811060742,0.21289552636667727,0.03680753335356712,0.05217904597520828,0.9041095972061157,0.0023201750591397285
pc4,RandomForest,1312,146,0.12170701691783088,0.18418354163344597,0.027329199016094208,0.06324966996908188,0.9041095972061157,0.0023391260765492916
pc4,XGBoost,1312,146,0.1278546725230075,0.20046229689410194,0.032748326659202576,0.05353277176618576,0.9109588861465454,0.0023712250404059887
philippine,CatBoost,5248,584,0.31801901579280045,0.47645134619706203,0.021962713450193405,0.06694934517145157,0.7705479264259338,0.0038178309332579374
philippine,ExtraTrees,5248,584,0.31621107442768187,0.47527227927352145,0.020901838317513466,0.033535171300172806,0.7619863152503967,0.003444251953624189
philippine,LightGBM,5248,584,0.3007915599136311,0.4553529720549429,0.016957413405179977,0.028247974812984467,0.7739726305007935,0.003370582009665668
philippine,LinearModel,5248,584,0.3730131479938156,0.5562556603522308,0.023343829438090324,0.04814254865050316,0.7226027250289917,0.0033659099135547876
philippine,NeuralNetFastAI,5248,584,0.36913344162318684,0.5449910405432703,0.03282676637172699,0.04968513920903206,0.7397260069847107,0.003349395003169775
philippine,NeuralNetTorch,5248,584,0.36259817075281797,0.5408662165729811,0.0277944914996624,0.059856947511434555,0.732876718044281,0.003473288961686194
philippine,RandomForest,5248,584,0.321593633692844,0.48571249339948147,0.016853880137205124,0.04706650599837303,0.7636986374855042,0.0033726439578458667
philippine,XGBoost,5248,584,0.3002234919459013,0.45677947042413053,0.022021202370524406,0.04647368937730789,0.7859588861465454,0.0036412220215424895
phoneme,CatBoost,4863,541,0.13488953161736472,0.21841430832328698,0.014969650655984879,0.039501290768384933,0.8964880108833313,0.0032723540207371116
phoneme,ExtraTrees,4863,541,0.1233877368211392,0.20374400383915992,0.013098221272230148,0.025442369282245636,0.9094269871711731,0.003688970929943025
phoneme,LightGBM,4863,541,0.13362884662903016,0.21795213088460466,0.016788193956017494,0.025100626051425934,0.9075785875320435,0.003783145919442177
phoneme,LinearModel,4863,541,0.3271733233758701,0.48866827533276647,0.033547885715961456,0.08416412770748138,0.7486136555671692,0.00349737994838506
phoneme,NeuralNetFastAI,4863,541,0.15674079110101719,0.2513328352444029,0.017227161675691605,0.041783686727285385,0.8853974342346191,0.003608974046073854
phoneme,NeuralNetTorch,4863,541,0.14444652952410195,0.24219366089145813,0.02826339192688465,0.055735986679792404,0.9094269871711731,0.004439112031832337
phoneme,RandomForest,4863,541,0.13658971184688917,0.23007926037047183,0.02889852412045002,0.04789581149816513,0.905730128288269,0.004011531011201441
phoneme,XGBoost,4863,541,0.1309169974201875,0.21674072180151932,0.01984352618455887,0.057998254895210266,0.9094269871711731,0.003284407895989716
pm10,CatBoost,450,50,0.43226192340699127,0.6243586042229491,0.09426315873861313,0.16059814393520355,0.7599999904632568,0.0016367529751732945
pm10,ExtraTrees,450,50,0.4494288333837821,0.6417193305379507,0.08541758358478546,0.16126051545143127,0.6399999856948853,0.0017025700071826577
pm10,LightGBM,450,50,0.4331555450331768,0.6254682329295924,0.09532132744789124,0.13881446421146393,0.6800000071525574,0.0016670279437676072
pm10,LinearModel,450,50,0.49913550169463805,0.6922808357821978,0.08082251250743866,0.053139813244342804,0.47999998927116394,0.0016986350528895855
pm10,NeuralNetFastAI,450,50,0.49955220413119084,0.6923949803177486,0.061278797686100006,0.07834593951702118,0.5,0.001724489964544773
pm10,NeuralNetTorch,450,50,0.49433402845385144,0.6865675931695153,0.07353851199150085,0.08900221437215805,0.5199999809265137,0.0016395350685343146
pm10,RandomForest,450,50,0.43084323225512206,0.6236849226964709,0.08214916288852692,0.1651124656200409,0.7200000286102295,0.0016555930487811565
pm10,XGBoost,450,50,0.44840122170690305,0.6411332332211594,0.09194841235876083,0.14785441756248474,0.6600000262260437,0.001805751002393663
pollen,CatBoost,3463,385,0.4997912804009902,0.6929370885578444,0.03532983362674713,0.005926620215177536,0.4987013041973114,0.0025507149985060096
pollen,ExtraTrees,3463,385,0.5001465755363597,0.693293802355545,0.029510922729969025,0.0014247826766222715,0.5272727012634277,0.0025524409720674157
pollen,LightGBM,3463,385,0.5010838357247401,0.69423646094277,0.03458116948604584,0.00724432710558176,0.5402597188949585,0.0025222869589924812
pollen,LinearModel,3463,385,0.49973207969477573,0.6928791826814206,0.02933446317911148,0.0016712038777768612,0.5038961172103882,0.002722164965234697
pollen,NeuralNetFastAI,3463,385,0.49964031917249496,0.6927940919803701,0.03819670528173447,0.0057594263926148415,0.5402597188949585,0.0025389159563928843
pollen,NeuralNetTorch,3463,385,0.49989749764529945,0.6930450848157109,0.01797628402709961,0.004646319430321455,0.5090909004211426,0.002611745032481849
pollen,RandomForest,3463,385,0.49982840874855006,0.6929755770897688,0.03198254108428955,0.0014411548618227243,0.4987013041973114,0.002545916009694338
pollen,XGBoost,3463,385,0.500825584754131,0.6939729843050263,0.029142316430807114,0.003783039515838027,0.4909090995788574,0.0025172190507873893
puma32H,CatBoost,7372,820,0.1314568351718996,0.21119971588615663,0.013833370991051197,0.025948235765099525,0.9060975313186646,0.0038991309702396393
puma32H,ExtraTrees,7372,820,0.1424401898052964,0.22246946569536014,0.011254224926233292,0.029913252219557762,0.8963414430618286,0.0047234229277819395
puma32H,LightGBM,7372,820,0.14328250053611363,0.22659230774725525,0.009638536721467972,0.030882231891155243,0.8914633989334106,0.0037409040378406644
puma32H,LinearModel,7372,820,0.46787895610381636,0.6610003448611861,0.029249653220176697,0.05464805290102959,0.6390243768692017,0.004018563078716397
puma32H,NeuralNetFastAI,7372,820,0.10555072549674978,0.17420065673400062,0.011600539088249207,0.026321563869714737,0.9280487895011902,0.004135135095566511
puma32H,NeuralNetTorch,7372,820,0.10796608823135972,0.18056507150102266,0.013086371123790741,0.02767079509794712,0.9243902564048767,0.00413359294179827
puma32H,RandomForest,7372,820,0.15008522474320765,0.23736302280124186,0.012559320777654648,0.03597455099225044,0.8890243768692017,0.0038086939603090286
puma32H,XGBoost,7372,820,0.1419837457013124,0.22954569298155697,0.012165859341621399,0.03233746811747551,0.8963414430618286,0.004256007960066199
puma8NH,CatBoost,7372,820,0.23007630894710598,0.3640903590851343,0.019877448678016663,0.04050900787115097,0.8402438759803772,0.003953769919462502
puma8NH,ExtraTrees,7372,820,0.2259724514878853,0.35690906160206215,0.017590221017599106,0.033035848289728165,0.8426828980445862,0.004387181019410491
puma8NH,LightGBM,7372,820,0.23107002464257845,0.3668396427563009,0.016135359182953835,0.03273294121026993,0.8414633870124817,0.003576428978703916
puma8NH,LinearModel,7372,820,0.3056965576741545,0.505651164426537,0.06635227799415588,0.1460055112838745,0.8256097435951233,0.0032473220489919186
puma8NH,NeuralNetFastAI,7372,820,0.22635244631820894,0.3578744768740786,0.01640203967690468,0.056123584508895874,0.8463414907455444,0.003922395990230143
puma8NH,NeuralNetTorch,7372,820,0.2247215746645049,0.3543332156811845,0.01666531339287758,0.043332334607839584,0.8414633870124817,0.004339955048635602
puma8NH,RandomForest,7372,820,0.22593405210427733,0.3569705777224521,0.017323406413197517,0.03383161127567291,0.8414633870124817,0.003923837095499039
puma8NH,XGBoost,7372,820,0.22951637085659285,0.3661049972596527,0.022968823090195656,0.04097255691885948,0.8414633870124817,0.003538434044457972
qsar-biodeg,CatBoost,949,106,0.17431653111236176,0.2859059156091402,0.023942090570926666,0.0647730678319931,0.8773584961891174,0.002135292044840753
qsar-biodeg,ExtraTrees,949,106,0.18923117684245488,0.3121557488784083,0.04167795926332474,0.09741020202636719,0.8679245114326477,0.0019847200019285083
qsar-biodeg,LightGBM,949,106,0.16625793144838075,0.2761317313150939,0.02452854998409748,0.05843815207481384,0.8962264060974121,0.0019912420539185405
qsar-biodeg,LinearModel,949,106,0.18277606885237316,0.29163642261047473,0.03660120815038681,0.10087232291698456,0.8679245114326477,0.002124596037901938
qsar-biodeg,NeuralNetFastAI,949,106,0.16916898367076427,0.2700094314233057,0.030736692249774933,0.0760183036327362,0.8773584961891174,0.0018950580852106214
qsar-biodeg,NeuralNetTorch,949,106,0.18387538672016018,0.3018007931378864,0.033626988530159,0.07695627957582474,0.8773584961891174,0.002012234996072948
qsar-biodeg,RandomForest,949,106,0.1686678163080668,0.2748763387318621,0.026422342285513878,0.07187038660049438,0.8679245114326477,0.0020672199316322803
qsar-biodeg,XGBoost,949,106,0.1725127175033266,0.28870402891192276,0.021354129537940025,0.08272475004196167,0.8867924809455872,0.0020459169754758477
ringnorm,CatBoost,6660,740,0.031874377231755346,0.06002536346438653,0.006321712862700224,0.015033038333058357,0.9824324250221252,0.004717738949693739
ringnorm,ExtraTrees,6660,740,0.03361898693147676,0.06006469212871779,0.004982185550034046,0.016820214688777924,0.9797297120094299,0.005307054962031543
ringnorm,LightGBM,6660,740,0.030906867597326866,0.05891126078685921,0.004426088184118271,0.009043891914188862,0.9824324250221252,0.004276511957868934
ringnorm,LinearModel,6660,740,0.3261434224196923,0.4995278161468051,0.04853924363851547,0.0796884223818779,0.7729730010032654,0.00305296597070992
ringnorm,NeuralNetFastAI,6660,740,0.03434608163011552,0.06180011690077021,0.006518554873764515,0.013088255189359188,0.9770269989967346,0.00453228794503957
ringnorm,NeuralNetTorch,6660,740,0.03052962635756331,0.05356045832481961,0.005126290954649448,0.009631856344640255,0.9797297120094299,0.00475175294559449
ringnorm,RandomForest,6660,740,0.05797522897485197,0.10363237736611376,0.01085234060883522,0.02305624820291996,0.9648648500442505,0.004824636969715357
ringnorm,XGBoost,6660,740,0.03485561808456092,0.0656410762625126,0.006286681164056063,0.016835542395710945,0.9783783555030823,0.004282952984794974
rmftsa_ladata,CatBoost,457,51,0.13920508019788103,0.23477567548329936,0.03577753156423569,0.08632800728082657,0.9215686321258545,0.0017227950738742948
rmftsa_ladata,ExtraTrees,457,51,0.13117495596303175,0.21036210265255,0.03795720636844635,0.11151545494794846,0.9215686321258545,0.0018694160971790552
rmftsa_ladata,LightGBM,457,51,0.1346896889724743,0.21905252529113875,0.027526982128620148,0.093563012778759,0.9019607901573181,0.0017915649805217981
rmftsa_ladata,LinearModel,457,51,0.10537885862465012,0.1821613315698557,0.035126376897096634,0.08299116790294647,0.9411764740943909,0.0017618259880691767
rmftsa_ladata,NeuralNetFastAI,457,51,0.10148540670706357,0.18127502742306317,0.04337182268500328,0.11895998567342758,0.9607843160629272,0.001826458959840238
rmftsa_ladata,NeuralNetTorch,457,51,0.14074494108444782,0.23078644871096898,0.04094124212861061,0.12440911680459976,0.9019607901573181,0.0018641550559550524
rmftsa_ladata,RandomForest,457,51,0.1477361024153855,0.23282931089862302,0.026017850264906883,0.08475649356842041,0.9019607901573181,0.0018048420315608382
rmftsa_ladata,XGBoost,457,51,0.13018205700791965,0.2267865894052085,0.0393572673201561,0.1066947802901268,0.9215686321258545,0.0018295859917998314
spambase,CatBoost,4140,461,0.08025727011172401,0.14927013581101273,0.02485901676118374,0.036819010972976685,0.952277660369873,0.0030327599961310625
spambase,ExtraTrees,4140,461,0.09154873303850329,0.1668951914657853,0.02740650065243244,0.0356944277882576,0.9414316415786743,0.003495109034702182
spambase,LightGBM,4140,461,0.0854284086962949,0.15058044105578483,0.02823464944958687,0.04131423681974411,0.9414316415786743,0.0035444460809230804
spambase,LinearModel,4140,461,0.10503668798201281,0.1917140962371489,0.02706390991806984,0.02785595692694187,0.9284164905548096,0.003325160942040384
spambase,NeuralNetFastAI,4140,461,0.09248370523588498,0.16957146402034126,0.01766417734324932,0.0334155298769474,0.9392624497413635,0.0034494390711188316
spambase,NeuralNetTorch,4140,461,0.08835825690920213,0.1642436503138121,0.02240143157541752,0.02929968200623989,0.9414316415786743,0.0028174429899081588
spambase,RandomForest,4140,461,0.09087464559255828,0.33276885018623686,0.03008348122239113,0.04399263486266136,0.9370932579040527,0.003547171945683658
spambase,XGBoost,4140,461,0.0900480752751957,0.15541793947656252,0.03207138180732727,0.04487447813153267,0.9305856823921204,0.0032262810273095965
sylvine,CatBoost,4611,513,0.08738553602853348,0.15347172931521394,0.018595583736896515,0.022426020354032516,0.943469762802124,0.003700797911733389
sylvine,ExtraTrees,4611,513,0.08876790983032058,0.1550084117267891,0.01510393526405096,0.02967364713549614,0.9395711421966553,0.0038406960666179657
sylvine,LightGBM,4611,513,0.08728761953679232,0.15149250371419914,0.015697773545980453,0.027727799490094185,0.9395711421966553,0.0037262419937178493
sylvine,LinearModel,4611,513,0.15440665786995642,0.27582823258995176,0.013121171854436398,0.03404704108834267,0.8908382058143616,0.0031787989428266883
sylvine,NeuralNetFastAI,4611,513,0.09729269464928815,0.16576468135485992,0.017227517440915108,0.03048275038599968,0.9317739009857178,0.0034539770567789674
sylvine,NeuralNetTorch,4611,513,0.10016933151028841,0.1745271759560189,0.017234891653060913,0.03375149518251419,0.9317739009857178,0.0038795010186731815
sylvine,RandomForest,4611,513,0.11179622997516733,0.19174596069392924,0.017271973192691803,0.03505061939358711,0.9259259104728699,0.0036704649683088064
sylvine,XGBoost,4611,513,0.08784336812279729,0.15429822990560485,0.014924900606274605,0.023044930770993233,0.9415204524993896,0.0036121899029240012
tokyo1,CatBoost,863,96,0.07912489031303452,0.1254011187571551,0.024962903931736946,0.06981907784938812,0.9166666865348816,0.002012163051404059
tokyo1,ExtraTrees,863,96,0.08680031501142386,0.1528449852844522,0.03630826622247696,0.0932416319847107,0.9270833134651184,0.002362245926633477
tokyo1,LightGBM,863,96,0.10081837248280219,0.1537376402313302,0.028580740094184875,0.07990952581167221,0.90625,0.0020240209996700287
tokyo1,LinearModel,863,96,0.12939946484874368,0.20137953773192385,0.03852035477757454,0.08838263899087906,0.90625,0.0020850440487265587
tokyo1,NeuralNetFastAI,863,96,0.08789125290033534,0.13670670310330676,0.018396951258182526,0.07074827700853348,0.9270833134651184,0.0021299440413713455
tokyo1,NeuralNetTorch,863,96,0.07604375698085222,0.12699388087539795,0.02844555675983429,0.05928940698504448,0.9583333134651184,0.0022746530594304204
tokyo1,RandomForest,863,96,0.08081615070500638,0.12453289652116262,0.027116136625409126,0.07436807453632355,0.9270833134651184,0.001992441015318036
tokyo1,XGBoost,863,96,0.09780452298146791,0.1489572612266509,0.028654631227254868,0.07135003805160522,0.9166666865348816,0.002108758082613349
twonorm,CatBoost,6660,740,0.03217513321057588,0.055878858480107305,0.006166588515043259,0.016762493178248405,0.9770269989967346,0.004204564029350877
twonorm,ExtraTrees,6660,740,0.03249623077462252,0.05821016763838598,0.01007264107465744,0.01782059110701084,0.9783783555030823,0.005711334990337491
twonorm,LightGBM,6660,740,0.033478104653687925,0.057241380982360875,0.007456410676240921,0.017271189019083977,0.9797297120094299,0.0036594270495697856
twonorm,LinearModel,6660,740,0.02929604839354414,0.05398326046936686,0.008741887286305428,0.013941938988864422,0.9810810685157776,0.0033822120167315006
twonorm,NeuralNetFastAI,6660,740,0.030655355127443818,0.05422215378624359,0.009505701251327991,0.012108865194022655,0.9783783555030823,0.003381679067388177
twonorm,NeuralNetTorch,6660,740,0.03022133577794102,0.05469585635953823,0.009126154705882072,0.013664687052369118,0.9810810685157776,0.004323774948716164
twonorm,RandomForest,6660,740,0.03126730699613236,0.058686607108420365,0.007016000337898731,0.014316732063889503,0.9783783555030823,0.005393147934228182
twonorm,XGBoost,6660,740,0.03515913330101236,0.060857903784176624,0.007232556585222483,0.01169941108673811,0.9770269989967346,0.003987735020928085
visualizing_soil,CatBoost,7776,865,5.565017768383735e-08,6.946148383375252e-06,6.236936314962804e-06,6.932189990038751e-06,1.0,0.004957696073688567
visualizing_soil,ExtraTrees,7776,865,1.9911622816521676e-05,0.00011357347421404002,0.00010732172086136416,0.0001083620372810401,1.0,0.0057479419047012925
visualizing_soil,LightGBM,7776,865,7.39686131869007e-09,2.1051388096766506e-06,2.1457672119140625e-06,2.1676883079635445e-06,1.0,0.005926843965426087
visualizing_soil,LinearModel,7776,865,3.527005641174363e-05,0.00015291956791850568,0.0001427836687071249,0.00014340062625706196,1.0,0.0052724669221788645
visualizing_soil,NeuralNetFastAI,7776,865,4.975207858348223e-06,8.074966803449728e-05,5.9328569477656856e-05,7.956656190799549e-05,1.0,0.006116535048931837
visualizing_soil,NeuralNetTorch,7776,865,4.8079437217855366e-08,1.413285021143155e-05,1.0122466846951284e-05,1.4218175238056574e-05,1.0,0.005645225988700986
visualizing_soil,RandomForest,7776,865,3.966320369983985e-06,7.288417741017341e-05,5.3167295845923945e-05,7.194100180640817e-05,1.0,0.0055694300681352615
visualizing_soil,XGBoost,7776,865,1.7050161022152245e-07,1.608706325605688e-05,1.1473913218651433e-05,1.6053707440732978e-05,1.0,0.004859922919422388
wilt,CatBoost,4355,484,0.03158516573441043,0.05655870567638789,0.007234876975417137,0.01266718190163374,0.9814049601554871,0.0037290470208972692
wilt,ExtraTrees,4355,484,0.031108263330419928,0.05343539563316137,0.005392799153923988,0.016876783221960068,0.9814049601554871,0.0036696159513667226
wilt,LightGBM,4355,484,0.030337655688596435,0.05605564804965335,0.004403943661600351,0.016215050593018532,0.9814049601554871,0.003731437958776951
wilt,LinearModel,4355,484,0.03300892328952133,0.05246617771349086,0.01174149103462696,0.015298125334084034,0.9752066135406494,0.003327585058286786
wilt,NeuralNetFastAI,4355,484,0.02149334762617115,0.03486518724795131,0.005913845729082823,0.009543177671730518,0.9834710955619812,0.003336469060741365
wilt,NeuralNetTorch,4355,484,0.024921544246856924,0.039447485506730294,0.006584526505321264,0.011160091497004032,0.9834710955619812,0.004129208973608911
wilt,RandomForest,4355,484,0.033451185029725064,0.05636905381702892,0.006961778271943331,0.015430246479809284,0.9772727489471436,0.0036745009711012244
wilt,XGBoost,4355,484,0.03709390613500474,0.064682192912007,0.011425698176026344,0.01866787113249302,0.9793388247489929,0.003345050965435803
wind,CatBoost,5916,658,0.18031315356127856,0.2916099500538078,0.014851465821266174,0.03879217803478241,0.8632218837738037,0.0033661570632830262
wind,ExtraTrees,5916,658,0.1875106867359633,0.30412786252037183,0.017177768051624298,0.04346354305744171,0.8677811622619629,0.003707207040861249
wind,LightGBM,5916,658,0.17803583398809622,0.28624403107316376,0.016337528824806213,0.042833294719457626,0.8708206415176392,0.0033404219429939985
wind,LinearModel,5916,658,0.19829502521801928,0.3175023750974839,0.016373086720705032,0.03591049835085869,0.8556231260299683,0.0034246830036863685
wind,NeuralNetFastAI,5916,658,0.1743896536186767,0.2807463453733229,0.01692137122154236,0.03290356695652008,0.8784194588661194,0.0037019650917500257
wind,NeuralNetTorch,5916,658,0.17549379339665572,0.28345878286991666,0.016644589602947235,0.03335349261760712,0.8814589381217957,0.003425049944780767
wind,RandomForest,5916,658,0.1916548287992688,0.3134624591712396,0.018356971442699432,0.049325402826070786,0.8708206415176392,0.0037251278990879655
wind,XGBoost,5916,658,0.18125355909746527,0.294051607530266,0.017774783074855804,0.038688335567712784,0.8708206415176392,0.0033692560391500592
