dataset,model,cal_size,test_size,BBQ_brier,BBQ_logloss,BBQ_kuiper,BBQ_ece-15,BBQ_accuracy,BBQ_time
2dplanes,CatBoost,36691,4077,0.09448889583269862,0.1553886589834204,0.0052036503329873085,0.007162482477724552,0.9278881549835205,1.820662334561348
2dplanes,ExtraTrees,36691,4077,0.09426057012611365,0.15516870895264842,0.0037639420479536057,0.005482285283505917,0.9286239743232727,1.8344076573848724
2dplanes,LightGBM,36691,4077,0.09429938517470361,0.15520473747797334,0.006422065198421478,0.004062787164002657,0.9288692474365234,1.819431472569704
2dplanes,LinearModel,36691,4077,0.2237165068218144,0.3496787111508701,0.011290425434708595,0.020136874169111252,0.8388521075248718,2.243281979113817
2dplanes,NeuralNetFastAI,36691,4077,0.09421668380363148,0.15509679138998092,0.005357855930924416,0.005039837211370468,0.9298503994941711,1.79107416421175
2dplanes,NeuralNetTorch,36691,4077,0.09501611934355766,0.15686935256226306,0.004075987264513969,0.008717169053852558,0.931812584400177,1.811183337122202
2dplanes,RandomForest,36691,4077,0.09414987787533854,0.15535245849271528,0.0035678294952958822,0.006039807572960854,0.9350012540817261,1.8290844820439816
2dplanes,XGBoost,36691,4077,0.09447911085078606,0.15541572604417125,0.005198770668357611,0.0058056944981217384,0.9271523356437683,1.8098383620381355
APSFailure,CatBoost,68400,7600,0.007923241384637781,0.01695368312265916,0.0010068556293845177,0.0020892058964818716,0.9951315522193909,2.8030848167836666
APSFailure,ExtraTrees,68400,7600,0.00937339361555664,0.01844774221021776,0.001085666473954916,0.0021173020359128714,0.9940789341926575,2.8221689090132713
APSFailure,LightGBM,68400,7600,0.007814345828266034,0.018008119023583,0.000915408250875771,0.001181754283607006,0.995394766330719,2.7976265884935856
APSFailure,LinearModel,68400,7600,0.01163545363312551,0.023712851060262642,0.001411403645761311,0.0023701214231550694,0.9931579232215881,2.8532407358288765
APSFailure,NeuralNetFastAI,68400,7600,0.00917971237944659,0.018505997177445742,0.0009024464525282383,0.002530091442167759,0.9940789341926575,2.803986992686987
APSFailure,NeuralNetTorch,68400,7600,0.011117082997997066,0.022046152521732088,0.0019266947638243437,0.0031079722102731466,0.9930263161659241,2.83146084100008
APSFailure,RandomForest,68400,7600,0.007881957258615275,0.015994857544992937,0.0011030110763385892,0.002074909396469593,0.9952631592750549,2.735806442797184
APSFailure,XGBoost,68400,7600,0.007701390024551587,0.01798000686976358,0.0011132133658975363,0.0014568782644346356,0.9952631592750549,2.7930134423077106
Amazon_employee_access,CatBoost,29492,3277,0.0728083960679553,0.13744377358152893,0.010420316830277443,0.007879089564085007,0.9527006149291992,1.3856356739997864
Amazon_employee_access,ExtraTrees,29492,3277,0.07945039960168582,0.1504611350637209,0.009591752663254738,0.007228267844766378,0.9481232762336731,1.4509012028574944
Amazon_employee_access,LightGBM,29492,3277,0.07964150141048157,0.15262711359163966,0.012775242328643799,0.01116023026406765,0.9490387439727783,1.3724919594824314
Amazon_employee_access,LinearModel,29492,3277,0.08418681692248829,0.15905032054221543,0.011328645050525665,0.007857082411646843,0.9459871649742126,1.4405141100287437
Amazon_employee_access,NeuralNetFastAI,29492,3277,0.08377902998922787,0.15896160637103776,0.01001669466495514,0.006131570786237717,0.9465975165367126,1.4067083038389683
Amazon_employee_access,NeuralNetTorch,29492,3277,0.08551998289947804,0.16211556288677823,0.010816719383001328,0.009131345897912979,0.9462923407554626,1.4254130721092224
Amazon_employee_access,RandomForest,29492,3277,0.07550022009776444,0.14324306797654496,0.011149716563522816,0.010675007477402687,0.9511748552322388,1.4425042383372784
Amazon_employee_access,XGBoost,29492,3277,0.07547804375521411,0.14512526562901845,0.010095716454088688,0.007511527743190527,0.952090322971344,1.383326429873705
Australian,CatBoost,621,69,0.17517100461595714,0.299492759433756,0.055518750101327896,0.05532870069146156,0.8840579986572266,0.04203997924923897
Australian,ExtraTrees,621,69,0.15752287326684547,0.28123233603842884,0.061613716185092926,0.07009455561637878,0.8550724387168884,0.041338808834552765
Australian,LightGBM,621,69,0.18212342523345115,0.3085561279863026,0.062259867787361145,0.06435650587081909,0.8550724387168884,0.041747793555259705
Australian,LinearModel,621,69,0.16586857132090502,0.29845488816848087,0.0646103248000145,0.08500360697507858,0.9130434989929199,0.0420139841735363
Australian,NeuralNetFastAI,621,69,0.14583588360000238,0.26410118386065184,0.06414300948381424,0.06065065786242485,0.8985507488250732,0.04116685688495636
Australian,NeuralNetTorch,621,69,0.172134537716103,0.29901341736922493,0.04855142533779144,0.06269901990890503,0.8840579986572266,0.041253212839365005
Australian,RandomForest,621,69,0.1575975312406085,0.26584738930751034,0.05778787285089493,0.0758984237909317,0.8695651888847351,0.041655682027339935
Australian,XGBoost,621,69,0.14002207598239924,0.24043748264839104,0.04043915867805481,0.09177126735448837,0.9130434989929199,0.04207368195056915
Bioresponse,CatBoost,3375,376,0.2793937447487555,0.44033146370728565,0.027561601251363754,0.04204944148659706,0.811170220375061,0.1586497463285923
Bioresponse,ExtraTrees,3375,376,0.29302732734641757,0.4510175584077047,0.027177564799785614,0.040377408266067505,0.7952127456665039,0.15834207087755203
Bioresponse,LightGBM,3375,376,0.2825190490944394,0.445218767087021,0.032456278800964355,0.06598368287086487,0.811170220375061,0.15925905480980873
Bioresponse,LinearModel,3375,376,0.3674118505798914,0.5530862466961406,0.04309336841106415,0.055072586983442307,0.7446808218955994,0.14364073425531387
Bioresponse,NeuralNetFastAI,3375,376,0.2905242584157993,0.44891546608890776,0.024712881073355675,0.0481906533241272,0.7792553305625916,0.1603010632097721
Bioresponse,NeuralNetTorch,3375,376,0.29931634312178296,0.46234396575926817,0.027828160673379898,0.02714606001973152,0.7952127456665039,0.16043344885110855
Bioresponse,RandomForest,3375,376,0.2855940577262519,0.4421031810347624,0.03030657023191452,0.07289101928472519,0.811170220375061,0.15747446194291115
Bioresponse,XGBoost,3375,376,0.28025479311853824,0.43965000847512664,0.03521886467933655,0.05564361438155174,0.8164893388748169,0.15833185985684395
Click_prediction_small,CatBoost,35953,3995,0.2536697172870507,0.41200629208718065,0.008586259558796883,0.009949827566742897,0.8372966051101685,1.9845773689448833
Click_prediction_small,ExtraTrees,35953,3995,0.2609641456961196,0.42190935648752137,0.01184992678463459,0.010261377319693565,0.8340425491333008,1.9730412624776363
Click_prediction_small,LightGBM,35953,3995,0.25911744201862097,0.4211353910848209,0.019626185297966003,0.014430086128413677,0.8372966051101685,1.9653972499072552
Click_prediction_small,LinearModel,35953,3995,0.2610866791223831,0.4234811086544876,0.010578850284218788,0.016957571730017662,0.8345431685447693,2.0158734023571014
Click_prediction_small,NeuralNetFastAI,35953,3995,0.2588314611184842,0.4208760781297056,0.011487292125821114,0.007357834838330746,0.8372966051101685,1.9680622927844524
Click_prediction_small,NeuralNetTorch,35953,3995,0.25921049547418656,0.41806914498196984,0.00870318803936243,0.006940226536244154,0.8345431685447693,2.0135216377675533
Click_prediction_small,RandomForest,35953,3995,0.2595062292265783,0.4195554612083944,0.014058306813240051,0.008974947966635227,0.8340425491333008,1.9723505042493343
Click_prediction_small,XGBoost,35953,3995,0.25934665641961463,0.4208364209426742,0.010747157037258148,0.013557770289480686,0.8362953662872314,1.9934014230966568
GAMETES_Epistasis_2-Way_1000atts_0_4H_EDM-1_EDM-1_1,CatBoost,1440,160,0.4292199394194195,0.620811432286585,0.10853482782840729,0.13362237811088562,0.731249988079071,0.07589037343859673
GAMETES_Epistasis_2-Way_1000atts_0_4H_EDM-1_EDM-1_1,ExtraTrees,1440,160,0.5001184747607809,0.6932656553566667,0.1063423752784729,2.163937097066082e-05,0.4375,0.07020177319645882
GAMETES_Epistasis_2-Way_1000atts_0_4H_EDM-1_EDM-1_1,LightGBM,1440,160,0.5265201208810872,0.7197665060283243,0.09625142812728882,0.15668460726737976,0.39375001192092896,0.06931407377123833
GAMETES_Epistasis_2-Way_1000atts_0_4H_EDM-1_EDM-1_1,LinearModel,1440,160,0.500019533043304,0.6931667136050077,0.08435196429491043,7.250055773511122e-07,0.48124998807907104,0.07036065310239792
GAMETES_Epistasis_2-Way_1000atts_0_4H_EDM-1_EDM-1_1,NeuralNetFastAI,1440,160,0.4994325344400794,0.6925861857974696,0.0840555876493454,0.010551429353654385,0.5062500238418579,0.07492094114422798
GAMETES_Epistasis_2-Way_1000atts_0_4H_EDM-1_EDM-1_1,NeuralNetTorch,1440,160,0.5087428571275211,0.701916819141226,0.05905905365943909,0.0724845603108406,0.46875,0.0755654089152813
GAMETES_Epistasis_2-Way_1000atts_0_4H_EDM-1_EDM-1_1,RandomForest,1440,160,0.501837108638855,0.6949844369517458,0.1274982988834381,0.0008494994253851473,0.4437499940395355,0.0702752135694027
GAMETES_Epistasis_2-Way_1000atts_0_4H_EDM-1_EDM-1_1,XGBoost,1440,160,0.506333699754526,0.6995111061758478,0.14541806280612946,0.05660649389028549,0.4937500059604645,0.07054409757256508
GAMETES_Epistasis_2-Way_20atts_0_1H_EDM-1_1,CatBoost,1440,160,0.4126009613432057,0.6024115732309914,0.07025756686925888,0.034679293632507324,0.699999988079071,0.07512131333351135
GAMETES_Epistasis_2-Way_20atts_0_1H_EDM-1_1,ExtraTrees,1440,160,0.4800491413514619,0.6730626583572711,0.1172192320227623,0.005551056005060673,0.6000000238418579,0.07290324941277504
GAMETES_Epistasis_2-Way_20atts_0_1H_EDM-1_1,LightGBM,1440,160,0.44187348190247355,0.6338675539084809,0.05778078734874725,0.062459539622068405,0.6625000238418579,0.07500773668289185
GAMETES_Epistasis_2-Way_20atts_0_1H_EDM-1_1,LinearModel,1440,160,0.5000061905281347,0.6931533711268213,0.10272152721881866,8.158566924976185e-05,0.5,0.07341605797410011
GAMETES_Epistasis_2-Way_20atts_0_1H_EDM-1_1,NeuralNetFastAI,1440,160,0.41204814068758544,0.6011134891685282,0.04640223830938339,0.03703426197171211,0.699999988079071,0.07558571174740791
GAMETES_Epistasis_2-Way_20atts_0_1H_EDM-1_1,NeuralNetTorch,1440,160,0.40666824354331654,0.5957179662061006,0.06623456627130508,0.051886577159166336,0.699999988079071,0.07439344003796577
GAMETES_Epistasis_2-Way_20atts_0_1H_EDM-1_1,RandomForest,1440,160,0.47836638618757255,0.6714036729465925,0.08638919144868851,0.04408686235547066,0.612500011920929,0.07134030759334564
GAMETES_Epistasis_2-Way_20atts_0_1H_EDM-1_1,XGBoost,1440,160,0.444869711663942,0.635437741461899,0.06770844757556915,0.05390356853604317,0.612500011920929,0.0763787254691124
GAMETES_Epistasis_2-Way_20atts_0_4H_EDM-1_1,CatBoost,1440,160,0.29106893161718284,0.44222556294668325,0.0381791889667511,0.07610335201025009,0.793749988079071,0.07742293924093246
GAMETES_Epistasis_2-Way_20atts_0_4H_EDM-1_1,ExtraTrees,1440,160,0.39590895492474154,0.5822514538248844,0.046726908534765244,0.057516682893037796,0.699999988079071,0.07517334073781967
GAMETES_Epistasis_2-Way_20atts_0_4H_EDM-1_1,LightGBM,1440,160,0.3107268228400263,0.4676339343960049,0.04186910390853882,0.06910525262355804,0.768750011920929,0.07768294215202332
GAMETES_Epistasis_2-Way_20atts_0_4H_EDM-1_1,LinearModel,1440,160,0.5002012628502409,0.6933484530657605,0.09204427897930145,0.0002543743175920099,0.4937500059604645,0.07276835292577744
GAMETES_Epistasis_2-Way_20atts_0_4H_EDM-1_1,NeuralNetFastAI,1440,160,0.28555316138649756,0.4394894175872267,0.06188338249921799,0.02880847081542015,0.793749988079071,0.0748945064842701
GAMETES_Epistasis_2-Way_20atts_0_4H_EDM-1_1,NeuralNetTorch,1440,160,0.30011279410549313,0.4591285713710257,0.04508309066295624,0.08098235726356506,0.7875000238418579,0.07640741392970085
GAMETES_Epistasis_2-Way_20atts_0_4H_EDM-1_1,RandomForest,1440,160,0.38940275135695207,0.5728609174616602,0.0411013625562191,0.02064933441579342,0.699999988079071,0.07509847357869148
GAMETES_Epistasis_2-Way_20atts_0_4H_EDM-1_1,XGBoost,1440,160,0.33703258335970665,0.5071740207746445,0.04776015132665634,0.026004072278738022,0.7437499761581421,0.07587685436010361
GAMETES_Epistasis_3-Way_20atts_0_2H_EDM-1_1,CatBoost,1440,160,0.3977874287408835,0.5720627870808446,0.039080239832401276,0.0623716376721859,0.643750011920929,0.07592828199267387
GAMETES_Epistasis_3-Way_20atts_0_2H_EDM-1_1,ExtraTrees,1440,160,0.4961907154813498,0.6893914851592162,0.10005268454551697,0.03502228856086731,0.5562499761581421,0.07455039024353027
GAMETES_Epistasis_3-Way_20atts_0_2H_EDM-1_1,LightGBM,1440,160,0.48927402021223293,0.6823945918666439,0.12841114401817322,0.016013935208320618,0.574999988079071,0.07312358915805817
GAMETES_Epistasis_3-Way_20atts_0_2H_EDM-1_1,LinearModel,1440,160,0.4999515041162451,0.6930986846112841,0.07793119549751282,1.4528473911923356e-05,0.512499988079071,0.07341383397579193
GAMETES_Epistasis_3-Way_20atts_0_2H_EDM-1_1,NeuralNetFastAI,1440,160,0.39717308708383464,0.5645586751381422,0.06592889130115509,0.10449884086847305,0.625,0.07622557133436203
GAMETES_Epistasis_3-Way_20atts_0_2H_EDM-1_1,NeuralNetTorch,1440,160,0.44166491147221854,0.630664765535627,0.05575644224882126,0.0649784579873085,0.6312500238418579,0.0772002711892128
GAMETES_Epistasis_3-Way_20atts_0_2H_EDM-1_1,RandomForest,1440,160,0.49849759940887994,0.6916826432709182,0.05355742573738098,0.03378204628825188,0.543749988079071,0.07317236810922623
GAMETES_Epistasis_3-Way_20atts_0_2H_EDM-1_1,XGBoost,1440,160,0.4914433750981866,0.6845866358982096,0.12171505391597748,0.020445777103304863,0.5687500238418579,0.07129670307040215
GAMETES_Heterogeneity_20atts_1600_Het_0_4_0_2_50_EDM-2_001,CatBoost,1440,160,0.40590394238080874,0.5700769805136148,0.0672435313463211,0.08955010026693344,0.6499999761581421,0.07751055806875229
GAMETES_Heterogeneity_20atts_1600_Het_0_4_0_2_50_EDM-2_001,ExtraTrees,1440,160,0.501841103882233,0.7172724668529057,0.05628977715969086,0.09824732691049576,0.5874999761581421,0.0738527849316597
GAMETES_Heterogeneity_20atts_1600_Het_0_4_0_2_50_EDM-2_001,LightGBM,1440,160,0.4627073477668023,0.6555841383771066,0.06761206686496735,0.086844801902771,0.6187499761581421,0.07731583341956139
GAMETES_Heterogeneity_20atts_1600_Het_0_4_0_2_50_EDM-2_001,LinearModel,1440,160,0.49990595029295815,0.6930531308161287,0.08740963041782379,6.112405390013009e-05,0.543749988079071,0.07215563952922821
GAMETES_Heterogeneity_20atts_1600_Het_0_4_0_2_50_EDM-2_001,NeuralNetFastAI,1440,160,0.4452584255253954,0.6204056258374004,0.07384812086820602,0.1135297566652298,0.612500011920929,0.07710956037044525
GAMETES_Heterogeneity_20atts_1600_Het_0_4_0_2_50_EDM-2_001,NeuralNetTorch,1440,160,0.44324440100238427,0.6226200270275031,0.05879957601428032,0.11175240576267242,0.6312500238418579,0.07517721503973007
GAMETES_Heterogeneity_20atts_1600_Het_0_4_0_2_50_EDM-2_001,RandomForest,1440,160,0.48480084233123877,0.6785126069240904,0.05059997737407684,0.060087066143751144,0.606249988079071,0.0742194838821888
GAMETES_Heterogeneity_20atts_1600_Het_0_4_0_2_50_EDM-2_001,XGBoost,1440,160,0.4625890886810681,0.6601896055829652,0.062077127397060394,0.06661921739578247,0.6499999761581421,0.0767289400100708
GAMETES_Heterogeneity_20atts_1600_Het_0_4_0_2_75_EDM-2_001,CatBoost,1440,160,0.3832402893145719,0.5577818186479782,0.038664769381284714,0.06392130255699158,0.6937500238418579,0.07583046332001686
GAMETES_Heterogeneity_20atts_1600_Het_0_4_0_2_75_EDM-2_001,ExtraTrees,1440,160,0.44233290765783656,0.6342396368058578,0.05257368087768555,0.01715639792382717,0.668749988079071,0.07372979447245598
GAMETES_Heterogeneity_20atts_1600_Het_0_4_0_2_75_EDM-2_001,LightGBM,1440,160,0.3966343516552677,0.5828154668591857,0.041517287492752075,0.07475180178880692,0.699999988079071,0.07731131836771965
GAMETES_Heterogeneity_20atts_1600_Het_0_4_0_2_75_EDM-2_001,LinearModel,1440,160,0.5004336566246248,0.6935808405103383,0.08709605038166046,0.0001505091058788821,0.45625001192092896,0.07272705435752869
GAMETES_Heterogeneity_20atts_1600_Het_0_4_0_2_75_EDM-2_001,NeuralNetFastAI,1440,160,0.3933567704904832,0.5754275185285668,0.05497949570417404,0.04418051987886429,0.699999988079071,0.07677073404192924
GAMETES_Heterogeneity_20atts_1600_Het_0_4_0_2_75_EDM-2_001,NeuralNetTorch,1440,160,0.3523328881847604,0.5288352760304095,0.06881427019834518,0.0776124820113182,0.737500011920929,0.07679220288991928
GAMETES_Heterogeneity_20atts_1600_Het_0_4_0_2_75_EDM-2_001,RandomForest,1440,160,0.4189996229011938,0.609693721703245,0.07276561111211777,0.02058897539973259,0.699999988079071,0.07385342940688133
GAMETES_Heterogeneity_20atts_1600_Het_0_4_0_2_75_EDM-2_001,XGBoost,1440,160,0.40538760049528333,0.5895373322126592,0.05522520840167999,0.030000073835253716,0.6937500238418579,0.07686183974146843
Internet-Advertisements,CatBoost,2951,328,0.04786782334601818,0.11509923307264829,0.01572185754776001,0.01564970053732395,0.9756097793579102,0.11558806523680687
Internet-Advertisements,ExtraTrees,2951,328,0.031600096962810194,0.07561590229035925,0.010463585145771503,0.014554116874933243,0.9817073345184326,0.11731863766908646
Internet-Advertisements,LightGBM,2951,328,0.04663825203468682,0.10867815990580125,0.018076717853546143,0.011551249772310257,0.9725610017776489,0.11408061906695366
Internet-Advertisements,LinearModel,2951,328,0.06047389793250203,0.13013497489055623,0.014099991880357265,0.018517697229981422,0.9603658318519592,0.11152248829603195
Internet-Advertisements,NeuralNetFastAI,2951,328,0.05761736924486393,0.11983992721736045,0.015028297901153564,0.02254336327314377,0.9603658318519592,0.11038858070969582
Internet-Advertisements,NeuralNetTorch,2951,328,0.0492320952140578,0.10356116858562361,0.017766237258911133,0.015870502218604088,0.9725610017776489,0.11588582769036293
Internet-Advertisements,RandomForest,2951,328,0.04026103193954811,0.08458471804429821,0.010479986667633057,0.008442099206149578,0.9725610017776489,0.11872220784425735
Internet-Advertisements,XGBoost,2951,328,0.05687751365756654,0.1249795214759515,0.018033504486083984,0.019652782008051872,0.9695122241973877,0.1141161173582077
OVA_Colon,CatBoost,1390,155,0.08349220450028205,0.18663497288658393,0.025248147547245026,0.03369651734828949,0.9548386931419373,0.06602193415164948
OVA_Colon,ExtraTrees,1390,155,0.06697595911951722,0.15243434232386563,0.020916225388646126,0.022178318351507187,0.9612902998924255,0.0677918903529644
OVA_Colon,LightGBM,1390,155,0.06751556923836449,0.15397079445583448,0.024369848892092705,0.022584732621908188,0.9677419066429138,0.06530935317277908
OVA_Colon,LinearModel,1390,155,0.061996745622388834,0.13950697528978742,0.02088819071650505,0.008023606613278389,0.9677419066429138,0.06371448189020157
OVA_Colon,NeuralNetFastAI,1390,155,0.07602087198254288,0.16058228573177027,0.032185617834329605,0.025493571534752846,0.9612902998924255,0.06367610022425652
OVA_Colon,NeuralNetTorch,1390,155,0.06191700414662121,0.1389365687038453,0.022617297247052193,0.005217928439378738,0.9677419066429138,0.06088625639677048
OVA_Colon,RandomForest,1390,155,0.08746409232154474,0.1829468779061204,0.02085581049323082,0.040079742670059204,0.948387086391449,0.06542257219552994
OVA_Colon,XGBoost,1390,155,0.07081300681412486,0.15763119483239663,0.023844942450523376,0.02513447217643261,0.9612902998924255,0.06334725022315979
OVA_Endometrium,CatBoost,1390,155,0.05557598698621201,0.11424549182992523,0.01570017635822296,0.012331471778452396,0.9677419066429138,0.06479872763156891
OVA_Endometrium,ExtraTrees,1390,155,0.05669511907607621,0.11269315074350184,0.018973279744386673,0.040971532464027405,0.9677419066429138,0.06723189726471901
OVA_Endometrium,LightGBM,1390,155,0.04654994528846893,0.09736116274089716,0.019292771816253662,0.020568879321217537,0.9612902998924255,0.06455256789922714
OVA_Endometrium,LinearModel,1390,155,0.04263846747744207,0.10345670297988109,0.01818212866783142,0.008427626453340054,0.9806451797485352,0.06368894502520561
OVA_Endometrium,NeuralNetFastAI,1390,155,0.05173640888673999,0.10734236288523513,0.022990524768829346,0.020037749782204628,0.9677419066429138,0.06491325795650482
OVA_Endometrium,NeuralNetTorch,1390,155,0.042043352016071324,0.09316751379345638,0.015096545219421387,0.01464303769171238,0.9806451797485352,0.06420914083719254
OVA_Endometrium,RandomForest,1390,155,0.05414541113673895,0.12298218343197344,0.01606547273695469,0.034324660897254944,0.9677419066429138,0.06617088243365288
OVA_Endometrium,XGBoost,1390,155,0.04799039962337341,0.10209618102957393,0.01276475191116333,0.01159066241234541,0.9741935729980469,0.0640389695763588
OVA_Kidney,CatBoost,1390,155,0.012791012172636312,0.038980835013081055,0.013740770518779755,0.013273412361741066,0.9935483932495117,0.06318728998303413
OVA_Kidney,ExtraTrees,1390,155,0.01517143326333789,0.04217436908307493,0.016251912340521812,0.01664477400481701,0.9935483932495117,0.06737835705280304
OVA_Kidney,LightGBM,1390,155,0.012649160137671325,0.03541856464531649,0.00986526533961296,0.009746985509991646,0.9935483932495117,0.06469043716788292
OVA_Kidney,LinearModel,1390,155,0.012638708772276337,0.03565165676242748,0.010067630559206009,0.009932616725564003,0.9935483932495117,0.06177494302392006
OVA_Kidney,NeuralNetFastAI,1390,155,0.0163369597124376,0.04023602489482396,0.010809243656694889,0.013031263835728168,0.9935483932495117,0.0628843903541565
OVA_Kidney,NeuralNetTorch,1390,155,0.012630158456696584,0.03237285410314425,0.006329531781375408,0.0069262185133993626,0.9935483932495117,0.06420492753386497
OVA_Kidney,RandomForest,1390,155,0.014027074629029737,0.04270941735008996,0.013491543009877205,0.01341335941106081,0.9935483932495117,0.06762891262769699
OVA_Kidney,XGBoost,1390,155,0.012773697311773888,0.03863968367396704,0.013055626302957535,0.012936871498823166,0.9935483932495117,0.06340040639042854
OVA_Lung,CatBoost,1390,155,0.01294013924137264,0.04138304586881581,0.007436126470565796,0.006595500744879246,0.9935483932495117,0.06472063809633255
OVA_Lung,ExtraTrees,1390,155,0.021157790643401155,0.05243812008977567,0.0069284080527722836,0.007732598576694727,0.9870967864990234,0.06687755137681961
OVA_Lung,LightGBM,1390,155,0.012941383237795055,0.04129394172534561,0.007111191749572754,0.006217771675437689,0.9935483932495117,0.06316215544939041
OVA_Lung,LinearModel,1390,155,0.025382728420045682,0.06695355265075534,0.010688483715057373,0.01068846695125103,0.9870967864990234,0.061514973640441895
OVA_Lung,NeuralNetFastAI,1390,155,0.03726329777631979,0.08441253681857804,0.011024177074432373,0.013419493101537228,0.9806451797485352,0.06546197086572647
OVA_Lung,NeuralNetTorch,1390,155,0.023822751951377466,0.05792712786302074,0.008155767805874348,0.00959022343158722,0.9870967864990234,0.06445952504873276
OVA_Lung,RandomForest,1390,155,0.03501827569568084,0.07553124324856209,0.011480339802801609,0.00810132548213005,0.9806451797485352,0.06900359317660332
OVA_Lung,XGBoost,1390,155,0.01296992423023057,0.042074161313012934,0.008980005979537964,0.008092870935797691,0.9935483932495117,0.06497760862112045
OVA_Ovary,CatBoost,1390,155,0.11294385451733674,0.20342516414756337,0.027236217632889748,0.046318527311086655,0.9225806593894958,0.06569481641054153
OVA_Ovary,ExtraTrees,1390,155,0.1285625060242587,0.2013643463059878,0.04315447434782982,0.06057868152856827,0.9096774458885193,0.06936861202120781
OVA_Ovary,LightGBM,1390,155,0.09945774287750568,0.18198964074862045,0.021185370162129402,0.04218902811408043,0.9290322661399841,0.06632572785019875
OVA_Ovary,LinearModel,1390,155,0.11704275884425631,0.21251974932968024,0.021411016583442688,0.019869348034262657,0.9161290526390076,0.06424594298005104
OVA_Ovary,NeuralNetFastAI,1390,155,0.11555109006341026,0.19230636064882867,0.03358122706413269,0.05261935666203499,0.9225806593894958,0.06734215468168259
OVA_Ovary,NeuralNetTorch,1390,155,0.09952322662591995,0.15655249153932796,0.025407634675502777,0.039825793355703354,0.9354838728904724,0.06659344956278801
OVA_Ovary,RandomForest,1390,155,0.11063803859615605,0.16464010079798694,0.03148408979177475,0.05476703494787216,0.9096774458885193,0.06924789026379585
OVA_Ovary,XGBoost,1390,155,0.11176070194994285,0.19359694814718617,0.027659595012664795,0.05122777819633484,0.9161290526390076,0.06662030145525932
OVA_Prostate,CatBoost,1390,155,0.02575798697379899,0.2784746960525017,0.007774898782372475,0.010751067660748959,0.9870967864990234,0.06164824962615967
OVA_Prostate,ExtraTrees,1390,155,0.01960031046745417,0.24716599526543867,0.006451614201068878,0.013036374002695084,0.9870967864990234,0.06371358036994934
OVA_Prostate,LightGBM,1390,155,0.012908923274357977,0.5649947395084008,0.007862433791160583,0.007862431928515434,0.9935483932495117,0.06057560443878174
OVA_Prostate,LinearModel,1390,155,0.01291590316209715,0.23923797733539054,0.00867479294538498,0.008674787357449532,0.9935483932495117,0.060470372438430786
OVA_Prostate,NeuralNetFastAI,1390,155,0.012904305835998144,0.5641772426100801,0.007166910916566849,0.0071669090539216995,0.9935483932495117,0.0601244792342186
OVA_Prostate,NeuralNetTorch,1390,155,0.01290715745879352,0.5648280001163298,0.007817026227712631,0.007817025296390057,0.9935483932495117,0.060088690370321274
OVA_Prostate,RandomForest,1390,155,0.02513326910737477,0.5883288960852303,0.0064516132697463036,0.011260231025516987,0.9870967864990234,0.06370814517140388
OVA_Prostate,XGBoost,1390,155,0.025771963260851988,0.6068229288923128,0.007877761498093605,0.011467372998595238,0.9870967864990234,0.060890890657901764
PhishingWebsites,CatBoost,9949,1106,0.04663186315976163,0.09349133030713977,0.011923670768737793,0.018891483545303345,0.9710668921470642,0.34987806901335716
PhishingWebsites,ExtraTrees,9949,1106,0.058524910761670164,0.1040000736792619,0.011178886517882347,0.013655546121299267,0.9620253443717957,0.42193765938282013
PhishingWebsites,LightGBM,9949,1106,0.046517383130547346,0.09536057286143534,0.009947912767529488,0.011030665598809719,0.9701627492904663,0.3449212573468685
PhishingWebsites,LinearModel,9949,1106,0.09480580337354125,0.15951453145206437,0.006109248381108046,0.02164028398692608,0.9367088675498962,0.40523530915379524
PhishingWebsites,NeuralNetFastAI,9949,1106,0.05055553013029965,0.09971332781593327,0.008898625150322914,0.011964485049247742,0.9665461182594299,0.346173994243145
PhishingWebsites,NeuralNetTorch,9949,1106,0.047222008431352554,0.09330109042195116,0.012174999341368675,0.012293629348278046,0.9683544039726257,0.34519897028803825
PhishingWebsites,RandomForest,9949,1106,0.05633108941940537,0.10477481496221397,0.010775159113109112,0.010960739105939865,0.9629294872283936,0.4168908819556236
PhishingWebsites,XGBoost,9949,1106,0.04925959320339578,0.09693408645326727,0.010753625072538853,0.013954986818134785,0.9683544039726257,0.3538022004067898
Run_or_walk_information,CatBoost,79729,8859,0.009501362804013777,0.01880062082532413,0.002451210282742977,0.002894086530432105,0.9935658574104309,3.568880144506693
Run_or_walk_information,ExtraTrees,79729,8859,0.011676695220057223,0.021901320885533312,0.0021023377776145935,0.0033418964594602585,0.9932272434234619,4.2099528685212135
Run_or_walk_information,LightGBM,79729,8859,0.00879645998168712,0.017472375855237993,0.0023034848272800446,0.0026096850633621216,0.9941302537918091,3.5697216652333736
Run_or_walk_information,LinearModel,79729,8859,0.21285505195154159,0.33804737019299913,0.009107076562941074,0.01419526245445013,0.8435489535331726,5.654187884181738
Run_or_walk_information,NeuralNetFastAI,79729,8859,0.013327440351805183,0.02763258535405118,0.00312521168962121,0.0036380053497850895,0.9913082718849182,3.6687143594026566
Run_or_walk_information,NeuralNetTorch,79729,8859,0.010997628905803832,0.022455081900195295,0.0032734822016209364,0.004207856487482786,0.9935658574104309,3.6063233204185963
Run_or_walk_information,RandomForest,79729,8859,0.013136296659464752,0.025513067049416527,0.0021965131163597107,0.0028446121141314507,0.9918726682662964,4.051317170262337
Run_or_walk_information,XGBoost,79729,8859,0.010182296466539498,0.019892319727955587,0.0025273598730564117,0.0033346745185554028,0.9931143522262573,3.5987471900880337
Satellite,CatBoost,4590,510,0.018711342235459234,0.05061912980514679,0.0076928939670324326,0.006054735276848078,0.9882352948188782,0.15754453092813492
Satellite,ExtraTrees,4590,510,0.01696863985636262,0.03791582960570307,0.006011263933032751,0.00563972070813179,0.9882352948188782,0.1505303643643856
Satellite,LightGBM,4590,510,0.024005950964681683,0.06373977337120063,0.010715488344430923,0.009775654412806034,0.9862744808197021,0.15676279366016388
Satellite,LinearModel,4590,510,0.017389494548824238,0.04577292495053527,0.006216821260750294,0.005140864755958319,0.9921568632125854,0.15978103503584862
Satellite,NeuralNetFastAI,4590,510,0.012266764682565509,0.02550549073405431,0.00580170750617981,0.006229796912521124,0.9921568632125854,0.1569235697388649
Satellite,NeuralNetTorch,4590,510,0.022369740502324188,0.06130391953802005,0.010053575038909912,0.007078324910253286,0.9882352948188782,0.15634869411587715
Satellite,RandomForest,4590,510,0.014604602433656449,0.02924017198419954,0.006500489544123411,0.008907988667488098,0.9882352948188782,0.14978156238794327
Satellite,XGBoost,4590,510,0.01947157123570643,0.05731376152262857,0.008529633283615112,0.005693239159882069,0.9901960492134094,0.15360882133245468
SpeedDating,CatBoost,7540,838,0.17703564880538222,0.29213499296419826,0.019400782883167267,0.03072374314069748,0.8830549120903015,0.31908414140343666
SpeedDating,ExtraTrees,7540,838,0.19333427239461703,0.3127717681447573,0.01797301322221756,0.030761780217289925,0.8699284195899963,0.32548727467656136
SpeedDating,LightGBM,7540,838,0.17732580130597547,0.2970352513605522,0.029299752786755562,0.03383124619722366,0.8890214562416077,0.31745345890522003
SpeedDating,LinearModel,7540,838,0.19088366778048302,0.31979833136318253,0.028091810643672943,0.03794139623641968,0.8699284195899963,0.3206604905426502
SpeedDating,NeuralNetFastAI,7540,838,0.189303500738433,0.3151713501174821,0.02275068312883377,0.02740282006561756,0.8782815933227539,0.31941430643200874
SpeedDating,NeuralNetTorch,7540,838,0.1862383545151293,0.3090434808139829,0.02032569795846939,0.02642439492046833,0.8758949637413025,0.3241204731166363
SpeedDating,RandomForest,7540,838,0.1921646047780354,0.31581315484894473,0.02390657551586628,0.04064145311713219,0.8699284195899963,0.33055024966597557
SpeedDating,XGBoost,7540,838,0.17675332801110666,0.29355724292595614,0.020075790584087372,0.030055774375796318,0.8854415416717529,0.31805969774723053
Titanic,CatBoost,1980,221,0.25489616620143885,0.4137857696097806,0.06892190128564835,0.049448903650045395,0.8325791954994202,0.09376499801874161
Titanic,ExtraTrees,1980,221,0.2554286552671588,0.412812678470775,0.06697475165128708,0.05460677295923233,0.8325791954994202,0.09167426452040672
Titanic,LightGBM,1980,221,0.25532780571870306,0.4146212859235966,0.06929588317871094,0.05218081176280975,0.8325791954994202,0.09401591494679451
Titanic,LinearModel,1980,221,0.25875466209995657,0.422592906562674,0.06820980459451675,0.05974344164133072,0.8280543088912964,0.09346222504973412
Titanic,NeuralNetFastAI,1980,221,0.2503309844832164,0.40417361870706137,0.05728655308485031,0.03855518624186516,0.8325791954994202,0.09687500074505806
Titanic,NeuralNetTorch,1980,221,0.25497983242128486,0.41272762965310217,0.0680924504995346,0.04895492270588875,0.8325791954994202,0.09427203610539436
Titanic,RandomForest,1980,221,0.2560875975249925,0.4143835819647908,0.06826178729534149,0.054435186088085175,0.8280543088912964,0.09250995516777039
Titanic,XGBoost,1980,221,0.2553438860020569,0.41459678277169304,0.0670442059636116,0.05204237997531891,0.8325791954994202,0.09455746039748192
ada,CatBoost,3732,415,0.1695230793905725,0.2729291918362516,0.01583773083984852,0.03292885050177574,0.8843373656272888,0.1622435860335827
ada,ExtraTrees,3732,415,0.19665435442335594,0.3110505773838651,0.014371171593666077,0.03547381982207298,0.8578312993049622,0.16715741902589798
ada,LightGBM,3732,415,0.1721301191312448,0.2768197037059672,0.01608716882765293,0.03381187468767166,0.8795180916786194,0.16441787406802177
ada,LinearModel,3732,415,0.20538992077259818,0.3259410521980908,0.025089971721172333,0.047761525958776474,0.8313252925872803,0.1641995795071125
ada,NeuralNetFastAI,3732,415,0.18551732318012118,0.3023984669568933,0.014023937284946442,0.0350940115749836,0.87469881772995,0.16392109915614128
ada,NeuralNetTorch,3732,415,0.18461649099923078,0.29684116504596386,0.011736877262592316,0.021161125972867012,0.8722891807556152,0.16244320198893547
ada,RandomForest,3732,415,0.17968967513043307,0.2855753302661388,0.011447370052337646,0.030196132138371468,0.8771084547042847,0.16571750864386559
ada,XGBoost,3732,415,0.17060446516333408,0.27537160598275234,0.011284742504358292,0.024954449385404587,0.8819277286529541,0.1634545773267746
adult,CatBoost,43957,4885,0.1717604008251863,0.27102162044023687,0.006236625835299492,0.012152403593063354,0.8769702911376953,2.5269953198730946
adult,ExtraTrees,43957,4885,0.1910344247506645,0.3033723237759065,0.009822690859436989,0.014992211014032364,0.863459587097168,2.6008924208581448
adult,LightGBM,43957,4885,0.17146801670132722,0.2698622411638392,0.006257801316678524,0.013209431432187557,0.8763561844825745,2.5107956379652023
adult,LinearModel,43957,4885,0.20315403555500136,0.31773403130045336,0.00792829692363739,0.013374028727412224,0.8532241582870483,2.6059222407639027
adult,NeuralNetFastAI,43957,4885,0.18995745023105468,0.30068157957292824,0.009314330294728279,0.009163814596831799,0.8653019666671753,2.545174468308687
adult,NeuralNetTorch,43957,4885,0.19152643581587095,0.30191804325434046,0.008216077461838722,0.010891399346292019,0.8628454208374023,2.5620433278381824
adult,RandomForest,43957,4885,0.1875547754802189,0.2962036586308986,0.009324513375759125,0.011441411450505257,0.8626407384872437,2.612998351454735
adult,XGBoost,43957,4885,0.17014325032010716,0.26894185504322765,0.005843320861458778,0.009858347475528717,0.8773797154426575,2.5196846164762974
ailerons,CatBoost,12375,1375,0.15958958856039082,0.2654086723564503,0.008505314588546753,0.026795847341418266,0.8894545435905457,0.5808863490819931
ailerons,ExtraTrees,12375,1375,0.16783554481632745,0.2746148836299576,0.008323565125465393,0.016448160633444786,0.8814545273780823,0.6107840538024902
ailerons,LightGBM,12375,1375,0.15825432768155917,0.2623146975466584,0.007872145622968674,0.02047070860862732,0.8923636078834534,0.586754959076643
ailerons,LinearModel,12375,1375,0.16920784909372952,0.2778398802389203,0.010841703042387962,0.02332155965268612,0.8799999952316284,0.5970790274441242
ailerons,NeuralNetFastAI,12375,1375,0.1670196773889582,0.27796749045709235,0.009371578693389893,0.026636801660060883,0.8850908875465393,0.5846059434115887
ailerons,NeuralNetTorch,12375,1375,0.16463648731013736,0.2692576766566073,0.009340286254882812,0.018228579312562943,0.8829091191291809,0.5862130410969257
ailerons,RandomForest,12375,1375,0.1646998079160892,0.2723784361137764,0.008737992495298386,0.02003946341574192,0.8858181834220886,0.6056871078908443
ailerons,XGBoost,12375,1375,0.15987633909840776,0.26432468491602246,0.00943300873041153,0.018504293635487556,0.8894545435905457,0.5830623060464859
arcene,CatBoost,90,10,0.41563248694901966,0.6460073427864642,0.14925935864448547,0.2624880373477936,0.699999988079071,0.007568664848804474
arcene,ExtraTrees,90,10,0.3583754374674313,0.5527292022959256,0.14434203505516052,0.3104362487792969,0.8999999761581421,0.007709439843893051
arcene,LightGBM,90,10,0.4193923340355415,1.3063662044342048,0.13845951855182648,0.23730933666229248,0.699999988079071,0.007601700723171234
arcene,LinearModel,90,10,0.40628606396412714,0.5940722575627827,0.14563308656215668,0.09174565970897675,0.699999988079071,0.007647860795259476
arcene,NeuralNetFastAI,90,10,0.3002323178695062,0.5633720120877019,0.10061447322368622,0.2226729393005371,0.699999988079071,0.007633771747350693
arcene,NeuralNetTorch,90,10,0.3750194464138831,0.6202481313605643,0.13939663767814636,0.23141230642795563,0.699999988079071,0.007575638592243195
arcene,RandomForest,90,10,0.3582526543933654,1.1705655359743603,0.10627254843711853,0.17257159948349,0.699999988079071,0.007156848907470703
arcene,XGBoost,90,10,0.4097876913648502,0.6094032188011794,0.08751682192087173,0.09307896345853806,0.699999988079071,0.0074806809425354
arsenic-female-bladder,CatBoost,503,56,0.21596292832085437,0.3481846579281413,0.045025333762168884,0.05345834419131279,0.8571428656578064,0.03702300786972046
arsenic-female-bladder,ExtraTrees,503,56,0.22741716457422217,0.3826192764430512,0.04597778618335724,0.0755562037229538,0.8571428656578064,0.036771509796381
arsenic-female-bladder,LightGBM,503,56,0.21998060027800462,0.3904332355445658,0.04530926048755646,0.07590775936841965,0.8571428656578064,0.036488015204668045
arsenic-female-bladder,LinearModel,503,56,0.23728437130773075,0.3802319006101108,0.04741501808166504,0.06549118459224701,0.8571428656578064,0.03715549036860466
arsenic-female-bladder,NeuralNetFastAI,503,56,0.2460562792261289,0.38932674180770566,0.04163350164890289,0.07220862060785294,0.8035714030265808,0.036421772092580795
arsenic-female-bladder,NeuralNetTorch,503,56,0.18941409165245848,0.3151286525149551,0.037840262055397034,0.08506395667791367,0.875,0.036504462361335754
arsenic-female-bladder,RandomForest,503,56,0.23843218202762545,0.41235926618187524,0.0752936601638794,0.10751411318778992,0.8571428656578064,0.03708532080054283
arsenic-female-bladder,XGBoost,503,56,0.20975738693463203,0.3583071272335174,0.038532353937625885,0.06657952070236206,0.875,0.03674961254000664
autoUniv-au1-1000,CatBoost,900,100,0.3979544660395207,0.5900641816862136,0.06919266283512115,0.08080516010522842,0.7300000190734863,0.05119296535849571
autoUniv-au1-1000,ExtraTrees,900,100,0.373890373438902,0.5682608101836922,0.04808343946933746,0.04509366676211357,0.7400000095367432,0.05187424272298813
autoUniv-au1-1000,LightGBM,900,100,0.37569451532193043,0.5676209790011086,0.05411631613969803,0.10228123515844345,0.7799999713897705,0.0525691993534565
autoUniv-au1-1000,LinearModel,900,100,0.3808292412506728,0.5679871485621866,0.06129223108291626,0.03816519305109978,0.7400000095367432,0.05178491398692131
autoUniv-au1-1000,NeuralNetFastAI,900,100,0.3440766873596599,0.5289821749095567,0.06565442681312561,0.04686873406171799,0.7799999713897705,0.05300252139568329
autoUniv-au1-1000,NeuralNetTorch,900,100,0.3624632403840053,0.5445612170747415,0.03800150752067566,0.04062309488654137,0.7300000190734863,0.052804820239543915
autoUniv-au1-1000,RandomForest,900,100,0.38312861457146496,0.5691691404997512,0.04721268266439438,0.07135751098394394,0.7300000190734863,0.05215030536055565
autoUniv-au1-1000,XGBoost,900,100,0.3793951724323407,0.5658654747972457,0.058156296610832214,0.0940946564078331,0.699999988079071,0.05258754640817642
bank-marketing,CatBoost,40689,4522,0.11738699801709825,0.18966856787422218,0.005461439490318298,0.00883973203599453,0.9148606657981873,2.046693742275238
bank-marketing,ExtraTrees,40689,4522,0.1259274229350865,0.20250907234684695,0.005911726504564285,0.011302711442112923,0.9066784381866455,2.159556597471237
bank-marketing,LightGBM,40689,4522,0.11958641899727648,0.19266852432499304,0.006950238719582558,0.010468750260770321,0.9122070074081421,2.0430090688169003
bank-marketing,LinearModel,40689,4522,0.14156811698850652,0.22894158950251767,0.006747962441295385,0.010232556611299515,0.8998230695724487,2.166905742138624
bank-marketing,NeuralNetFastAI,40689,4522,0.12055023265188879,0.19452611441509968,0.006417643278837204,0.009244331158697605,0.9119858741760254,2.000414825975895
bank-marketing,NeuralNetTorch,40689,4522,0.12024559619750805,0.19317579569411347,0.007361769676208496,0.01035530399531126,0.908889889717102,2.0067293159663677
bank-marketing,RandomForest,40689,4522,0.1257562033817353,0.20226522805469355,0.006435953080654144,0.012498771771788597,0.9062361717224121,2.141359880566597
bank-marketing,XGBoost,40689,4522,0.11936264495913013,0.19292874258896234,0.006807924248278141,0.00813500490039587,0.9135338068008423,2.043375302106142
bank32nh,CatBoost,7372,820,0.2701355656329582,0.41873899583168145,0.02052520215511322,0.04143466055393219,0.795121967792511,0.34338395670056343
bank32nh,ExtraTrees,7372,820,0.2769218346685488,0.4280531891586717,0.02337978035211563,0.035836368799209595,0.790243923664093,0.34478263556957245
bank32nh,LightGBM,7372,820,0.26980749747921695,0.4244614767158272,0.02313753217458725,0.04835663363337517,0.7987805008888245,0.3398134335875511
bank32nh,LinearModel,7372,820,0.26921019706371435,0.4158057499214705,0.019245920702815056,0.03700414299964905,0.800000011920929,0.3408915586769581
bank32nh,NeuralNetFastAI,7372,820,0.25733225113114094,0.4025099324994624,0.022121503949165344,0.044114671647548676,0.8048780560493469,0.3375263623893261
bank32nh,NeuralNetTorch,7372,820,0.26167099797355625,0.40878364275321705,0.016360687091946602,0.031534407287836075,0.8048780560493469,0.342980470508337
bank32nh,RandomForest,7372,820,0.2852215608355427,0.4394740590429978,0.02575843222439289,0.03361455723643303,0.790243923664093,0.34552404284477234
bank32nh,XGBoost,7372,820,0.27501533607435646,0.4267669519341324,0.02186146378517151,0.04397474229335785,0.8036585450172424,0.3436606600880623
bank8FM,CatBoost,7372,820,0.07403454112401119,0.12020402198663999,0.010160397738218307,0.01894501969218254,0.9451219439506531,0.2790791541337967
bank8FM,ExtraTrees,7372,820,0.08021707927142786,0.1285113315031262,0.010929081588983536,0.016040969640016556,0.9475609660148621,0.3241842947900295
bank8FM,LightGBM,7372,820,0.07484035083292892,0.11733477541069139,0.009186077862977982,0.016641756519675255,0.95243901014328,0.2800097316503525
bank8FM,LinearModel,7372,820,0.0836485147168458,0.14844825841682605,0.010625180788338184,0.01751256175339222,0.9451219439506531,0.2860473468899727
bank8FM,NeuralNetFastAI,7372,820,0.07436853990154053,0.11343345590739232,0.00976547971367836,0.013879844918847084,0.9487804770469666,0.2805495336651802
bank8FM,NeuralNetTorch,7372,820,0.08074348549688459,0.12398308034508927,0.011834381148219109,0.019488796591758728,0.9451219439506531,0.28601737692952156
bank8FM,RandomForest,7372,820,0.07767323885874006,0.13545511642817076,0.009316475130617619,0.013177427463233471,0.9487804770469666,0.3055650666356087
bank8FM,XGBoost,7372,820,0.07618310931105868,0.13189370420574303,0.009422133676707745,0.018726782873272896,0.9439024329185486,0.2829085737466812
blood-transfusion-service-center,CatBoost,673,75,0.33661336893351373,0.5181569891008421,0.08501700311899185,0.04675411060452461,0.7599999904632568,0.043723415583372116
blood-transfusion-service-center,ExtraTrees,673,75,0.33528001480889624,0.5159383622911918,0.0954018235206604,0.026075216010212898,0.7599999904632568,0.042630311101675034
blood-transfusion-service-center,LightGBM,673,75,0.3353689902552634,0.5148656385642711,0.08216067403554916,0.05284051224589348,0.7599999904632568,0.04255954176187515
blood-transfusion-service-center,LinearModel,673,75,0.315553688306706,0.47878613982193213,0.051417239010334015,0.07208855450153351,0.746666669845581,0.04288647696375847
blood-transfusion-service-center,NeuralNetFastAI,673,75,0.33515058665582315,0.5037230576701357,0.06625854969024658,0.10915391147136688,0.7599999904632568,0.043540600687265396
blood-transfusion-service-center,NeuralNetTorch,673,75,0.32760714600539115,0.49970748763053574,0.06031472235918045,0.054513417184352875,0.7599999904632568,0.042877256870269775
blood-transfusion-service-center,RandomForest,673,75,0.32417051042454037,0.5009398245170856,0.07608522474765778,0.049167972058057785,0.7733333110809326,0.04289226979017258
blood-transfusion-service-center,XGBoost,673,75,0.3453893931612554,0.5225755024528369,0.05436830222606659,0.05935988575220108,0.746666669845581,0.04326843470335007
boston_corrected,CatBoost,455,51,0.1683531520930595,0.2710898489082345,0.07902930676937103,0.09111401438713074,0.9019607901573181,0.0346071757376194
boston_corrected,ExtraTrees,455,51,0.15197390184543288,0.24635017176581975,0.0893017053604126,0.09286391735076904,0.9215686321258545,0.03516712784767151
boston_corrected,LightGBM,455,51,0.15114916163038924,0.2492162178033087,0.0832442045211792,0.10588657855987549,0.9411764740943909,0.03429211676120758
boston_corrected,LinearModel,455,51,0.1971428628686967,0.30876611054277,0.09803959727287292,0.16964007914066315,0.8823529481887817,0.035463374108076096
boston_corrected,NeuralNetFastAI,455,51,0.157574551392964,0.2647095309397749,0.11854290962219238,0.12511593103408813,0.8235294222831726,0.03329792618751526
boston_corrected,NeuralNetTorch,455,51,0.2897713425471349,0.41294774617224733,0.13691242039203644,0.1682702600955963,0.8039215803146362,0.03623133897781372
boston_corrected,RandomForest,455,51,0.1634646082707909,0.26770763048014845,0.07872024178504944,0.09911182522773743,0.8823529481887817,0.03604194521903992
boston_corrected,XGBoost,455,51,0.2090694482938204,0.325662200201813,0.09428940713405609,0.08412481099367142,0.8627451062202454,0.034902509301900864
churn,CatBoost,4500,500,0.08538919443921054,0.17002494309621202,0.027367647737264633,0.02184281125664711,0.9480000138282776,0.16852780431509018
churn,ExtraTrees,4500,500,0.08420719295308846,0.172846437010087,0.023414812982082367,0.014798992313444614,0.9539999961853027,0.18345021083950996
churn,LightGBM,4500,500,0.08819056236695327,0.17975242517921836,0.027285601943731308,0.017872147262096405,0.9480000138282776,0.17395083606243134
churn,LinearModel,4500,500,0.18363747824732002,0.30059476451252987,0.02119295299053192,0.02006356231868267,0.8619999885559082,0.1891614906489849
churn,NeuralNetFastAI,4500,500,0.07717115638547702,0.16243267633295053,0.025406790897250175,0.01923748478293419,0.9559999704360962,0.1675589755177498
churn,NeuralNetTorch,4500,500,0.08343914495990305,0.17223980084928883,0.0253208689391613,0.023116733878850937,0.9520000219345093,0.17155109345912933
churn,RandomForest,4500,500,0.09889370963871992,0.1914138856474508,0.027265502139925957,0.023819154128432274,0.9399999976158142,0.18057681992650032
churn,XGBoost,4500,500,0.09013846109719159,0.17667989730838662,0.027274131774902344,0.01579977385699749,0.9440000057220459,0.17057395353913307
climate-model-simulation-crashes,CatBoost,486,54,0.11103228656429392,0.2559021706101775,0.04549591615796089,0.04795536398887634,0.9444444179534912,0.035003844648599625
climate-model-simulation-crashes,ExtraTrees,486,54,0.08376040586073698,0.23821784673762558,0.03894255682826042,0.05094653740525246,0.9444444179534912,0.03359373286366463
climate-model-simulation-crashes,LightGBM,486,54,0.07668740125914647,0.15270377291520135,0.03702118992805481,0.04821968451142311,0.9259259104728699,0.03479864075779915
climate-model-simulation-crashes,LinearModel,486,54,0.09669453215687944,0.21502518646136148,0.04452891647815704,0.05858409032225609,0.9444444179534912,0.033841654658317566
climate-model-simulation-crashes,NeuralNetFastAI,486,54,0.07577789299324046,0.17152813597909572,0.03030899353325367,0.03978533297777176,0.9629629850387573,0.034323468804359436
climate-model-simulation-crashes,NeuralNetTorch,486,54,0.10469907066814864,0.19315253310833194,0.03593117371201515,0.05583374574780464,0.9074074029922485,0.03391923010349274
climate-model-simulation-crashes,RandomForest,486,54,0.09812117455597018,0.23245771996310907,0.07169349491596222,0.08127844333648682,0.9629629850387573,0.034829281270504
climate-model-simulation-crashes,XGBoost,486,54,0.07427270265400777,0.14860633226959216,0.03988362476229668,0.04946811869740486,0.9814814925193787,0.036329515278339386
colleges_usnews,CatBoost,1171,131,0.3782305121975943,0.5575078587238337,0.05368694290518761,0.07068255543708801,0.7251908183097839,0.0664839893579483
colleges_usnews,ExtraTrees,1171,131,0.37711255846462116,0.5638198100162395,0.06737764179706573,0.09218533337116241,0.7022900581359863,0.06493233516812325
colleges_usnews,LightGBM,1171,131,0.408817852943155,0.5998041967269844,0.07635590434074402,0.10632079839706421,0.6564885377883911,0.06572380661964417
colleges_usnews,LinearModel,1171,131,0.40490854222317246,0.5899177037916548,0.05586753413081169,0.07038476318120956,0.6793892979621887,0.06478584185242653
colleges_usnews,NeuralNetFastAI,1171,131,0.4062539640403837,0.5972247328683912,0.0729590654373169,0.09616417437791824,0.6793892979621887,0.06565773114562035
colleges_usnews,NeuralNetTorch,1171,131,0.3869564908521963,0.57389764982623,0.07897526770830154,0.11846740543842316,0.732824444770813,0.06746360287070274
colleges_usnews,RandomForest,1171,131,0.3601716123539351,0.5363240407844015,0.058789849281311035,0.07728038728237152,0.7404580116271973,0.06557992473244667
colleges_usnews,XGBoost,1171,131,0.39236553927305373,0.5774822102396536,0.08144000917673111,0.09936781972646713,0.694656491279602,0.06637447327375412
cpu_act,CatBoost,7372,820,0.06641831755496742,0.1153758345797692,0.013904470950365067,0.02871135249733925,0.959756076335907,0.28236672282218933
cpu_act,ExtraTrees,7372,820,0.07797940710510075,0.12968901617752962,0.013996105641126633,0.02419980801641941,0.9426829218864441,0.3058888576924801
cpu_act,LightGBM,7372,820,0.06893078218051095,0.11496207765565168,0.014275889843702316,0.026206303387880325,0.9560975432395935,0.27820995822548866
cpu_act,LinearModel,7372,820,0.0856436821542382,0.15204357242773262,0.01601281762123108,0.02213524654507637,0.9439024329185486,0.2856193073093891
cpu_act,NeuralNetFastAI,7372,820,0.0729414466394063,0.12423658776063834,0.016749434173107147,0.03524495288729668,0.9451219439506531,0.27889419347047806
cpu_act,NeuralNetTorch,7372,820,0.07932181458340189,0.13535667327680687,0.018754979595541954,0.034358419477939606,0.9475609660148621,0.28825122490525246
cpu_act,RandomForest,7372,820,0.07538859990803838,0.13218445351327432,0.01338627003133297,0.027348846197128296,0.954878032207489,0.30383699387311935
cpu_act,XGBoost,7372,820,0.06767516756576256,0.11389302836822125,0.013592102564871311,0.026962855830788612,0.954878032207489,0.28152094036340714
cpu_small,CatBoost,7372,820,0.09736340591456186,0.15412404238410915,0.01013857126235962,0.020232807844877243,0.9317073225975037,0.2897544614970684
cpu_small,ExtraTrees,7372,820,0.10484273573225385,0.16818895260394837,0.007240612059831619,0.026054086163640022,0.9317073225975037,0.31481290981173515
cpu_small,LightGBM,7372,820,0.09991853364756074,0.15938346272762086,0.009608114138245583,0.024543320760130882,0.9256097674369812,0.28822994232177734
cpu_small,LinearModel,7372,820,0.1264180294185086,0.20492014651010226,0.0112694650888443,0.022558655589818954,0.9073171019554138,0.3041047118604183
cpu_small,NeuralNetFastAI,7372,820,0.1109251169618171,0.17444267236552788,0.011625394225120544,0.03224901109933853,0.9170731902122498,0.2927541919052601
cpu_small,NeuralNetTorch,7372,820,0.10270712308167719,0.17008694997582302,0.015493907034397125,0.020103761926293373,0.9304878115653992,0.2943134754896164
cpu_small,RandomForest,7372,820,0.1028023601602196,0.1661152420481685,0.012650970369577408,0.025226160883903503,0.9341463446617126,0.3132510967552662
cpu_small,XGBoost,7372,820,0.09921409975995592,0.15931222241487988,0.0113430917263031,0.034348733723163605,0.9304878115653992,0.2872791476547718
credit-g,CatBoost,900,100,0.2797794767957186,0.43975699119127015,0.04454035684466362,0.07845060527324677,0.8199999928474426,0.05434538796544075
credit-g,ExtraTrees,900,100,0.29499170213787024,0.4640537016287583,0.04003533720970154,0.073192298412323,0.8199999928474426,0.053612980991601944
credit-g,LightGBM,900,100,0.2931633797128273,0.4586857468731777,0.037595704197883606,0.052956271916627884,0.800000011920929,0.053858108818531036
credit-g,LinearModel,900,100,0.30342293864025316,0.46742822496709885,0.043190598487854004,0.07537558674812317,0.7900000214576721,0.05287399888038635
credit-g,NeuralNetFastAI,900,100,0.29991563806065275,0.45703497301519647,0.038719698786735535,0.0891997441649437,0.800000011920929,0.054135050624608994
credit-g,NeuralNetTorch,900,100,0.2960029688809734,0.4574974647742267,0.05132979899644852,0.05912330374121666,0.7799999713897705,0.054129790514707565
credit-g,RandomForest,900,100,0.2730823345572729,0.4309344968408378,0.062452808022499084,0.08071348816156387,0.800000011920929,0.05411604046821594
credit-g,XGBoost,900,100,0.30085960729241207,0.46439248112949544,0.046130791306495667,0.04924527928233147,0.7599999904632568,0.05385828763246536
cylinder-bands,CatBoost,486,54,0.19140886258392198,0.3209978299608116,0.03966068476438522,0.07096978276968002,0.8333333134651184,0.03640255331993103
cylinder-bands,ExtraTrees,486,54,0.18174740012147925,0.30653985832065195,0.051647353917360306,0.06737355887889862,0.8888888955116272,0.03547120839357376
cylinder-bands,LightGBM,486,54,0.1937774070950765,0.3263700105111648,0.053206197917461395,0.05775696039199829,0.8888888955116272,0.03721862658858299
cylinder-bands,LinearModel,486,54,0.27272611010488096,0.43866473520934096,0.07083837687969208,0.07893847674131393,0.7962962985038757,0.03552969917654991
cylinder-bands,NeuralNetFastAI,486,54,0.21225114805933087,0.35970888928963346,0.07277946174144745,0.09375819563865662,0.8888888955116272,0.03781493008136749
cylinder-bands,NeuralNetTorch,486,54,0.21063185581677166,0.35260024507632676,0.06257805973291397,0.13289381563663483,0.8518518805503845,0.03511640802025795
cylinder-bands,RandomForest,486,54,0.15290036089915943,0.26434929799053575,0.03914559260010719,0.05224092677235603,0.9074074029922485,0.03689778596162796
cylinder-bands,XGBoost,486,54,0.17199066769366256,0.29456740741450127,0.05247277393937111,0.10314996540546417,0.8518518805503845,0.03667229786515236
delta_ailerons,CatBoost,6416,713,0.09188454227292386,0.18412614986453818,0.01009454857558012,0.020551107823848724,0.9495091438293457,0.25818441063165665
delta_ailerons,ExtraTrees,6416,713,0.09320287140459196,0.18293854910813592,0.011016619391739368,0.017700575292110443,0.948106586933136,0.2740638591349125
delta_ailerons,LightGBM,6416,713,0.09220715396497167,0.1820250800565336,0.009076306596398354,0.019797829911112785,0.9424964785575867,0.2600756548345089
delta_ailerons,LinearModel,6416,713,0.1114602812796464,0.22155564372132758,0.010276070795953274,0.02545453980565071,0.939691424369812,0.270649041980505
delta_ailerons,NeuralNetFastAI,6416,713,0.10174275059299487,0.202202128666283,0.011157739907503128,0.023137742653489113,0.9453015327453613,0.2615051046013832
delta_ailerons,NeuralNetTorch,6416,713,0.10157142419200801,0.1974521486270746,0.009415671229362488,0.020717469975352287,0.9424964785575867,0.2580394931137562
delta_ailerons,RandomForest,6416,713,0.09511442204960925,0.1852129718960702,0.011257530190050602,0.01815572939813137,0.9438990354537964,0.26695120707154274
delta_ailerons,XGBoost,6416,713,0.0942945079818908,0.18742281540934116,0.00945468619465828,0.02404071018099785,0.9453015327453613,0.2602241076529026
delta_elevators,CatBoost,8565,952,0.17801168596609956,0.29959402446023137,0.00915590301156044,0.025716694071888924,0.8855041861534119,0.39103082194924355
delta_elevators,ExtraTrees,8565,952,0.18045504413518929,0.3006896968709299,0.012259998358786106,0.03400116413831711,0.8792017102241516,0.4051837958395481
delta_elevators,LightGBM,8565,952,0.1780993716324463,0.2993471768411798,0.013194124214351177,0.03568532317876816,0.881302535533905,0.38915716856718063
delta_elevators,LinearModel,8565,952,0.1802143194506672,0.3073632837533031,0.01252663042396307,0.02611863799393177,0.8802521228790283,0.39054228365421295
delta_elevators,NeuralNetFastAI,8565,952,0.17792595197145109,0.30094270479869006,0.009565729647874832,0.01583782583475113,0.8771008253097534,0.3913424611091614
delta_elevators,NeuralNetTorch,8565,952,0.17773474811789938,0.30208845969965636,0.010412182658910751,0.026995349675416946,0.8855041861534119,0.3902773931622505
delta_elevators,RandomForest,8565,952,0.18459281843136496,0.30960978662142213,0.012780001387000084,0.03414085879921913,0.8613445162773132,0.39938002824783325
delta_elevators,XGBoost,8565,952,0.17820004619049554,0.3016712030369679,0.010809093713760376,0.021450653672218323,0.8823529481887817,0.39170780032873154
diabetes,CatBoost,691,77,0.24247472308758727,0.385681314117951,0.04902012646198273,0.06830619275569916,0.8311688303947449,0.04538780450820923
diabetes,ExtraTrees,691,77,0.23111893368872413,0.369468594142194,0.04538731276988983,0.08076373487710953,0.8571428656578064,0.045039549469947815
diabetes,LightGBM,691,77,0.25016163335598773,0.40092782310857317,0.04326865077018738,0.04038409888744354,0.8181818127632141,0.045571643859148026
diabetes,LinearModel,691,77,0.21905713097453214,0.35733342842289895,0.0606415756046772,0.10216627269983292,0.8311688303947449,0.04528418928384781
diabetes,NeuralNetFastAI,691,77,0.2471687924461357,0.3846476780295848,0.05286095291376114,0.10677678138017654,0.8181818127632141,0.044306978583335876
diabetes,NeuralNetTorch,691,77,0.22602366390332565,0.35915220545324933,0.044280774891376495,0.10279122740030289,0.8311688303947449,0.04404625669121742
diabetes,RandomForest,691,77,0.24448953263808018,0.3978264376611301,0.04843073710799217,0.05337311699986458,0.8311688303947449,0.045379772782325745
diabetes,XGBoost,691,77,0.2614085723437244,0.4046510739314081,0.041049495339393616,0.12016131728887558,0.8051947951316833,0.044551678001880646
dresses-sales,CatBoost,450,50,0.47913852713031213,0.6721351592828252,0.08804711699485779,0.0295823086053133,0.6000000238418579,0.03460057079792023
dresses-sales,ExtraTrees,450,50,0.4858295099732411,0.6789059462819117,0.15640658140182495,0.012004508636891842,0.5799999833106995,0.03402136266231537
dresses-sales,LightGBM,450,50,0.4820709212481117,0.6752239119928078,0.06061123311519623,0.04974854364991188,0.5600000023841858,0.034730881452560425
dresses-sales,LinearModel,450,50,0.46789005964201924,0.660650417344582,0.09239614009857178,0.07151859253644943,0.6000000238418579,0.03465193510055542
dresses-sales,NeuralNetFastAI,450,50,0.5157523359406688,0.7188273071985145,0.13684257864952087,0.13795903325080872,0.6200000047683716,0.03481612727046013
dresses-sales,NeuralNetTorch,450,50,0.4783102803985747,0.6729528238060764,0.09885106235742569,0.0738801434636116,0.6200000047683716,0.0352800190448761
dresses-sales,RandomForest,450,50,0.4951244629086783,0.688760392848955,0.11955919861793518,0.0857694000005722,0.5799999833106995,0.033354658633470535
dresses-sales,XGBoost,450,50,0.4906653515448196,0.6853384012881449,0.10306009650230408,0.09022363275289536,0.6200000047683716,0.03543103486299515
eeg-eye-state,CatBoost,13482,1498,0.0626154935438672,0.11687971530025312,0.00901417899876833,0.010652083903551102,0.9592790603637695,0.5370376147329807
eeg-eye-state,ExtraTrees,13482,1498,0.08192599150682309,0.13675273791867654,0.014092551544308662,0.01327755581587553,0.9412550330162048,0.6735132187604904
eeg-eye-state,LightGBM,13482,1498,0.06923555889577501,0.12567574789508174,0.010434265248477459,0.014724687673151493,0.9559412598609924,0.5270374603569508
eeg-eye-state,LinearModel,13482,1498,0.44757976073028344,0.6366059219598457,0.02254404127597809,0.025890078395605087,0.6321762204170227,0.687819130718708
eeg-eye-state,NeuralNetFastAI,13482,1498,0.2534246801677159,0.39951627203156087,0.04766690358519554,0.07592012733221054,0.821094810962677,0.7093172967433929
eeg-eye-state,NeuralNetTorch,13482,1498,0.026902790814856775,0.05436237985108989,0.003674795152619481,0.00961160846054554,0.9833110570907593,0.4686882570385933
eeg-eye-state,RandomForest,13482,1498,0.09563417004985586,0.16083263692244368,0.011090729385614395,0.011006541550159454,0.9345794320106506,0.6779692880809307
eeg-eye-state,XGBoost,13482,1498,0.07164988329618949,0.12903871656589333,0.009206311777234077,0.009147685021162033,0.9532710313796997,0.5358572751283646
electricity,CatBoost,40780,4532,0.0812088724077656,0.14428398520229024,0.004674285650253296,0.012014489620923996,0.9472638964653015,2.006499946117401
electricity,ExtraTrees,40780,4532,0.13709676408750318,0.22772936108875286,0.005677827633917332,0.007988774217665195,0.9040158987045288,2.469284988939762
electricity,LightGBM,40780,4532,0.08183173059815481,0.1445200409820086,0.006189554929733276,0.015065559186041355,0.947925865650177,2.033730935305357
electricity,LinearModel,40780,4532,0.32982088264897846,0.496102662829639,0.008717935532331467,0.01640957035124302,0.7557370066642761,2.6170369684696198
electricity,NeuralNetFastAI,40780,4532,0.21940779789980078,0.3460268683161963,0.009566569700837135,0.014303812757134438,0.8448808193206787,2.490875579416752
electricity,NeuralNetTorch,40780,4532,0.1849254702758528,0.29940242441159065,0.014471545815467834,0.023392215371131897,0.8720211982727051,2.336746644228697
electricity,RandomForest,40780,4532,0.10533761381063017,0.17996228968374275,0.004211852326989174,0.010103960521519184,0.9298322796821594,2.345577970147133
electricity,XGBoost,40780,4532,0.07989226986984756,0.14137715931681782,0.005427878350019455,0.01464300137013197,0.9463812708854675,2.005292136222124
fri_c0_1000_5,CatBoost,900,100,0.11980289537553107,0.18162226609035736,0.05105189234018326,0.06512080132961273,0.9100000262260437,0.0524514839053154
fri_c0_1000_5,ExtraTrees,900,100,0.15594856641093965,0.23036175042109022,0.05568350851535797,0.06030974164605141,0.8899999856948853,0.054148972034454346
fri_c0_1000_5,LightGBM,900,100,0.11738640278104372,0.1824472535931416,0.03967008739709854,0.05090771242976189,0.8899999856948853,0.05179600045084953
fri_c0_1000_5,LinearModel,900,100,0.2190814296273573,0.36968577424786325,0.07519260048866272,0.09283436834812164,0.8399999737739563,0.052904944866895676
fri_c0_1000_5,NeuralNetFastAI,900,100,0.0965650805003461,0.15791580591896895,0.036092136055231094,0.06484507024288177,0.9399999976158142,0.05123252049088478
fri_c0_1000_5,NeuralNetTorch,900,100,0.10974598312723152,0.1666433528771347,0.03672372177243233,0.040987513959407806,0.9100000262260437,0.05159657821059227
fri_c0_1000_5,RandomForest,900,100,0.1313035848888322,0.22521988286718653,0.050275057554244995,0.0644458457827568,0.9300000071525574,0.05421935021877289
fri_c0_1000_5,XGBoost,900,100,0.13116807124481394,0.20511036456301976,0.04207226261496544,0.05123862624168396,0.8899999856948853,0.05105563625693321
fri_c0_500_5,CatBoost,450,50,0.17959107973290564,0.3092285603850088,0.0675981268286705,0.06515523791313171,0.800000011920929,0.03376287966966629
fri_c0_500_5,ExtraTrees,450,50,0.2561844236768128,0.49206221272189327,0.0886513963341713,0.112529456615448,0.8399999737739563,0.034993357956409454
fri_c0_500_5,LightGBM,450,50,0.20668908626508523,0.38182501485405823,0.06867924332618713,0.09341701120138168,0.8600000143051147,0.03470208868384361
fri_c0_500_5,LinearModel,450,50,0.3376119791521823,0.5669663349616714,0.06480962038040161,0.10659001767635345,0.7799999713897705,0.034642234444618225
fri_c0_500_5,NeuralNetFastAI,450,50,0.1988544075487536,0.3263702943584568,0.07184267044067383,0.10367782413959503,0.8399999737739563,0.034513406455516815
fri_c0_500_5,NeuralNetTorch,450,50,0.19335007218696135,0.33885238637004766,0.06456203013658524,0.0910734161734581,0.8600000143051147,0.03451163321733475
fri_c0_500_5,RandomForest,450,50,0.2698946678483436,0.571430557956295,0.08804039657115936,0.11183241754770279,0.7799999713897705,0.03594253212213516
fri_c0_500_5,XGBoost,450,50,0.2279004262728168,0.35928437049468476,0.0780307799577713,0.08897809684276581,0.7799999713897705,0.0341438427567482
fri_c1_1000_50,CatBoost,900,100,0.12600372691744183,0.20698054711875966,0.01918560266494751,0.02210678532719612,0.8999999761581421,0.049919310957193375
fri_c1_1000_50,ExtraTrees,900,100,0.11232304814730197,0.2491185482109508,0.026126572862267494,0.02270238846540451,0.9300000071525574,0.051587626338005066
fri_c1_1000_50,LightGBM,900,100,0.14794274045804878,0.2339875085048058,0.033286601305007935,0.07047872245311737,0.8700000047683716,0.051970016211271286
fri_c1_1000_50,LinearModel,900,100,0.4151729332533832,0.6033061913370588,0.0532165989279747,0.083340585231781,0.6700000166893005,0.05393046513199806
fri_c1_1000_50,NeuralNetFastAI,900,100,0.15100884899753272,0.2699208106093782,0.05077262967824936,0.0986001119017601,0.8899999856948853,0.05364447087049484
fri_c1_1000_50,NeuralNetTorch,900,100,0.2556902284305059,0.4098325576805607,0.0636199414730072,0.067289799451828,0.8399999737739563,0.05445537716150284
fri_c1_1000_50,RandomForest,900,100,0.15035204735291174,0.2609163124253609,0.024711735546588898,0.03883727267384529,0.9100000262260437,0.0536947026848793
fri_c1_1000_50,XGBoost,900,100,0.12447573555049822,0.20957341444487199,0.031269464641809464,0.08250526338815689,0.8999999761581421,0.05149509757757187
fri_c2_1000_25,CatBoost,900,100,0.12972093943903762,0.21854791932944942,0.04042503610253334,0.05658167600631714,0.9100000262260437,0.05227694660425186
fri_c2_1000_25,ExtraTrees,900,100,0.14632440321680654,0.28889602356871813,0.021121103316545486,0.06018701568245888,0.8799999952316284,0.052210733294487
fri_c2_1000_25,LightGBM,900,100,0.15795695546635083,0.27595597546366163,0.04235207661986351,0.03928074985742569,0.8899999856948853,0.05045301094651222
fri_c2_1000_25,LinearModel,900,100,0.3660471837207301,0.5434437422670306,0.06157686561346054,0.08307484537363052,0.7300000190734863,0.055821459740400314
fri_c2_1000_25,NeuralNetFastAI,900,100,0.11919663649429961,0.21000821277161383,0.027055000886321068,0.04607105627655983,0.9300000071525574,0.052680741995573044
fri_c2_1000_25,NeuralNetTorch,900,100,0.14844169394352752,0.26891973540600467,0.02532677911221981,0.0450410433113575,0.8899999856948853,0.051200151443481445
fri_c2_1000_25,RandomForest,900,100,0.16143021765691265,0.28880415970669066,0.02938590571284294,0.0424182191491127,0.8899999856948853,0.054329223930835724
fri_c2_1000_25,XGBoost,900,100,0.13649556914609348,0.23726015920384985,0.03718966245651245,0.054434310644865036,0.8899999856948853,0.051959771662950516
fri_c2_500_50,CatBoost,450,50,0.21201134218412132,0.3408486081472817,0.05352848768234253,0.08743409812450409,0.8399999737739563,0.0341663658618927
fri_c2_500_50,ExtraTrees,450,50,0.23999435865727337,0.34689867021573606,0.0658302903175354,0.12968161702156067,0.8199999928474426,0.034711066633462906
fri_c2_500_50,LightGBM,450,50,0.19182432488378592,0.34599030716564755,0.05886726453900337,0.06110356003046036,0.8799999952316284,0.03386832773685455
fri_c2_500_50,LinearModel,450,50,0.4536746585406627,0.6496401383739577,0.10643871128559113,0.15177646279335022,0.6000000238418579,0.035212352871894836
fri_c2_500_50,NeuralNetFastAI,450,50,0.19942982600715894,0.35516582142086867,0.05370020121335983,0.127510204911232,0.9200000166893005,0.03437081724405289
fri_c2_500_50,NeuralNetTorch,450,50,0.25203879205198737,0.4058019204806618,0.0455828495323658,0.042677223682403564,0.800000011920929,0.033892013132572174
fri_c2_500_50,RandomForest,450,50,0.23678705775525621,0.36063481072449755,0.04599929228425026,0.05813438072800636,0.8199999928474426,0.03513125330209732
fri_c2_500_50,XGBoost,450,50,0.2666299491994732,0.4407872246335234,0.06459638476371765,0.09108320623636246,0.8399999737739563,0.03275757282972336
fri_c3_1000_10,CatBoost,900,100,0.10664293941911175,0.20282478331103904,0.03566655516624451,0.049118950963020325,0.9399999976158142,0.05189746990799904
fri_c3_1000_10,ExtraTrees,900,100,0.0894676742990029,0.1707455502509137,0.023286521434783936,0.026291681453585625,0.949999988079071,0.05518272891640663
fri_c3_1000_10,LightGBM,900,100,0.11588187864061616,0.19624847442242505,0.022971108555793762,0.03675525635480881,0.9200000166893005,0.05247824266552925
fri_c3_1000_10,LinearModel,900,100,0.3959882998492691,0.5770268621047555,0.06315992772579193,0.06625727564096451,0.7200000286102295,0.05464047193527222
fri_c3_1000_10,NeuralNetFastAI,900,100,0.10440648909907083,0.17748888201764745,0.02619372121989727,0.04403464123606682,0.9200000166893005,0.050912968814373016
fri_c3_1000_10,NeuralNetTorch,900,100,0.09079470343068471,0.1624526252059686,0.031176067888736725,0.03493573144078255,0.949999988079071,0.05088505521416664
fri_c3_1000_10,RandomForest,900,100,0.11506553756662917,0.21175897155317103,0.02953653410077095,0.08151882141828537,0.9399999976158142,0.05429888144135475
fri_c3_1000_10,XGBoost,900,100,0.10996572764475858,0.20805991932929246,0.038403235375881195,0.054755520075559616,0.9399999976158142,0.05074167624115944
fri_c3_1000_25,CatBoost,900,100,0.12507862807557502,0.1996495955063115,0.034528691321611404,0.07457824796438217,0.8999999761581421,0.051087744534015656
fri_c3_1000_25,ExtraTrees,900,100,0.10425837479672072,0.16074750472058,0.01663205772638321,0.04781622812151909,0.9200000166893005,0.054823361337184906
fri_c3_1000_25,LightGBM,900,100,0.08074041891198852,0.13260970726320054,0.01740437000989914,0.0664152130484581,0.949999988079071,0.05024276301264763
fri_c3_1000_25,LinearModel,900,100,0.44528268660693754,0.6355501627933416,0.05475630611181259,0.05147155746817589,0.6499999761581421,0.05305357277393341
fri_c3_1000_25,NeuralNetFastAI,900,100,0.0833008182814263,0.13783848095584691,0.030287547037005424,0.02672760747373104,0.9300000071525574,0.05306519195437431
fri_c3_1000_25,NeuralNetTorch,900,100,0.08723043478155738,0.15975439851742432,0.03244585916399956,0.04988522827625275,0.9399999976158142,0.05288805812597275
fri_c3_1000_25,RandomForest,900,100,0.1400207911891425,0.21210476161653688,0.02948468178510666,0.04405418038368225,0.8899999856948853,0.05415458232164383
fri_c3_1000_25,XGBoost,900,100,0.09979989917170767,0.177210011580936,0.022667257115244865,0.06560797244310379,0.9300000071525574,0.05279975011944771
fri_c3_500_10,CatBoost,450,50,0.20950739468462992,0.3627792245935065,0.07873181998729706,0.08809256553649902,0.8600000143051147,0.033414918929338455
fri_c3_500_10,ExtraTrees,450,50,0.2631270454979881,0.49153075699843585,0.06864107400178909,0.08899525552988052,0.8399999737739563,0.03507241979241371
fri_c3_500_10,LightGBM,450,50,0.29576979626796424,0.4907358984048898,0.09518080204725266,0.15007157623767853,0.800000011920929,0.03258461877703667
fri_c3_500_10,LinearModel,450,50,0.41432469199710026,0.5981112024036923,0.07843513786792755,0.18106701970100403,0.6200000047683716,0.0362657830119133
fri_c3_500_10,NeuralNetFastAI,450,50,0.23051685857284013,0.4233141218208103,0.05710268020629883,0.10541073232889175,0.8399999737739563,0.03490452840924263
fri_c3_500_10,NeuralNetTorch,450,50,0.17705599636552427,0.34054891446185975,0.03936566784977913,0.05916667729616165,0.8999999761581421,0.03394624963402748
fri_c3_500_10,RandomForest,450,50,0.20651390484661492,0.33033574050407016,0.07367713749408722,0.09740271419286728,0.8399999737739563,0.03551679849624634
fri_c3_500_10,XGBoost,450,50,0.20235916717967897,0.3384328522060155,0.07547707110643387,0.06976554542779922,0.8600000143051147,0.034150443971157074
fri_c3_500_50,CatBoost,450,50,0.20665718146932044,0.3500250035665208,0.06491708755493164,0.14317308366298676,0.800000011920929,0.03438849747180939
fri_c3_500_50,ExtraTrees,450,50,0.2681773589441893,0.4050810842057523,0.08902142196893692,0.11665500700473785,0.8199999928474426,0.036155816167593
fri_c3_500_50,LightGBM,450,50,0.17941001701841153,0.2902915735859355,0.024624526500701904,0.03207636624574661,0.8600000143051147,0.03605412319302559
fri_c3_500_50,LinearModel,450,50,0.44835308745671343,0.6378888151100554,0.09758806228637695,0.11536011099815369,0.5600000023841858,0.03467936813831329
fri_c3_500_50,NeuralNetFastAI,450,50,0.43365137594944436,0.6174617818532472,0.08375191688537598,0.10481852293014526,0.6399999856948853,0.03677606210112572
fri_c3_500_50,NeuralNetTorch,450,50,0.41195443162814255,0.5994515586726622,0.10270634293556213,0.07458187639713287,0.6800000071525574,0.03363141417503357
fri_c3_500_50,RandomForest,450,50,0.19962726321047597,0.3128790897470857,0.04346580430865288,0.018734652549028397,0.8600000143051147,0.03542289882898331
fri_c3_500_50,XGBoost,450,50,0.1816306115520475,0.2944962625973697,0.0414481982588768,0.04219409450888634,0.8799999952316284,0.03388598933815956
fri_c4_500_100,CatBoost,450,50,0.16704435734100978,0.24919273757919239,0.0487455390393734,0.10705418139696121,0.8399999737739563,0.03440644592046738
fri_c4_500_100,ExtraTrees,450,50,0.19555210274322413,0.27977865125475515,0.06985270231962204,0.0989106073975563,0.8399999737739563,0.035831183195114136
fri_c4_500_100,LightGBM,450,50,0.171497195908541,0.27462971987679763,0.04571494460105896,0.11110066622495651,0.8399999737739563,0.03522190451622009
fri_c4_500_100,LinearModel,450,50,0.4777512215061943,0.670585595158803,0.09026103466749191,0.03167750686407089,0.6000000238418579,0.03527786582708359
fri_c4_500_100,NeuralNetFastAI,450,50,0.4522313823033484,0.6442024754956276,0.09636780619621277,0.045379433780908585,0.6399999856948853,0.034967925399541855
fri_c4_500_100,NeuralNetTorch,450,50,0.4184154732420622,0.6091717032502868,0.09648169577121735,0.07139140367507935,0.7200000286102295,0.03406804800033569
fri_c4_500_100,RandomForest,450,50,0.17459691469021404,0.2714014332858708,0.0550227165222168,0.06188736483454704,0.8799999952316284,0.034935496747493744
fri_c4_500_100,XGBoost,450,50,0.15026399517415787,0.2319219647271157,0.06011962890625,0.08114790171384811,0.8399999737739563,0.03410620987415314
fried,CatBoost,36691,4077,0.09267495129539306,0.1485521227820845,0.0062609147280454636,0.007951872423291206,0.932548463344574,1.877922847867012
fried,ExtraTrees,36691,4077,0.11448079339727579,0.1805879975880078,0.009353654459118843,0.015302686020731926,0.9185675978660583,2.0879962742328644
fried,LightGBM,36691,4077,0.09377210420082617,0.15100812602515742,0.00609612138941884,0.012964918278157711,0.9310767650604248,1.8337397538125515
fried,LinearModel,36691,4077,0.2327728973420532,0.368365770256034,0.01146110612899065,0.01452916394919157,0.836154043674469,2.223495576530695
fried,NeuralNetFastAI,36691,4077,0.09106194169567647,0.14466312706236067,0.005900849122554064,0.012532249093055725,0.9347559213638306,1.8293797113001347
fried,NeuralNetTorch,36691,4077,0.0903656068230715,0.14447465829530742,0.006123828236013651,0.012284829281270504,0.935982346534729,1.8528552688658237
fried,RandomForest,36691,4077,0.11592881006176724,0.18364122739399705,0.009071268141269684,0.014347301796078682,0.9151336550712585,2.07113216817379
fried,XGBoost,36691,4077,0.0948681248798318,0.15371571265435582,0.007172626908868551,0.010966516099870205,0.9345106482505798,1.8498178198933601
gina,CatBoost,2837,316,0.06346218100030233,0.11377670414015809,0.013055318035185337,0.020914675667881966,0.9556962251663208,0.11619234830141068
gina,ExtraTrees,2837,316,0.09519450379420577,0.16433195290660693,0.014115599915385246,0.026927432045340538,0.9430379867553711,0.13261592015624046
gina,LightGBM,2837,316,0.07156865217197572,0.14020156238956888,0.012830954045057297,0.022180773317813873,0.949367105960846,0.11531307175755501
gina,LinearModel,2837,316,0.2306102032957882,0.38571257765324374,0.056547533720731735,0.06266061216592789,0.8386076092720032,0.11883774399757385
gina,NeuralNetFastAI,2837,316,0.060665199787512745,0.12229893343954631,0.03052900731563568,0.04132337123155594,0.9588607549667358,0.10843892768025398
gina,NeuralNetTorch,2837,316,0.06618553731254145,0.12374547820733131,0.014887053519487381,0.04238663986325264,0.952531635761261,0.10916613787412643
gina,RandomForest,2837,316,0.09431112699256411,0.1581823033541209,0.010694438591599464,0.016562970355153084,0.9398733973503113,0.13210557773709297
gina,XGBoost,2837,316,0.07230926643690382,0.1371181012214275,0.011186089366674423,0.027258265763521194,0.9588607549667358,0.11717534065246582
hill-valley,CatBoost,1090,122,0.4842507885779713,0.6772881776462519,0.05897161364555359,0.012588215060532093,0.5819672346115112,0.05923561379313469
hill-valley,ExtraTrees,1090,122,0.48666725973393926,0.6797560910743498,0.0885351300239563,0.006585902068763971,0.5819672346115112,0.06040172651410103
hill-valley,LightGBM,1090,122,0.46193411372007415,0.652818909062208,0.06358697265386581,0.042882125824689865,0.5573770403862,0.06158378720283508
hill-valley,LinearModel,1090,122,0.15989079910473203,0.2667005124056784,0.05040312930941582,0.05084605887532234,0.8852459192276001,0.06054219603538513
hill-valley,NeuralNetFastAI,1090,122,0.2371519090972755,0.3707507880686691,0.09375660121440887,0.15319232642650604,0.9098360538482666,0.06146538257598877
hill-valley,NeuralNetTorch,1090,122,0.13690031573657307,0.22058493051152947,0.050495341420173645,0.058594174683094025,0.9098360538482666,0.060136578977108
hill-valley,RandomForest,1090,122,0.4712208265415776,0.6640882917379799,0.0668163150548935,0.06909400224685669,0.631147563457489,0.060777463018894196
hill-valley,XGBoost,1090,122,0.480713309817881,0.673731817307517,0.108706995844841,0.011668698862195015,0.5983606576919556,0.05989329516887665
hiva_agnostic,CatBoost,3806,423,0.06299913537179212,0.1379355334288203,0.025420188903808594,0.011635535396635532,0.9669030904769897,0.13622299954295158
hiva_agnostic,ExtraTrees,3806,423,0.07262461834341162,0.15517679679903346,0.02141362801194191,0.02236737310886383,0.957446813583374,0.14438775554299355
hiva_agnostic,LightGBM,3806,423,0.0662825842323639,0.14391257288866027,0.025482458993792534,0.01940762624144554,0.9598108530044556,0.13848737254738808
hiva_agnostic,LinearModel,3806,423,0.0619362652491028,0.13468346413616203,0.023101048544049263,0.007119974587112665,0.9645389914512634,0.13447066023945808
hiva_agnostic,NeuralNetFastAI,3806,423,0.06355289670119654,0.14076359683004133,0.020883457735180855,0.022166742011904716,0.9669030904769897,0.13655846565961838
hiva_agnostic,NeuralNetTorch,3806,423,0.06228563358018807,0.13837197679298868,0.023203045129776,0.012570315040647984,0.9669030904769897,0.13446485623717308
hiva_agnostic,RandomForest,3806,423,0.07572217985261136,0.1692901405672938,0.022293251007795334,0.02337278239428997,0.9550827145576477,0.1370328776538372
hiva_agnostic,XGBoost,3806,423,0.06230670858302189,0.13962504885473864,0.025488628074526787,0.01960820145905018,0.9645389914512634,0.1355094201862812
houses,CatBoost,18576,2064,0.017075336754617542,0.03012101197855745,0.004274479579180479,0.008881972171366215,0.9898256063461304,0.6597580164670944
houses,ExtraTrees,18576,2064,0.015801589603340372,0.02820300068878107,0.003704055678099394,0.004833900835365057,0.9898256063461304,0.6394416615366936
houses,LightGBM,18576,2064,0.01907177330316239,0.03568129001332432,0.005352997686713934,0.006307303439825773,0.9864341020584106,0.6628170758485794
houses,LinearModel,18576,2064,0.04280144937995184,0.07440430789328654,0.005052307620644569,0.009952370077371597,0.9699612259864807,0.7728116363286972
houses,NeuralNetFastAI,18576,2064,0.018910788794531695,0.03211836663579749,0.004620766267180443,0.006264896597713232,0.9869186282157898,0.6828292682766914
houses,NeuralNetTorch,18576,2064,0.0189572005359239,0.033890638706344754,0.004289085511118174,0.0053143794648349285,0.9864341020584106,0.7158766724169254
houses,RandomForest,18576,2064,0.018789096621382416,0.03305402149519366,0.003960443194955587,0.0055429935455322266,0.9878876209259033,0.690932136029005
houses,XGBoost,18576,2064,0.018709608336428384,0.032827984863596754,0.004151182249188423,0.008055637590587139,0.9864341020584106,0.6626916937530041
ilpd,CatBoost,524,59,0.3661899262224717,0.5340355099315442,0.04615839943289757,0.04970140755176544,0.7118644118309021,0.038317497819662094
ilpd,ExtraTrees,524,59,0.3508089926594799,0.5186322727117839,0.05775158107280731,0.02402688004076481,0.7288135886192322,0.03855794668197632
ilpd,LightGBM,524,59,0.3919572981113324,0.5696368407154223,0.07533089816570282,0.13648974895477295,0.7288135886192322,0.03805402293801308
ilpd,LinearModel,524,59,0.37660937547587353,0.540221470381569,0.07419911026954651,0.14426878094673157,0.6610169410705566,0.03845356032252312
ilpd,NeuralNetFastAI,524,59,0.347426776025293,0.4936396604657724,0.06996116042137146,0.11186666786670685,0.6779661178588867,0.03687335178256035
ilpd,NeuralNetTorch,524,59,0.4061602519810795,0.5858566896809467,0.1053481251001358,0.13515673577785492,0.6101694703102112,0.038683053106069565
ilpd,RandomForest,524,59,0.3892560300386679,0.5778531908471733,0.04734300449490547,0.05965656787157059,0.7118644118309021,0.0375111922621727
ilpd,XGBoost,524,59,0.37528294411034985,0.5316156696268909,0.07597319781780243,0.1098247542977333,0.694915235042572,0.03822264075279236
jasmine,CatBoost,2685,299,0.2654756708686035,0.41383944802748013,0.029602913185954094,0.037157781422138214,0.8060200810432434,0.1254948377609253
jasmine,ExtraTrees,2685,299,0.2817311847162878,0.42654864605316717,0.02070176601409912,0.028293360024690628,0.7993311285972595,0.12687934562563896
jasmine,LightGBM,2685,299,0.2666557302986246,0.417493197728091,0.02670431137084961,0.04779919609427452,0.8193979859352112,0.1262201927602291
jasmine,LinearModel,2685,299,0.28820624789782934,0.44338912964322785,0.02328992635011673,0.022972235456109047,0.7993311285972595,0.12666428089141846
jasmine,NeuralNetFastAI,2685,299,0.28473454547819205,0.4341506222156145,0.026692049577832222,0.05097610503435135,0.8093645572662354,0.12614605948328972
jasmine,NeuralNetTorch,2685,299,0.2843335437125177,0.4363112588771237,0.036215703934431076,0.061874862760305405,0.7993311285972595,0.12557624652981758
jasmine,RandomForest,2685,299,0.2717310761280287,0.4170834032426039,0.03745739161968231,0.04454897716641426,0.7959865927696228,0.12671701610088348
jasmine,XGBoost,2685,299,0.2613577030486138,0.4089418917008695,0.02923828363418579,0.03690525144338608,0.8260869383811951,0.12569588795304298
jm1,CatBoost,9796,1089,0.2656879493740539,0.42046430185556133,0.0358545258641243,0.022767798975110054,0.8163452744483948,0.4442617818713188
jm1,ExtraTrees,9796,1089,0.2694272362850102,0.42559267074682305,0.016887277364730835,0.018636498600244522,0.8172635436058044,0.44693785160779953
jm1,LightGBM,9796,1089,0.2644523716466989,0.42009189302982625,0.014190982095897198,0.025624312460422516,0.8246097564697266,0.4406784325838089
jm1,LinearModel,9796,1089,0.2820170786064186,0.4469543955604841,0.019831420853734016,0.019834471866488457,0.8154270052909851,0.4421658106148243
jm1,NeuralNetFastAI,9796,1089,0.27222470048048303,0.4337218246073098,0.030423596501350403,0.03660054877400398,0.8236914873123169,0.4432467743754387
jm1,NeuralNetTorch,9796,1089,0.27750892524842763,0.4400181500656593,0.020055314525961876,0.028567692264914513,0.8145087361335754,0.44495031610131264
jm1,RandomForest,9796,1089,0.26244471786556406,0.41688466947509656,0.014411385171115398,0.027953514829277992,0.8209366202354431,0.45452647283673286
jm1,XGBoost,9796,1089,0.2656156435238461,0.4203473044143295,0.013569535687565804,0.023799585178494453,0.8181818127632141,0.44661127775907516
kc1,CatBoost,1898,211,0.19111048543256973,0.3180297041358676,0.03036033734679222,0.03747451677918434,0.8672986030578613,0.08903172239661217
kc1,ExtraTrees,1898,211,0.19318326273273886,0.32572679979408253,0.03104427084326744,0.03162546455860138,0.8720378875732422,0.09013739973306656
kc1,LightGBM,1898,211,0.1998462691184571,0.3337589411337631,0.02284516766667366,0.019334997981786728,0.8767772316932678,0.0897829681634903
kc1,LinearModel,1898,211,0.2148501417713108,0.35629787843711364,0.03219062089920044,0.07058508694171906,0.8625592589378357,0.08964014425873756
kc1,NeuralNetFastAI,1898,211,0.20108120414971783,0.33364341174605094,0.03868566080927849,0.07596044987440109,0.8625592589378357,0.08938993513584137
kc1,NeuralNetTorch,1898,211,0.21531296675509762,0.3511410873903922,0.03223182260990143,0.02451239340007305,0.8483412265777588,0.08975797519087791
kc1,RandomForest,1898,211,0.18588601429169085,0.3120320124371417,0.03600940853357315,0.03461213409900665,0.8862559199333191,0.09077117964625359
kc1,XGBoost,1898,211,0.19825833744894586,0.33134638156054996,0.02206820249557495,0.01843341812491417,0.8767772316932678,0.08986590802669525
kc2,CatBoost,469,53,0.26707168236001305,0.40285851879107715,0.08186325430870056,0.1388334482908249,0.7735849022865295,0.03424138203263283
kc2,ExtraTrees,469,53,0.2677907769304048,0.39621003864494986,0.06601443886756897,0.11243104189634323,0.7735849022865295,0.03428985923528671
kc2,LightGBM,469,53,0.19660085523896417,0.3065542865432563,0.06409770250320435,0.09590505808591843,0.8301886916160583,0.03473636507987976
kc2,LinearModel,469,53,0.2716239644958781,0.41690627840111205,0.06664232909679413,0.0881798192858696,0.7735849022865295,0.034178346395492554
kc2,NeuralNetFastAI,469,53,0.23727507214286517,0.3741246639836464,0.05170731991529465,0.04113189876079559,0.7924528121948242,0.03544357419013977
kc2,NeuralNetTorch,469,53,0.2827024407185767,0.4471867921788819,0.06919930875301361,0.06921909004449844,0.7735849022865295,0.03424215316772461
kc2,RandomForest,469,53,0.26649610156527104,0.4240270685706509,0.07794345170259476,0.030298298224806786,0.8113207817077637,0.035609763115644455
kc2,XGBoost,469,53,0.24586769091180746,0.3914713932017498,0.08754218369722366,0.059934504330158234,0.7924528121948242,0.03525209054350853
kdd_el_nino-small,CatBoost,703,79,0.12385232147203153,0.2217128505939387,0.05111335963010788,0.060140617191791534,0.9113923907279968,0.04167799651622772
kdd_el_nino-small,ExtraTrees,703,79,0.09869687598934239,0.18604131071920169,0.028802059590816498,0.04852798581123352,0.9367088675498962,0.043273624032735825
kdd_el_nino-small,LightGBM,703,79,0.10922736280577525,0.1902921341026961,0.03881857171654701,0.05319579690694809,0.9240506291389465,0.04171553626656532
kdd_el_nino-small,LinearModel,703,79,0.10634543193813975,0.18397132288756682,0.035151705145835876,0.06948013603687286,0.9113923907279968,0.04182570427656174
kdd_el_nino-small,NeuralNetFastAI,703,79,0.1039995616780402,0.22305321776053608,0.02395910583436489,0.05341717228293419,0.949367105960846,0.04056395962834358
kdd_el_nino-small,NeuralNetTorch,703,79,0.13885043611481146,0.2620426163915194,0.04251602664589882,0.08757001161575317,0.8860759735107422,0.04173018038272858
kdd_el_nino-small,RandomForest,703,79,0.10073156222130188,0.1481693180919814,0.029364053159952164,0.052518513053655624,0.9367088675498962,0.04297001287341118
kdd_el_nino-small,XGBoost,703,79,0.11698298879120854,0.21964172398122672,0.03690633550286293,0.053784649819135666,0.9367088675498962,0.041676949709653854
kdd_internet_usage,CatBoost,9097,1011,0.15067093039788315,0.23627904988065243,0.010148979723453522,0.023561231791973114,0.8892185688018799,0.381597675383091
kdd_internet_usage,ExtraTrees,9097,1011,0.1617376580970278,0.25633414929970655,0.015776198357343674,0.02414369210600853,0.888229489326477,0.40158211812376976
kdd_internet_usage,LightGBM,9097,1011,0.15109649724913476,0.24180728160339213,0.013011552393436432,0.020120935514569283,0.8941642045974731,0.38358408957719803
kdd_internet_usage,LinearModel,9097,1011,0.17001409151717212,0.27867746759984396,0.010330848395824432,0.027945557609200478,0.8753709197044373,0.3882278762757778
kdd_internet_usage,NeuralNetFastAI,9097,1011,0.15237654581077256,0.23990447602807777,0.013540836982429028,0.020887505263090134,0.8911968469619751,0.3715861737728119
kdd_internet_usage,NeuralNetTorch,9097,1011,0.15216977801612408,0.23834940867703433,0.015178751200437546,0.025358838960528374,0.8892185688018799,0.3868546187877655
kdd_internet_usage,RandomForest,9097,1011,0.1611157385826355,0.24980073222372587,0.01567753404378891,0.022143255919218063,0.8862512111663818,0.39918798580765724
kdd_internet_usage,XGBoost,9097,1011,0.1500789617442805,0.23934020758273802,0.011345784179866314,0.017691386863589287,0.8981207013130188,0.3758597634732723
kick,CatBoost,65684,7299,0.16159478408341263,0.28509431540604707,0.013125009834766388,0.004946012981235981,0.9038224220275879,4.02683712169528
kick,ExtraTrees,65684,7299,0.16903031134998228,0.29755057707726457,0.016008682548999786,0.00791647844016552,0.899301290512085,4.070971176028252
kick,LightGBM,65684,7299,0.16457066078689347,0.29066406751305557,0.012147278524935246,0.005612442269921303,0.9021784067153931,4.063202992081642
kick,LinearModel,65684,7299,0.17125622679124078,0.30265032372386835,0.011467091739177704,0.00531549658626318,0.8980682492256165,4.097591549158096
kick,NeuralNetFastAI,65684,7299,0.1640196182844513,0.2896159111846559,0.007732203230261803,0.011071574874222279,0.9023153781890869,4.04532715678215
kick,NeuralNetTorch,65684,7299,0.16408698751462847,0.289885788197818,0.005106075666844845,0.008956565521657467,0.9025893807411194,4.025340609252453
kick,RandomForest,65684,7299,0.1667872506972116,0.29342035674982925,0.005913464352488518,0.011593998409807682,0.9003973007202148,4.070029858499765
kick,XGBoost,65684,7299,0.16201867420105995,0.28649430114702873,0.005255289375782013,0.006107996683567762,0.9038224220275879,4.046687815338373
kin8nm,CatBoost,7372,820,0.14719329613111673,0.2400626336474689,0.01881679892539978,0.0418558195233345,0.8939024209976196,0.3096304163336754
kin8nm,ExtraTrees,7372,820,0.21814537548817098,0.3432409838933955,0.026424847543239594,0.04269596189260483,0.8500000238418579,0.3507821746170521
kin8nm,LightGBM,7372,820,0.1545950411438864,0.25383652064706086,0.018728643655776978,0.028318114578723907,0.8878048658370972,0.3178042583167553
kin8nm,LinearModel,7372,820,0.35756606681429964,0.5355613375860839,0.021593015640974045,0.028804220259189606,0.7329268455505371,0.35449671745300293
kin8nm,NeuralNetFastAI,7372,820,0.1279934131552193,0.21518393993693202,0.015551768243312836,0.028310446068644524,0.9048780202865601,0.3003191873431206
kin8nm,NeuralNetTorch,7372,820,0.12579796607384355,0.20365711682230722,0.013752929866313934,0.024182749912142754,0.9109756350517273,0.31366928666830063
kin8nm,RandomForest,7372,820,0.2151042488659131,0.34250053495361565,0.02063574269413948,0.03323300555348396,0.8487805128097534,0.3517879247665405
kin8nm,XGBoost,7372,820,0.18011258936434582,0.29171003697983117,0.02707417495548725,0.042029038071632385,0.8817073106765747,0.32215745002031326
madeline,CatBoost,2826,314,0.1907463925641873,0.3212627638610438,0.025808583945035934,0.031187307089567184,0.8694267272949219,0.13052186369895935
madeline,ExtraTrees,2826,314,0.22259928201440535,0.6276516393346689,0.023269951343536377,0.035704534500837326,0.8407643437385559,0.13311093673110008
madeline,LightGBM,2826,314,0.21527616760718918,0.3589166841625768,0.025509430095553398,0.026470771059393883,0.8566879034042358,0.1329939253628254
madeline,LinearModel,2826,314,0.4811663761477537,0.6740963466586076,0.04028569161891937,0.018061313778162003,0.5891719460487366,0.13600612059235573
madeline,NeuralNetFastAI,2826,314,0.39907880423113484,0.5859704349925133,0.0610194094479084,0.06416899710893631,0.7165604829788208,0.1359870694577694
madeline,NeuralNetTorch,2826,314,0.3525929910454141,0.5311614916604884,0.05155418813228607,0.07161198556423187,0.7484076619148254,0.13588818162679672
madeline,RandomForest,2826,314,0.23438191858572077,0.39769113713999843,0.024390356615185738,0.048240043222904205,0.8503184914588928,0.1337934322655201
madeline,XGBoost,2826,314,0.22017362336335433,0.36702069985061203,0.02686372399330139,0.043864209204912186,0.8662420511245728,0.1318238563835621
madelon,CatBoost,2340,260,0.189342022734574,0.32032128619728084,0.025671914219856262,0.042776815593242645,0.8615384697914124,0.11197172850370407
madelon,ExtraTrees,2340,260,0.21715547406024324,0.3579794973712356,0.036396484822034836,0.027846144512295723,0.8500000238418579,0.11184722185134888
madelon,LightGBM,2340,260,0.19013728598994112,0.3326438635615637,0.04311414808034897,0.09085847437381744,0.8884615302085876,0.11231383681297302
madelon,LinearModel,2340,260,0.48680997549677063,0.6799161410955682,0.03701649606227875,0.05858955904841423,0.5884615182876587,0.11643929034471512
madelon,NeuralNetFastAI,2340,260,0.3977826093402976,0.5846843635465716,0.07088826596736908,0.1042734757065773,0.7230769395828247,0.11579933390021324
madelon,NeuralNetTorch,2340,260,0.42207905183679983,0.61227363620337,0.06082116439938545,0.08126191794872284,0.6846153736114502,0.10695239156484604
madelon,RandomForest,2340,260,0.20881283093790373,0.34455519094335557,0.025372788310050964,0.035855863243341446,0.8653846383094788,0.11304986476898193
madelon,XGBoost,2340,260,0.19842350102707956,0.33525475856031206,0.02604922652244568,0.06489966064691544,0.8769230842590332,0.11417922005057335
mammography,CatBoost,10064,1119,0.022161764047198072,0.056356517370024346,0.005332390312105417,0.006196105852723122,0.9874888062477112,0.32250046730041504
mammography,ExtraTrees,10064,1119,0.026022859486498243,0.061288370517444436,0.007118972949683666,0.007923148572444916,0.9839141964912415,0.33939025178551674
mammography,LightGBM,10064,1119,0.023134384696631944,0.05400543365216834,0.00533592514693737,0.007499507162719965,0.9874888062477112,0.3231128193438053
mammography,LinearModel,10064,1119,0.032550698201147095,0.07375788957222158,0.006224499084055424,0.009751666337251663,0.9812332391738892,0.3361547477543354
mammography,NeuralNetFastAI,10064,1119,0.025480061026799207,0.057433187437289264,0.006005614995956421,0.007575070485472679,0.9839141964912415,0.3225386254489422
mammography,NeuralNetTorch,10064,1119,0.02560352776597164,0.0615607788808046,0.00711270235478878,0.006030678283423185,0.9848078489303589,0.32398559898138046
mammography,RandomForest,10064,1119,0.027620611698998092,0.06600631017241201,0.006178237032145262,0.008711889386177063,0.9857015013694763,0.34321411326527596
mammography,XGBoost,10064,1119,0.023388179983000364,0.053274312776175524,0.006834086496382952,0.007473753299564123,0.9883824586868286,0.32452185079455376
mc1,CatBoost,8519,947,0.01023516574887692,0.03667777838205183,0.0030410303734242916,0.001684698392637074,0.9947201609611511,0.26235169544816017
mc1,ExtraTrees,8519,947,0.008750839831779862,0.1111430084057131,0.002934844698756933,0.004025470931082964,0.9947201609611511,0.2772006243467331
mc1,LightGBM,8519,947,0.0070480856091690415,0.03449189048646826,0.002424266654998064,0.0032280907034873962,0.9968320727348328,0.25436555594205856
mc1,LinearModel,8519,947,0.010027828044717664,0.029860527034632066,0.004201219882816076,0.0013563822722062469,0.9947201609611511,0.267021831125021
mc1,NeuralNetFastAI,8519,947,0.011185615348598087,0.0457381829866489,0.0048253461718559265,0.003993050195276737,0.9947201609611511,0.26781465113162994
mc1,NeuralNetTorch,8519,947,0.011988444497456278,0.03319864129295242,0.004210155922919512,0.004544812720268965,0.9926082491874695,0.27016790956258774
mc1,RandomForest,8519,947,0.01033371865918645,0.030679780838086243,0.0022729297634214163,0.0017185620963573456,0.9947201609611511,0.27320635691285133
mc1,XGBoost,8519,947,0.009552917807793401,0.023459986049346664,0.0028687394224107265,0.004132742062211037,0.9947201609611511,0.2637587860226631
meta,CatBoost,475,53,0.07715645236728765,0.1343911588491662,0.04225583001971245,0.05274181440472603,0.9622641801834106,0.0340798981487751
meta,ExtraTrees,475,53,0.14002090345548626,0.22454717959458684,0.0439169779419899,0.10514938086271286,0.9056603908538818,0.035391174256801605
meta,LightGBM,475,53,0.10493645195742436,0.17762495948239265,0.05446862429380417,0.09534107893705368,0.9433962106704712,0.034628331661224365
meta,LinearModel,475,53,0.1115785133763967,0.18107770745473198,0.060717254877090454,0.08562284708023071,0.9056603908538818,0.03502592071890831
meta,NeuralNetFastAI,475,53,0.10622940391102768,0.17588445560495286,0.0675414651632309,0.08029516041278839,0.9056603908538818,0.03464720770716667
meta,NeuralNetTorch,475,53,0.08267245145295439,0.13866545941420574,0.04454236477613449,0.06450632214546204,0.9622641801834106,0.03479614853858948
meta,RandomForest,475,53,0.12806148376239707,0.2096124117688588,0.04169154912233353,0.05343326926231384,0.9056603908538818,0.03471122309565544
meta,XGBoost,475,53,0.11936447196836082,0.22513470097571708,0.053035810589790344,0.06582935899496078,0.9433962106704712,0.03492327407002449
mozilla4,CatBoost,13990,1555,0.069105818675153,0.12415464556954413,0.006532907485961914,0.011560196988284588,0.9543408155441284,0.5795560106635094
mozilla4,ExtraTrees,13990,1555,0.06886785999157986,0.1220300541439209,0.005317911505699158,0.008543121628463268,0.9549839496612549,0.6178964786231518
mozilla4,LightGBM,13990,1555,0.06602646910657295,0.1196555734689142,0.007852967828512192,0.01949664205312729,0.953054666519165,0.5938839949667454
mozilla4,LinearModel,13990,1555,0.11331817018048719,0.20066943044263993,0.01235133409500122,0.012486917898058891,0.9337620735168457,0.6156663000583649
mozilla4,NeuralNetFastAI,13990,1555,0.11506582597588888,0.20950871860602774,0.009974959306418896,0.011820769868791103,0.9254019260406494,0.6699737012386322
mozilla4,NeuralNetTorch,13990,1555,0.09302167510900469,0.16134621920689113,0.013032566756010056,0.020434584468603134,0.9369775056838989,0.6214581057429314
mozilla4,RandomForest,13990,1555,0.06921922809879527,0.11949377039500422,0.00514656025916338,0.013684531673789024,0.9517685174942017,0.5827946923673153
mozilla4,XGBoost,13990,1555,0.06867261875994743,0.1235156630218887,0.00832093134522438,0.01752903126180172,0.9511253833770752,0.5769857876002789
no2,CatBoost,450,50,0.4293432994032885,0.6181208694277506,0.07394485920667648,0.11769161373376846,0.6200000047683716,0.0355989970266819
no2,ExtraTrees,450,50,0.4108745436184799,0.5959842981756214,0.07296328246593475,0.048267267644405365,0.6600000262260437,0.0343090295791626
no2,LightGBM,450,50,0.45055382754914647,0.6430460248316057,0.08304919302463531,0.040586650371551514,0.6600000262260437,0.03531954437494278
no2,LinearModel,450,50,0.5055070307667363,0.6987460281615944,0.14791515469551086,0.05972060561180115,0.5199999809265137,0.03411950170993805
no2,NeuralNetFastAI,450,50,0.4559305303451157,0.6468058936178791,0.06915271282196045,0.02599482797086239,0.6200000047683716,0.03463408723473549
no2,NeuralNetTorch,450,50,0.4393033082314273,0.6302018953789675,0.06730388104915619,0.02642516791820526,0.6600000262260437,0.03592894226312637
no2,RandomForest,450,50,0.4486914876786082,0.6391647090004134,0.0698825791478157,0.018544821068644524,0.6000000238418579,0.034957561641931534
no2,XGBoost,450,50,0.4257775445011472,0.6122257224454075,0.05010567605495453,0.06938132643699646,0.6000000238418579,0.035321202129125595
nomao,CatBoost,31018,3447,0.038725013967388866,0.0745973091420621,0.002454145345836878,0.005743728019297123,0.9750507473945618,1.2862583622336388
nomao,ExtraTrees,31018,3447,0.050206809057843325,0.09335948138134458,0.004392326343804598,0.010675243102014065,0.965187132358551,1.438102126121521
nomao,LightGBM,31018,3447,0.038210260782347204,0.07334239587821796,0.0033787235151976347,0.006484174635261297,0.9750507473945618,1.2869452089071274
nomao,LinearModel,31018,3447,0.07394747544844417,0.13046069211217085,0.005579871125519276,0.00821221899241209,0.9498114585876465,1.4419390633702278
nomao,NeuralNetFastAI,31018,3447,0.05265382886048153,0.09962780320180235,0.0051089986227452755,0.009498671628534794,0.9646068811416626,1.3228930085897446
nomao,NeuralNetTorch,31018,3447,0.053322890093402624,0.09485775013418297,0.004458605777472258,0.008450943045318127,0.9608355164527893,1.4060668647289276
nomao,RandomForest,31018,3447,0.04689835604123525,0.08725930016762781,0.003104299074038863,0.006154562812298536,0.9701189398765564,1.439107395708561
nomao,XGBoost,31018,3447,0.03907298367690342,0.07285305479305858,0.003121463116258383,0.007144547067582607,0.9756309986114502,1.295789010822773
numerai28_6,CatBoost,86688,9632,0.4996436412912114,0.6927909582880334,0.0879983901977539,2.2861941033625044e-05,0.5154692530632019,5.581993073225021
numerai28_6,ExtraTrees,86688,9632,0.4995152358088216,0.6926623952275324,0.08603271842002869,0.00040401998558081686,0.516299843788147,5.6043751537799835
numerai28_6,LightGBM,86688,9632,0.49995066337747995,0.6930983223661835,0.08706116676330566,0.000291090807877481,0.5129776000976562,5.617026071995497
numerai28_6,LinearModel,86688,9632,0.4992036118459216,0.6923506037355441,0.08833403885364532,0.00027634171419776976,0.5201411843299866,5.6169801615178585
numerai28_6,NeuralNetFastAI,86688,9632,0.499276264074966,0.6924233346177919,0.09875501692295074,2.703841710172128e-05,0.519518256187439,5.659571062773466
numerai28_6,NeuralNetTorch,86688,9632,0.49896940730263434,0.6921162555468587,0.08636161684989929,0.00028185933479107916,0.5228405594825745,5.7375969141721725
numerai28_6,RandomForest,86688,9632,0.49972032607069633,0.6928675784480841,0.07725423574447632,9.415191743755713e-05,0.5134966969490051,5.713207717984915
numerai28_6,XGBoost,86688,9632,0.49984745203524666,0.692994904758066,0.08762043714523315,0.0003016477858182043,0.5131852030754089,5.516514785587788
ozone-level-8hr,CatBoost,2280,254,0.08706845709411692,0.1515865302887026,0.01735805906355381,0.02301192097365856,0.9448819160461426,0.09441261366009712
ozone-level-8hr,ExtraTrees,2280,254,0.08011841847333516,0.13566532457896238,0.01882292330265045,0.018180863931775093,0.9488189220428467,0.09955208748579025
ozone-level-8hr,LightGBM,2280,254,0.0805509756267329,0.14476486259184723,0.023013100028038025,0.038263265043497086,0.9370078444480896,0.09472553804516792
ozone-level-8hr,LinearModel,2280,254,0.07724526047471572,0.13091721294650469,0.017336660996079445,0.03885192051529884,0.9370078444480896,0.09587754681706429
ozone-level-8hr,NeuralNetFastAI,2280,254,0.07621729357288792,0.12696693106674947,0.01835792139172554,0.02716602012515068,0.9488189220428467,0.09090430289506912
ozone-level-8hr,NeuralNetTorch,2280,254,0.06933720886372322,0.12415757858242199,0.01046258769929409,0.017769668251276016,0.9488189220428467,0.09061546251177788
ozone-level-8hr,RandomForest,2280,254,0.09726648901923822,0.20705787302641826,0.020344223827123642,0.01659926399588585,0.9330708384513855,0.0977538526058197
ozone-level-8hr,XGBoost,2280,254,0.08046649607436587,0.13643442291629795,0.015484802424907684,0.040935005992650986,0.9370078444480896,0.09330330416560173
parity5_plus_5,CatBoost,1011,113,0.0,0.0,0.0,1.0000000116860974e-07,1.0,0.048758942633867264
parity5_plus_5,ExtraTrees,1011,113,0.06587658765106302,0.13204475360896964,0.026186153292655945,0.05043176934123039,0.9380530714988708,0.05623756721615791
parity5_plus_5,LightGBM,1011,113,0.0,0.0,0.0,1.0000000116860974e-07,1.0,0.04985126480460167
parity5_plus_5,LinearModel,1011,113,0.49078641939472856,0.6839125515814944,0.10194435715675354,0.036235664039850235,0.5752212405204773,0.05250747874379158
parity5_plus_5,NeuralNetFastAI,1011,113,0.0,0.0,0.0,1.0000000116860974e-07,1.0,0.04676101356744766
parity5_plus_5,NeuralNetTorch,1011,113,0.0,0.0,0.0,1.0000000116860974e-07,1.0,0.048739850521087646
parity5_plus_5,RandomForest,1011,113,0.07420208557472621,0.12257674142421945,0.024188779294490814,0.029038049280643463,0.9557521939277649,0.05549285560846329
parity5_plus_5,XGBoost,1011,113,2.440361048576094e-06,0.0007782296804255856,0.0007776618003845215,0.0007776693673804402,1.0,0.05412520840764046
pbcseq,CatBoost,1750,195,0.18931558491345546,0.33236289879193043,0.042233411222696304,0.07158572226762772,0.8974359035491943,0.08842073008418083
pbcseq,ExtraTrees,1750,195,0.24008766152820632,0.3943260065987413,0.034679263830184937,0.038032714277505875,0.8256410360336304,0.08945650607347488
pbcseq,LightGBM,1750,195,0.20550918466386317,0.3504322890603588,0.04083162173628807,0.07412844896316528,0.8820512890815735,0.08877142146229744
pbcseq,LinearModel,1750,195,0.4149896778735325,0.6013438304925564,0.057039447128772736,0.04322529584169388,0.6666666865348816,0.09047644957900047
pbcseq,NeuralNetFastAI,1750,195,0.29124700466243236,0.4555026436799418,0.03240140154957771,0.03560078889131546,0.800000011920929,0.0916493758559227
pbcseq,NeuralNetTorch,1750,195,0.28587743787388725,0.4539055689485651,0.04757013916969299,0.0776078924536705,0.8051282167434692,0.08740438893437386
pbcseq,RandomForest,1750,195,0.24148647955904512,0.39782378770457655,0.05479748919606209,0.10051490366458893,0.8717948794364929,0.09006334468722343
pbcseq,XGBoost,1750,195,0.18437059583858706,0.3250568969184336,0.036054544150829315,0.05480128154158592,0.892307698726654,0.09075506404042244
pc1,CatBoost,998,111,0.09585470852474641,0.1992343814000829,0.026492387056350708,0.041316479444503784,0.9459459185600281,0.053079236298799515
pc1,ExtraTrees,998,111,0.08603975007835214,0.1850134714773233,0.018939051777124405,0.04253724217414856,0.954954981803894,0.05290606990456581
pc1,LightGBM,998,111,0.09856101516095672,0.19309015570313132,0.02606888860464096,0.008633680641651154,0.9369369149208069,0.052499543875455856
pc1,LinearModel,998,111,0.10287247486593999,0.20639635960873673,0.037066854536533356,0.0257935281842947,0.9369369149208069,0.05183817073702812
pc1,NeuralNetFastAI,998,111,0.10809836448457547,0.24042206724407342,0.044208742678165436,0.06894076615571976,0.954954981803894,0.050072699785232544
pc1,NeuralNetTorch,998,111,0.09660612066786416,0.1680915749181665,0.031964678317308426,0.03004620410501957,0.9369369149208069,0.05217953026294708
pc1,RandomForest,998,111,0.07584240778850136,0.15631606789459235,0.01357702910900116,0.026536816731095314,0.9639639854431152,0.053356777876615524
pc1,XGBoost,998,111,0.08499631616081324,0.1679161252123202,0.02625751867890358,0.013921521604061127,0.9459459185600281,0.052819542586803436
pc2,CatBoost,5030,559,0.007130746697525958,0.023770344776039398,0.003562880214303732,0.0005971564096398652,0.9964221715927124,0.1608850210905075
pc2,ExtraTrees,5030,559,0.0071307466411197895,0.02377034138423315,0.003562880214303732,0.0005971327773295343,0.9964221715927124,0.16652868315577507
pc2,LightGBM,5030,559,0.0071307466411197895,0.02377034138423315,0.003562880214303732,0.0005971327773295343,0.9964221715927124,0.16125763580203056
pc2,LinearModel,5030,559,0.00713074666920487,0.023770343073042925,0.003562880214303732,0.0005971445352770388,0.9964221715927124,0.1599160097539425
pc2,NeuralNetFastAI,5030,559,0.007130282054552649,0.023741630903896423,0.003563755191862583,0.0003525255306158215,0.9964221715927124,0.16070051491260529
pc2,NeuralNetTorch,5030,559,0.007130746669604242,0.023770343097058038,0.003562880214303732,0.0005971447099000216,0.9964221715927124,0.16234174370765686
pc2,RandomForest,5030,559,0.0071307466411197895,0.02377034138423315,0.003562880214303732,0.0005971327773295343,0.9964221715927124,0.16804294288158417
pc2,XGBoost,5030,559,0.007130746670018595,0.023770343121973618,0.003562880214303732,0.0005971448845230043,0.9964221715927124,0.16068872064352036
pc3,CatBoost,1406,157,0.17523180040837877,0.30712287826891266,0.04506412521004677,0.061561476439237595,0.9044585824012756,0.07008980214595795
pc3,ExtraTrees,1406,157,0.16213220956890564,0.2690669330210854,0.03281093388795853,0.041820228099823,0.8917197585105896,0.07252025976777077
pc3,LightGBM,1406,157,0.17531751610490853,0.2886627966866351,0.03933810070157051,0.045976974070072174,0.8598726391792297,0.0692753978073597
pc3,LinearModel,1406,157,0.1869747413572444,0.314445495523958,0.043143343180418015,0.042470283806324005,0.8853503465652466,0.06915901973843575
pc3,NeuralNetFastAI,1406,157,0.184108807482917,0.3230303165884826,0.04021352156996727,0.05360468104481697,0.8917197585105896,0.07042693719267845
pc3,NeuralNetTorch,1406,157,0.18256028640808,0.3171452804195036,0.04621671885251999,0.07795049995183945,0.8980891704559326,0.07113584503531456
pc3,RandomForest,1406,157,0.16699060832292553,0.27908276048986635,0.03133036941289902,0.04625030606985092,0.8853503465652466,0.07247507944703102
pc3,XGBoost,1406,157,0.17941403952495677,0.2975443382694609,0.04379867762327194,0.0661625787615776,0.8917197585105896,0.06959975510835648
pc4,CatBoost,1312,146,0.1230256508266095,0.21539838626442842,0.03200041502714157,0.0519314743578434,0.9041095972061157,0.06554780900478363
pc4,ExtraTrees,1312,146,0.13127256933188644,0.21258572371842435,0.023184414952993393,0.03881124034523964,0.8972602486610413,0.06584282964468002
pc4,LightGBM,1312,146,0.12490179524361861,0.2001745442502523,0.029386121779680252,0.05922340601682663,0.9178082346916199,0.06571933627128601
pc4,LinearModel,1312,146,0.11231752723607984,0.18692362268592896,0.037475310266017914,0.03507253900170326,0.9246575236320496,0.06391030922532082
pc4,NeuralNetFastAI,1312,146,0.11875037963728913,0.213040058592274,0.03622165694832802,0.0658467561006546,0.9383561611175537,0.0639706552028656
pc4,NeuralNetTorch,1312,146,0.13309363856275866,0.21487226155507683,0.03904837369918823,0.03037838265299797,0.9109588861465454,0.06534798815846443
pc4,RandomForest,1312,146,0.12708989468261744,0.19845166345945695,0.03405337408185005,0.043590474873781204,0.8835616707801819,0.06705881655216217
pc4,XGBoost,1312,146,0.1323021778242135,0.23347327866123732,0.03421609103679657,0.06733457744121552,0.8972602486610413,0.06520658358931541
philippine,CatBoost,5248,584,0.3233195367355782,0.4908472108385103,0.018679603934288025,0.04981682077050209,0.7654109597206116,0.24446261301636696
philippine,ExtraTrees,5248,584,0.3166803952933017,0.4762284573060422,0.01881195604801178,0.014739753678441048,0.767123281955719,0.24430974945425987
philippine,LightGBM,5248,584,0.3031165968216284,0.4612603611135782,0.017527848482131958,0.03935224935412407,0.7773972749710083,0.24730177223682404
philippine,LinearModel,5248,584,0.38074978924370306,0.5686464192612846,0.02197130024433136,0.06305758655071259,0.7226027250289917,0.2505115196108818
philippine,NeuralNetFastAI,5248,584,0.3675741235555352,0.5442803093718808,0.029511332511901855,0.04238315299153328,0.732876718044281,0.2472660280764103
philippine,NeuralNetTorch,5248,584,0.3681089882679859,0.5530156044011402,0.033295318484306335,0.0630524531006813,0.7294520735740662,0.24912335723638535
philippine,RandomForest,5248,584,0.32203066379708933,0.48649728430499095,0.014468424022197723,0.04219465330243111,0.7619863152503967,0.24852632358670235
philippine,XGBoost,5248,584,0.2999268427056864,0.45640420647628055,0.020401060581207275,0.030697133392095566,0.7791095972061157,0.24901532754302025
phoneme,CatBoost,4863,541,0.13542555804591971,0.2275708243247441,0.014443955384194851,0.03624039143323898,0.8964880108833313,0.20105354115366936
phoneme,ExtraTrees,4863,541,0.12605847596696387,0.2056940087510671,0.010257002897560596,0.021385645493865013,0.9094269871711731,0.21710077300667763
phoneme,LightGBM,4863,541,0.13550437458171735,0.2287771724964351,0.011313222348690033,0.03751054033637047,0.9094269871711731,0.19881702587008476
phoneme,LinearModel,4863,541,0.32110419960691033,0.4834431682405937,0.029315315186977386,0.04572286084294319,0.7615526914596558,0.22207115963101387
phoneme,NeuralNetFastAI,4863,541,0.1585483699121371,0.261553009666815,0.016484541818499565,0.026243062689900398,0.874306857585907,0.2060743384063244
phoneme,NeuralNetTorch,4863,541,0.1425324677868157,0.24374526008149158,0.019695186987519264,0.036162119358778,0.9094269871711731,0.20080021396279335
phoneme,RandomForest,4863,541,0.13187619561215513,0.21732189917510175,0.014671657234430313,0.02757343463599682,0.9075785875320435,0.21443405002355576
phoneme,XGBoost,4863,541,0.13414827395329643,0.228311653691869,0.015195976942777634,0.04827583208680153,0.9094269871711731,0.19569610804319382
pm10,CatBoost,450,50,0.44770163512587513,0.6484409182237242,0.11021709442138672,0.17858943343162537,0.7400000095367432,0.03354695066809654
pm10,ExtraTrees,450,50,0.4646090486419597,0.6570897164085315,0.10921023786067963,0.07156877219676971,0.6399999856948853,0.033504609018564224
pm10,LightGBM,450,50,0.4470358857974672,0.6396365611264383,0.11346805095672607,0.08411893993616104,0.6800000071525574,0.03483912721276283
pm10,LinearModel,450,50,0.4995532291827727,0.6927003855623503,0.12801948189735413,0.013360034674406052,0.5199999809265137,0.03415827825665474
pm10,NeuralNetFastAI,450,50,0.5073946377363848,0.7006190604014526,0.0759655088186264,0.0865904837846756,0.5,0.034058161079883575
pm10,NeuralNetTorch,450,50,0.48548231451491985,0.6777360079827676,0.07616053521633148,0.09480179846286774,0.5400000214576721,0.0350312702357769
pm10,RandomForest,450,50,0.4456539404683757,0.6366651051706286,0.11795256286859512,0.05221003666520119,0.6000000238418579,0.034684132784605026
pm10,XGBoost,450,50,0.5025092790064234,0.7018741735214995,0.08961503952741623,0.10631673783063889,0.5199999809265137,0.034665729850530624
pollen,CatBoost,3463,385,0.5005004561733846,0.6936477717200418,0.14296668767929077,0.0025384165346622467,0.4961038827896118,0.13868916779756546
pollen,ExtraTrees,3463,385,0.5000087657464535,0.6931559463071855,0.11811745166778564,0.0014454151969403028,0.4987013041973114,0.15448008850216866
pollen,LightGBM,3463,385,0.4985630567542102,0.6917100094043676,0.1228301078081131,0.0007548106368631124,0.5376623272895813,0.14278976991772652
pollen,LinearModel,3463,385,0.4999968114855202,0.6931439920451079,0.11179868876934052,0.0014429953880608082,0.5064935088157654,0.1365354359149933
pollen,NeuralNetFastAI,3463,385,0.4992786013263881,0.692425631266194,0.1402023732662201,0.003277856158092618,0.5194805264472961,0.14386293664574623
pollen,NeuralNetTorch,3463,385,0.5018693717756557,0.6950249498832968,0.13643978536128998,0.03179161250591278,0.5090909004211426,0.14703825116157532
pollen,RandomForest,3463,385,0.5000013080113939,0.6931484885714814,0.12980467081069946,0.0014437721110880375,0.4987013041973114,0.14815393090248108
pollen,XGBoost,3463,385,0.5021849916428961,0.6953341746525666,0.09018649160861969,0.002647142391651869,0.48831167817115784,0.13469557091593742
puma32H,CatBoost,7372,820,0.13027623012548797,0.20770204198633846,0.008614212274551392,0.02151024527847767,0.9036585092544556,0.3159343786537647
puma32H,ExtraTrees,7372,820,0.14486068917279477,0.22388357094531453,0.010929666459560394,0.017545735463500023,0.8963414430618286,0.3332373835146427
puma32H,LightGBM,7372,820,0.14461166330350664,0.23015843639334255,0.00926571898162365,0.02323593944311142,0.8926829099655151,0.32235316932201385
puma32H,LinearModel,7372,820,0.46008087748282145,0.6526860226866438,0.07730322331190109,0.007081085350364447,0.6414633989334106,0.33860642835497856
puma32H,NeuralNetFastAI,7372,820,0.1059341702839597,0.17787448903042624,0.01092713326215744,0.01708202064037323,0.9268292784690857,0.3078343942761421
puma32H,NeuralNetTorch,7372,820,0.11168452602884506,0.18826198206433414,0.017709117382764816,0.028731923550367355,0.9207317233085632,0.31768324226140976
puma32H,RandomForest,7372,820,0.1517404913151526,0.23812036533090297,0.01346074603497982,0.03203090280294418,0.8878048658370972,0.3301187865436077
puma32H,XGBoost,7372,820,0.1473680290786732,0.23923256440864754,0.01476600207388401,0.03306576982140541,0.8914633989334106,0.3215915411710739
puma8NH,CatBoost,7372,820,0.23100281503740172,0.36605633769152274,0.018629400059580803,0.030945992097258568,0.8402438759803772,0.34660834446549416
puma8NH,ExtraTrees,7372,820,0.22701367046750343,0.35793593985908484,0.018411308526992798,0.038809239864349365,0.8390243649482727,0.34705012664198875
puma8NH,LightGBM,7372,820,0.23409861195440257,0.3748851407563985,0.0213075652718544,0.030636392533779144,0.8365853428840637,0.3410894386470318
puma8NH,LinearModel,7372,820,0.25215588673956557,0.39068982483699555,0.011054635047912598,0.037890754640102386,0.8170731663703918,0.35004616528749466
puma8NH,NeuralNetFastAI,7372,820,0.22698890560837437,0.36032658070892803,0.019558925181627274,0.043735869228839874,0.8439024686813354,0.3388877399265766
puma8NH,NeuralNetTorch,7372,820,0.22663366575860106,0.3557872782597342,0.017941687256097794,0.042035672813653946,0.8390243649482727,0.3451753631234169
puma8NH,RandomForest,7372,820,0.2254901692785165,0.35889754626897735,0.017401285469532013,0.0314914807677269,0.8414633870124817,0.34688494354486465
puma8NH,XGBoost,7372,820,0.22944937726134085,0.3645215976904454,0.019795477390289307,0.04289555922150612,0.8414633870124817,0.3455827012658119
qsar-biodeg,CatBoost,949,106,0.17546556635229646,0.2963531807658402,0.02782774344086647,0.03994176536798477,0.8773584961891174,0.05321814864873886
qsar-biodeg,ExtraTrees,949,106,0.18617105965531375,0.30584616909857876,0.023140044882893562,0.06070154905319214,0.8584905862808228,0.05747823789715767
qsar-biodeg,LightGBM,949,106,0.16407245728185388,0.2791385636876365,0.025628797709941864,0.05778678506612778,0.8962264060974121,0.05425044521689415
qsar-biodeg,LinearModel,949,106,0.19052354275129607,0.31341746571254464,0.036146536469459534,0.09278635680675507,0.8301886916160583,0.05335282161831856
qsar-biodeg,NeuralNetFastAI,949,106,0.17495506858175813,0.27703611823609264,0.029529530555009842,0.0875721275806427,0.8584905862808228,0.053190357983112335
qsar-biodeg,NeuralNetTorch,949,106,0.18886196329873572,0.31391155469809184,0.03288730978965759,0.03532238304615021,0.8773584961891174,0.05434354394674301
qsar-biodeg,RandomForest,949,106,0.17026035945898538,0.29026097728688,0.02650418132543564,0.037645373493433,0.8773584961891174,0.055401306599378586
qsar-biodeg,XGBoost,949,106,0.17964023520384775,0.30775066944354607,0.023760449141263962,0.04233145713806152,0.8867924809455872,0.05290321260690689
ringnorm,CatBoost,6660,740,0.030552525264501095,0.06153234903300532,0.005250043701380491,0.012947727926075459,0.9824324250221252,0.23724056035280228
ringnorm,ExtraTrees,6660,740,0.03473623263254949,0.05893985540849022,0.0044026803225278854,0.008382374420762062,0.9756757020950317,0.2883438505232334
ringnorm,LightGBM,6660,740,0.03068477108589736,0.06475421640179138,0.006528873927891254,0.008390184491872787,0.9824324250221252,0.22761738300323486
ringnorm,LinearModel,6660,740,0.30501334969498933,0.45900166095180583,0.018662139773368835,0.028271039947867393,0.7864865064620972,0.3166123032569885
ringnorm,NeuralNetFastAI,6660,740,0.03548903111439046,0.0712027505908465,0.005488732364028692,0.009216969832777977,0.9783783555030823,0.22580934315919876
ringnorm,NeuralNetTorch,6660,740,0.030755106638718853,0.05560376311437104,0.004769261926412582,0.005117964465171099,0.9783783555030823,0.24129599705338478
ringnorm,RandomForest,6660,740,0.05673304027600411,0.10274047930588968,0.00819749478250742,0.007878615520894527,0.9648648500442505,0.2887815237045288
ringnorm,XGBoost,6660,740,0.03594661610763155,0.07901453949966554,0.0067276437766849995,0.012290295213460922,0.9783783555030823,0.23988407105207443
rmftsa_ladata,CatBoost,457,51,0.17481266607612603,0.31575406331342754,0.037532560527324677,0.09191382676362991,0.9019607901573181,0.03474016487598419
rmftsa_ladata,ExtraTrees,457,51,0.13444893389776513,0.2456121664097857,0.03384900093078613,0.07756298780441284,0.8823529481887817,0.035409364849328995
rmftsa_ladata,LightGBM,457,51,0.18455976054990764,0.365146747945627,0.033354274928569794,0.13025738298892975,0.8823529481887817,0.034300610423088074
rmftsa_ladata,LinearModel,457,51,0.0963482548711353,0.17836209429408778,0.053337689489126205,0.07437068223953247,0.9411764740943909,0.03588606417179108
rmftsa_ladata,NeuralNetFastAI,457,51,0.08944799812602162,0.18511544804324587,0.052700191736221313,0.07303036004304886,0.9607843160629272,0.033694107085466385
rmftsa_ladata,NeuralNetTorch,457,51,0.13909141248184964,0.276099454883084,0.03946515917778015,0.08638080954551697,0.9019607901573181,0.03459548577666283
rmftsa_ladata,RandomForest,457,51,0.1618036696658272,0.2813023917245637,0.032008152455091476,0.07766269147396088,0.8823529481887817,0.035212256014347076
rmftsa_ladata,XGBoost,457,51,0.16916374656535177,0.3073099243581197,0.05197200924158096,0.11919824033975601,0.843137264251709,0.03461581841111183
spambase,CatBoost,4140,461,0.08012601765072115,0.14415889481564528,0.027085600420832634,0.03054758533835411,0.9436008930206299,0.15981679037213326
spambase,ExtraTrees,4140,461,0.0902792487017224,0.16092225021193934,0.023423723876476288,0.029923461377620697,0.9479392766952515,0.18236389011144638
spambase,LightGBM,4140,461,0.09531790017686566,0.16700936283746798,0.03155652433633804,0.04456472024321556,0.9349240660667419,0.15471602976322174
spambase,LinearModel,4140,461,0.1042844340172668,0.18913227066515365,0.024517638608813286,0.027317950502038002,0.9327548742294312,0.16590239107608795
spambase,NeuralNetFastAI,4140,461,0.09430841316804095,0.17657502553069387,0.017481904476881027,0.02317267656326294,0.9414316415786743,0.16320784017443657
spambase,NeuralNetTorch,4140,461,0.08925271584122317,0.16891487282428969,0.025790764018893242,0.027351975440979004,0.9370932579040527,0.1627347655594349
spambase,RandomForest,4140,461,0.08982939345381744,0.1558800021979162,0.02737918496131897,0.02600189670920372,0.9392624497413635,0.17874551191926003
spambase,XGBoost,4140,461,0.0942712565353531,0.16394223422646015,0.03250660002231598,0.03633185103535652,0.9305856823921204,0.1598001979291439
sylvine,CatBoost,4611,513,0.08780526622430664,0.16254102421160943,0.021593214944005013,0.023708119988441467,0.9415204524993896,0.17368333786725998
sylvine,ExtraTrees,4611,513,0.09303141877433559,0.16010512164615714,0.013949992135167122,0.024706831201910973,0.9376218318939209,0.20043892413377762
sylvine,LightGBM,4611,513,0.0888425603181428,0.15909407114188218,0.017713366076350212,0.019480085000395775,0.9395711421966553,0.17775336652994156
sylvine,LinearModel,4611,513,0.15273883149625397,0.26549847753645045,0.019420087337493896,0.024861378595232964,0.8986355066299438,0.1972011923789978
sylvine,NeuralNetFastAI,4611,513,0.10010662601085363,0.1840566557654542,0.02336224913597107,0.022641457617282867,0.9337232112884521,0.1813378483057022
sylvine,NeuralNetTorch,4611,513,0.10313610757141745,0.18215536639406457,0.017701614648103714,0.03517000377178192,0.9317739009857178,0.1846863329410553
sylvine,RandomForest,4611,513,0.1100962659699697,0.18597255811568603,0.01665087603032589,0.014307345263659954,0.9278752207756042,0.20080729201436043
sylvine,XGBoost,4611,513,0.08778855486093165,0.16196269149147555,0.02013804204761982,0.024543939158320427,0.9415204524993896,0.17598242312669754
tokyo1,CatBoost,863,96,0.06456120929033872,0.12508263887482493,0.015293547883629799,0.030465902760624886,0.96875,0.04866151139140129
tokyo1,ExtraTrees,863,96,0.0669759717625775,0.12845416671895105,0.019198209047317505,0.03439139202237129,0.9375,0.04909248277544975
tokyo1,LightGBM,863,96,0.0975613534974865,0.1730432505478561,0.02808603271842003,0.05440226197242737,0.9375,0.04915767163038254
tokyo1,LinearModel,863,96,0.12885277717770005,0.2158040864720124,0.0374000146985054,0.07570499181747437,0.90625,0.04884976148605347
tokyo1,NeuralNetFastAI,863,96,0.09261371103886612,0.1368928243647433,0.02475038543343544,0.0649837926030159,0.9270833134651184,0.04863547161221504
tokyo1,NeuralNetTorch,863,96,0.07465492207076482,0.13801774837280442,0.0190691277384758,0.03907601907849312,0.9583333134651184,0.04843815416097641
tokyo1,RandomForest,863,96,0.07782247381225556,0.13302478855070207,0.021292999386787415,0.0571247898042202,0.9375,0.04838813468813896
tokyo1,XGBoost,863,96,0.10919005693091648,0.19888082266499774,0.030942317098379135,0.039301782846450806,0.9166666865348816,0.04883692413568497
twonorm,CatBoost,6660,740,0.03166982384729875,0.05517644213288899,0.0066437022760510445,0.010618206113576889,0.9770269989967346,0.23227832466363907
twonorm,ExtraTrees,6660,740,0.032842597584296654,0.060273443521510546,0.011145636439323425,0.015514965169131756,0.9797297120094299,0.2896610163152218
twonorm,LightGBM,6660,740,0.03455858257047697,0.0685511714209592,0.00834050215780735,0.00850742682814598,0.9797297120094299,0.2303011789917946
twonorm,LinearModel,6660,740,0.02942524819092534,0.058632491410608854,0.008508206345140934,0.011528251692652702,0.9810810685157776,0.23087861761450768
twonorm,NeuralNetFastAI,6660,740,0.03263044920964384,0.06419959795124269,0.009685277007520199,0.015754520893096924,0.9783783555030823,0.2316819354891777
twonorm,NeuralNetTorch,6660,740,0.029059210950526097,0.054921855385737905,0.008059363812208176,0.012117285281419754,0.9797297120094299,0.24145139008760452
twonorm,RandomForest,6660,740,0.03345376604799206,0.06348631195628981,0.009999576956033707,0.01600949466228485,0.9783783555030823,0.2936938591301441
twonorm,XGBoost,6660,740,0.0361737528282524,0.06746509285511061,0.008670330978929996,0.013571826741099358,0.9756757020950317,0.23459503799676895
visualizing_soil,CatBoost,7776,865,6.0566040777662444e-12,1.1669893828776316e-06,1.1920928955078125e-06,1.2220167491250322e-06,1.0,0.21771886944770813
visualizing_soil,ExtraTrees,7776,865,7.091185322614374e-08,0.00012217352273275313,0.00011882253602379933,0.00012220063945278525,1.0,0.22274954244494438
visualizing_soil,LightGBM,7776,865,3.109929352788114e-16,8.362324511490394e-09,1.4901161193847656e-08,1.0000000116860974e-07,1.0,0.2155226357281208
visualizing_soil,LinearModel,7776,865,0.00021311810488736194,0.0004183035123398373,0.0003510117530822754,0.0003510837268549949,1.0,0.21269535273313522
visualizing_soil,NeuralNetFastAI,7776,865,0.0,0.0,0.0,1.0000000116860974e-07,1.0,0.22895323485136032
visualizing_soil,NeuralNetTorch,7776,865,2.4325677742141947e-09,2.587158929900687e-05,2.5928020477294922e-05,2.5915951482602395e-05,1.0,0.22163159027695656
visualizing_soil,RandomForest,7776,865,2.1662603666802662e-08,5.4185650293291475e-05,5.1569772040238604e-05,5.422508547781035e-05,1.0,0.21892674267292023
visualizing_soil,XGBoost,7776,865,0.0,0.0,0.0,1.0000000116860974e-07,1.0,0.21706315875053406
wilt,CatBoost,4355,484,0.034893483535322053,0.07367291606125764,0.007278841454535723,0.01563170552253723,0.9772727489471436,0.14905979856848717
wilt,ExtraTrees,4355,484,0.03229678978373125,0.0712725774739839,0.005194435361772776,0.007284075953066349,0.9814049601554871,0.15815011784434319
wilt,LightGBM,4355,484,0.03151436947433314,0.06712929903101003,0.006177160888910294,0.010357512161135674,0.9772727489471436,0.14969199523329735
wilt,LinearModel,4355,484,0.03111912189444152,0.05632776899926979,0.007914445362985134,0.010984749533236027,0.9793388247489929,0.15241145715117455
wilt,NeuralNetFastAI,4355,484,0.025198338339859547,0.051205245465891364,0.007659862749278545,0.007463992107659578,0.9834710955619812,0.14919253438711166
wilt,NeuralNetTorch,4355,484,0.028301054488947246,0.05592092263675167,0.006978530436754227,0.012471440248191357,0.9814049601554871,0.14866333454847336
wilt,RandomForest,4355,484,0.0336217009302864,0.06514245483206187,0.007407716941088438,0.009960271418094635,0.9772727489471436,0.1580510139465332
wilt,XGBoost,4355,484,0.0423462940390062,0.09298244555586468,0.009082122705876827,0.021122831851243973,0.9814049601554871,0.14799929782748222
wind,CatBoost,5916,658,0.18295647218953343,0.3017337590830294,0.018418483436107635,0.03976375609636307,0.8662614226341248,0.26444491371512413
wind,ExtraTrees,5916,658,0.1887398273827815,0.3055602961052541,0.017553232610225677,0.041723426431417465,0.8647416234016418,0.27529922500252724
wind,LightGBM,5916,658,0.18013681968254341,0.29584085863261667,0.018021509051322937,0.03563579171895981,0.8738601803779602,0.2646047994494438
wind,LinearModel,5916,658,0.19884333243319818,0.3207990729229193,0.020133312791585922,0.02732991985976696,0.8556231260299683,0.26897166669368744
wind,NeuralNetFastAI,5916,658,0.17636877180162358,0.2896900752211055,0.017772488296031952,0.028599169105291367,0.8723404407501221,0.2635575868189335
wind,NeuralNetTorch,5916,658,0.1748654228470955,0.28537257146794937,0.01448732614517212,0.03364210203289986,0.8784194588661194,0.26609569042921066
wind,RandomForest,5916,658,0.19040931035486452,0.31212364168162443,0.013487391173839569,0.029936280101537704,0.8708206415176392,0.2721658982336521
wind,XGBoost,5916,658,0.18308034160764652,0.30183815410168807,0.01928143948316574,0.028242360800504684,0.8768997192382812,0.2648353688418865
