dataset,model,cal_size,test_size,Beta_brier,Beta_logloss,Beta_kuiper,Beta_ece-15,Beta_accuracy,Beta_time
2dplanes,CatBoost,36691,4077,0.09566957607387457,0.15233834610323885,0.006416452117264271,0.012922754511237144,0.9266617894172668,0.022019214928150177
2dplanes,ExtraTrees,36691,4077,0.09491935638410402,0.15237400627157638,0.006126537919044495,0.008288771845400333,0.9254353642463684,0.018345508724451065
2dplanes,LightGBM,36691,4077,0.09542602388421176,0.15329471831807978,0.006167630665004253,0.011594302952289581,0.9298503994941711,0.01629011705517769
2dplanes,LinearModel,36691,4077,0.23363359000054953,0.36681901130858546,0.011860853992402554,0.025279656052589417,0.8413048982620239,0.019857201725244522
2dplanes,NeuralNetFastAI,36691,4077,0.09425774683182414,0.15072883096133866,0.004253918770700693,0.008502358570694923,0.9332842826843262,0.013939660042524338
2dplanes,NeuralNetTorch,36691,4077,0.09469089284103119,0.1521229761682132,0.005054463166743517,0.007687927223742008,0.931812584400177,0.018797200173139572
2dplanes,RandomForest,36691,4077,0.09546832589500773,0.15392753081168684,0.005241659004241228,0.01397399790585041,0.9271523356437683,0.019040115177631378
2dplanes,XGBoost,36691,4077,0.09558715337875694,0.15293009823025588,0.006140487268567085,0.014145289547741413,0.9276428818702698,0.015361737459897995
APSFailure,CatBoost,68400,7600,0.007753435307765341,0.015202719507660424,0.0009612557478249073,0.002233875449746847,0.9948683977127075,0.03471686318516731
APSFailure,ExtraTrees,68400,7600,0.009131312139289133,0.017935016890584646,0.0012730625458061695,0.002354792319238186,0.9940789341926575,0.047225356101989746
APSFailure,LightGBM,68400,7600,0.007700738153267137,0.015204066592276664,0.0006685880944132805,0.0016511097783222795,0.995394766330719,0.04205362871289253
APSFailure,LinearModel,68400,7600,0.0115348291270816,0.021836187839658298,0.0013487502001225948,0.003805045736953616,0.99289470911026,0.039677392691373825
APSFailure,NeuralNetFastAI,68400,7600,0.00929775045795764,0.0172014408559671,0.001440665451809764,0.0029206855688244104,0.9947368502616882,0.04216868430376053
APSFailure,NeuralNetTorch,68400,7600,0.010864150134845318,0.020935257509666776,0.0018988177180290222,0.003731626784428954,0.9930263161659241,0.028067220002412796
APSFailure,RandomForest,68400,7600,0.008030542915844758,0.01639125158628005,0.0014851453015580773,0.00286676874384284,0.9951315522193909,0.05129976198077202
APSFailure,XGBoost,68400,7600,0.0075100901793606,0.014739259048098806,0.0009164669318124652,0.002134609268978238,0.9952631592750549,0.03202245011925697
Amazon_employee_access,CatBoost,29492,3277,0.07181570573344911,0.13363406207415626,0.004483564291149378,0.01272112037986517,0.9551419019699097,0.0136847123503685
Amazon_employee_access,ExtraTrees,29492,3277,0.08136125449498832,0.1527447687627971,0.009246371686458588,0.01715579628944397,0.9475129842758179,0.020276065915822983
Amazon_employee_access,LightGBM,29492,3277,0.07950554003581373,0.15186466641351593,0.004875813145190477,0.010543083772063255,0.9493439197540283,0.01627938821911812
Amazon_employee_access,LinearModel,29492,3277,0.08380801730717197,0.15633184810993092,0.004486732184886932,0.0075648087076842785,0.9459871649742126,0.018629897385835648
Amazon_employee_access,NeuralNetFastAI,29492,3277,0.08309712381722782,0.1542170694686539,0.004125596024096012,0.011155378073453903,0.9462923407554626,0.02161508798599243
Amazon_employee_access,NeuralNetTorch,29492,3277,0.0861675005153717,0.16173717489080258,0.009986475110054016,0.019016223028302193,0.9453768730163574,0.016211610287427902
Amazon_employee_access,RandomForest,29492,3277,0.07956434576997064,0.14976251756671174,0.011629658751189709,0.022000864148139954,0.9478181004524231,0.016466200351715088
Amazon_employee_access,XGBoost,29492,3277,0.07531958680529705,0.14342328741252397,0.004087129607796669,0.007637902162969112,0.951785147190094,0.011126808822154999
Australian,CatBoost,621,69,0.174420960892637,0.28853269629365585,0.049170542508363724,0.08403362333774567,0.8695651888847351,0.002862401306629181
Australian,ExtraTrees,621,69,0.16818940578085514,0.2854561043116334,0.058915868401527405,0.08886246383190155,0.8550724387168884,0.0029300041496753693
Australian,LightGBM,621,69,0.17865776750572646,0.32802009649133007,0.0624963641166687,0.09809072315692902,0.8695651888847351,0.00303645059466362
Australian,LinearModel,621,69,0.16945846126296285,0.2911424823823253,0.057876743376255035,0.14373469352722168,0.8840579986572266,0.0029044076800346375
Australian,NeuralNetFastAI,621,69,0.1547014075159456,0.2774435690230165,0.06197577714920044,0.06890706717967987,0.8985507488250732,0.002761479467153549
Australian,NeuralNetTorch,621,69,0.16548067477575365,0.28226999774707656,0.04336550831794739,0.11204556375741959,0.8840579986572266,0.0030196383595466614
Australian,RandomForest,621,69,0.17440331512942944,0.327160760851243,0.05816275626420975,0.10393282026052475,0.8550724387168884,0.0030046403408050537
Australian,XGBoost,621,69,0.15227248891599038,0.26795145705866785,0.04721296578645706,0.09578943252563477,0.8985507488250732,0.002831127494573593
Bioresponse,CatBoost,3375,376,0.27797557871559114,0.43603559609532966,0.027178073301911354,0.057387322187423706,0.8218085169792175,0.0042175836861133575
Bioresponse,ExtraTrees,3375,376,0.2828228334633989,0.4307432289539175,0.019890476018190384,0.03153832629323006,0.792553186416626,0.004532229155302048
Bioresponse,LightGBM,3375,376,0.2777773771596744,0.43395068340645976,0.030135978013277054,0.058929432183504105,0.8164893388748169,0.004373989999294281
Bioresponse,LinearModel,3375,376,0.3862972002340136,0.5720109516404945,0.065725177526474,0.10041241347789764,0.7180851101875305,0.005259502679109573
Bioresponse,NeuralNetFastAI,3375,376,0.28703349616230167,0.4433450313000808,0.026347922161221504,0.04854082316160202,0.7765957713127136,0.004449151456356049
Bioresponse,NeuralNetTorch,3375,376,0.29240341669117426,0.45042799180542087,0.029337063431739807,0.05893201753497124,0.7872340679168701,0.0041572824120521545
Bioresponse,RandomForest,3375,376,0.2809490339549869,0.43304694710852565,0.026939302682876587,0.0539107508957386,0.811170220375061,0.004628781229257584
Bioresponse,XGBoost,3375,376,0.2759284461782198,0.43265546691407303,0.029320109635591507,0.05276167020201683,0.813829779624939,0.0043943338096141815
Click_prediction_small,CatBoost,35953,3995,0.25344681249122897,0.41197950624323804,0.009279770776629448,0.010452358983457088,0.8365457057952881,0.018619943410158157
Click_prediction_small,ExtraTrees,35953,3995,0.2600680692295589,0.420717095650847,0.006051838397979736,0.006311133503913879,0.8347935080528259,0.03581378236413002
Click_prediction_small,LightGBM,35953,3995,0.25809448167432,0.41894791698119926,0.008167121559381485,0.011919207870960236,0.8367959856987,0.0279887355864048
Click_prediction_small,LinearModel,35953,3995,0.26025278502243093,0.42290904006228364,0.010206843726336956,0.015370449982583523,0.8350437879562378,0.020904339849948883
Click_prediction_small,NeuralNetFastAI,35953,3995,0.258747634712105,0.42055197510407266,0.006581097841262817,0.008312360383570194,0.8360450267791748,0.017895396798849106
Click_prediction_small,NeuralNetTorch,35953,3995,0.2594849196177248,0.41850030478198214,0.005140665918588638,0.006396143231540918,0.8340425491333008,0.03265479952096939
Click_prediction_small,RandomForest,35953,3995,0.2591498164840882,0.4184237080792,0.004343575332313776,0.010260474868118763,0.8352941274642944,0.03425763174891472
Click_prediction_small,XGBoost,35953,3995,0.2579572317885448,0.41717796158058623,0.008516957983374596,0.013102427124977112,0.8347935080528259,0.0392572320997715
GAMETES_Epistasis_2-Way_1000atts_0_4H_EDM-1_EDM-1_1,CatBoost,1440,160,0.40728968322749826,0.5978837102406743,0.08140204846858978,0.1410222351551056,0.75,0.003524716943502426
GAMETES_Epistasis_2-Way_1000atts_0_4H_EDM-1_EDM-1_1,ExtraTrees,1440,160,0.5043715958499669,0.6975253752501426,0.07345935702323914,0.049351297318935394,0.4749999940395355,0.002308901399374008
GAMETES_Epistasis_2-Way_1000atts_0_4H_EDM-1_EDM-1_1,LightGBM,1440,160,0.5125038953247166,0.7056812798879142,0.08732497692108154,0.0496029257774353,0.40625,0.005391154438257217
GAMETES_Epistasis_2-Way_1000atts_0_4H_EDM-1_EDM-1_1,LinearModel,1440,160,0.5017844905954224,0.6949326465136083,0.03226979076862335,0.004993458744138479,0.4749999940395355,0.004827909171581268
GAMETES_Epistasis_2-Way_1000atts_0_4H_EDM-1_EDM-1_1,NeuralNetFastAI,1440,160,0.4931626776969621,0.6863017760345691,0.05834910273551941,0.04787876456975937,0.5874999761581421,0.0032232999801635742
GAMETES_Epistasis_2-Way_1000atts_0_4H_EDM-1_EDM-1_1,NeuralNetTorch,1440,160,0.5027057432128015,0.6958549544116954,0.06008298695087433,0.01601722650229931,0.4749999940395355,0.0032634586095809937
GAMETES_Epistasis_2-Way_1000atts_0_4H_EDM-1_EDM-1_1,RandomForest,1440,160,0.507257570770741,0.700428036322744,0.047302789986133575,0.044316746294498444,0.4375,0.0022546127438545227
GAMETES_Epistasis_2-Way_1000atts_0_4H_EDM-1_EDM-1_1,XGBoost,1440,160,0.5023300037615137,0.6954933378307847,0.03572991490364075,0.06095048412680626,0.5062500238418579,0.0023106373846530914
GAMETES_Epistasis_2-Way_20atts_0_1H_EDM-1_1,CatBoost,1440,160,0.4153349796694624,0.6061136444680055,0.04720791429281235,0.06804349273443222,0.699999988079071,0.0037241019308567047
GAMETES_Epistasis_2-Way_20atts_0_1H_EDM-1_1,ExtraTrees,1440,160,0.467836884938837,0.6604434750291619,0.04180733859539032,0.05880049616098404,0.6312500238418579,0.005334794521331787
GAMETES_Epistasis_2-Way_20atts_0_1H_EDM-1_1,LightGBM,1440,160,0.4376671017578532,0.6290619395018575,0.055401530116796494,0.11772017180919647,0.675000011920929,0.003529950976371765
GAMETES_Epistasis_2-Way_20atts_0_1H_EDM-1_1,LinearModel,1440,160,0.501084554706537,0.6942262235252039,0.04355098679661751,0.020417463034391403,0.518750011920929,0.005090542137622833
GAMETES_Epistasis_2-Way_20atts_0_1H_EDM-1_1,NeuralNetFastAI,1440,160,0.4109309550070924,0.6002111898760617,0.050904374569654465,0.06971295177936554,0.699999988079071,0.0034146420657634735
GAMETES_Epistasis_2-Way_20atts_0_1H_EDM-1_1,NeuralNetTorch,1440,160,0.40902202696930007,0.5985937282464313,0.049172475934028625,0.09340427070856094,0.706250011920929,0.005866445600986481
GAMETES_Epistasis_2-Way_20atts_0_1H_EDM-1_1,RandomForest,1440,160,0.47644772083994236,0.6694721022056296,0.040119171142578125,0.06167861819267273,0.612500011920929,0.002615567296743393
GAMETES_Epistasis_2-Way_20atts_0_1H_EDM-1_1,XGBoost,1440,160,0.44322941090198587,0.6342997000317441,0.04746481403708458,0.03986475616693497,0.65625,0.0033723190426826477
GAMETES_Epistasis_2-Way_20atts_0_4H_EDM-1_1,CatBoost,1440,160,0.30523797198769176,0.4591296275046455,0.043178386986255646,0.10623994469642639,0.7562500238418579,0.003137785941362381
GAMETES_Epistasis_2-Way_20atts_0_4H_EDM-1_1,ExtraTrees,1440,160,0.39640387935758303,0.5876947745921729,0.04033135250210762,0.09915068745613098,0.675000011920929,0.005800306797027588
GAMETES_Epistasis_2-Way_20atts_0_4H_EDM-1_1,LightGBM,1440,160,0.33867040292181305,0.5080485753057257,0.0630573183298111,0.14207027852535248,0.737500011920929,0.0031757578253746033
GAMETES_Epistasis_2-Way_20atts_0_4H_EDM-1_1,LinearModel,1440,160,0.4972348717513581,0.6903709452017243,0.03575791046023369,0.03213270753622055,0.5062500238418579,0.005715586245059967
GAMETES_Epistasis_2-Way_20atts_0_4H_EDM-1_1,NeuralNetFastAI,1440,160,0.2855878379552551,0.4352673734330816,0.041905440390110016,0.018970835953950882,0.793749988079071,0.0032456517219543457
GAMETES_Epistasis_2-Way_20atts_0_4H_EDM-1_1,NeuralNetTorch,1440,160,0.30473873723454936,0.46576285710089593,0.039698030799627304,0.08097159117460251,0.78125,0.0030149780213832855
GAMETES_Epistasis_2-Way_20atts_0_4H_EDM-1_1,RandomForest,1440,160,0.39229056170667587,0.5836406316653842,0.03695826977491379,0.09257996082305908,0.706250011920929,0.005929578095674515
GAMETES_Epistasis_2-Way_20atts_0_4H_EDM-1_1,XGBoost,1440,160,0.3516618430458614,0.530690672300868,0.0545966811478138,0.10521631687879562,0.737500011920929,0.0032058395445346832
GAMETES_Epistasis_3-Way_20atts_0_2H_EDM-1_1,CatBoost,1440,160,0.40383479442215997,0.5818523117373621,0.05139289051294327,0.11059864610433578,0.637499988079071,0.003301333636045456
GAMETES_Epistasis_3-Way_20atts_0_2H_EDM-1_1,ExtraTrees,1440,160,0.4880644888002328,0.6811614512891172,0.03147563338279724,0.04984881356358528,0.5687500238418579,0.003498755395412445
GAMETES_Epistasis_3-Way_20atts_0_2H_EDM-1_1,LightGBM,1440,160,0.48571911491305836,0.6786633762897077,0.044525835663080215,0.04430443048477173,0.5874999761581421,0.0023438408970832825
GAMETES_Epistasis_3-Way_20atts_0_2H_EDM-1_1,LinearModel,1440,160,0.4997586838726102,0.6929078061756392,0.03977878391742706,0.002067399211227894,0.512499988079071,0.005075886845588684
GAMETES_Epistasis_3-Way_20atts_0_2H_EDM-1_1,NeuralNetFastAI,1440,160,0.3956388570100163,0.565095885338971,0.04624229669570923,0.09841794520616531,0.668749988079071,0.003261663019657135
GAMETES_Epistasis_3-Way_20atts_0_2H_EDM-1_1,NeuralNetTorch,1440,160,0.42581354035522995,0.6135980690510733,0.044090576469898224,0.10528115928173065,0.6312500238418579,0.003044217824935913
GAMETES_Epistasis_3-Way_20atts_0_2H_EDM-1_1,RandomForest,1440,160,0.4921402034877552,0.6849112835748894,0.04756702482700348,0.08486609905958176,0.518750011920929,0.003041699528694153
GAMETES_Epistasis_3-Way_20atts_0_2H_EDM-1_1,XGBoost,1440,160,0.4879425686589819,0.6808864440593401,0.05435830354690552,0.05594031140208244,0.5687500238418579,0.005793597549200058
GAMETES_Heterogeneity_20atts_1600_Het_0_4_0_2_50_EDM-2_001,CatBoost,1440,160,0.41776115531167723,0.5870203943256769,0.07542439550161362,0.11761239171028137,0.6312500238418579,0.003405064344406128
GAMETES_Heterogeneity_20atts_1600_Het_0_4_0_2_50_EDM-2_001,ExtraTrees,1440,160,0.491569407841512,0.6921586621952056,0.061193834990262985,0.11121685802936554,0.606249988079071,0.005643755197525024
GAMETES_Heterogeneity_20atts_1600_Het_0_4_0_2_50_EDM-2_001,LightGBM,1440,160,0.46266923442466695,0.6534868930132429,0.07333503663539886,0.10566513985395432,0.6312500238418579,0.003322560340166092
GAMETES_Heterogeneity_20atts_1600_Het_0_4_0_2_50_EDM-2_001,LinearModel,1440,160,0.49756941570923063,0.6907157016888259,0.06616714596748352,2.744195626291912e-06,0.5874999761581421,0.0052789077162742615
GAMETES_Heterogeneity_20atts_1600_Het_0_4_0_2_50_EDM-2_001,NeuralNetFastAI,1440,160,0.4586455520760354,0.6422144245959542,0.08370566368103027,0.1536911427974701,0.625,0.003750056028366089
GAMETES_Heterogeneity_20atts_1600_Het_0_4_0_2_50_EDM-2_001,NeuralNetTorch,1440,160,0.4461502971564563,0.6301692455117269,0.0708853080868721,0.1418057531118393,0.6312500238418579,0.006250884383916855
GAMETES_Heterogeneity_20atts_1600_Het_0_4_0_2_50_EDM-2_001,RandomForest,1440,160,0.49257265758501634,0.6912955296172903,0.05880720540881157,0.12288787215948105,0.6000000238418579,0.005871176719665527
GAMETES_Heterogeneity_20atts_1600_Het_0_4_0_2_50_EDM-2_001,XGBoost,1440,160,0.4555724246546887,0.6467115116097184,0.05722786858677864,0.09109470993280411,0.65625,0.0033189095556735992
GAMETES_Heterogeneity_20atts_1600_Het_0_4_0_2_75_EDM-2_001,CatBoost,1440,160,0.37536454387020407,0.5524272504209826,0.05086066573858261,0.07964804023504257,0.699999988079071,0.0033902935683727264
GAMETES_Heterogeneity_20atts_1600_Het_0_4_0_2_75_EDM-2_001,ExtraTrees,1440,160,0.4178188487363464,0.60682055686936,0.04078724980354309,0.07561316341161728,0.6812499761581421,0.0035835057497024536
GAMETES_Heterogeneity_20atts_1600_Het_0_4_0_2_75_EDM-2_001,LightGBM,1440,160,0.387431043865217,0.5720983895743015,0.04418244957923889,0.06596740335226059,0.706250011920929,0.0032455995678901672
GAMETES_Heterogeneity_20atts_1600_Het_0_4_0_2_75_EDM-2_001,LinearModel,1440,160,0.5034189159829027,0.6966128110507688,0.0575050413608551,0.050650548189878464,0.46875,0.005024313926696777
GAMETES_Heterogeneity_20atts_1600_Het_0_4_0_2_75_EDM-2_001,NeuralNetFastAI,1440,160,0.3758341965873894,0.5559578367191798,0.05622902512550354,0.11116746813058853,0.7124999761581421,0.0035403482615947723
GAMETES_Heterogeneity_20atts_1600_Het_0_4_0_2_75_EDM-2_001,NeuralNetTorch,1440,160,0.35387540075170326,0.5319228519648944,0.07258555293083191,0.09543950855731964,0.7250000238418579,0.003368951380252838
GAMETES_Heterogeneity_20atts_1600_Het_0_4_0_2_75_EDM-2_001,RandomForest,1440,160,0.4057965402877876,0.593671734817691,0.041985511779785156,0.07406453788280487,0.6937500238418579,0.00564633309841156
GAMETES_Heterogeneity_20atts_1600_Het_0_4_0_2_75_EDM-2_001,XGBoost,1440,160,0.38920992127270615,0.571182671972708,0.0438222661614418,0.0694044828414917,0.6875,0.003304857760667801
Internet-Advertisements,CatBoost,2951,328,0.04456709740822533,0.09083665995179745,0.01504555344581604,0.02496839314699173,0.9725610017776489,0.004987601190805435
Internet-Advertisements,ExtraTrees,2951,328,0.03667645077959504,0.09069259149809479,0.015125562436878681,0.027235964313149452,0.9756097793579102,0.004817068576812744
Internet-Advertisements,LightGBM,2951,328,0.04468664672620729,0.09171665469598077,0.013203620910644531,0.025139445438981056,0.9725610017776489,0.004610743373632431
Internet-Advertisements,LinearModel,2951,328,0.06330002234660426,0.1410759061627852,0.011802567169070244,0.03422625735402107,0.9603658318519592,0.004712153226137161
Internet-Advertisements,NeuralNetFastAI,2951,328,0.05283453343297221,0.11056203477906289,0.008924651890993118,0.02617419883608818,0.9603658318519592,0.004361674189567566
Internet-Advertisements,NeuralNetTorch,2951,328,0.051319166318784144,0.11761279196925117,0.011322438716888428,0.03179360181093216,0.9725610017776489,0.00480806827545166
Internet-Advertisements,RandomForest,2951,328,0.040583072061986074,0.08000998886382073,0.01442912220954895,0.025160085409879684,0.9725610017776489,0.004767365753650665
Internet-Advertisements,XGBoost,2951,328,0.05019098348018588,0.10145756326535751,0.012058483436703682,0.021189196035265923,0.9695122241973877,0.004764523357152939
OVA_Colon,CatBoost,1390,155,0.07339850106914957,0.1701939280774876,0.019626300781965256,0.03271558880805969,0.9612902998924255,0.003699135035276413
OVA_Colon,ExtraTrees,1390,155,0.06929359660173556,0.15345392887673528,0.021204765886068344,0.03524801880121231,0.9612902998924255,0.003829076886177063
OVA_Colon,LightGBM,1390,155,0.06402711285096908,0.1523011960364146,0.017952818423509598,0.02514730952680111,0.9677419066429138,0.003581903874874115
OVA_Colon,LinearModel,1390,155,0.06743120873202813,0.16167881930654907,0.01693529449403286,0.028566554188728333,0.9677419066429138,0.00470888614654541
OVA_Colon,NeuralNetFastAI,1390,155,0.08315016264045176,0.18793460048380445,0.027425464242696762,0.04411882534623146,0.9548386931419373,0.0036817342042922974
OVA_Colon,NeuralNetTorch,1390,155,0.07091935723343976,0.1654448457578983,0.022546589374542236,0.03486700356006622,0.9677419066429138,0.003959711641073227
OVA_Colon,RandomForest,1390,155,0.08026985226631572,0.1785487594083375,0.01956658996641636,0.043771494179964066,0.9548386931419373,0.0037117712199687958
OVA_Colon,XGBoost,1390,155,0.07117802328238379,0.16862477464447323,0.018855061382055283,0.03344152495265007,0.9612902998924255,0.003714408725500107
OVA_Endometrium,CatBoost,1390,155,0.05372363074702267,0.10218270873263342,0.015007145702838898,0.027268143370747566,0.9612902998924255,0.0065329410135746
OVA_Endometrium,ExtraTrees,1390,155,0.055555862063251325,0.09982393752198927,0.014365442097187042,0.025963762775063515,0.9677419066429138,0.006809856742620468
OVA_Endometrium,LightGBM,1390,155,0.04497424413507826,0.08918603959695902,0.014280651696026325,0.03223354369401932,0.9741935729980469,0.006527867168188095
OVA_Endometrium,LinearModel,1390,155,0.03699916639717222,0.06968629477411194,0.013279303908348083,0.017935648560523987,0.9806451797485352,0.0072856321930885315
OVA_Endometrium,NeuralNetFastAI,1390,155,0.04345611468531316,0.07829497395983342,0.011030703783035278,0.016686873510479927,0.9741935729980469,0.0033141933381557465
OVA_Endometrium,NeuralNetTorch,1390,155,0.04254893696252165,0.08754986764432493,0.012006839737296104,0.021971583366394043,0.9806451797485352,0.006143402308225632
OVA_Endometrium,RandomForest,1390,155,0.06098006808096435,0.11928872009381386,0.023386862128973007,0.04160131514072418,0.9612902998924255,0.0029593706130981445
OVA_Endometrium,XGBoost,1390,155,0.049436657874493396,0.0990894022757523,0.015603678300976753,0.028194762766361237,0.9677419066429138,0.00568549707531929
OVA_Kidney,CatBoost,1390,155,0.013326439409677197,0.04011213395818162,0.009775277227163315,0.01047951728105545,0.9935483932495117,0.0038317814469337463
OVA_Kidney,ExtraTrees,1390,155,0.01580749427749772,0.05124133868575295,0.014384550973773003,0.017196878790855408,0.9935483932495117,0.003918062895536423
OVA_Kidney,LightGBM,1390,155,0.013658689826561685,0.039608076490524446,0.010892095975577831,0.010433165356516838,0.9935483932495117,0.003681570291519165
OVA_Kidney,LinearModel,1390,155,0.014156960655239106,0.03760720529648177,0.011791059747338295,0.010529529303312302,0.9935483932495117,0.004850618541240692
OVA_Kidney,NeuralNetFastAI,1390,155,0.017946234660479777,0.042596231948315744,0.012766819447278976,0.02364610694348812,0.9935483932495117,0.0034602470695972443
OVA_Kidney,NeuralNetTorch,1390,155,0.016444238027150344,0.04406020451619588,0.01593802310526371,0.015172661282122135,0.9935483932495117,0.003696691244840622
OVA_Kidney,RandomForest,1390,155,0.016398405446271254,0.051577387698465996,0.012846517376601696,0.018197739496827126,0.9935483932495117,0.003835141658782959
OVA_Kidney,XGBoost,1390,155,0.013541503285544534,0.04118947551110185,0.01199583150446415,0.011670252308249474,0.9935483932495117,0.003947466611862183
OVA_Lung,CatBoost,1390,155,0.015735478149940564,0.050678739969692174,0.012111842632293701,0.008631550706923008,0.9935483932495117,0.004212595522403717
OVA_Lung,ExtraTrees,1390,155,0.02366322424038685,0.09032317258615029,0.010590575635433197,0.012345540337264538,0.9870967864990234,0.0032817497849464417
OVA_Lung,LightGBM,1390,155,0.019135176664367416,0.060116970188204555,0.015313627198338509,0.011286634020507336,0.9870967864990234,0.004489962011575699
OVA_Lung,LinearModel,1390,155,0.030900751045345225,0.07064136339738497,0.016407160088419914,0.015038835816085339,0.9806451797485352,0.004585485905408859
OVA_Lung,NeuralNetFastAI,1390,155,0.03606058093923297,0.06898722000813022,0.010112714022397995,0.017250342294573784,0.9741935729980469,0.0038162805140018463
OVA_Lung,NeuralNetTorch,1390,155,0.02610781553243459,0.07319492901590431,0.020568735897541046,0.017808258533477783,0.9870967864990234,0.0042125992476940155
OVA_Lung,RandomForest,1390,155,0.0326471140790249,0.08953329532585283,0.013066116720438004,0.011435925029218197,0.9806451797485352,0.004440300166606903
OVA_Lung,XGBoost,1390,155,0.01656416349920907,0.05036979069249205,0.012215467169880867,0.010222796350717545,0.9935483932495117,0.0036808140575885773
OVA_Ovary,CatBoost,1390,155,0.10671713912545182,0.17856932546452897,0.023572755977511406,0.0489380769431591,0.9225806593894958,0.0035694055259227753
OVA_Ovary,ExtraTrees,1390,155,0.11927686587623827,0.186916568160744,0.03373366594314575,0.07563617080450058,0.9161290526390076,0.003988713026046753
OVA_Ovary,LightGBM,1390,155,0.09745076427109564,0.1628032058526613,0.021925443783402443,0.04511895775794983,0.9419354796409607,0.003812205046415329
OVA_Ovary,LinearModel,1390,155,0.1048631729416899,0.16785311034193406,0.01980367675423622,0.05469225347042084,0.9354838728904724,0.003608718514442444
OVA_Ovary,NeuralNetFastAI,1390,155,0.10785125451474546,0.1670560064635915,0.029310017824172974,0.07053118944168091,0.9161290526390076,0.0033707618713378906
OVA_Ovary,NeuralNetTorch,1390,155,0.09635524059018087,0.15059274477080367,0.026481175795197487,0.06082575395703316,0.9290322661399841,0.0038211680948734283
OVA_Ovary,RandomForest,1390,155,0.12192675472736852,0.193757466138638,0.03792271018028259,0.09155705571174622,0.9161290526390076,0.0038670748472213745
OVA_Ovary,XGBoost,1390,155,0.09687159574837778,0.16948408301107412,0.023918209597468376,0.03797424957156181,0.9354838728904724,0.003788452595472336
OVA_Prostate,CatBoost,1390,155,0.015092347265768465,0.15731463608091886,0.006451614201068878,0.009978760033845901,0.9935483932495117,0.003705523908138275
OVA_Prostate,ExtraTrees,1390,155,0.013950601064336484,0.11386783402088006,0.006451614201068878,0.009707329794764519,0.9935483932495117,0.0037751346826553345
OVA_Prostate,LightGBM,1390,155,0.012904643118347965,0.11005040927385362,0.007149416953325272,0.007149413228034973,0.9935483932495117,0.003837745636701584
OVA_Prostate,LinearModel,1390,155,0.02574196546122722,0.6021873881377793,0.01359306275844574,0.013593056239187717,0.9870967864990234,0.003927320241928101
OVA_Prostate,NeuralNetFastAI,1390,155,0.025806451668244964,1.1269236206168596,0.012903649359941483,0.012903735972940922,0.9870967864990234,0.005470458418130875
OVA_Prostate,NeuralNetTorch,1390,155,0.012903231787619094,0.1778738638243111,0.006458587944507599,0.006458630785346031,0.9935483932495117,0.0034922249615192413
OVA_Prostate,RandomForest,1390,155,0.01643628462058726,0.07129948946954828,0.008419262245297432,0.01381736621260643,0.9935483932495117,0.003810510039329529
OVA_Prostate,XGBoost,1390,155,0.02101791492679087,0.06674776573833695,0.006450394168496132,0.012828364968299866,0.9870967864990234,0.0033714808523654938
PhishingWebsites,CatBoost,9949,1106,0.0487027751938841,0.08542492467608541,0.009674121625721455,0.017188146710395813,0.9629294872283936,0.007998127490282059
PhishingWebsites,ExtraTrees,9949,1106,0.0570348989629758,0.09839969455261753,0.010708530433475971,0.01429799571633339,0.9638336300849915,0.008379608392715454
PhishingWebsites,LightGBM,9949,1106,0.04726259188362817,0.07949674095997454,0.009162177331745625,0.015045266598463058,0.9647377729415894,0.00757671520113945
PhishingWebsites,LinearModel,9949,1106,0.09420564853357496,0.1524405287107386,0.007869159802794456,0.024879205971956253,0.9339963793754578,0.006813332438468933
PhishingWebsites,NeuralNetFastAI,9949,1106,0.049083141245063425,0.08163846812757596,0.007981719449162483,0.013195676729083061,0.9665461182594299,0.008579883724451065
PhishingWebsites,NeuralNetTorch,9949,1106,0.04885989715641912,0.08343166627890924,0.009969087317585945,0.017979193478822708,0.9665461182594299,0.008011799305677414
PhishingWebsites,RandomForest,9949,1106,0.056594824140385865,0.09815071476647391,0.011291427537798882,0.014792704954743385,0.9629294872283936,0.008196946233510971
PhishingWebsites,XGBoost,9949,1106,0.04811763387610272,0.08430588726048283,0.009008844383060932,0.01603790931403637,0.965641975402832,0.007958266884088516
Run_or_walk_information,CatBoost,79729,8859,0.009270529184692747,0.017179014634246835,0.00229456415399909,0.0034356038086116314,0.9936787486076355,0.03949620574712753
Run_or_walk_information,ExtraTrees,79729,8859,0.011649347705362604,0.022140652644890613,0.002460363321006298,0.003962422255426645,0.9931143522262573,0.03996555507183075
Run_or_walk_information,LightGBM,79729,8859,0.008539365745780866,0.01619029837510001,0.002269513439387083,0.0025874364655464888,0.9944689273834229,0.042793773114681244
Run_or_walk_information,LinearModel,79729,8859,0.26605485194074846,0.4011934281223053,0.0495600551366806,0.10390812903642654,0.789818286895752,0.08294090628623962
Run_or_walk_information,NeuralNetFastAI,79729,8859,0.013246145832117437,0.025802294275465147,0.002748811151832342,0.0033138564322143793,0.9914211630821228,0.04167013615369797
Run_or_walk_information,NeuralNetTorch,79729,8859,0.010900608283901488,0.021055644435423015,0.0037491964176297188,0.004763789474964142,0.9932272434234619,0.040792498737573624
Run_or_walk_information,RandomForest,79729,8859,0.012990161159385291,0.024390685163186276,0.002577954437583685,0.003543871222063899,0.9922112822532654,0.04172997176647186
Run_or_walk_information,XGBoost,79729,8859,0.00999105403772995,0.018213551388037923,0.0021978355944156647,0.0032227428164333105,0.9933401346206665,0.04240526631474495
Satellite,CatBoost,4590,510,0.014443037793202423,0.025906466768822283,0.006439469289034605,0.00755312480032444,0.9882352948188782,0.006819479167461395
Satellite,ExtraTrees,4590,510,0.015662878478981505,0.025141637481352494,0.005716090090572834,0.00904472079128027,0.9882352948188782,0.004755008965730667
Satellite,LightGBM,4590,510,0.01570788484787969,0.027034786877726147,0.007106002885848284,0.007575065828859806,0.9882352948188782,0.006478551775217056
Satellite,LinearModel,4590,510,0.015107896013673332,0.02592289470251551,0.0060098012909293175,0.0072104185819625854,0.9901960492134094,0.0061244964599609375
Satellite,NeuralNetFastAI,4590,510,0.012317434683954452,0.0234856661425233,0.004397187381982803,0.007471468299627304,0.9901960492134094,0.005923949182033539
Satellite,NeuralNetTorch,4590,510,0.01651608417454266,0.030497500133293637,0.006884838920086622,0.007798556238412857,0.9882352948188782,0.007246196269989014
Satellite,RandomForest,4590,510,0.014566303643721593,0.025152723847924507,0.0052995821461081505,0.00852620042860508,0.9882352948188782,0.0055402591824531555
Satellite,XGBoost,4590,510,0.015150137554634348,0.027160960690877246,0.006374923512339592,0.005357308313250542,0.9901960492134094,0.005959354341030121
SpeedDating,CatBoost,7540,838,0.17626144016269252,0.2897375701487648,0.018219565972685814,0.032018084079027176,0.8818615674972534,0.007569212466478348
SpeedDating,ExtraTrees,7540,838,0.19175146865592102,0.3084844705252187,0.015241799876093864,0.036794938147068024,0.8687350749969482,0.00871797651052475
SpeedDating,LightGBM,7540,838,0.1761252218522478,0.29012052376158687,0.02195650152862072,0.030197732150554657,0.8866348266601562,0.007536172866821289
SpeedDating,LinearModel,7540,838,0.1896154583539397,0.31209741060371204,0.027748240157961845,0.04259069263935089,0.8723150491714478,0.007546775043010712
SpeedDating,NeuralNetFastAI,7540,838,0.18763710914332019,0.30640628408498577,0.023247763514518738,0.033185847103595734,0.8770883083343506,0.007508348673582077
SpeedDating,NeuralNetTorch,7540,838,0.1872357515571142,0.3061677559021593,0.021845532581210136,0.029124457389116287,0.8687350749969482,0.007939785718917847
SpeedDating,RandomForest,7540,838,0.19022451411160612,0.3098054576271321,0.01991991698741913,0.03179026022553444,0.8699284195899963,0.009709276258945465
SpeedDating,XGBoost,7540,838,0.17508388553875182,0.288845344962771,0.021046247333288193,0.0245974101126194,0.8830549120903015,0.007772166281938553
Titanic,CatBoost,1980,221,0.2529327145395355,0.40843027810427535,0.06501857191324234,0.05067059025168419,0.8325791954994202,0.0038271136581897736
Titanic,ExtraTrees,1980,221,0.2594654757140018,0.42149144214764844,0.06879329681396484,0.06342456489801407,0.8325791954994202,0.0038484595715999603
Titanic,LightGBM,1980,221,0.2528014039001139,0.4079773255162113,0.06595520675182343,0.05128199979662895,0.8325791954994202,0.003921929746866226
Titanic,LinearModel,1980,221,0.2730933144910004,0.4448914060659252,0.05472831428050995,0.08339011669158936,0.8325791954994202,0.006595544517040253
Titanic,NeuralNetFastAI,1980,221,0.2534295723727021,0.4083760376254926,0.06697976589202881,0.05572321265935898,0.8325791954994202,0.003976814448833466
Titanic,NeuralNetTorch,1980,221,0.2539225930663241,0.41046293592409355,0.0663912445306778,0.0543292835354805,0.8325791954994202,0.0037926994264125824
Titanic,RandomForest,1980,221,0.25605219124815576,0.41559037006047667,0.06640785932540894,0.049933042377233505,0.8325791954994202,0.004017505794763565
Titanic,XGBoost,1980,221,0.2531610290883273,0.40849462807142817,0.06594213843345642,0.05222542583942413,0.8325791954994202,0.003986608237028122
ada,CatBoost,3732,415,0.17006053875317256,0.2671531848128153,0.01341271959245205,0.03400903567671776,0.8867470026016235,0.005367565900087357
ada,ExtraTrees,3732,415,0.19542928318871589,0.3085140390732154,0.02089088037610054,0.048371218144893646,0.8602409362792969,0.004812445491552353
ada,LightGBM,3732,415,0.1714875490733657,0.2734608887478296,0.015570173040032387,0.048054732382297516,0.8819277286529541,0.005796603858470917
ada,LinearModel,3732,415,0.19759605186034626,0.31150113556923836,0.01650579646229744,0.039140380918979645,0.8602409362792969,0.0053392574191093445
ada,NeuralNetFastAI,3732,415,0.1865056371172002,0.2962438937953624,0.017840949818491936,0.03100774809718132,0.87469881772995,0.005294889211654663
ada,NeuralNetTorch,3732,415,0.18491567986045765,0.2887769128200548,0.014585979282855988,0.03292571380734444,0.8722891807556152,0.005416583269834518
ada,RandomForest,3732,415,0.18133899083201474,0.28749386206047445,0.011698618531227112,0.03886335715651512,0.8771084547042847,0.00552000105381012
ada,XGBoost,3732,415,0.16969095975421072,0.2681132223636934,0.010161565616726875,0.031222887337207794,0.8795180916786194,0.0053999461233615875
adult,CatBoost,43957,4885,0.17123358723312604,0.2706792160992914,0.005314953159540892,0.010590512305498123,0.8771750330924988,0.031467191874980927
adult,ExtraTrees,43957,4885,0.1902091057918144,0.30130308515113813,0.008194945752620697,0.01495861541479826,0.8628454208374023,0.03202146291732788
adult,LightGBM,43957,4885,0.17077626330328963,0.26893594506211266,0.006041128188371658,0.012056691572070122,0.8769702911376953,0.029627114534378052
adult,LinearModel,43957,4885,0.20326761825901332,0.31852237574436687,0.007867690175771713,0.011930356733500957,0.8540430068969727,0.03041655197739601
adult,NeuralNetFastAI,43957,4885,0.18923187891609708,0.29947446687027607,0.008277572691440582,0.009579353965818882,0.863459587097168,0.030367113649845123
adult,NeuralNetTorch,43957,4885,0.19131568238454152,0.30107579048883554,0.007465346250683069,0.011137113906443119,0.8626407384872437,0.028840534389019012
adult,RandomForest,43957,4885,0.18721758259252397,0.2939303573422139,0.008753672242164612,0.0138540742918849,0.8622313141822815,0.031917743384838104
adult,XGBoost,43957,4885,0.17014914392561734,0.26798412578850844,0.00586316641420126,0.011670288629829884,0.8765609264373779,0.029444657266139984
ailerons,CatBoost,12375,1375,0.15975804559597398,0.26026785955298853,0.012605872005224228,0.02492632158100605,0.890181839466095,0.010510090738534927
ailerons,ExtraTrees,12375,1375,0.16838999703829685,0.2754248100563686,0.008167780935764313,0.020797578617930412,0.8807272911071777,0.011279784142971039
ailerons,LightGBM,12375,1375,0.15868383104255585,0.25801764161011814,0.010314781218767166,0.020500393584370613,0.8909090757369995,0.011024463921785355
ailerons,LinearModel,12375,1375,0.1700004983852098,0.2760235274424956,0.010281568393111229,0.02180146425962448,0.8799999952316284,0.009974166750907898
ailerons,NeuralNetFastAI,12375,1375,0.16664529835142944,0.2701882146960682,0.009578265249729156,0.023252500221133232,0.8821818232536316,0.01107078418135643
ailerons,NeuralNetTorch,12375,1375,0.16475571884046283,0.2676762818476885,0.00891127623617649,0.02206120640039444,0.8829091191291809,0.010392066091299057
ailerons,RandomForest,12375,1375,0.16352750307141986,0.2777587843661657,0.00908514205366373,0.027261564508080482,0.8814545273780823,0.013166248798370361
ailerons,XGBoost,12375,1375,0.15922572068928678,0.2585479513301582,0.009065842255949974,0.02242172695696354,0.8872727155685425,0.01149454340338707
arcene,CatBoost,90,10,0.4283424911449357,1.0057801461373925,0.15086068212985992,0.277048259973526,0.699999988079071,0.004308182746171951
arcene,ExtraTrees,90,10,0.27048300712578294,0.48067783763326144,0.09709226340055466,0.23897907137870789,0.8999999761581421,0.0030411705374717712
arcene,LightGBM,90,10,0.4351909774821359,0.7444183149057586,0.13991887867450714,0.25489458441734314,0.699999988079071,0.0025136135518550873
arcene,LinearModel,90,10,0.29358413789358295,0.43720044948963477,0.11483623087406158,0.29348593950271606,0.699999988079071,0.0028287842869758606
arcene,NeuralNetFastAI,90,10,0.35218685955523005,0.7681502259939247,0.11962192505598068,0.26188260316848755,0.800000011920929,0.002516280859708786
arcene,NeuralNetTorch,90,10,0.3786373713047748,0.8725722019243843,0.15572530031204224,0.2557637691497803,0.699999988079071,0.002695690840482712
arcene,RandomForest,90,10,0.3908977932112378,0.732673282947164,0.09886184334754944,0.27352041006088257,0.800000011920929,0.0028307847678661346
arcene,XGBoost,90,10,0.39479791422487004,0.6137256965242502,0.11122574657201767,0.26411470770835876,0.699999988079071,0.0026130080223083496
arsenic-female-bladder,CatBoost,503,56,0.196272078143519,0.3136754783926273,0.024671806022524834,0.07252772152423859,0.8928571343421936,0.002763468772172928
arsenic-female-bladder,ExtraTrees,503,56,0.20800841150631172,0.3334159897716952,0.04036952555179596,0.10671496391296387,0.8571428656578064,0.0030127577483654022
arsenic-female-bladder,LightGBM,503,56,0.21450619664686035,0.3422985853556928,0.043727755546569824,0.0739964097738266,0.8571428656578064,0.002788461744785309
arsenic-female-bladder,LinearModel,503,56,0.24010314512185094,0.3733781228205522,0.04824768006801605,0.09459719806909561,0.8392857313156128,0.0043832287192344666
arsenic-female-bladder,NeuralNetFastAI,503,56,0.20859585999958044,0.31652019415989613,0.03621974587440491,0.07279890030622482,0.8392857313156128,0.0026009604334831238
arsenic-female-bladder,NeuralNetTorch,503,56,0.18295636091505832,0.30585185813252297,0.045448750257492065,0.05857042595744133,0.875,0.002895701676607132
arsenic-female-bladder,RandomForest,503,56,0.21388959147001163,0.35120913410234283,0.047678157687187195,0.09453751146793365,0.8571428656578064,0.0030508041381835938
arsenic-female-bladder,XGBoost,503,56,0.20945812845723455,0.3407411736963322,0.02762085199356079,0.07145160436630249,0.8571428656578064,0.0027717426419258118
autoUniv-au1-1000,CatBoost,900,100,0.3614327891063917,0.5489605968542179,0.04514013230800629,0.09099450707435608,0.7799999713897705,0.005192052572965622
autoUniv-au1-1000,ExtraTrees,900,100,0.3614804824809537,0.5579169415605422,0.029053568840026855,0.0971548855304718,0.7699999809265137,0.00495002418756485
autoUniv-au1-1000,LightGBM,900,100,0.3532292477959086,0.5472531926640023,0.04394710808992386,0.13632982969284058,0.7799999713897705,0.005133558064699173
autoUniv-au1-1000,LinearModel,900,100,0.37988697008323863,0.5734225530253876,0.06677085161209106,0.11925957351922989,0.7400000095367432,0.0038410350680351257
autoUniv-au1-1000,NeuralNetFastAI,900,100,0.35004229720357094,0.5388238399727149,0.036467622965574265,0.08669746667146683,0.7699999809265137,0.003128722310066223
autoUniv-au1-1000,NeuralNetTorch,900,100,0.35423472081325896,0.536474271906303,0.05032248795032501,0.0480479896068573,0.75,0.002960413694381714
autoUniv-au1-1000,RandomForest,900,100,0.381613417796721,0.5716487019022601,0.047211259603500366,0.13120794296264648,0.7200000286102295,0.00556056946516037
autoUniv-au1-1000,XGBoost,900,100,0.362601469665842,0.548194621536732,0.04504410922527313,0.12548615038394928,0.75,0.00522179901599884
bank-marketing,CatBoost,40689,4522,0.11718062066113154,0.18647008582716332,0.00447598472237587,0.006626991089433432,0.9133126735687256,0.025376979261636734
bank-marketing,ExtraTrees,40689,4522,0.12595120414784883,0.2002435930878767,0.007800021208822727,0.011808631010353565,0.9044670462608337,0.018247894942760468
bank-marketing,LightGBM,40689,4522,0.11929260128143654,0.18900209458645975,0.004866963252425194,0.008049780502915382,0.9117646813392639,0.024997945874929428
bank-marketing,LinearModel,40689,4522,0.14102701940129617,0.2277258642768581,0.0058724544942379,0.008289269171655178,0.8982750773429871,0.022225219756364822
bank-marketing,NeuralNetFastAI,40689,4522,0.12035663294555697,0.19095910957734724,0.0061975084245204926,0.010019567795097828,0.9124281406402588,0.0266021266579628
bank-marketing,NeuralNetTorch,40689,4522,0.12018315587627575,0.1905410170672313,0.0069986311718821526,0.009742211550474167,0.9119858741760254,0.025117143988609314
bank-marketing,RandomForest,40689,4522,0.1251356826481597,0.19841328671036298,0.006488354876637459,0.010264776647090912,0.9057939052581787,0.018014688044786453
bank-marketing,XGBoost,40689,4522,0.11915178351239382,0.18994715798877349,0.0055559249594807625,0.007706326898187399,0.9135338068008423,0.025951579213142395
bank32nh,CatBoost,7372,820,0.269610683963092,0.4127878411409554,0.022599156945943832,0.05032981187105179,0.795121967792511,0.00760212168097496
bank32nh,ExtraTrees,7372,820,0.27117812234406097,0.4161719944146427,0.02322232350707054,0.0447273813188076,0.7987805008888245,0.009052995592355728
bank32nh,LightGBM,7372,820,0.2687598176484402,0.4128425721276857,0.024921517819166183,0.04624611511826515,0.79756098985672,0.008193515241146088
bank32nh,LinearModel,7372,820,0.2690253386254175,0.4101708405876937,0.02097580023109913,0.04947260022163391,0.795121967792511,0.006992615759372711
bank32nh,NeuralNetFastAI,7372,820,0.2554537414152191,0.39548577089382914,0.022695163264870644,0.03471364825963974,0.8097561001777649,0.008069030940532684
bank32nh,NeuralNetTorch,7372,820,0.26177979932967954,0.4043875768557109,0.018272750079631805,0.03132528439164162,0.8060975670814514,0.007741842418909073
bank32nh,RandomForest,7372,820,0.28505531111151566,0.4355899746857919,0.026015760377049446,0.04170855134725571,0.790243923664093,0.007639896124601364
bank32nh,XGBoost,7372,820,0.27261354011332806,0.4189697594687218,0.021867720410227776,0.04209069162607193,0.800000011920929,0.007752895355224609
bank8FM,CatBoost,7372,820,0.0742653501612491,0.11986523232954364,0.008418632671236992,0.01527668721973896,0.9475609660148621,0.007456682622432709
bank8FM,ExtraTrees,7372,820,0.07896156138825029,0.12670782294752703,0.010886159725487232,0.019421547651290894,0.9451219439506531,0.005535423755645752
bank8FM,LightGBM,7372,820,0.0754235296392738,0.12047185746626081,0.009211370721459389,0.019525935873389244,0.9487804770469666,0.0058653950691223145
bank8FM,LinearModel,7372,820,0.08165794471701955,0.13373184134303762,0.008522825315594673,0.020859571173787117,0.9451219439506531,0.006441760808229446
bank8FM,NeuralNetFastAI,7372,820,0.07630217942211467,0.11768355528872358,0.009055188857018948,0.02391490526497364,0.9487804770469666,0.004725717008113861
bank8FM,NeuralNetTorch,7372,820,0.0789490076119688,0.12277581666837854,0.010709219612181187,0.019543275237083435,0.9439024329185486,0.006560083478689194
bank8FM,RandomForest,7372,820,0.0779182371169699,0.13016853185289198,0.008769389241933823,0.018595844507217407,0.9439024329185486,0.007960952818393707
bank8FM,XGBoost,7372,820,0.07622388165379794,0.12603212681304174,0.008493075147271156,0.019556306302547455,0.9475609660148621,0.00678667426109314
blood-transfusion-service-center,CatBoost,673,75,0.32915356828582587,0.4972180896444495,0.07398919761180878,0.10891146212816238,0.7599999904632568,0.003541756421327591
blood-transfusion-service-center,ExtraTrees,673,75,0.32186858840051125,0.48703514505416073,0.05934152007102966,0.09887517243623734,0.7599999904632568,0.00539233535528183
blood-transfusion-service-center,LightGBM,673,75,0.3213909540708991,0.48539463630667323,0.06000275909900665,0.0978788211941719,0.7599999904632568,0.003227982670068741
blood-transfusion-service-center,LinearModel,673,75,0.31113965789037046,0.46689452287080885,0.06460876762866974,0.08686729520559311,0.7333333492279053,0.002883724868297577
blood-transfusion-service-center,NeuralNetFastAI,673,75,0.31447703709520103,0.4720850428572891,0.06353160738945007,0.09322620183229446,0.7733333110809326,0.0029716454446315765
blood-transfusion-service-center,NeuralNetTorch,673,75,0.3242390046365596,0.4895851469217833,0.07665809243917465,0.11390763521194458,0.7333333492279053,0.003357093781232834
blood-transfusion-service-center,RandomForest,673,75,0.3235590680054654,0.49048747694429684,0.06270400434732437,0.10627388209104538,0.7733333110809326,0.003098323941230774
blood-transfusion-service-center,XGBoost,673,75,0.3332081979254888,0.5072570254407378,0.04798103868961334,0.08608713746070862,0.7599999904632568,0.0031291209161281586
boston_corrected,CatBoost,455,51,0.16934913851278183,0.27510222105024396,0.08540400862693787,0.10805697739124298,0.8627451062202454,0.0027974098920822144
boston_corrected,ExtraTrees,455,51,0.14733486440836005,0.250366406047972,0.09347182512283325,0.14294682443141937,0.9019607901573181,0.002651810646057129
boston_corrected,LightGBM,455,51,0.15689595359354588,0.25911064445235343,0.08281005918979645,0.1333879977464676,0.9215686321258545,0.0027258098125457764
boston_corrected,LinearModel,455,51,0.18613776740098795,0.29516623296460087,0.09485059976577759,0.15962302684783936,0.843137264251709,0.0027030035853385925
boston_corrected,NeuralNetFastAI,455,51,0.1555742229835628,0.25908887970368644,0.11254904419183731,0.13384822010993958,0.8823529481887817,0.0026112310588359833
boston_corrected,NeuralNetTorch,455,51,0.18211212287221257,0.2857275549785801,0.09628249704837799,0.1522541344165802,0.8627451062202454,0.0027817972004413605
boston_corrected,RandomForest,455,51,0.17185168337719978,0.2830280575209308,0.08376485109329224,0.12117476761341095,0.9019607901573181,0.0026635341346263885
boston_corrected,XGBoost,455,51,0.19952082681846137,0.3124408263855744,0.08511492609977722,0.1310778260231018,0.8823529481887817,0.0026963576674461365
churn,CatBoost,4500,500,0.08504091586603466,0.17487143788192372,0.012205642648041248,0.020801333710551262,0.949999988079071,0.006310302764177322
churn,ExtraTrees,4500,500,0.08316003728178858,0.17039176642571896,0.013512233272194862,0.021903056651353836,0.9539999961853027,0.010202035307884216
churn,LightGBM,4500,500,0.09000481262214634,0.18383528573954808,0.01116008311510086,0.029684610664844513,0.9459999799728394,0.005690041929483414
churn,LinearModel,4500,500,0.19892263374278685,0.32152670943081907,0.026975588873028755,0.06610964983701706,0.8399999737739563,0.008421216160058975
churn,NeuralNetFastAI,4500,500,0.07641447034812551,0.16340520683977733,0.009193556383252144,0.015536336228251457,0.9580000042915344,0.006240401417016983
churn,NeuralNetTorch,4500,500,0.08384525458407643,0.1779568419519311,0.0191203486174345,0.031739044934511185,0.9539999961853027,0.006130140274763107
churn,RandomForest,4500,500,0.09963538436836704,0.2067798337605481,0.01441207155585289,0.02241208218038082,0.9419999718666077,0.006318006664514542
churn,XGBoost,4500,500,0.08744021610069053,0.1805679775242104,0.014296996407210827,0.03157242760062218,0.9539999961853027,0.005767524242401123
climate-model-simulation-crashes,CatBoost,486,54,0.09473854777191482,0.19008425440410975,0.04516920447349548,0.054879624396562576,0.9444444179534912,0.0035814866423606873
climate-model-simulation-crashes,ExtraTrees,486,54,0.0864070082203922,0.3425193182151726,0.04682870954275131,0.06605713814496994,0.9444444179534912,0.0033271387219429016
climate-model-simulation-crashes,LightGBM,486,54,0.09690616558367461,0.3001326703925784,0.05191738158464432,0.05930415168404579,0.9444444179534912,0.0033301562070846558
climate-model-simulation-crashes,LinearModel,486,54,0.09996709264457995,0.31700146987654015,0.06103169545531273,0.07365962117910385,0.9444444179534912,0.0031926147639751434
climate-model-simulation-crashes,NeuralNetFastAI,486,54,0.09753272589972856,0.33544701920200404,0.04886926710605621,0.0605202317237854,0.9444444179534912,0.0032289400696754456
climate-model-simulation-crashes,NeuralNetTorch,486,54,0.10470909629474542,0.3261221316299189,0.04291670396924019,0.08240316808223724,0.9074074029922485,0.003118567168712616
climate-model-simulation-crashes,RandomForest,486,54,0.0980044375221848,0.23905056828142981,0.0673237219452858,0.07515113055706024,0.9259259104728699,0.003858167678117752
climate-model-simulation-crashes,XGBoost,486,54,0.090430812282985,0.20974303547443462,0.06094503402709961,0.06862371414899826,0.9444444179534912,0.0028386190533638
colleges_usnews,CatBoost,1171,131,0.37577178310009174,0.5463062621145999,0.05715377628803253,0.11284094303846359,0.7099236845970154,0.002940010279417038
colleges_usnews,ExtraTrees,1171,131,0.3713078172069352,0.5435791468390903,0.06076861545443535,0.13945095241069794,0.694656491279602,0.003255188465118408
colleges_usnews,LightGBM,1171,131,0.3872413850908808,0.5614770659782176,0.07437460869550705,0.12663662433624268,0.7099236845970154,0.0031160376965999603
colleges_usnews,LinearModel,1171,131,0.39070402944255106,0.5640022776839648,0.059972576797008514,0.12679754197597504,0.6717557311058044,0.00264778733253479
colleges_usnews,NeuralNetFastAI,1171,131,0.39794612097078114,0.5706910632719623,0.07929200679063797,0.12512357532978058,0.6870229244232178,0.003057185560464859
colleges_usnews,NeuralNetTorch,1171,131,0.38470223653475866,0.5546647470933979,0.07528997212648392,0.16855621337890625,0.7022900581359863,0.0031923800706863403
colleges_usnews,RandomForest,1171,131,0.3687039731761775,0.5584843533992762,0.05757536366581917,0.14042456448078156,0.694656491279602,0.0034559518098831177
colleges_usnews,XGBoost,1171,131,0.39425701729305607,0.5678335377707512,0.07631664723157883,0.1501772552728653,0.6793892979621887,0.0030391253530979156
cpu_act,CatBoost,7372,820,0.06488640767571253,0.11113659169791232,0.01409994252026081,0.026240114122629166,0.9585365653038025,0.007337462157011032
cpu_act,ExtraTrees,7372,820,0.07652247286670716,0.1291552794602717,0.014146462082862854,0.02627892978489399,0.9512194991111755,0.008169494569301605
cpu_act,LightGBM,7372,820,0.06666882242194273,0.1124913728737155,0.013228564523160458,0.03043591044843197,0.957317054271698,0.007252369076013565
cpu_act,LinearModel,7372,820,0.0841596490623288,0.14358660111448002,0.01570039428770542,0.026997921988368034,0.9426829218864441,0.007608689367771149
cpu_act,NeuralNetFastAI,7372,820,0.07081233960232998,0.12099869052729569,0.017145399004220963,0.03681729733943939,0.949999988079071,0.007058504968881607
cpu_act,NeuralNetTorch,7372,820,0.07386736845344274,0.12715757755888044,0.017875751480460167,0.03514846786856651,0.957317054271698,0.007659610360860825
cpu_act,RandomForest,7372,820,0.07490705995681303,0.13123165543919113,0.015403570607304573,0.028617506846785545,0.95243901014328,0.007893893867731094
cpu_act,XGBoost,7372,820,0.06443849798817092,0.11001892669372572,0.01457997877150774,0.03016597218811512,0.9560975432395935,0.007288500666618347
cpu_small,CatBoost,7372,820,0.09567134161288261,0.15372780557815632,0.010980430990457535,0.031275004148483276,0.9365853667259216,0.007366880774497986
cpu_small,ExtraTrees,7372,820,0.10391378176738032,0.1664256488124048,0.008789874613285065,0.022850554436445236,0.9256097674369812,0.008335240185260773
cpu_small,LightGBM,7372,820,0.0960630679224172,0.1547503531760147,0.01004067063331604,0.036464422941207886,0.9341463446617126,0.007215321063995361
cpu_small,LinearModel,7372,820,0.12615013843951303,0.19988014019813125,0.009994089603424072,0.029419824481010437,0.9085366129875183,0.006607934832572937
cpu_small,NeuralNetFastAI,7372,820,0.10873488900483969,0.16998010043831277,0.0074950698763132095,0.03120315819978714,0.9207317233085632,0.005955200642347336
cpu_small,NeuralNetTorch,7372,820,0.1032752191167706,0.16475333704150372,0.011947952210903168,0.02220326103270054,0.9182927012443542,0.007176663726568222
cpu_small,RandomForest,7372,820,0.10204156782094434,0.16550940652970045,0.012485887855291367,0.0329756960272789,0.9341463446617126,0.007643073797225952
cpu_small,XGBoost,7372,820,0.09804258088579464,0.15814911278836896,0.01081945188343525,0.032630953937768936,0.9365853667259216,0.006759271025657654
credit-g,CatBoost,900,100,0.27409647485773136,0.4241991943206838,0.049544814974069595,0.11926396936178207,0.8199999928474426,0.0031542181968688965
credit-g,ExtraTrees,900,100,0.2811155270200775,0.43787062312674224,0.04841374605894089,0.10880503058433533,0.8199999928474426,0.00380721315741539
credit-g,LightGBM,900,100,0.28649819903096835,0.4448297447573649,0.04634147882461548,0.06358372420072556,0.800000011920929,0.003216732293367386
credit-g,LinearModel,900,100,0.3069286948106242,0.46882293488989485,0.04979720711708069,0.09088142216205597,0.7900000214576721,0.002994053065776825
credit-g,NeuralNetFastAI,900,100,0.2954523162378317,0.45107373630971087,0.040355369448661804,0.08677306771278381,0.7699999809265137,0.003224823623895645
credit-g,NeuralNetTorch,900,100,0.3080691303945373,0.4729176692177497,0.07381375133991241,0.08565482497215271,0.7799999713897705,0.002867225557565689
credit-g,RandomForest,900,100,0.27125025936362634,0.42407790528884964,0.05647733807563782,0.10063457489013672,0.7900000214576721,0.0032116957008838654
credit-g,XGBoost,900,100,0.2927476183316409,0.44472586141128917,0.04215940833091736,0.06978399306535721,0.7699999809265137,0.003135424107313156
cylinder-bands,CatBoost,486,54,0.18692602512237802,0.3061424698415398,0.049661725759506226,0.11819783598184586,0.8518518805503845,0.0028966590762138367
cylinder-bands,ExtraTrees,486,54,0.17477139969294647,0.29359057459143556,0.05192970484495163,0.13021188974380493,0.8888888955116272,0.003309793770313263
cylinder-bands,LightGBM,486,54,0.18237637890602082,0.30411372691269767,0.05148788541555405,0.1293848752975464,0.8703703880310059,0.0030979104340076447
cylinder-bands,LinearModel,486,54,0.2680512254945961,0.4151681468383365,0.05105288326740265,0.1445930153131485,0.7777777910232544,0.0027827583253383636
cylinder-bands,NeuralNetFastAI,486,54,0.24908511857078997,0.4025065860467514,0.08581073582172394,0.15450802445411682,0.8703703880310059,0.002738606184720993
cylinder-bands,NeuralNetTorch,486,54,0.21654202109987924,0.35509137094362403,0.07539694011211395,0.13039883971214294,0.8518518805503845,0.003154013305902481
cylinder-bands,RandomForest,486,54,0.17113295754927066,0.28575373931652953,0.03737160935997963,0.12127834558486938,0.8888888955116272,0.003175739198923111
cylinder-bands,XGBoost,486,54,0.17396937602661977,0.2961027077419712,0.06412805616855621,0.12379991263151169,0.8703703880310059,0.0023555494844913483
delta_ailerons,CatBoost,6416,713,0.08921322263538894,0.17905240045972903,0.008380822837352753,0.020734116435050964,0.948106586933136,0.006112419068813324
delta_ailerons,ExtraTrees,6416,713,0.09290156767543685,0.21940016619982403,0.014130295254290104,0.03008735552430153,0.9453015327453613,0.005612824112176895
delta_ailerons,LightGBM,6416,713,0.09089144803867748,0.18393926299778926,0.009423761628568172,0.02582094632089138,0.9438990354537964,0.006296340376138687
delta_ailerons,LinearModel,6416,713,0.11166380495352987,0.2216710576133727,0.01325981505215168,0.03521329164505005,0.9368863701820374,0.006025400012731552
delta_ailerons,NeuralNetFastAI,6416,713,0.10181981346734335,0.20180795930050474,0.010954029858112335,0.0246143639087677,0.9424964785575867,0.005869593471288681
delta_ailerons,NeuralNetTorch,6416,713,0.1004364764776741,0.19829164775799638,0.010944772511720657,0.019201533868908882,0.9438990354537964,0.006020389497280121
delta_ailerons,RandomForest,6416,713,0.0929986883959091,0.18511866760203305,0.011603852733969688,0.0209390539675951,0.9438990354537964,0.005846451967954636
delta_ailerons,XGBoost,6416,713,0.09138492929884243,0.18577507020872516,0.010852520354092121,0.026304816827178,0.9453015327453613,0.006176941096782684
delta_elevators,CatBoost,8565,952,0.17666900436262553,0.29656046731603775,0.01107647456228733,0.019436480477452278,0.8855041861534119,0.007573820650577545
delta_elevators,ExtraTrees,8565,952,0.17968735881004544,0.2993141275886254,0.011307423003017902,0.023719657212495804,0.8802521228790283,0.006514061242341995
delta_elevators,LightGBM,8565,952,0.1750495313212077,0.29388469150064805,0.013463865965604782,0.027658462524414062,0.8876050710678101,0.006452325731515884
delta_elevators,LinearModel,8565,952,0.18008437116495626,0.31033647419473753,0.014923132956027985,0.032474324107170105,0.8771008253097534,0.007468279451131821
delta_elevators,NeuralNetFastAI,8565,952,0.17802117315879495,0.299382165050356,0.009861379861831665,0.019574377685785294,0.875,0.0066640786826610565
delta_elevators,NeuralNetTorch,8565,952,0.17630974283335393,0.2956774877262426,0.010898493230342865,0.02568706125020981,0.881302535533905,0.007157418876886368
delta_elevators,RandomForest,8565,952,0.18342802850774287,0.3042487946736884,0.012202436104416847,0.0324971005320549,0.8728991746902466,0.007227201014757156
delta_elevators,XGBoost,8565,952,0.17657393498190266,0.2952578314511838,0.008838966488838196,0.02675081603229046,0.8834033608436584,0.007083728909492493
diabetes,CatBoost,691,77,0.24568348101242685,0.38744385427213845,0.04175056517124176,0.10095444321632385,0.8441558480262756,0.0029319562017917633
diabetes,ExtraTrees,691,77,0.2321641689131111,0.3689853063160745,0.04750312119722366,0.11492560058832169,0.8571428656578064,0.003096267580986023
diabetes,LightGBM,691,77,0.24220702241095127,0.3825494964077637,0.030795494094491005,0.0873979702591896,0.8441558480262756,0.002999287098646164
diabetes,LinearModel,691,77,0.22541872076777486,0.3641583230761889,0.05692988634109497,0.09337875247001648,0.8571428656578064,0.0030040666460990906
diabetes,NeuralNetFastAI,691,77,0.24206145514047633,0.38482192764363876,0.06173459812998772,0.11686968803405762,0.8181818127632141,0.002854537218809128
diabetes,NeuralNetTorch,691,77,0.24779632473573393,0.38762878053409455,0.04844452068209648,0.14500123262405396,0.8181818127632141,0.002805005759000778
diabetes,RandomForest,691,77,0.24080479536159605,0.3831632952232641,0.045176565647125244,0.09302197396755219,0.8311688303947449,0.003024626523256302
diabetes,XGBoost,691,77,0.2576613059787055,0.40340740267561437,0.04040498659014702,0.14715398848056793,0.8051947951316833,0.003026708960533142
dresses-sales,CatBoost,450,50,0.47544969775270196,0.6682805336296266,0.06839896738529205,0.10918997973203659,0.5799999833106995,0.002774342894554138
dresses-sales,ExtraTrees,450,50,0.5058258334202662,0.700364742243982,0.10476656258106232,0.10439276695251465,0.5799999833106995,0.005014307796955109
dresses-sales,LightGBM,450,50,0.4942377599162059,0.6903916216803486,0.0813998430967331,0.1455707550048828,0.5799999833106995,0.0022162646055221558
dresses-sales,LinearModel,450,50,0.4754839133063085,0.669677049607039,0.0859629213809967,0.16328226029872894,0.6000000238418579,0.0024280548095703125
dresses-sales,NeuralNetFastAI,450,50,0.4860108557220367,0.6858803251558926,0.08823953568935394,0.20115497708320618,0.6600000262260437,0.0028009414672851562
dresses-sales,NeuralNetTorch,450,50,0.4783973666322309,0.6740741889468462,0.07664138078689575,0.07924310863018036,0.6200000047683716,0.002690475434064865
dresses-sales,RandomForest,450,50,0.5093273999298933,0.7045267652355119,0.08874472975730896,0.13689680397510529,0.5799999833106995,0.005143113434314728
dresses-sales,XGBoost,450,50,0.4990872163319763,0.6959209835562596,0.0673706978559494,0.11684604734182358,0.6000000238418579,0.0022924989461898804
eeg-eye-state,CatBoost,13482,1498,0.06058167470137115,0.1050073153009585,0.007401725742965937,0.0104001360014081,0.9606141448020935,0.009039256721735
eeg-eye-state,ExtraTrees,13482,1498,0.08076413884916914,0.13395560867543854,0.010438604280352592,0.013770803809165955,0.9405874609947205,0.01268153265118599
eeg-eye-state,LightGBM,13482,1498,0.06726713220684596,0.1138466944825402,0.008857069537043571,0.015343118458986282,0.9566088318824768,0.010192476212978363
eeg-eye-state,LinearModel,13482,1498,0.4481496592210184,0.6380512128377571,0.02278231829404831,0.054199088364839554,0.6315087080001831,0.011293534189462662
eeg-eye-state,NeuralNetFastAI,13482,1498,0.2525736100947105,0.398830858286815,0.048225414007902145,0.08344580978155136,0.8217623233795166,0.007770955562591553
eeg-eye-state,NeuralNetTorch,13482,1498,0.02607913576677403,0.04716413944466563,0.003435628954321146,0.007245239336043596,0.9833110570907593,0.008985966444015503
eeg-eye-state,RandomForest,13482,1498,0.09457050838921906,0.15867034892394477,0.009645412676036358,0.01524999551475048,0.936582088470459,0.012115970253944397
eeg-eye-state,XGBoost,13482,1498,0.07061009241833506,0.11981059034666162,0.007904709316790104,0.011216741986572742,0.9532710313796997,0.009621504694223404
electricity,CatBoost,40780,4532,0.0810079528235359,0.1400930634542445,0.005026722326874733,0.011317173950374126,0.947925865650177,0.02427920699119568
electricity,ExtraTrees,40780,4532,0.13704037565203092,0.22670430695052074,0.006137893069535494,0.011299526318907738,0.906222403049469,0.027724336832761765
electricity,LightGBM,40780,4532,0.08161878596761712,0.14301273997566194,0.007849948480725288,0.014510850422084332,0.9485878348350525,0.023034527897834778
electricity,LinearModel,40780,4532,0.32871094563194225,0.4944731999553893,0.007413089275360107,0.012881796807050705,0.7568402290344238,0.027056299149990082
electricity,NeuralNetFastAI,40780,4532,0.21951178071745972,0.3453627889374927,0.009349863976240158,0.016118019819259644,0.8435569405555725,0.025946054607629776
electricity,NeuralNetTorch,40780,4532,0.18575798034892152,0.29895265519439335,0.0200559813529253,0.030654489994049072,0.8722418546676636,0.02812408283352852
electricity,RandomForest,40780,4532,0.10573263883538746,0.18413948864546612,0.006040691398084164,0.012060804292559624,0.9298322796821594,0.027908165007829666
electricity,XGBoost,40780,4532,0.07954355958136135,0.13965432255926238,0.005951326806098223,0.011062962003052235,0.948367178440094,0.02391214668750763
fri_c0_1000_5,CatBoost,900,100,0.12170660174476972,0.19014217306309533,0.056569479405879974,0.09632177650928497,0.9100000262260437,0.002546515315771103
fri_c0_1000_5,ExtraTrees,900,100,0.1447570869189779,0.22084830865071262,0.055245351046323776,0.08833428472280502,0.8799999952316284,0.003354642540216446
fri_c0_1000_5,LightGBM,900,100,0.11537565326402452,0.17874736647233477,0.036841556429862976,0.06737791001796722,0.8999999761581421,0.0029285624623298645
fri_c0_1000_5,LinearModel,900,100,0.21327953793927665,0.3531623127994177,0.07295441627502441,0.10831474512815475,0.8399999737739563,0.002965211868286133
fri_c0_1000_5,NeuralNetFastAI,900,100,0.09899974711564674,0.15666674725841198,0.04382559657096863,0.06832534074783325,0.9399999976158142,0.002945542335510254
fri_c0_1000_5,NeuralNetTorch,900,100,0.09942690727195841,0.15280332483487186,0.02910866215825081,0.0851874127984047,0.9100000262260437,0.0031253360211849213
fri_c0_1000_5,RandomForest,900,100,0.12839929438159972,0.2148354037712119,0.05264292657375336,0.06815086305141449,0.9300000071525574,0.0030987784266471863
fri_c0_1000_5,XGBoost,900,100,0.13653505668250346,0.2141275272028837,0.039055678993463516,0.09573739767074585,0.8799999952316284,0.0029501840472221375
fri_c0_500_5,CatBoost,450,50,0.19957897461269103,0.3091352774905568,0.06966046243906021,0.14168891310691833,0.8199999928474426,0.002688288688659668
fri_c0_500_5,ExtraTrees,450,50,0.251317632149941,0.40542419435529425,0.09545713663101196,0.11904244869947433,0.800000011920929,0.002891354262828827
fri_c0_500_5,LightGBM,450,50,0.20470663495300057,0.3185281451599964,0.07739201933145523,0.11488077789545059,0.8600000143051147,0.0027570314705371857
fri_c0_500_5,LinearModel,450,50,0.29160652299057593,0.4403476371809766,0.04804890602827072,0.12754085659980774,0.7799999713897705,0.00270969420671463
fri_c0_500_5,NeuralNetFastAI,450,50,0.19285680552715312,0.28722136071985277,0.07270859181880951,0.11017799377441406,0.8399999737739563,0.0026096180081367493
fri_c0_500_5,NeuralNetTorch,450,50,0.20441968513307998,0.3037746910068765,0.0764995664358139,0.11969723552465439,0.8600000143051147,0.0029617436230182648
fri_c0_500_5,RandomForest,450,50,0.2671381036257941,0.40253953792629305,0.08747533708810806,0.13962024450302124,0.800000011920929,0.002708129584789276
fri_c0_500_5,XGBoost,450,50,0.2254978759595418,0.35295606771992794,0.07816527783870697,0.12155456840991974,0.800000011920929,0.0025013573467731476
fri_c1_1000_50,CatBoost,900,100,0.1197160309483162,0.2075191852821545,0.014874087646603584,0.050099875777959824,0.9300000071525574,0.0029592961072921753
fri_c1_1000_50,ExtraTrees,900,100,0.11454137578583168,0.19504166640205484,0.023144088685512543,0.06457771360874176,0.9300000071525574,0.003356233239173889
fri_c1_1000_50,LightGBM,900,100,0.13932734937403762,0.21651437173082855,0.03173130005598068,0.08130253851413727,0.8799999952316284,0.0029387548565864563
fri_c1_1000_50,LinearModel,900,100,0.41053761950407774,0.5969943403840426,0.04533860832452774,0.1353013664484024,0.6800000071525574,0.0029032565653324127
fri_c1_1000_50,NeuralNetFastAI,900,100,0.14860842060970278,0.2595697193301018,0.05400905758142471,0.08663609623908997,0.8999999761581421,0.0032080523669719696
fri_c1_1000_50,NeuralNetTorch,900,100,0.22967406958753322,0.3619247986746031,0.05006655678153038,0.11767268925905228,0.8500000238418579,0.0032547228038311005
fri_c1_1000_50,RandomForest,900,100,0.15638648944316172,0.2676006528046038,0.029294636100530624,0.0865432471036911,0.8999999761581421,0.003276396542787552
fri_c1_1000_50,XGBoost,900,100,0.12308566009547023,0.20327767840566366,0.03310626745223999,0.0791264995932579,0.8999999761581421,0.0029835402965545654
fri_c2_1000_25,CatBoost,900,100,0.1245863259396078,0.21452446663180746,0.0320277065038681,0.06663839519023895,0.9200000166893005,0.003170568495988846
fri_c2_1000_25,ExtraTrees,900,100,0.14687633928884794,0.25490031843354477,0.02709067240357399,0.07557981461286545,0.8799999952316284,0.0032634511590003967
fri_c2_1000_25,LightGBM,900,100,0.1439419592747,0.2495273963312652,0.031177349388599396,0.06328162550926208,0.8899999856948853,0.0030197203159332275
fri_c2_1000_25,LinearModel,900,100,0.35616076252151374,0.5258776538846024,0.05091073736548424,0.09132197499275208,0.7200000286102295,0.004704330116510391
fri_c2_1000_25,NeuralNetFastAI,900,100,0.12529661779009882,0.21210941082247017,0.02490263804793358,0.07613325119018555,0.9200000166893005,0.003398880362510681
fri_c2_1000_25,NeuralNetTorch,900,100,0.13068636804158257,0.22243984749797793,0.019951511174440384,0.059181731194257736,0.8899999856948853,0.003438912332057953
fri_c2_1000_25,RandomForest,900,100,0.1553274824325116,0.29813356571010385,0.037497613579034805,0.06268194317817688,0.8899999856948853,0.003277726471424103
fri_c2_1000_25,XGBoost,900,100,0.14353071137777473,0.2493122796842661,0.03430302068591118,0.07013891637325287,0.8899999856948853,0.0029538609087467194
fri_c2_500_50,CatBoost,450,50,0.18936004131559184,0.2935884682093045,0.05442991107702255,0.1476607769727707,0.8399999737739563,0.002703331410884857
fri_c2_500_50,ExtraTrees,450,50,0.2182361152766588,0.32863085748079823,0.05074138194322586,0.15805375576019287,0.8399999737739563,0.002896331250667572
fri_c2_500_50,LightGBM,450,50,0.18106635129097398,0.27771527783028666,0.05413440242409706,0.1242469921708107,0.8799999952316284,0.0026748590171337128
fri_c2_500_50,LinearModel,450,50,0.3856438719450446,0.5557920766732056,0.07639382779598236,0.11485611647367477,0.699999988079071,0.004377294331789017
fri_c2_500_50,NeuralNetFastAI,450,50,0.203419128432344,0.3447792101250058,0.07315585017204285,0.1568310558795929,0.8799999952316284,0.0028109215199947357
fri_c2_500_50,NeuralNetTorch,450,50,0.2654324367364333,0.421463106796531,0.050065215677022934,0.12285437434911728,0.7799999713897705,0.002893444150686264
fri_c2_500_50,RandomForest,450,50,0.22702705423687772,0.3432844966453738,0.05244004726409912,0.11575471609830856,0.8199999928474426,0.002659391611814499
fri_c2_500_50,XGBoost,450,50,0.22912605776967698,0.34729106432046,0.05440637096762657,0.1238493025302887,0.8399999737739563,0.0028507113456726074
fri_c3_1000_10,CatBoost,900,100,0.10541572726513604,0.17887219749008756,0.02875935658812523,0.07542501389980316,0.9300000071525574,0.0029530860483646393
fri_c3_1000_10,ExtraTrees,900,100,0.09288111282733423,0.16522394192215373,0.017880694940686226,0.051458586007356644,0.949999988079071,0.003421887755393982
fri_c3_1000_10,LightGBM,900,100,0.11162195922745934,0.180939914024475,0.02215759828686714,0.04558723792433739,0.9300000071525574,0.0030433274805545807
fri_c3_1000_10,LinearModel,900,100,0.38643933928509044,0.567157445210527,0.04911462962627411,0.13447505235671997,0.7099999785423279,0.003049079328775406
fri_c3_1000_10,NeuralNetFastAI,900,100,0.08276493877869523,0.14173599626240244,0.034834735095500946,0.06143079325556755,0.949999988079071,0.0030122138559818268
fri_c3_1000_10,NeuralNetTorch,900,100,0.09271527627203416,0.17220179880998512,0.028354428708553314,0.07225391268730164,0.949999988079071,0.0032206475734710693
fri_c3_1000_10,RandomForest,900,100,0.11499733587750387,0.20980240254405644,0.023816201835870743,0.0902266651391983,0.9399999976158142,0.003103412687778473
fri_c3_1000_10,XGBoost,900,100,0.09907290766113296,0.1804363239127014,0.030366571620106697,0.07395424693822861,0.949999988079071,0.003023795783519745
fri_c3_1000_25,CatBoost,900,100,0.10976034515191924,0.1654463528885129,0.029375780373811722,0.06375452131032944,0.9100000262260437,0.002862371504306793
fri_c3_1000_25,ExtraTrees,900,100,0.10187685527859172,0.15577386682665595,0.02323042042553425,0.05682627856731415,0.9200000166893005,0.0034113414585590363
fri_c3_1000_25,LightGBM,900,100,0.07960811827689852,0.1329365153892659,0.020138878375291824,0.06562674790620804,0.9599999785423279,0.003050774335861206
fri_c3_1000_25,LinearModel,900,100,0.428301548681765,0.6095604757118975,0.039889782667160034,0.04518299922347069,0.6399999856948853,0.0029223598539829254
fri_c3_1000_25,NeuralNetFastAI,900,100,0.08041087108195835,0.13880470489153024,0.02564788982272148,0.05088181793689728,0.949999988079071,0.00304996594786644
fri_c3_1000_25,NeuralNetTorch,900,100,0.0806475616247411,0.1626210509298945,0.03131820261478424,0.07441586256027222,0.9599999785423279,0.0033019892871379852
fri_c3_1000_25,RandomForest,900,100,0.1362735351465243,0.20905344367933096,0.028554586693644524,0.06821443140506744,0.9100000262260437,0.0033308714628219604
fri_c3_1000_25,XGBoost,900,100,0.0982633898804459,0.16247156192856463,0.022253787145018578,0.07283215969800949,0.9300000071525574,0.0029254481196403503
fri_c3_500_10,CatBoost,450,50,0.21235482709592227,0.3466427083949973,0.06916403770446777,0.12318466603755951,0.8600000143051147,0.002791706472635269
fri_c3_500_10,ExtraTrees,450,50,0.24344087946246465,0.41717255551042237,0.08443871140480042,0.12390441447496414,0.8600000143051147,0.003185633569955826
fri_c3_500_10,LightGBM,450,50,0.2532265901889191,0.4058111775149966,0.07616686820983887,0.1404138058423996,0.800000011920929,0.002623327076435089
fri_c3_500_10,LinearModel,450,50,0.3997451271502435,0.5857808411283573,0.08135614544153214,0.169698566198349,0.7400000095367432,0.0026584789156913757
fri_c3_500_10,NeuralNetFastAI,450,50,0.22287059498303957,0.37588302773840765,0.0632251650094986,0.15719035267829895,0.8399999737739563,0.0028167031705379486
fri_c3_500_10,NeuralNetTorch,450,50,0.17795032431207816,0.29005444636446454,0.03938356786966324,0.11267131567001343,0.8799999952316284,0.0024874024093151093
fri_c3_500_10,RandomForest,450,50,0.22589016881897947,0.38392115143129296,0.07353466004133224,0.1203031986951828,0.8399999737739563,0.0029559507966041565
fri_c3_500_10,XGBoost,450,50,0.21166866075541318,0.35006819530626887,0.06827982515096664,0.13391879200935364,0.8600000143051147,0.0027705468237400055
fri_c3_500_50,CatBoost,450,50,0.22159284482130281,0.3450090521557155,0.0742713212966919,0.1686641275882721,0.800000011920929,0.002633236348628998
fri_c3_500_50,ExtraTrees,450,50,0.1970932770171072,0.31159820785835585,0.07501257210969925,0.1421753168106079,0.8600000143051147,0.0030129849910736084
fri_c3_500_50,LightGBM,450,50,0.18533887440891128,0.3080554800292432,0.04779720678925514,0.11958713084459305,0.8799999952316284,0.0030536167323589325
fri_c3_500_50,LinearModel,450,50,0.42452452354371334,0.604512673043622,0.10050898790359497,0.15324129164218903,0.6000000238418579,0.0026058852672576904
fri_c3_500_50,NeuralNetFastAI,450,50,0.4273011946525753,0.6127920378096058,0.08153426647186279,0.22673936188220978,0.6600000262260437,0.002611342817544937
fri_c3_500_50,NeuralNetTorch,450,50,0.40833702504262215,0.5959777234706334,0.08379969000816345,0.12065692245960236,0.6800000071525574,0.0026313327252864838
fri_c3_500_50,RandomForest,450,50,0.19110354204699995,0.30287836408424246,0.03882652893662453,0.11763551086187363,0.8799999952316284,0.002869497984647751
fri_c3_500_50,XGBoost,450,50,0.1728217957076683,0.2963818898174402,0.04506707563996315,0.10626362264156342,0.8799999952316284,0.0022103339433670044
fri_c4_500_100,CatBoost,450,50,0.16401990212965548,0.24595302690851908,0.05443549156188965,0.12641511857509613,0.8999999761581421,0.002647746354341507
fri_c4_500_100,ExtraTrees,450,50,0.15449176390582775,0.23430840148921553,0.05782328546047211,0.09412971884012222,0.8399999737739563,0.004723936319351196
fri_c4_500_100,LightGBM,450,50,0.15077681265674014,0.2385898648627917,0.04911206290125847,0.11182218044996262,0.8999999761581421,0.002796746790409088
fri_c4_500_100,LinearModel,450,50,0.44694714651084394,0.6357300674398886,0.07814090698957443,0.14358490705490112,0.6000000238418579,0.0043112412095069885
fri_c4_500_100,NeuralNetFastAI,450,50,0.4512245586184057,0.6419150480931196,0.09328268468379974,0.08572869747877121,0.6399999856948853,0.0025028400123119354
fri_c4_500_100,NeuralNetTorch,450,50,0.4484977568847955,0.6403619398827378,0.10853040218353271,0.1396530717611313,0.699999988079071,0.0027945712208747864
fri_c4_500_100,RandomForest,450,50,0.17239937027736288,0.26349070779818357,0.04355262964963913,0.13863463699817657,0.8799999952316284,0.0029007382690906525
fri_c4_500_100,XGBoost,450,50,0.14820101896286675,0.22935308741143431,0.051728568971157074,0.08863411843776703,0.8999999761581421,0.0028015971183776855
fried,CatBoost,36691,4077,0.09254756808490641,0.14583131468636867,0.006729392800480127,0.010949433781206608,0.9313220381736755,0.019221406430006027
fried,ExtraTrees,36691,4077,0.1141128927677369,0.17900944594246496,0.009318369440734386,0.016081981360912323,0.9205297827720642,0.02227676659822464
fried,LightGBM,36691,4077,0.09343800395809332,0.1476515773990463,0.00703307893127203,0.012038321234285831,0.9298503994941711,0.021633509546518326
fried,LinearModel,36691,4077,0.2320910254083143,0.36833619837790277,0.010647397488355637,0.01854187250137329,0.8386068344116211,0.02105322852730751
fried,NeuralNetFastAI,36691,4077,0.0912041709898764,0.14423529857710413,0.008239233866333961,0.012331049889326096,0.9337748289108276,0.018848996609449387
fried,NeuralNetTorch,36691,4077,0.09080245432664134,0.1439323494676852,0.006551102269440889,0.012108301743865013,0.9350012540817261,0.02119213342666626
fried,RandomForest,36691,4077,0.11550448086988314,0.18215625435248056,0.008640607818961143,0.01674189232289791,0.9153789281845093,0.015824656933546066
fried,XGBoost,36691,4077,0.09455607755488807,0.1504823390682154,0.006532114930450916,0.011240517720580101,0.9335295557975769,0.021744225174188614
gina,CatBoost,2837,316,0.060589617855155396,0.10384642524964245,0.010717577300965786,0.031804706901311874,0.9588607549667358,0.003928583115339279
gina,ExtraTrees,2837,316,0.093774567721112,0.16096968507401743,0.011411989107728004,0.02969074249267578,0.9430379867553711,0.00466059148311615
gina,LightGBM,2837,316,0.06347604477112107,0.11096276925899912,0.01027924194931984,0.026089796796441078,0.9588607549667358,0.003842528909444809
gina,LinearModel,2837,316,0.22346772709294055,0.3612939965237384,0.04387969151139259,0.0794103592634201,0.8417721390724182,0.005097482353448868
gina,NeuralNetFastAI,2837,316,0.0555692208924626,0.10553626448366966,0.02890811115503311,0.05389130860567093,0.9746835231781006,0.005121584981679916
gina,NeuralNetTorch,2837,316,0.05780534369649213,0.1119902925021503,0.029219994321465492,0.06007455289363861,0.9778481125831604,0.004847541451454163
gina,RandomForest,2837,316,0.09075757896187596,0.15620113035031835,0.007653232663869858,0.03062867745757103,0.9398733973503113,0.0045479945838451385
gina,XGBoost,2837,316,0.06795270026428252,0.11737116232243575,0.009390614926815033,0.02365458384156227,0.9556962251663208,0.003905516117811203
hill-valley,CatBoost,1090,122,0.4805130687672454,0.6733293209301912,0.04932937026023865,0.06703808158636093,0.5573770403862,0.0028666555881500244
hill-valley,ExtraTrees,1090,122,0.46692426091774564,0.6594816441201715,0.043029047548770905,0.08264008164405823,0.6065573692321777,0.0030886344611644745
hill-valley,LightGBM,1090,122,0.4523846237093368,0.6437889730270303,0.053510911762714386,0.057717546820640564,0.5983606576919556,0.002971883863210678
hill-valley,LinearModel,1090,122,0.152258973608075,0.27904486405626133,0.06799757480621338,0.09643764793872833,0.9016393423080444,0.003198016434907913
hill-valley,NeuralNetFastAI,1090,122,0.2793475764494964,0.4204982468935101,0.14304552972316742,0.1855151206254959,0.8196721076965332,0.003640364855527878
hill-valley,NeuralNetTorch,1090,122,0.13140559627664689,0.22637733794279793,0.0436035692691803,0.06911397725343704,0.9098360538482666,0.006452832370996475
hill-valley,RandomForest,1090,122,0.46855993112156974,0.6611306832081075,0.05681438744068146,0.07770534604787827,0.631147563457489,0.003055516630411148
hill-valley,XGBoost,1090,122,0.4750353780987327,0.6676925265988497,0.032387249171733856,0.03108525276184082,0.5901639461517334,0.00310371071100235
hiva_agnostic,CatBoost,3806,423,0.06371648807210115,0.13602552359391146,0.012191317975521088,0.023370537906885147,0.9645389914512634,0.005314681679010391
hiva_agnostic,ExtraTrees,3806,423,0.06514730572600423,0.14134673760898492,0.015126464888453484,0.016805225983262062,0.9621749520301819,0.006660871207714081
hiva_agnostic,LightGBM,3806,423,0.06340987503531985,0.13759704658840044,0.011058581992983818,0.01739692874252796,0.9645389914512634,0.004738934338092804
hiva_agnostic,LinearModel,3806,423,0.06230375834669609,0.13783149308650866,0.014801684767007828,0.013216362334787846,0.9645389914512634,0.0061335936188697815
hiva_agnostic,NeuralNetFastAI,3806,423,0.06003837856909584,0.13439884142555217,0.01139152329415083,0.012432873249053955,0.9669030904769897,0.004691343754529953
hiva_agnostic,NeuralNetTorch,3806,423,0.06242003785634508,0.13919414177811837,0.012639697641134262,0.022587254643440247,0.9669030904769897,0.004943773150444031
hiva_agnostic,RandomForest,3806,423,0.06527289345838086,0.13854317322749563,0.013062653131783009,0.018905943259596825,0.9621749520301819,0.006690282374620438
hiva_agnostic,XGBoost,3806,423,0.06197601734538211,0.13378938511369326,0.011770224198698997,0.021000802516937256,0.9669030904769897,0.004620365798473358
houses,CatBoost,18576,2064,0.016297007972558744,0.02933863701825917,0.0034670657478272915,0.008365146815776825,0.9903100728988647,0.01339741051197052
houses,ExtraTrees,18576,2064,0.01579965114029141,0.02872017347323545,0.004165497608482838,0.006960553117096424,0.9893410801887512,0.010289013385772705
houses,LightGBM,18576,2064,0.018063485471395243,0.031890089635870984,0.004978444427251816,0.006423276849091053,0.9869186282157898,0.010835863649845123
houses,LinearModel,18576,2064,0.04674788462783239,0.08341426717877837,0.007514954544603825,0.018813729286193848,0.9685077667236328,0.011278834193944931
houses,NeuralNetFastAI,18576,2064,0.017843660917987347,0.03200541594808155,0.004638450685888529,0.008829116821289062,0.9874030947685242,0.010205168277025223
houses,NeuralNetTorch,18576,2064,0.018820690549875504,0.03374976200427654,0.004410805646330118,0.008241360075771809,0.9864341020584106,0.014841914176940918
houses,RandomForest,18576,2064,0.018897628272183265,0.03283925629006505,0.003654401982203126,0.007076868787407875,0.9883720874786377,0.014756590127944946
houses,XGBoost,18576,2064,0.017819486665841433,0.03157840020590925,0.004114381968975067,0.007451008539646864,0.9893410801887512,0.010422270745038986
ilpd,CatBoost,524,59,0.3656473896761647,0.5334542441075285,0.05381796136498451,0.081468366086483,0.694915235042572,0.0049080438911914825
ilpd,ExtraTrees,524,59,0.35073503200964606,0.5042342496737016,0.046962231397628784,0.0970870777964592,0.7288135886192322,0.004949580878019333
ilpd,LightGBM,524,59,0.36183462407224576,0.5243106407997985,0.06750249117612839,0.16698692739009857,0.7118644118309021,0.002885628491640091
ilpd,LinearModel,524,59,0.40777527208801384,0.8257721205341904,0.08565689623355865,0.13705140352249146,0.6440678238868713,0.0028684549033641815
ilpd,NeuralNetFastAI,524,59,0.35200507790566454,0.49783891197199276,0.06410881876945496,0.1397547870874405,0.6610169410705566,0.004686187952756882
ilpd,NeuralNetTorch,524,59,0.36686314560417826,0.5390339870194731,0.05472245067358017,0.058300506323575974,0.6779661178588867,0.0028983578085899353
ilpd,RandomForest,524,59,0.359621553987528,0.5201958906363745,0.04263417422771454,0.11361163854598999,0.7118644118309021,0.004698056727647781
ilpd,XGBoost,524,59,0.37052230620311993,0.5345434891330971,0.06671290844678879,0.1243547722697258,0.6779661178588867,0.004629082977771759
jasmine,CatBoost,2685,299,0.26426448893675014,0.40261678235962933,0.028537655249238014,0.06322842836380005,0.8060200810432434,0.004858635365962982
jasmine,ExtraTrees,2685,299,0.2721546366264002,0.4083595126301498,0.02440468594431877,0.05084409564733505,0.8193979859352112,0.004890531301498413
jasmine,LightGBM,2685,299,0.25849614777380947,0.3958596793031777,0.02025420218706131,0.05522172525525093,0.8227424621582031,0.004038073122501373
jasmine,LinearModel,2685,299,0.2883624464103964,0.44180707973650657,0.02159307710826397,0.03688855469226837,0.7959865927696228,0.004341181367635727
jasmine,NeuralNetFastAI,2685,299,0.2825652563789323,0.42694690112137734,0.027544990181922913,0.04118024930357933,0.8093645572662354,0.004665851593017578
jasmine,NeuralNetTorch,2685,299,0.2817429754976144,0.42597834218909914,0.029535233974456787,0.05459628999233246,0.8093645572662354,0.004750479012727737
jasmine,RandomForest,2685,299,0.26245636862566607,0.394482745448379,0.03741477429866791,0.08069977164268494,0.8026756048202515,0.005088590085506439
jasmine,XGBoost,2685,299,0.2571699169765788,0.3941942256403688,0.02094298228621483,0.046615149825811386,0.8260869383811951,0.004637923091650009
jm1,CatBoost,9796,1089,0.26443669408794435,0.41737422118821177,0.010064275935292244,0.026406526565551758,0.8163452744483948,0.00814325362443924
jm1,ExtraTrees,9796,1089,0.26165323047935185,0.41176835130416306,0.01138250157237053,0.02874983847141266,0.8209366202354431,0.008513394743204117
jm1,LightGBM,9796,1089,0.26434615308792364,0.4179542075942729,0.01178743690252304,0.02474728599190712,0.8181818127632141,0.006244100630283356
jm1,LinearModel,9796,1089,0.27966523792103803,0.4416327107395696,0.012315534055233002,0.028365878388285637,0.8163452744483948,0.011087484657764435
jm1,NeuralNetFastAI,9796,1089,0.27022003994797744,0.43137727304334417,0.01697240024805069,0.039223987609148026,0.8255280256271362,0.009372595697641373
jm1,NeuralNetTorch,9796,1089,0.2750948974942744,0.4343155987356785,0.017033912241458893,0.02985292300581932,0.8135904669761658,0.010667234659194946
jm1,RandomForest,9796,1089,0.26211023336597583,0.41393347826588767,0.01099846139550209,0.021554170176386833,0.8209366202354431,0.01033574715256691
jm1,XGBoost,9796,1089,0.26417029045980284,0.41733104603145754,0.010111011564731598,0.02954155020415783,0.8163452744483948,0.009445048868656158
kc1,CatBoost,1898,211,0.1846519007228201,0.30915678672620517,0.027024779468774796,0.05590762197971344,0.8720378875732422,0.003940843045711517
kc1,ExtraTrees,1898,211,0.1797147674738797,0.2946054812475147,0.01917867176234722,0.03324698284268379,0.8767772316932678,0.004371467977762222
kc1,LightGBM,1898,211,0.19222563376641089,0.3175008489346755,0.017609363421797752,0.038670435547828674,0.8815165758132935,0.003456510603427887
kc1,LinearModel,1898,211,0.209076954645299,0.33790435810788066,0.027845699340105057,0.06316152215003967,0.8530805706977844,0.0037300027906894684
kc1,NeuralNetFastAI,1898,211,0.19198988930807778,0.3180307111340991,0.02835005521774292,0.05427411571145058,0.8720378875732422,0.0034114867448806763
kc1,NeuralNetTorch,1898,211,0.21070767485778,0.3369742207968344,0.02209078148007393,0.029879126697778702,0.8530805706977844,0.0038117803633213043
kc1,RandomForest,1898,211,0.18312171895303989,0.29829521006176546,0.02185799926519394,0.03237408027052879,0.8815165758132935,0.004154149442911148
kc1,XGBoost,1898,211,0.201819416396099,0.33343838058738423,0.02281806990504265,0.05275256931781769,0.8767772316932678,0.0038893520832061768
kc2,CatBoost,469,53,0.2454336219481008,0.3678280393920277,0.07577774673700333,0.1424257457256317,0.7735849022865295,0.002862103283405304
kc2,ExtraTrees,469,53,0.2512846706827623,0.37667721062691023,0.06702376157045364,0.13495539128780365,0.7735849022865295,0.0038955435156822205
kc2,LightGBM,469,53,0.23522431446637407,0.35476256867533235,0.09063063561916351,0.15957961976528168,0.7924528121948242,0.0030960291624069214
kc2,LinearModel,469,53,0.24435815054582252,0.36900219543744833,0.06956618279218674,0.13756202161312103,0.8113207817077637,0.002832546830177307
kc2,NeuralNetFastAI,469,53,0.25054379737998617,0.3714445955464869,0.06958883255720139,0.13063013553619385,0.7735849022865295,0.002863757312297821
kc2,NeuralNetTorch,469,53,0.25387772041076007,0.38601150064671513,0.06225265562534332,0.13692371547222137,0.7735849022865295,0.0026954971253871918
kc2,RandomForest,469,53,0.24502594842369585,0.37265759698760037,0.081268310546875,0.17650550603866577,0.8301886916160583,0.0028306245803833008
kc2,XGBoost,469,53,0.23900098168619327,0.36231798877001287,0.08029419183731079,0.16380347311496735,0.7924528121948242,0.0027239397168159485
kdd_el_nino-small,CatBoost,703,79,0.0994085956057007,0.1472040918767184,0.034916236996650696,0.07507603615522385,0.9240506291389465,0.0030691400170326233
kdd_el_nino-small,ExtraTrees,703,79,0.11170180753602711,0.17930196466768566,0.028980763629078865,0.06662321090698242,0.9367088675498962,0.003641940653324127
kdd_el_nino-small,LightGBM,703,79,0.10996615656119113,0.17004545572293334,0.04016392305493355,0.07102370262145996,0.9367088675498962,0.0033201538026332855
kdd_el_nino-small,LinearModel,703,79,0.09995989275141731,0.1546449046064568,0.0318351611495018,0.06719842553138733,0.9113923907279968,0.002912752330303192
kdd_el_nino-small,NeuralNetFastAI,703,79,0.10033484805787918,0.18872637648989066,0.029093872755765915,0.059016935527324677,0.949367105960846,0.0029832087457180023
kdd_el_nino-small,NeuralNetTorch,703,79,0.1243627892904505,0.2122768584850765,0.034916430711746216,0.07836218178272247,0.9113923907279968,0.003009926527738571
kdd_el_nino-small,RandomForest,703,79,0.10216448386903539,0.15256284889928892,0.026981867849826813,0.06771863251924515,0.9367088675498962,0.0032610297203063965
kdd_el_nino-small,XGBoost,703,79,0.10963496952728032,0.17677817759928932,0.037409864366054535,0.06733185797929764,0.9367088675498962,0.0032957978546619415
kdd_internet_usage,CatBoost,9097,1011,0.15039746855020258,0.2378827522853232,0.011986963450908661,0.02718847617506981,0.9000989198684692,0.008818037807941437
kdd_internet_usage,ExtraTrees,9097,1011,0.1610605268007302,0.25300559988345067,0.015456153079867363,0.02898409403860569,0.8872403502464294,0.00930921733379364
kdd_internet_usage,LightGBM,9097,1011,0.15043248461042794,0.23622152355303216,0.01302974671125412,0.022862643003463745,0.895153284072876,0.008637305349111557
kdd_internet_usage,LinearModel,9097,1011,0.16885210407048115,0.2732942478575993,0.011335954070091248,0.020906388759613037,0.8783382773399353,0.008567310869693756
kdd_internet_usage,NeuralNetFastAI,9097,1011,0.1518994118224358,0.23471336607109633,0.012663834728300571,0.02848726511001587,0.8892185688018799,0.009192973375320435
kdd_internet_usage,NeuralNetTorch,9097,1011,0.1515924009249471,0.2354513974505043,0.01462593488395214,0.02737260051071644,0.8911968469619751,0.008708484470844269
kdd_internet_usage,RandomForest,9097,1011,0.1608981738766327,0.2530273919047913,0.015274390578269958,0.03285326436161995,0.8892185688018799,0.009045537561178207
kdd_internet_usage,XGBoost,9097,1011,0.14964979996470987,0.2365768466749949,0.012148943729698658,0.029704105108976364,0.8971315622329712,0.0085250623524189
kick,CatBoost,65684,7299,0.16130501234662614,0.28444418462748333,0.005073625594377518,0.00886446237564087,0.9035484194755554,0.03270318731665611
kick,ExtraTrees,65684,7299,0.1695939013926377,0.29744400780339414,0.006346859969198704,0.013667150400578976,0.8980682492256165,0.03282347694039345
kick,LightGBM,65684,7299,0.1642231013100047,0.2897915777663279,0.004153359681367874,0.009138121269643307,0.9020413756370544,0.0352449007332325
kick,LinearModel,65684,7299,0.1710799835096864,0.3011500713603374,0.0032717864960432053,0.006305443122982979,0.8980682492256165,0.03272448480129242
kick,NeuralNetFastAI,65684,7299,0.1637453336367784,0.2886188601460237,0.005262453109025955,0.011429051868617535,0.9025893807411194,0.032330721616744995
kick,NeuralNetTorch,65684,7299,0.16364200886616462,0.28907974440057405,0.0031420402228832245,0.00780676631256938,0.9028633832931519,0.03469669818878174
kick,RandomForest,65684,7299,0.16786667043680026,0.29472396218980207,0.005728213116526604,0.013393956236541271,0.8982052206993103,0.04346846044063568
kick,XGBoost,65684,7299,0.16171469806945343,0.28529322830234444,0.004366159439086914,0.008485879749059677,0.9035484194755554,0.03291657939553261
kin8nm,CatBoost,7372,820,0.1460225336296024,0.23303794349257337,0.01806880533695221,0.03720129653811455,0.8975609540939331,0.006605125963687897
kin8nm,ExtraTrees,7372,820,0.21476760035658,0.3367561663345559,0.023879796266555786,0.042673997581005096,0.8463414907455444,0.007559876888990402
kin8nm,LightGBM,7372,820,0.15231372185508088,0.24241930099972323,0.016397520899772644,0.027869444340467453,0.8878048658370972,0.006060466170310974
kin8nm,LinearModel,7372,820,0.35533623475103615,0.535076343032668,0.01462237536907196,0.0336928516626358,0.7353658676147461,0.006796792149543762
kin8nm,NeuralNetFastAI,7372,820,0.1287632820362214,0.20350069477031185,0.01551339402794838,0.03036525659263134,0.9048780202865601,0.006232842803001404
kin8nm,NeuralNetTorch,7372,820,0.1279190127966633,0.2007587921733597,0.01465090736746788,0.0317976213991642,0.9121951460838318,0.005222450941801071
kin8nm,RandomForest,7372,820,0.21335233721966623,0.3349593040516177,0.021995143964886665,0.038059040904045105,0.8487805128097534,0.007154699414968491
kin8nm,XGBoost,7372,820,0.17762737208502571,0.28567071155608104,0.024557003751397133,0.03484746068716049,0.8804877996444702,0.006607219576835632
madeline,CatBoost,2826,314,0.19267419414816675,0.32625608894924496,0.02210032008588314,0.047425415366888046,0.8694267272949219,0.003847479820251465
madeline,ExtraTrees,2826,314,0.221215106719339,0.372574866904671,0.02217564731836319,0.039395347237586975,0.8407643437385559,0.0048224590718746185
madeline,LightGBM,2826,314,0.21277887908432447,0.35804081044442687,0.02384916879236698,0.03942479193210602,0.8598726391792297,0.0037007778882980347
madeline,LinearModel,2826,314,0.48196446123373693,0.6746486957438566,0.023625284433364868,0.03644696623086929,0.5859872698783875,0.003971010446548462
madeline,NeuralNetFastAI,2826,314,0.3906097625267127,0.5740951892656925,0.057746317237615585,0.1061139926314354,0.7165604829788208,0.00381571426987648
madeline,NeuralNetTorch,2826,314,0.3655070856737904,0.5465084276947676,0.06495174765586853,0.09934034198522568,0.7675158977508545,0.004323113709688187
madeline,RandomForest,2826,314,0.23070057664504048,0.38751068620666596,0.021430164575576782,0.05114928260445595,0.843949019908905,0.004266414791345596
madeline,XGBoost,2826,314,0.2172313945371856,0.36380616867087534,0.02467925474047661,0.04307961091399193,0.8662420511245728,0.0037232711911201477
madelon,CatBoost,2340,260,0.1885708597102881,0.3174965698090002,0.026115350425243378,0.05865727737545967,0.8692307472229004,0.002803206443786621
madelon,ExtraTrees,2340,260,0.21143509027052987,0.35138048648069925,0.031015943735837936,0.06813850998878479,0.8653846383094788,0.004277311265468597
madelon,LightGBM,2340,260,0.19283200691712943,0.3299466012965382,0.04644601792097092,0.09632102400064468,0.8807692527770996,0.0036969371140003204
madelon,LinearModel,2340,260,0.48803562060007605,0.6811299747944582,0.03811393678188324,0.023717500269412994,0.5769230723381042,0.0035114362835884094
madelon,NeuralNetFastAI,2340,260,0.40708728532040933,0.5961008305859493,0.07976552098989487,0.12302228808403015,0.7423076629638672,0.0035322047770023346
madelon,NeuralNetTorch,2340,260,0.43312541579757363,0.6238575342225943,0.07232202589511871,0.12180329114198685,0.6884615421295166,0.003865491598844528
madelon,RandomForest,2340,260,0.2168366116023929,0.3611001201131448,0.029111551120877266,0.07721994817256927,0.8500000238418579,0.004220698028802872
madelon,XGBoost,2340,260,0.19863314796172205,0.3342241244054608,0.028949979692697525,0.06764519214630127,0.8846153616905212,0.003932952880859375
mammography,CatBoost,10064,1119,0.0212062093284959,0.04898577372385751,0.0027276454493403435,0.005171479191631079,0.9874888062477112,0.008297573775053024
mammography,ExtraTrees,10064,1119,0.025565653874277845,0.05630781522104412,0.005899493582546711,0.009262172505259514,0.9865951538085938,0.0090741366147995
mammography,LightGBM,10064,1119,0.02321690596949322,0.050327032793784525,0.004350772127509117,0.009862548671662807,0.9857015013694763,0.008272737264633179
mammography,LinearModel,10064,1119,0.030283919903265948,0.07923751969006189,0.007387195713818073,0.010180886834859848,0.9803395867347717,0.006575055420398712
mammography,NeuralNetFastAI,10064,1119,0.024321947603623797,0.05554306205279375,0.0040727476589381695,0.009172476828098297,0.9848078489303589,0.009253419935703278
mammography,NeuralNetTorch,10064,1119,0.02522486647575715,0.05588403327832701,0.00355755677446723,0.009179042652249336,0.9857015013694763,0.008872143924236298
mammography,RandomForest,10064,1119,0.02583628513915324,0.05517206877813264,0.0054677510634064674,0.008920122869312763,0.9857015013694763,0.009148038923740387
mammography,XGBoost,10064,1119,0.022713483561378315,0.050770224008689115,0.00412594573572278,0.0061764963902533054,0.9865951538085938,0.009731341153383255
mc1,CatBoost,8519,947,0.008061586202503458,0.015973967126810464,0.0023176148533821106,0.003937276545912027,0.9947201609611511,0.007711607962846756
mc1,ExtraTrees,8519,947,0.008472865740672717,0.018867783949935452,0.0028400311712175608,0.004162128083407879,0.9947201609611511,0.005942046642303467
mc1,LightGBM,8519,947,0.0066967464838967655,0.013784126207584351,0.0015104198828339577,0.004320903215557337,0.9968320727348328,0.006561782211065292
mc1,LinearModel,8519,947,0.010718654913591037,0.028243476381769664,0.004055454861372709,0.0017329957336187363,0.9947201609611511,0.008302614092826843
mc1,NeuralNetFastAI,8519,947,0.010315806492450398,0.025804752155808665,0.002746426500380039,0.0019316866528242826,0.9947201609611511,0.005746237933635712
mc1,NeuralNetTorch,8519,947,0.011962846812492893,0.029777316514365125,0.004450025502592325,0.00418773153796792,0.9926082491874695,0.007877908647060394
mc1,RandomForest,8519,947,0.010181226569583203,0.021702502154022894,0.0026409754063934088,0.0029140375554561615,0.9947201609611511,0.009100422263145447
mc1,XGBoost,8519,947,0.007579199526210397,0.014602830917625393,0.0013641932746395469,0.0022760401479899883,0.9947201609611511,0.007326357066631317
meta,CatBoost,475,53,0.09934554551446285,0.15213871522734848,0.04874805361032486,0.08575721085071564,0.9245283007621765,0.0031400546431541443
meta,ExtraTrees,475,53,0.13190962184056373,0.21815503549550996,0.06426665186882019,0.12667272984981537,0.9056603908538818,0.00488957017660141
meta,LightGBM,475,53,0.10682809801077531,0.16266205705981682,0.0510590635240078,0.0703173354268074,0.9245283007621765,0.002942141145467758
meta,LinearModel,475,53,0.09256609532006928,0.1541773074362737,0.047495145350694656,0.07503493875265121,0.9433962106704712,0.002813424915075302
meta,NeuralNetFastAI,475,53,0.10864685069639655,0.1808816293705152,0.06839475780725479,0.10344298183917999,0.9245283007621765,0.0027734078466892242
meta,NeuralNetTorch,475,53,0.07623339168711159,0.13249438765499782,0.05151873826980591,0.06530219316482544,0.9622641801834106,0.0030969716608524323
meta,RandomForest,475,53,0.12596897377644736,0.20733279266566815,0.07750953733921051,0.09308753907680511,0.9056603908538818,0.0033708028495311737
meta,XGBoost,475,53,0.09957579924477465,0.15871720282417862,0.05737745016813278,0.08134802430868149,0.9433962106704712,0.002962931990623474
mozilla4,CatBoost,13990,1555,0.06803947854673334,0.12108700209162666,0.008659154176712036,0.012840443290770054,0.9569131731987,0.006845805794000626
mozilla4,ExtraTrees,13990,1555,0.06917952508409382,0.125737584505206,0.008463878184556961,0.015102935023605824,0.9543408155441284,0.01032084971666336
mozilla4,LightGBM,13990,1555,0.06561594283120052,0.11724883449318059,0.006603464484214783,0.01834222860634327,0.9549839496612549,0.01125187799334526
mozilla4,LinearModel,13990,1555,0.11467130595933295,0.20193067607111032,0.014101045206189156,0.01820375770330429,0.9337620735168457,0.010705474764108658
mozilla4,NeuralNetFastAI,13990,1555,0.11506668030965897,0.20689991209779768,0.010292483493685722,0.01606553979218006,0.9266880750656128,0.01198737695813179
mozilla4,NeuralNetTorch,13990,1555,0.09148218956346103,0.15994084001827444,0.012390993535518646,0.02249673195183277,0.9382636547088623,0.01276443898677826
mozilla4,RandomForest,13990,1555,0.06839742014253879,0.12181930422975519,0.009563744068145752,0.014166866429150105,0.9543408155441284,0.012296907603740692
mozilla4,XGBoost,13990,1555,0.06740033243041484,0.11998385434945359,0.008420005440711975,0.016351886093616486,0.9536977410316467,0.010081920772790909
no2,CatBoost,450,50,0.43846688768441966,0.6260945731944433,0.07365906238555908,0.1312219202518463,0.6200000047683716,0.0026575028896331787
no2,ExtraTrees,450,50,0.4322648017489818,0.6190312224328407,0.08196024596691132,0.2036471664905548,0.6399999856948853,0.0027359016239643097
no2,LightGBM,450,50,0.4280927216015629,0.6151345760325466,0.05141866207122803,0.12390294671058655,0.6399999856948853,0.0026446469128131866
no2,LinearModel,450,50,0.47348094475575125,0.6658308228159936,0.12761184573173523,0.13580329716205597,0.5400000214576721,0.004057694226503372
no2,NeuralNetFastAI,450,50,0.4304806861257,0.618389319576175,0.06983135640621185,0.12032201886177063,0.6200000047683716,0.002678096294403076
no2,NeuralNetTorch,450,50,0.44534300437702584,0.6367580901363344,0.05305107310414314,0.07567697763442993,0.6399999856948853,0.00248800590634346
no2,RandomForest,450,50,0.4269707945321157,0.6122577184559347,0.06611417233943939,0.12842006981372833,0.5600000023841858,0.0024781636893749237
no2,XGBoost,450,50,0.4271086464708614,0.613582831868452,0.05366379767656326,0.12358395010232925,0.6200000047683716,0.002711910754442215
nomao,CatBoost,31018,3447,0.037837441900575204,0.0671409699379029,0.0019170314772054553,0.006037453189492226,0.9744705557823181,0.020291026681661606
nomao,ExtraTrees,31018,3447,0.051052385505641826,0.10237960569679332,0.006564062554389238,0.011680112220346928,0.9654772281646729,0.020931832492351532
nomao,LightGBM,31018,3447,0.03783507840965614,0.06735248878396863,0.0025819558650255203,0.005307090003043413,0.9756309986114502,0.021684810519218445
nomao,LinearModel,31018,3447,0.0731675155806698,0.12512011343027032,0.004223348572850227,0.007271094713360071,0.9503916501998901,0.019884441047906876
nomao,NeuralNetFastAI,31018,3447,0.05267524552863035,0.09229116048532911,0.004759293980896473,0.009196927770972252,0.9675079584121704,0.021149426698684692
nomao,NeuralNetTorch,31018,3447,0.05211656788728975,0.09227284178673818,0.004317922051995993,0.010507830418646336,0.965187132358551,0.01639522984623909
nomao,RandomForest,31018,3447,0.04730820616867779,0.10127465493395821,0.00524437939748168,0.007983433082699776,0.9704090356826782,0.020596101880073547
nomao,XGBoost,31018,3447,0.03795963852441555,0.06738083492094694,0.0036726496182382107,0.006384922657161951,0.9753409028053284,0.02066376805305481
numerai28_6,CatBoost,86688,9632,0.4991092704218821,0.692256080249359,0.007921159267425537,0.002827814081683755,0.5154692530632019,0.037330444902181625
numerai28_6,ExtraTrees,86688,9632,0.49903042257268526,0.6921755387995407,0.005055859684944153,0.00534438993781805,0.5158845782279968,0.03673071041703224
numerai28_6,LightGBM,86688,9632,0.49907706707272714,0.6922214843078771,0.008038163185119629,0.002733511384576559,0.5126661062240601,0.03698679804801941
numerai28_6,LinearModel,86688,9632,0.4990870579034201,0.6922333888021389,0.005534529685974121,0.0011592311784625053,0.5193106532096863,0.03694884479045868
numerai28_6,NeuralNetFastAI,86688,9632,0.49889550859192927,0.6920423662175607,0.005526065826416016,0.0010532262967899442,0.5204526782035828,0.03349396586418152
numerai28_6,NeuralNetTorch,86688,9632,0.4987864745195718,0.6919324172518436,0.004425838589668274,0.002811109647154808,0.523982584476471,0.03744769096374512
numerai28_6,RandomForest,86688,9632,0.49922181802940346,0.6923671502257095,0.007149249315261841,0.002446825848892331,0.5127699375152588,0.03353339061141014
numerai28_6,XGBoost,86688,9632,0.4991436290431668,0.6922905335741922,0.0075601935386657715,0.004273752216249704,0.5138081312179565,0.03993625193834305
ozone-level-8hr,CatBoost,2280,254,0.0831854305486734,0.13688623240170386,0.017000705003738403,0.03765386343002319,0.9330708384513855,0.004272051155567169
ozone-level-8hr,ExtraTrees,2280,254,0.08332162340880622,0.14408636473669975,0.02239149808883667,0.037757303565740585,0.9448819160461426,0.00538722425699234
ozone-level-8hr,LightGBM,2280,254,0.08238235404953942,0.13340850357238865,0.020289868116378784,0.046420663595199585,0.9291338324546814,0.00408371165394783
ozone-level-8hr,LinearModel,2280,254,0.07392601050429305,0.11985996053089573,0.014830037951469421,0.037600673735141754,0.9370078444480896,0.004086975008249283
ozone-level-8hr,NeuralNetFastAI,2280,254,0.07409395334855377,0.11985990954413807,0.016212280839681625,0.03317692130804062,0.9409449100494385,0.003140699118375778
ozone-level-8hr,NeuralNetTorch,2280,254,0.07146526593491687,0.11941685231615189,0.012740164063870907,0.026471586897969246,0.9448819160461426,0.003568008542060852
ozone-level-8hr,RandomForest,2280,254,0.07849430056460649,0.12862118683145266,0.018376559019088745,0.029824277386069298,0.9448819160461426,0.0047180429100990295
ozone-level-8hr,XGBoost,2280,254,0.08421740928816132,0.14015732769041045,0.021022092550992966,0.04177045077085495,0.9370078444480896,0.003808058798313141
parity5_plus_5,CatBoost,1011,113,3.5738170611026116e-09,2.2559782797354852e-05,1.2216483810334466e-05,2.255889012303669e-05,1.0,0.002935897558927536
parity5_plus_5,ExtraTrees,1011,113,0.04890517179722942,0.0834646156646652,0.019230496138334274,0.042787034064531326,0.9646017551422119,0.0032804757356643677
parity5_plus_5,LightGBM,1011,113,1.0462836134393369e-08,8.010370805743942e-06,6.9487568907788955e-06,8.084714863798581e-06,1.0,0.003021296113729477
parity5_plus_5,LinearModel,1011,113,0.48499540946085373,0.6780241625588767,0.037311650812625885,0.03688642382621765,0.5575221180915833,0.004807472229003906
parity5_plus_5,NeuralNetFastAI,1011,113,7.867685720137525e-10,1.6545912266130254e-05,8.807693120616022e-06,1.6545714970561676e-05,1.0,0.0028967857360839844
parity5_plus_5,NeuralNetTorch,1011,113,5.428433510277067e-10,4.658231525627733e-06,3.166969236190198e-06,4.668343080993509e-06,1.0,0.0029906369745731354
parity5_plus_5,RandomForest,1011,113,0.05754505402203763,0.09882092201235673,0.023631025105714798,0.04106157273054123,0.9557521939277649,0.003234773874282837
parity5_plus_5,XGBoost,1011,113,1.407331253124544e-12,9.652781435687871e-08,1.1920928955078125e-07,1.8835224580016074e-07,1.0,0.003264445811510086
pbcseq,CatBoost,1750,195,0.18925266163982052,0.32197462948295913,0.0388353131711483,0.06814074516296387,0.8820512890815735,0.00321192666888237
pbcseq,ExtraTrees,1750,195,0.23555463794474843,0.3830844457423893,0.03219584748148918,0.07925877720117569,0.8410256505012512,0.002880234271287918
pbcseq,LightGBM,1750,195,0.1966316059179119,0.3322154618743121,0.03490347042679787,0.06220326945185661,0.8871794939041138,0.0032435432076454163
pbcseq,LinearModel,1750,195,0.3935677192314956,0.5720307478661654,0.04315612465143204,0.10400932282209396,0.6666666865348816,0.0033265426754951477
pbcseq,NeuralNetFastAI,1750,195,0.2915941388379181,0.45791538974790835,0.033594828099012375,0.06723452359437943,0.7897436022758484,0.0032892897725105286
pbcseq,NeuralNetTorch,1750,195,0.3104179390087702,0.48545017448571215,0.07358578592538834,0.14134374260902405,0.7897436022758484,0.0037789568305015564
pbcseq,RandomForest,1750,195,0.24086130803172356,0.3983448332241494,0.052553094923496246,0.10643983632326126,0.8666666746139526,0.0035837776958942413
pbcseq,XGBoost,1750,195,0.18992503331637897,0.32740094431766914,0.044426970183849335,0.0778186023235321,0.892307698726654,0.0032877251505851746
pc1,CatBoost,998,111,0.07924991246781271,0.1638719764706538,0.019383061677217484,0.048705484718084335,0.9639639854431152,0.004991006106138229
pc1,ExtraTrees,998,111,0.08075480052167439,0.16186486060540747,0.014832953922450542,0.03769587352871895,0.954954981803894,0.003814633935689926
pc1,LightGBM,998,111,0.08419017693209763,0.17840048746101692,0.019275113940238953,0.040934644639492035,0.9639639854431152,0.0033059827983379364
pc1,LinearModel,998,111,0.09821218335047399,0.18921407297565074,0.02002319134771824,0.02299453504383564,0.9459459185600281,0.0052326880395412445
pc1,NeuralNetFastAI,998,111,0.09661720609192277,0.17983559930885767,0.03239021822810173,0.05681334808468819,0.954954981803894,0.0052123405039310455
pc1,NeuralNetTorch,998,111,0.0925856242562698,0.16950890737986035,0.02227040007710457,0.018924446776509285,0.9459459185600281,0.0037370063364505768
pc1,RandomForest,998,111,0.08253180162111311,0.15717030919139877,0.022066885605454445,0.026653006672859192,0.9459459185600281,0.0031571276485919952
pc1,XGBoost,998,111,0.08340295734257572,0.15642536649082528,0.017195546999573708,0.0296300258487463,0.954954981803894,0.0030995607376098633
pc2,CatBoost,5030,559,0.006182167998499602,0.01316639010777544,0.0029870395082980394,0.003295274218544364,0.9964221715927124,0.012550249695777893
pc2,ExtraTrees,5030,559,0.006818397245530864,0.016302019156523226,0.003566840197890997,0.0007854000432416797,0.9964221715927124,0.00986747071146965
pc2,LightGBM,5030,559,0.006342025300953914,0.013236572438157164,0.003205027198418975,0.0026752864941954613,0.9964221715927124,0.00817851722240448
pc2,LinearModel,5030,559,0.006792426026137584,0.016458762101106143,0.0035939908120781183,0.0006664948887191713,0.9964221715927124,0.008703377097845078
pc2,NeuralNetFastAI,5030,559,0.0065948196869872735,0.013952677687506599,0.0033716883044689894,0.0009823289001360536,0.9964221715927124,0.0048438794910907745
pc2,NeuralNetTorch,5030,559,0.006780305929422899,0.015368612615471561,0.003395066363736987,0.0002124726597685367,0.9964221715927124,0.011365257203578949
pc2,RandomForest,5030,559,0.006834007806435585,0.016356616569214964,0.003578176721930504,0.0006493321270681918,0.9964221715927124,0.009542953222990036
pc2,XGBoost,5030,559,0.005797582957841914,0.011944050428084758,0.003044223180040717,0.0033368743024766445,0.9964221715927124,0.008444637060165405
pc3,CatBoost,1406,157,0.1759029739498493,0.2799396979492435,0.04157257452607155,0.08861599117517471,0.8789808750152588,0.005940619856119156
pc3,ExtraTrees,1406,157,0.1663115838996104,0.2710466419241828,0.041091449558734894,0.06361174583435059,0.8980891704559326,0.0040159523487091064
pc3,LightGBM,1406,157,0.1753470094689258,0.28414529055922166,0.034095048904418945,0.04630875587463379,0.8789808750152588,0.006387583911418915
pc3,LinearModel,1406,157,0.187949644650761,0.3198502014639628,0.04140368849039078,0.09203606843948364,0.8917197585105896,0.0034021511673927307
pc3,NeuralNetFastAI,1406,157,0.17770439861101825,0.2882847117024661,0.03935100883245468,0.06737841665744781,0.8980891704559326,0.005397375673055649
pc3,NeuralNetTorch,1406,157,0.17075359209858015,0.28894460927478227,0.03052644431591034,0.0508660264313221,0.8980891704559326,0.003300614655017853
pc3,RandomForest,1406,157,0.1709254090509004,0.2922707948582469,0.031009573489427567,0.06669257581233978,0.8853503465652466,0.003536038100719452
pc3,XGBoost,1406,157,0.1763570529973946,0.2816529911694717,0.037966735661029816,0.06661316752433777,0.8789808750152588,0.0060367099940776825
pc4,CatBoost,1312,146,0.12353289998897601,0.1891731528032307,0.038884226232767105,0.06248464435338974,0.8972602486610413,0.0035494081676006317
pc4,ExtraTrees,1312,146,0.12648000952673094,0.2140683247567534,0.02361511066555977,0.05456849932670593,0.8904109597206116,0.007287103682756424
pc4,LightGBM,1312,146,0.12144880804610167,0.19390638352129758,0.02903197705745697,0.07388921082019806,0.9178082346916199,0.003435179591178894
pc4,LinearModel,1312,146,0.11783938758468605,0.19957961965876095,0.04079895094037056,0.07918749004602432,0.9246575236320496,0.0032491013407707214
pc4,NeuralNetFastAI,1312,146,0.12114781756082396,0.20061720469417738,0.03354376554489136,0.05644106864929199,0.9178082346916199,0.003936227411031723
pc4,NeuralNetTorch,1312,146,0.13400834082298993,0.20964194190466703,0.035119254142045975,0.04286855459213257,0.9109588861465454,0.003435462713241577
pc4,RandomForest,1312,146,0.12377781965996675,0.18683765501123467,0.028891120105981827,0.06551385670900345,0.9041095972061157,0.0038534998893737793
pc4,XGBoost,1312,146,0.13414400206307553,0.2074211596444869,0.03853935748338699,0.06323635578155518,0.8972602486610413,0.0035122521221637726
philippine,CatBoost,5248,584,0.3175845113361901,0.4757817670337732,0.02005624771118164,0.05756448209285736,0.7688356041908264,0.005635563284158707
philippine,ExtraTrees,5248,584,0.3159596779490988,0.4748579961022465,0.019175535067915916,0.03550877049565315,0.767123281955719,0.005772892385721207
philippine,LightGBM,5248,584,0.30060300855926053,0.45507257257522427,0.015633247792720795,0.02868778444826603,0.7739726305007935,0.0053031109273433685
philippine,LinearModel,5248,584,0.3722199796106753,0.5547388738596888,0.020290134474635124,0.049980293959379196,0.7260273694992065,0.0050800517201423645
philippine,NeuralNetFastAI,5248,584,0.36903551363999554,0.5444677373891376,0.03214222192764282,0.050226204097270966,0.7345890402793884,0.0057447440922260284
philippine,NeuralNetTorch,5248,584,0.36279197116038536,0.5414439432664031,0.029442183673381805,0.059214212000370026,0.7380136847496033,0.005540069192647934
philippine,RandomForest,5248,584,0.3215379158618698,0.485959093640647,0.017023395746946335,0.04583260789513588,0.7619863152503967,0.005533862859010696
philippine,XGBoost,5248,584,0.299759330323606,0.45617693153542466,0.01954137533903122,0.04476529732346535,0.7825342416763306,0.0055288225412368774
phoneme,CatBoost,4863,541,0.13478616547924158,0.21815998007269635,0.014317773282527924,0.03616882115602493,0.8964880108833313,0.005795422941446304
phoneme,ExtraTrees,4863,541,0.12276674531400011,0.19991147796048406,0.010272357612848282,0.026062648743391037,0.9094269871711731,0.0063327886164188385
phoneme,LightGBM,4863,541,0.13273112934325595,0.21569446646001916,0.013241417706012726,0.0263653751462698,0.9075785875320435,0.006223998963832855
phoneme,LinearModel,4863,541,0.32497805319731254,0.48562292501968846,0.02256814017891884,0.07405837625265121,0.7634010910987854,0.009735345840454102
phoneme,NeuralNetFastAI,4863,541,0.15670837508736718,0.25127709200451487,0.017109548673033714,0.04173564910888672,0.8872458338737488,0.006046503782272339
phoneme,NeuralNetTorch,4863,541,0.1427210354704596,0.23970252335761888,0.025486156344413757,0.0425197035074234,0.9094269871711731,0.006208077073097229
phoneme,RandomForest,4863,541,0.13441467397343282,0.21976821018573758,0.018074216321110725,0.04760497808456421,0.905730128288269,0.006534315645694733
phoneme,XGBoost,4863,541,0.13067864675811067,0.2161585142893751,0.018434084951877594,0.04800061509013176,0.9112753868103027,0.006193444132804871
pm10,CatBoost,450,50,0.43207743617115585,0.624532260872539,0.09146278351545334,0.13885340094566345,0.7400000095367432,0.0026967041194438934
pm10,ExtraTrees,450,50,0.44809376005807605,0.6401005926713988,0.07995554804801941,0.11975191533565521,0.6399999856948853,0.00430447980761528
pm10,LightGBM,450,50,0.43282542155233955,0.6251889211141319,0.0920153260231018,0.12152945250272751,0.699999988079071,0.0025000162422657013
pm10,LinearModel,450,50,0.49949249142641766,0.6926391917078892,0.0806020200252533,0.013263617642223835,0.47999998927116394,0.005395255982875824
pm10,NeuralNetFastAI,450,50,0.4994563094278546,0.6921867102079833,0.060784049332141876,0.05665973946452141,0.5,0.0025837793946266174
pm10,NeuralNetTorch,450,50,0.4951030116630894,0.6871575726681547,0.07552841305732727,0.12984728813171387,0.5,0.0026057176291942596
pm10,RandomForest,450,50,0.4346850422574468,0.6289836366438462,0.08684265613555908,0.16468410193920135,0.7200000286102295,0.0025669708847999573
pm10,XGBoost,450,50,0.44884076685452007,0.6418666188455106,0.0893317386507988,0.1648525893688202,0.699999988079071,0.002902466803789139
pollen,CatBoost,3463,385,0.4997867510717153,0.6929325867972472,0.03533385694026947,0.005982938688248396,0.4987013041973114,0.0029005445539951324
pollen,ExtraTrees,3463,385,0.5000963975992256,0.6932435792606026,0.029611736536026,0.001498752273619175,0.5090909004211426,0.0047801099717617035
pollen,LightGBM,3463,385,0.5010540271357926,0.6942063864233391,0.03463423252105713,0.007261595688760281,0.5402597188949585,0.0029006749391555786
pollen,LinearModel,3463,385,0.4997299708852044,0.6928770913892432,0.02934741973876953,0.0017166974721476436,0.4961038827896118,0.005106013268232346
pollen,NeuralNetFastAI,3463,385,0.49963881400114357,0.6927925049503733,0.03818832337856293,0.007256277371197939,0.5402597188949585,0.0027820728719234467
pollen,NeuralNetTorch,3463,385,0.4998972346440127,0.6930448229893778,0.017967619001865387,0.004604226443916559,0.5064935088157654,0.002886120229959488
pollen,RandomForest,3463,385,0.499747003889397,0.692894132582968,0.032462090253829956,0.0014460518723353744,0.4987013041973114,0.007531333714723587
pollen,XGBoost,3463,385,0.5008197454453677,0.6939671406191916,0.02912052348256111,0.0038169282488524914,0.4909090995788574,0.0029110945761203766
puma32H,CatBoost,7372,820,0.13144388902142345,0.21119265716960353,0.013615936040878296,0.02582637406885624,0.9060975313186646,0.0065721310675144196
puma32H,ExtraTrees,7372,820,0.14243532106581924,0.22245672587110277,0.011181699112057686,0.02991451323032379,0.8963414430618286,0.005505822598934174
puma32H,LightGBM,7372,820,0.1433046124835947,0.22663739967598603,0.00982833281159401,0.030157560482621193,0.8902438879013062,0.006540566682815552
puma32H,LinearModel,7372,820,0.46788045058224037,0.6610008366038772,0.0292673259973526,0.0546286515891552,0.6378048658370972,0.004348590970039368
puma32H,NeuralNetFastAI,7372,820,0.1055125768936297,0.17397060531982314,0.011436589062213898,0.024394458159804344,0.9268292784690857,0.006420586258172989
puma32H,NeuralNetTorch,7372,820,0.10799635841760995,0.18034070729852214,0.01338689774274826,0.022726228460669518,0.9243902564048767,0.0071894340217113495
puma32H,RandomForest,7372,820,0.15007621484914987,0.2373458263708632,0.012445183470845222,0.03594009578227997,0.8890243768692017,0.004912860691547394
puma32H,XGBoost,7372,820,0.14203425740606068,0.22970067233739244,0.012563064694404602,0.0299557913094759,0.8951219320297241,0.006226629018783569
puma8NH,CatBoost,7372,820,0.22987818234217428,0.36396932184719116,0.018921315670013428,0.035972192883491516,0.8439024686813354,0.007079463452100754
puma8NH,ExtraTrees,7372,820,0.2260460001872775,0.3569171312400991,0.01803063601255417,0.031391553580760956,0.8426828980445862,0.007099039852619171
puma8NH,LightGBM,7372,820,0.23079187765717424,0.36658270193751513,0.015044714324176311,0.03770066425204277,0.8402438759803772,0.006696932017803192
puma8NH,LinearModel,7372,820,0.3043412789667438,0.5053339089468472,0.0686865895986557,0.15774308145046234,0.8231707215309143,0.0070379264652729034
puma8NH,NeuralNetFastAI,7372,820,0.22640906187903242,0.3577931242079879,0.017299450933933258,0.05354281887412071,0.8414633870124817,0.006830491125583649
puma8NH,NeuralNetTorch,7372,820,0.22474688768964157,0.35429167577275117,0.016829852014780045,0.04441650211811066,0.8414633870124817,0.006760846823453903
puma8NH,RandomForest,7372,820,0.22583222881082798,0.356831123911729,0.016600972041487694,0.03405538201332092,0.8426828980445862,0.006871666759252548
puma8NH,XGBoost,7372,820,0.22913885990901336,0.36564465440212507,0.02146844007074833,0.0486857108771801,0.8414633870124817,0.00678233802318573
qsar-biodeg,CatBoost,949,106,0.17424673826235582,0.285903314840392,0.023333605378866196,0.06507647782564163,0.8773584961891174,0.0033408552408218384
qsar-biodeg,ExtraTrees,949,106,0.18214412207516556,0.2988378393675671,0.03360195457935333,0.08068031072616577,0.8679245114326477,0.0035257861018180847
qsar-biodeg,LightGBM,949,106,0.16557357584409005,0.27517887685979187,0.02233729138970375,0.06643301993608475,0.8962264060974121,0.0034059397876262665
qsar-biodeg,LinearModel,949,106,0.18275967836215173,0.29056301556473907,0.0435405857861042,0.10267562419176102,0.8584905862808228,0.0032622553408145905
qsar-biodeg,NeuralNetFastAI,949,106,0.16997740843956669,0.27090617122833155,0.03271406143903732,0.07184953987598419,0.8679245114326477,0.0034730657935142517
qsar-biodeg,NeuralNetTorch,949,106,0.18402811810436348,0.30222305785991915,0.03409561514854431,0.06504927575588226,0.8679245114326477,0.0034071244299411774
qsar-biodeg,RandomForest,949,106,0.16880753696506917,0.2752131414949551,0.025643102824687958,0.07702584564685822,0.8773584961891174,0.003529392182826996
qsar-biodeg,XGBoost,949,106,0.17210889962696532,0.2884668429882837,0.02045946568250656,0.06953730434179306,0.8867924809455872,0.0033390894532203674
ringnorm,CatBoost,6660,740,0.031820916660480286,0.059966288648591944,0.006140747107565403,0.01524079404771328,0.9824324250221252,0.0066763050854206085
ringnorm,ExtraTrees,6660,740,0.03388587833914796,0.05923144341997404,0.0048288749530911446,0.012605274096131325,0.9783783555030823,0.008685525506734848
ringnorm,LightGBM,6660,740,0.031078226020677193,0.059014923154824574,0.004002939909696579,0.010566137731075287,0.9824324250221252,0.006099686026573181
ringnorm,LinearModel,6660,740,0.3120657249512524,0.46932447040841996,0.02710411511361599,0.051880788058042526,0.7756756544113159,0.012023355811834335
ringnorm,NeuralNetFastAI,6660,740,0.03417910625581993,0.06090878322944654,0.005672716535627842,0.013009372167289257,0.9797297120094299,0.006286300718784332
ringnorm,NeuralNetTorch,6660,740,0.030574018731168308,0.05375208939685797,0.00533336354419589,0.00998246856033802,0.9783783555030823,0.006999369710683823
ringnorm,RandomForest,6660,740,0.05634493326911839,0.09934517573236884,0.007508907001465559,0.015266701579093933,0.9648648500442505,0.00829574465751648
ringnorm,XGBoost,6660,740,0.0348261481203393,0.06556392372725665,0.006211371626704931,0.016826258972287178,0.9783783555030823,0.006807103753089905
rmftsa_ladata,CatBoost,457,51,0.14379512121965857,0.24588251745057896,0.03637299686670303,0.11242599040269852,0.9019607901573181,0.002796310931444168
rmftsa_ladata,ExtraTrees,457,51,0.13168030885722615,0.21832857114098903,0.035778701305389404,0.10162163525819778,0.9215686321258545,0.002905219793319702
rmftsa_ladata,LightGBM,457,51,0.14119534981921203,0.23070192964436703,0.03498268127441406,0.09878017008304596,0.8823529481887817,0.0027922429144382477
rmftsa_ladata,LinearModel,457,51,0.10816729647648489,0.18732146890288678,0.03560071066021919,0.08474623411893845,0.9411764740943909,0.0025852248072624207
rmftsa_ladata,NeuralNetFastAI,457,51,0.10091922788294265,0.18198145029026355,0.04354744777083397,0.11239081621170044,0.9607843160629272,0.002821408212184906
rmftsa_ladata,NeuralNetTorch,457,51,0.1446558233132788,0.25231209938252114,0.04415391385555267,0.11580561846494675,0.9019607901573181,0.0030270442366600037
rmftsa_ladata,RandomForest,457,51,0.14983742680817097,0.23931041987136253,0.02879924513399601,0.08834362030029297,0.8823529481887817,0.0029119662940502167
rmftsa_ladata,XGBoost,457,51,0.13433472984802014,0.2334154411268999,0.04498100280761719,0.12837938964366913,0.9411764740943909,0.0026807300746440887
spambase,CatBoost,4140,461,0.08041029450846418,0.1498009849660797,0.025030238553881645,0.036513421684503555,0.952277660369873,0.005469083786010742
spambase,ExtraTrees,4140,461,0.09311659620877438,0.20119907424306685,0.03030659630894661,0.036577630788087845,0.9436008930206299,0.005242630839347839
spambase,LightGBM,4140,461,0.0851527310084443,0.149802716455274,0.027784578502178192,0.04123096540570259,0.9414316415786743,0.005509994924068451
spambase,LinearModel,4140,461,0.1038977633080039,0.18959992139226842,0.025166437029838562,0.03417261689901352,0.9305856823921204,0.005359720438718796
spambase,NeuralNetFastAI,4140,461,0.09257153216797223,0.1697899561288158,0.017987199127674103,0.03234006464481354,0.9392624497413635,0.0053306519985198975
spambase,NeuralNetTorch,4140,461,0.08868544235760757,0.16479164416519176,0.022682538256049156,0.02984583005309105,0.9414316415786743,0.00510752946138382
spambase,RandomForest,4140,461,0.09338903426077211,0.3383901894350763,0.03111150488257408,0.04104224964976311,0.9327548742294312,0.005333542823791504
spambase,XGBoost,4140,461,0.08974300580502863,0.15464085030240665,0.03173167631030083,0.04593502730131149,0.9305856823921204,0.003831688314676285
sylvine,CatBoost,4611,513,0.08743003993366737,0.15348605763148254,0.018528752028942108,0.022075390443205833,0.943469762802124,0.004986148327589035
sylvine,ExtraTrees,4611,513,0.08874131020475012,0.1544364204502355,0.01526833325624466,0.030132127925753593,0.9395711421966553,0.006175663322210312
sylvine,LightGBM,4611,513,0.08729471982737924,0.15170894723056996,0.015602700412273407,0.028045568615198135,0.9395711421966553,0.0050217099487781525
sylvine,LinearModel,4611,513,0.15438058177136732,0.2801180632429536,0.01393192633986473,0.03636324405670166,0.8908382058143616,0.0062808506190776825
sylvine,NeuralNetFastAI,4611,513,0.09721636929079275,0.165413349456162,0.01750512421131134,0.028823496773838997,0.9337232112884521,0.005900371819734573
sylvine,NeuralNetTorch,4611,513,0.10013761708031547,0.17468316840603176,0.017259545624256134,0.029149314388632774,0.9337232112884521,0.006329242140054703
sylvine,RandomForest,4611,513,0.11184364214339666,0.1911531096682031,0.017475033178925514,0.034310903400182724,0.9259259104728699,0.0040764883160591125
sylvine,XGBoost,4611,513,0.08790492922655606,0.15423131674546048,0.014999900944530964,0.020924905315041542,0.9415204524993896,0.005163479596376419
tokyo1,CatBoost,863,96,0.07984869148202703,0.12693563820911533,0.02623911201953888,0.0715823620557785,0.9270833134651184,0.003193419426679611
tokyo1,ExtraTrees,863,96,0.08271784544174672,0.1347801591256622,0.02379434183239937,0.08368268609046936,0.9270833134651184,0.003601446747779846
tokyo1,LightGBM,863,96,0.1014310928366778,0.15456395739678241,0.02943047136068344,0.05732755735516548,0.90625,0.0032234303653240204
tokyo1,LinearModel,863,96,0.1206188860765045,0.18803981172897669,0.03390255197882652,0.07690312713384628,0.90625,0.0028883591294288635
tokyo1,NeuralNetFastAI,863,96,0.08777142024495894,0.13664217420604466,0.018019888550043106,0.0708581954240799,0.9270833134651184,0.0030709244310855865
tokyo1,NeuralNetTorch,863,96,0.07579800797059176,0.12672546024919562,0.02943030744791031,0.059277962893247604,0.96875,0.0033085979521274567
tokyo1,RandomForest,863,96,0.08064278889547148,0.1243457150151694,0.026671456173062325,0.060085613280534744,0.9166666865348816,0.0031714066863059998
tokyo1,XGBoost,863,96,0.09807158547038981,0.14910300197873408,0.029634736478328705,0.07045387476682663,0.9166666865348816,0.003132615238428116
twonorm,CatBoost,6660,740,0.0321256521124446,0.05591047960648275,0.00609453022480011,0.01693534478545189,0.9770269989967346,0.00614716112613678
twonorm,ExtraTrees,6660,740,0.03287871690368086,0.058523001847624975,0.010533777996897697,0.018006283789873123,0.9783783555030823,0.008680317550897598
twonorm,LightGBM,6660,740,0.0333664685040126,0.05718275407122104,0.007191442884504795,0.017892658710479736,0.9797297120094299,0.006267830729484558
twonorm,LinearModel,6660,740,0.028782234765491122,0.05361334202518527,0.008154859766364098,0.011224483139812946,0.9810810685157776,0.006264064460992813
twonorm,NeuralNetFastAI,6660,740,0.03041279097724146,0.054012875006005254,0.009277149103581905,0.011492866091430187,0.9783783555030823,0.00588182732462883
twonorm,NeuralNetTorch,6660,740,0.02976601128663213,0.05446871227437925,0.00860729068517685,0.01200445182621479,0.9797297120094299,0.006499968469142914
twonorm,RandomForest,6660,740,0.03127738059392114,0.058717087942214356,0.0070374393835663795,0.014359105378389359,0.9783783555030823,0.00560123473405838
twonorm,XGBoost,6660,740,0.035108830414452195,0.0608411482500323,0.007164742797613144,0.011130044236779213,0.9770269989967346,0.006063453853130341
visualizing_soil,CatBoost,7776,865,2.0414603866145109e-07,1.3315222553623044e-05,1.3123009011906106e-05,1.327345580648398e-05,1.0,0.006102088838815689
visualizing_soil,ExtraTrees,7776,865,1.1965266470473802e-05,8.728207566723227e-05,8.320242341142148e-05,8.423664257861674e-05,1.0,0.006366003304719925
visualizing_soil,LightGBM,7776,865,6.353532335367223e-08,6.77518401826416e-06,6.794929504394531e-06,6.814252628828399e-06,1.0,0.00600593164563179
visualizing_soil,LinearModel,7776,865,6.853927817627218e-05,0.00021931170343068447,0.0001990419696085155,0.0002000144449993968,1.0,0.005962379276752472
visualizing_soil,NeuralNetFastAI,7776,865,4.633186442987704e-05,0.00034469921884847614,0.00020456434867810458,0.0003322802949696779,1.0,0.0061421021819114685
visualizing_soil,NeuralNetTorch,7776,865,2.2083712664577886e-07,3.1564380175115426e-05,2.00749454961624e-05,3.1606105039827526e-05,1.0,0.005917705595493317
visualizing_soil,RandomForest,7776,865,8.788394817432335e-06,0.0001246965299336445,8.043432171689346e-05,0.00012248264101799577,1.0,0.006147317588329315
visualizing_soil,XGBoost,7776,865,2.567758306165265e-07,2.4599251893334773e-05,1.4773580915061757e-05,2.4539589503547177e-05,1.0,0.0058938488364219666
wilt,CatBoost,4355,484,0.031587273209613013,0.056259987771865985,0.006981634069234133,0.011435525491833687,0.9814049601554871,0.005940087139606476
wilt,ExtraTrees,4355,484,0.031225656702483756,0.05375659369493537,0.005709131248295307,0.01353809516876936,0.9814049601554871,0.005716320127248764
wilt,LightGBM,4355,484,0.030403185219059447,0.05669040898475542,0.00482932198792696,0.012673965655267239,0.9814049601554871,0.0057317279279232025
wilt,LinearModel,4355,484,0.030330013193271166,0.04864290320184526,0.00870013702660799,0.013216285966336727,0.9814049601554871,0.005367022007703781
wilt,NeuralNetFastAI,4355,484,0.021371902720811735,0.034563627536042654,0.0053957924246788025,0.012573263607919216,0.9834710955619812,0.005393277853727341
wilt,NeuralNetTorch,4355,484,0.024766043268645486,0.03909916314377519,0.006265248637646437,0.014743339270353317,0.9834710955619812,0.005178753286600113
wilt,RandomForest,4355,484,0.03398941919206942,0.05618847263451258,0.007811663672327995,0.013554469682276249,0.9772727489471436,0.005293551832437515
wilt,XGBoost,4355,484,0.036395243652946524,0.06260416361659711,0.00985485129058361,0.018920699134469032,0.9814049601554871,0.005911864340305328
wind,CatBoost,5916,658,0.18026229220111456,0.291534113731551,0.01480913907289505,0.035878460854291916,0.8632218837738037,0.0042796991765499115
wind,ExtraTrees,5916,658,0.18777347873526345,0.3045497415552393,0.017525166273117065,0.037845954298973083,0.8632218837738037,0.005914721637964249
wind,LightGBM,5916,658,0.17803225059076033,0.28623793458463953,0.016333147883415222,0.042812176048755646,0.8708206415176392,0.00604495033621788
wind,LinearModel,5916,658,0.1982052560989706,0.3169710281956089,0.017862608656287193,0.03256932646036148,0.8617021441459656,0.005171976983547211
wind,NeuralNetFastAI,5916,658,0.17434187271497675,0.28074429023854586,0.016858145594596863,0.03236548975110054,0.8799391984939575,0.005491439253091812
wind,NeuralNetTorch,5916,658,0.17537429508639796,0.2833237303454936,0.016529522836208344,0.03177276998758316,0.8814589381217957,0.004131544381380081
wind,RandomForest,5916,658,0.19119471727327625,0.3136969525955881,0.01531897485256195,0.04280105233192444,0.8708206415176392,0.005709469318389893
wind,XGBoost,5916,658,0.18122272013475688,0.2939982175900799,0.017762690782546997,0.0386582687497139,0.8708206415176392,0.003965660929679871
