dataset,model,cal_size,test_size,CatBoost_brier,CatBoost_logloss,CatBoost_kuiper,CatBoost_ece-15,CatBoost_accuracy,CatBoost_time
2dplanes,CatBoost,36691,4077,0.09516200706938112,0.15163828367794574,0.006264261901378632,0.010662411339581013,0.9278881549835205,9.1241245130077
2dplanes,ExtraTrees,36691,4077,0.09490667045883858,0.15254229297111455,0.00441823760047555,0.005332854110747576,0.9254353642463684,13.063336384482682
2dplanes,LightGBM,36691,4077,0.09487147048476045,0.15199526198584146,0.005721100606024265,0.009169891476631165,0.9259259104728699,11.508847506716847
2dplanes,LinearModel,36691,4077,0.2202129526500852,0.34039131424277913,0.010867411270737648,0.02052348293364048,0.8408143520355225,36.83303301781416
2dplanes,NeuralNetFastAI,36691,4077,0.09440057015952054,0.15074545793447103,0.004862867295742035,0.007715701125562191,0.9261711835861206,10.698395998217165
2dplanes,NeuralNetTorch,36691,4077,0.09454176262022874,0.15168453884663113,0.003956051543354988,0.00685566570609808,0.932548463344574,11.912770822644234
2dplanes,RandomForest,36691,4077,0.09439936695564516,0.1524199267565154,0.0037359297275543213,0.006410552188754082,0.9305862188339233,9.219802095554769
2dplanes,XGBoost,36691,4077,0.09433442252730352,0.1508155460925161,0.005187824368476868,0.008043467067182064,0.9298503994941711,11.133915568701923
APSFailure,CatBoost,68400,7600,0.007896742554385789,0.015564358694569215,0.0011702155461534858,0.0017596109537407756,0.9951315522193909,12.635453877039254
APSFailure,ExtraTrees,68400,7600,0.009205150834895048,0.017584707483961643,0.0010891992133110762,0.0019414470298215747,0.9940789341926575,9.363507088273764
APSFailure,LightGBM,68400,7600,0.007658212640290534,0.015180722804390557,0.0007914060261100531,0.001397517742589116,0.9955263137817383,10.8078009262681
APSFailure,LinearModel,68400,7600,0.011703013516507974,0.022161465278296016,0.0012904375325888395,0.0029348968528211117,0.99289470911026,9.467580568045378
APSFailure,NeuralNetFastAI,68400,7600,0.009322140228035717,0.017588758557847715,0.0009929481893777847,0.0026149083860218525,0.9946052432060242,11.387344668619335
APSFailure,NeuralNetTorch,68400,7600,0.01125317684165576,0.021603867403182903,0.0014558471739292145,0.0030181072652339935,0.9930263161659241,11.25013432558626
APSFailure,RandomForest,68400,7600,0.007947220416742194,0.0159435004804474,0.0012210573768243194,0.00260272528976202,0.9950000047683716,10.32565611321479
APSFailure,XGBoost,68400,7600,0.007684478552145995,0.014989452280181954,0.0010304953902959824,0.0018009445630013943,0.9952631592750549,9.621277439408004
Amazon_employee_access,CatBoost,29492,3277,0.07197575390576866,0.13390306226506418,0.004782554693520069,0.012735004536807537,0.9542264342308044,5.779866557568312
Amazon_employee_access,ExtraTrees,29492,3277,0.07882878975890383,0.14829886430035014,0.005834794603288174,0.010644528083503246,0.9490387439727783,5.739736280404031
Amazon_employee_access,LightGBM,29492,3277,0.0788889590608163,0.15082218009772416,0.004013553261756897,0.012180725112557411,0.9484284520149231,5.008304133079946
Amazon_employee_access,LinearModel,29492,3277,0.08362358844054948,0.15648440367608848,0.0041020698845386505,0.008366839960217476,0.9459871649742126,5.583737451583147
Amazon_employee_access,NeuralNetFastAI,29492,3277,0.0834089386212191,0.15505266616989952,0.0037148594856262207,0.009190093725919724,0.9465975165367126,6.035526177845895
Amazon_employee_access,NeuralNetTorch,29492,3277,0.08546515912022619,0.16084571470488232,0.008394375443458557,0.01358971931040287,0.9456820487976074,5.6201208513230085
Amazon_employee_access,RandomForest,29492,3277,0.0750974966752297,0.1420436363874119,0.006635500118136406,0.013515658676624298,0.9533109664916992,6.102687996812165
Amazon_employee_access,XGBoost,29492,3277,0.07516631096829739,0.14350766127073472,0.0035780519247055054,0.006583614740520716,0.951785147190094,6.064696414396167
Australian,CatBoost,621,69,0.1767954158445832,0.30013929464677835,0.0515490397810936,0.08070974797010422,0.8840579986572266,0.47309132385998964
Australian,ExtraTrees,621,69,0.16871150243769553,0.2902600489894787,0.05018742009997368,0.11624407023191452,0.8550724387168884,0.48191249184310436
Australian,LightGBM,621,69,0.18284233751776574,0.32688788218840376,0.07028128206729889,0.1307801455259323,0.8550724387168884,0.46878692600876093
Australian,LinearModel,621,69,0.1601132655438316,0.28655895171391665,0.0732523575425148,0.1212686151266098,0.9130434989929199,0.5237269466742873
Australian,NeuralNetFastAI,621,69,0.15461964929026653,0.28327923279701167,0.06641151010990143,0.09288207441568375,0.8985507488250732,0.5054169548675418
Australian,NeuralNetTorch,621,69,0.17058885117817357,0.2924501909615596,0.05361732840538025,0.1014917716383934,0.8840579986572266,0.4931305469945073
Australian,RandomForest,621,69,0.16380144376538724,0.283857413566895,0.05442946031689644,0.10194268822669983,0.8550724387168884,0.3980253553017974
Australian,XGBoost,621,69,0.15244785646689935,0.2737169339103116,0.044330574572086334,0.08631108701229095,0.9130434989929199,0.4509389502927661
Bioresponse,CatBoost,3375,376,0.27962068630948317,0.43804051178851217,0.02550523914396763,0.06424863636493683,0.8058510422706604,0.9390627136453986
Bioresponse,ExtraTrees,3375,376,0.2858853249690391,0.4437182280919461,0.025173330679535866,0.05800328403711319,0.8005319237709045,0.6519884802401066
Bioresponse,LightGBM,3375,376,0.27922917755198445,0.43458965872509286,0.03237009793519974,0.07413870096206665,0.8085106611251831,1.0511836716905236
Bioresponse,LinearModel,3375,376,0.3674263993476913,0.5523506725175287,0.046096764504909515,0.07937707006931305,0.7340425252914429,0.9082182114943862
Bioresponse,NeuralNetFastAI,3375,376,0.2863196715964492,0.44343927083634477,0.024091249331831932,0.05366796627640724,0.7792553305625916,0.9869338227435946
Bioresponse,NeuralNetTorch,3375,376,0.29539779538335614,0.45664329788303415,0.027674665674567223,0.05952894687652588,0.7765957713127136,0.793129195459187
Bioresponse,RandomForest,3375,376,0.28390496482092203,0.442248857419606,0.0329427644610405,0.0643588975071907,0.811170220375061,0.7898695785552263
Bioresponse,XGBoost,3375,376,0.2763177945798023,0.4337782307934666,0.029623493552207947,0.04592056944966316,0.8164893388748169,0.8597760563716292
Click_prediction_small,CatBoost,35953,3995,0.25345345769431865,0.41188634134592683,0.008497737348079681,0.0120772123336792,0.8362953662872314,7.481430829502642
Click_prediction_small,ExtraTrees,35953,3995,0.26012668072037115,0.4206695121603295,0.007237084209918976,0.009316564537584782,0.8340425491333008,8.037282806821167
Click_prediction_small,LightGBM,35953,3995,0.25794946393445756,0.4186547578938179,0.007404737174510956,0.011192278936505318,0.8365457057952881,8.25951655767858
Click_prediction_small,LinearModel,35953,3995,0.2607541657589845,0.4237743108959467,0.012373068369925022,0.019221993163228035,0.8350437879562378,6.334559839218855
Click_prediction_small,NeuralNetFastAI,35953,3995,0.2584524456778222,0.42002771762998925,0.006593689322471619,0.005243674851953983,0.8370463252067566,7.466033834032714
Click_prediction_small,NeuralNetTorch,35953,3995,0.25941834983869955,0.41848815268791417,0.004698116332292557,0.007092501036822796,0.8342928886413574,6.12917925324291
Click_prediction_small,RandomForest,35953,3995,0.25928900897920404,0.4184169917737349,0.004313021898269653,0.0124336713925004,0.8342928886413574,8.107512435875833
Click_prediction_small,XGBoost,35953,3995,0.2578032653525802,0.4171494615058252,0.007473327219486237,0.011883928440511227,0.8347935080528259,6.656838382594287
GAMETES_Epistasis_2-Way_1000atts_0_4H_EDM-1_EDM-1_1,CatBoost,1440,160,0.40680015834686056,0.5977250337418416,0.08318062126636505,0.13982200622558594,0.7437499761581421,0.520432598888874
GAMETES_Epistasis_2-Way_1000atts_0_4H_EDM-1_EDM-1_1,ExtraTrees,1440,160,0.4985437081438229,0.691690369363066,0.04008566215634346,0.015534486621618271,0.5249999761581421,0.2918652128428221
GAMETES_Epistasis_2-Way_1000atts_0_4H_EDM-1_EDM-1_1,LightGBM,1440,160,0.5138113184066037,0.7069881657917744,0.08858656883239746,0.04860680177807808,0.375,0.41087100096046925
GAMETES_Epistasis_2-Way_1000atts_0_4H_EDM-1_EDM-1_1,LinearModel,1440,160,0.500323309185336,0.6934705117044357,0.05406340956687927,0.0027243993245065212,0.48124998807907104,0.2819437235593796
GAMETES_Epistasis_2-Way_1000atts_0_4H_EDM-1_EDM-1_1,NeuralNetFastAI,1440,160,0.5027513344503978,0.6959002189057338,0.04303070902824402,0.02142414078116417,0.4625000059604645,0.5465009603649378
GAMETES_Epistasis_2-Way_1000atts_0_4H_EDM-1_EDM-1_1,NeuralNetTorch,1440,160,0.5012169197866244,0.6943649959381191,0.04495726525783539,0.005707944743335247,0.46875,0.31436099857091904
GAMETES_Epistasis_2-Way_1000atts_0_4H_EDM-1_EDM-1_1,RandomForest,1440,160,0.5024152090442449,0.6955629021138161,0.052992790937423706,0.002067702356725931,0.4375,0.2643087115138769
GAMETES_Epistasis_2-Way_1000atts_0_4H_EDM-1_EDM-1_1,XGBoost,1440,160,0.5009235287868374,0.6940734696090421,0.039654552936553955,0.013869260437786579,0.48750001192092896,0.4182181740179658
GAMETES_Epistasis_2-Way_20atts_0_1H_EDM-1_1,CatBoost,1440,160,0.4123601968508761,0.6022958871644318,0.043297573924064636,0.05806505307555199,0.699999988079071,0.4699008436873555
GAMETES_Epistasis_2-Way_20atts_0_1H_EDM-1_1,ExtraTrees,1440,160,0.4670877651354174,0.6597656240809762,0.05035515874624252,0.0693577453494072,0.6312500238418579,0.3895317940041423
GAMETES_Epistasis_2-Way_20atts_0_1H_EDM-1_1,LightGBM,1440,160,0.4451611202601186,0.6367505107857061,0.05249874293804169,0.07034856826066971,0.668749988079071,0.4963472140952945
GAMETES_Epistasis_2-Way_20atts_0_1H_EDM-1_1,LinearModel,1440,160,0.4986608193444072,0.6918061615419979,0.02792569249868393,0.009615804068744183,0.518750011920929,0.41408137790858746
GAMETES_Epistasis_2-Way_20atts_0_1H_EDM-1_1,NeuralNetFastAI,1440,160,0.41184654364655293,0.6008849254840147,0.04916243255138397,0.04596436396241188,0.699999988079071,0.5299976440146565
GAMETES_Epistasis_2-Way_20atts_0_1H_EDM-1_1,NeuralNetTorch,1440,160,0.4101682524304495,0.5996043057791549,0.05165571719408035,0.05978366360068321,0.699999988079071,0.5694372719153762
GAMETES_Epistasis_2-Way_20atts_0_1H_EDM-1_1,RandomForest,1440,160,0.478563053997055,0.6713317587180719,0.03429734706878662,0.056246403604745865,0.606249988079071,0.46610324643552303
GAMETES_Epistasis_2-Way_20atts_0_1H_EDM-1_1,XGBoost,1440,160,0.44261990109315386,0.6338736374570125,0.04814210534095764,0.07118771970272064,0.65625,0.447870303876698
GAMETES_Epistasis_2-Way_20atts_0_4H_EDM-1_1,CatBoost,1440,160,0.2962587267368681,0.45035013129850504,0.041663624346256256,0.09562554210424423,0.793749988079071,0.6270241420716047
GAMETES_Epistasis_2-Way_20atts_0_4H_EDM-1_1,ExtraTrees,1440,160,0.39100648163684437,0.5739763828357854,0.03559735044836998,0.07142843306064606,0.7124999761581421,0.4792886460199952
GAMETES_Epistasis_2-Way_20atts_0_4H_EDM-1_1,LightGBM,1440,160,0.3107241094333043,0.47057441554456,0.034028708934783936,0.09982777386903763,0.768750011920929,0.5661146240308881
GAMETES_Epistasis_2-Way_20atts_0_4H_EDM-1_1,LinearModel,1440,160,0.5051438105095929,0.6983669537100571,0.048467010259628296,0.03601383790373802,0.53125,0.388301913626492
GAMETES_Epistasis_2-Way_20atts_0_4H_EDM-1_1,NeuralNetFastAI,1440,160,0.28560829226796214,0.4389909358730958,0.027006760239601135,0.029673011973500252,0.793749988079071,0.6698848996311426
GAMETES_Epistasis_2-Way_20atts_0_4H_EDM-1_1,NeuralNetTorch,1440,160,0.2995828661721034,0.46095893613092687,0.04097096994519234,0.06206426024436951,0.78125,0.5240885382518172
GAMETES_Epistasis_2-Way_20atts_0_4H_EDM-1_1,RandomForest,1440,160,0.3886734028797615,0.5730505626672496,0.03220168873667717,0.0448061004281044,0.7124999761581421,0.6313609723001719
GAMETES_Epistasis_2-Way_20atts_0_4H_EDM-1_1,XGBoost,1440,160,0.33578864484410315,0.5078324485376849,0.0335436649620533,0.0769219696521759,0.7437499761581421,0.7563201729208231
GAMETES_Epistasis_3-Way_20atts_0_2H_EDM-1_1,CatBoost,1440,160,0.3948356488081547,0.5725110046294347,0.042860232293605804,0.0794026330113411,0.637499988079071,0.5681441295892
GAMETES_Epistasis_3-Way_20atts_0_2H_EDM-1_1,ExtraTrees,1440,160,0.49101537679469115,0.6841438918466906,0.026618540287017822,0.013593035750091076,0.5687500238418579,0.4105184702202678
GAMETES_Epistasis_3-Way_20atts_0_2H_EDM-1_1,LightGBM,1440,160,0.4873170693750265,0.6803553114285148,0.049109917134046555,0.04055694863200188,0.581250011920929,0.3707538805902004
GAMETES_Epistasis_3-Way_20atts_0_2H_EDM-1_1,LinearModel,1440,160,0.4988984831308456,0.6920447956888893,0.025031551718711853,7.732473022770137e-05,0.518750011920929,0.30339684151113033
GAMETES_Epistasis_3-Way_20atts_0_2H_EDM-1_1,NeuralNetFastAI,1440,160,0.397656855853081,0.5679081742790411,0.05027793347835541,0.0967530757188797,0.637499988079071,0.5663319285959005
GAMETES_Epistasis_3-Way_20atts_0_2H_EDM-1_1,NeuralNetTorch,1440,160,0.4312850122396609,0.6197851048714229,0.050227925181388855,0.0757366418838501,0.637499988079071,0.4924560794606805
GAMETES_Epistasis_3-Way_20atts_0_2H_EDM-1_1,RandomForest,1440,160,0.49586021258674967,0.6889646513924641,0.04969186335802078,0.07562408596277237,0.5375000238418579,0.4331228658556938
GAMETES_Epistasis_3-Way_20atts_0_2H_EDM-1_1,XGBoost,1440,160,0.4959370883828975,0.6891811791771995,0.062240079045295715,0.06064416095614433,0.5375000238418579,0.5301483888179064
GAMETES_Heterogeneity_20atts_1600_Het_0_4_0_2_50_EDM-2_001,CatBoost,1440,160,0.4165413578312247,0.5868554750116786,0.06739149242639542,0.1291538029909134,0.6499999761581421,0.5379482442513108
GAMETES_Heterogeneity_20atts_1600_Het_0_4_0_2_50_EDM-2_001,ExtraTrees,1440,160,0.4922252324436237,0.6890862084658583,0.06137016415596008,0.09613090008497238,0.612500011920929,0.5161278685554862
GAMETES_Heterogeneity_20atts_1600_Het_0_4_0_2_50_EDM-2_001,LightGBM,1440,160,0.46143092771573996,0.6523666154698561,0.06616076081991196,0.09145507216453552,0.6312500238418579,0.5432432582601905
GAMETES_Heterogeneity_20atts_1600_Het_0_4_0_2_50_EDM-2_001,LinearModel,1440,160,0.5020364587883657,0.6951887640991588,0.03977518156170845,0.019276544451713562,0.4937500059604645,0.3024366460740566
GAMETES_Heterogeneity_20atts_1600_Het_0_4_0_2_50_EDM-2_001,NeuralNetFastAI,1440,160,0.4440637507984427,0.6213735351584313,0.07306388020515442,0.1314520239830017,0.6187499761581421,0.5683671534061432
GAMETES_Heterogeneity_20atts_1600_Het_0_4_0_2_50_EDM-2_001,NeuralNetTorch,1440,160,0.4465197820903537,0.6290699937784499,0.07679721713066101,0.1273842304944992,0.637499988079071,0.6610952317714691
GAMETES_Heterogeneity_20atts_1600_Het_0_4_0_2_50_EDM-2_001,RandomForest,1440,160,0.4869124795474839,0.681167558492778,0.05078323930501938,0.11458078026771545,0.6000000238418579,0.4711018605157733
GAMETES_Heterogeneity_20atts_1600_Het_0_4_0_2_50_EDM-2_001,XGBoost,1440,160,0.4603967034682297,0.6543071649824329,0.05631701275706291,0.09043485671281815,0.637499988079071,0.6166085349395871
GAMETES_Heterogeneity_20atts_1600_Het_0_4_0_2_75_EDM-2_001,CatBoost,1440,160,0.3778255018350041,0.5532229120075531,0.04469534754753113,0.09292159229516983,0.706250011920929,0.5894373627379537
GAMETES_Heterogeneity_20atts_1600_Het_0_4_0_2_75_EDM-2_001,ExtraTrees,1440,160,0.41303625514832804,0.6019490470360932,0.03703198581933975,0.07138054817914963,0.668749988079071,0.5222093760967255
GAMETES_Heterogeneity_20atts_1600_Het_0_4_0_2_75_EDM-2_001,LightGBM,1440,160,0.3876044829366771,0.5731311286848658,0.047563426196575165,0.06023726984858513,0.699999988079071,0.6518251402303576
GAMETES_Heterogeneity_20atts_1600_Het_0_4_0_2_75_EDM-2_001,LinearModel,1440,160,0.49863199520827306,0.6917747199671187,0.035261377692222595,0.0031917202286422253,0.53125,0.35030717961490154
GAMETES_Heterogeneity_20atts_1600_Het_0_4_0_2_75_EDM-2_001,NeuralNetFastAI,1440,160,0.37919555844946107,0.5604254248659741,0.05013533681631088,0.08433405309915543,0.699999988079071,0.7290432462468743
GAMETES_Heterogeneity_20atts_1600_Het_0_4_0_2_75_EDM-2_001,NeuralNetTorch,1440,160,0.35692785963136636,0.5357217882579818,0.07098077237606049,0.09817074984312057,0.731249988079071,0.5840983847156167
GAMETES_Heterogeneity_20atts_1600_Het_0_4_0_2_75_EDM-2_001,RandomForest,1440,160,0.40546311366335885,0.5933313316312177,0.03470510244369507,0.05236431211233139,0.706250011920929,0.5710543636232615
GAMETES_Heterogeneity_20atts_1600_Het_0_4_0_2_75_EDM-2_001,XGBoost,1440,160,0.3897144792808361,0.5726930954609147,0.042862534523010254,0.057352229952812195,0.699999988079071,0.7597115887328982
Internet-Advertisements,CatBoost,2951,328,0.04351600583671814,0.09076933370906648,0.013641655445098877,0.018424464389681816,0.9786585569381714,0.9399884482845664
Internet-Advertisements,ExtraTrees,2951,328,0.029384136350219456,0.06874853200828035,0.009552732110023499,0.01885104924440384,0.9817073345184326,0.6026963321492076
Internet-Advertisements,LightGBM,2951,328,0.045248573252998,0.08952842252268545,0.011331051588058472,0.02273608185350895,0.9756097793579102,0.6637939587235451
Internet-Advertisements,LinearModel,2951,328,0.06259604098440587,0.13169600600540524,0.011997222900390625,0.029322337359189987,0.9603658318519592,0.8085026359185576
Internet-Advertisements,NeuralNetFastAI,2951,328,0.052133391352758865,0.11228654013145882,0.011152412742376328,0.026908427476882935,0.9664633870124817,0.6161508811637759
Internet-Advertisements,NeuralNetTorch,2951,328,0.0518879397000592,0.1158449044321727,0.012246429920196533,0.0253128781914711,0.9695122241973877,0.9110692143440247
Internet-Advertisements,RandomForest,2951,328,0.03730658769301508,0.07716435310913558,0.0105152428150177,0.011103145778179169,0.9786585569381714,0.765346703119576
Internet-Advertisements,XGBoost,2951,328,0.050989733353594344,0.09779460415095075,0.011154146865010262,0.017287591472268105,0.9695122241973877,0.7806567763909698
OVA_Colon,CatBoost,1390,155,0.07324974737088841,0.16774720658248052,0.018070608377456665,0.03161110728979111,0.9612902998924255,0.7596523640677333
OVA_Colon,ExtraTrees,1390,155,0.0679379142085584,0.1499263796638153,0.018627502024173737,0.029199622571468353,0.9612902998924255,0.6516231754794717
OVA_Colon,LightGBM,1390,155,0.0633772962898116,0.1489004976035296,0.01761416718363762,0.03184303641319275,0.9677419066429138,0.8899167375639081
OVA_Colon,LinearModel,1390,155,0.06386486304319669,0.1439225248815593,0.013736054301261902,0.025074144825339317,0.9677419066429138,0.4757280573248863
OVA_Colon,NeuralNetFastAI,1390,155,0.08534818811384343,0.18739075505647987,0.025119243189692497,0.04650028049945831,0.9612902998924255,0.731291021220386
OVA_Colon,NeuralNetTorch,1390,155,0.08520761479985493,0.18248104982800487,0.030639637261629105,0.05601061135530472,0.948387086391449,0.522880082949996
OVA_Colon,RandomForest,1390,155,0.0857386521201253,0.1736590210604744,0.017561428248882294,0.03852416202425957,0.948387086391449,0.5185459284111857
OVA_Colon,XGBoost,1390,155,0.07101816131238138,0.1657987604249658,0.018951941281557083,0.03538544103503227,0.9612902998924255,0.5388168822973967
OVA_Endometrium,CatBoost,1390,155,0.055179400698039505,0.0986495114344551,0.020727038383483887,0.02503352053463459,0.9741935729980469,0.7500557145103812
OVA_Endometrium,ExtraTrees,1390,155,0.05717804202686543,0.10520144478236533,0.018197184428572655,0.025087563320994377,0.9612902998924255,0.5775806400924921
OVA_Endometrium,LightGBM,1390,155,0.047023496614896874,0.08642149959992507,0.019424114376306534,0.02604399062693119,0.9612902998924255,0.533928768709302
OVA_Endometrium,LinearModel,1390,155,0.037066356099519145,0.06545618574879358,0.013521443121135235,0.018534133210778236,0.9741935729980469,0.5004603546112776
OVA_Endometrium,NeuralNetFastAI,1390,155,0.04775036982280137,0.08202871945853277,0.012511529959738255,0.016685832291841507,0.9612902998924255,0.518675615079701
OVA_Endometrium,NeuralNetTorch,1390,155,0.04423255428206209,0.08752473313438783,0.015149906277656555,0.01926419883966446,0.9741935729980469,0.5196123197674751
OVA_Endometrium,RandomForest,1390,155,0.05427764982063902,0.10900860265496932,0.019925344735383987,0.035037484019994736,0.9677419066429138,0.5738984784111381
OVA_Endometrium,XGBoost,1390,155,0.048927513258426515,0.08995551441295829,0.0198227372020483,0.03866453096270561,0.9677419066429138,0.5744493762031198
OVA_Kidney,CatBoost,1390,155,0.01447791649993268,0.042434486682125995,0.01274835504591465,0.012048475444316864,0.9935483932495117,0.5305007714778185
OVA_Kidney,ExtraTrees,1390,155,0.014961691189472916,0.04504894301767588,0.014641356654465199,0.017135756090283394,0.9935483932495117,0.518935602158308
OVA_Kidney,LightGBM,1390,155,0.014349869046202723,0.04346488007872998,0.010735124349594116,0.014066223055124283,0.9935483932495117,0.7629823526367545
OVA_Kidney,LinearModel,1390,155,0.014774074560959147,0.039930441718356996,0.012975257821381092,0.012210946530103683,0.9935483932495117,0.4740131525322795
OVA_Kidney,NeuralNetFastAI,1390,155,0.018621241171564315,0.04547045313289182,0.014297489076852798,0.018939238041639328,0.9935483932495117,0.5983713790774345
OVA_Kidney,NeuralNetTorch,1390,155,0.01690744885038963,0.04803443747814168,0.017741205170750618,0.019522368907928467,0.9935483932495117,0.5775963366031647
OVA_Kidney,RandomForest,1390,155,0.01513606456186326,0.04645830537096738,0.015130065381526947,0.01569211110472679,0.9935483932495117,0.6525110751390457
OVA_Kidney,XGBoost,1390,155,0.015625344839000514,0.044694187484500644,0.012484891340136528,0.015165678225457668,0.9935483932495117,0.5362551109865308
OVA_Lung,CatBoost,1390,155,0.0152638535590577,0.06091154104000741,0.014500031247735023,0.01105221826583147,0.9935483932495117,0.5197837129235268
OVA_Lung,ExtraTrees,1390,155,0.023621555139719804,0.06211027975841888,0.012328872457146645,0.018533343449234962,0.9870967864990234,0.8422228014096618
OVA_Lung,LightGBM,1390,155,0.019330774322463967,0.0594918376068671,0.01799779199063778,0.01453123427927494,0.9870967864990234,0.796570816077292
OVA_Lung,LinearModel,1390,155,0.033311427455964916,0.07277097766921906,0.017733648419380188,0.01774912141263485,0.9806451797485352,0.7631768165156245
OVA_Lung,NeuralNetFastAI,1390,155,0.033939144183106035,0.07053999306765242,0.012558762915432453,0.018450133502483368,0.9806451797485352,0.784764195792377
OVA_Lung,NeuralNetTorch,1390,155,0.025758289653316627,0.07024125943237795,0.02062774822115898,0.01407234650105238,0.9870967864990234,0.6977224852889776
OVA_Lung,RandomForest,1390,155,0.03605904144512086,0.0859382755379944,0.01657283306121826,0.017396630719304085,0.9806451797485352,0.5009404448792338
OVA_Lung,XGBoost,1390,155,0.01615611431169442,0.05516699826056856,0.014594213105738163,0.012068353593349457,0.9935483932495117,0.9428816782310605
OVA_Ovary,CatBoost,1390,155,0.10492331486809012,0.17072930342006387,0.025018103420734406,0.05292069911956787,0.9225806593894958,0.7624234249815345
OVA_Ovary,ExtraTrees,1390,155,0.11809090671653313,0.1837736099024493,0.03333717957139015,0.0730280950665474,0.9161290526390076,0.5290306322276592
OVA_Ovary,LightGBM,1390,155,0.09572871129575444,0.1538770965569349,0.022418618202209473,0.05274370685219765,0.9354838728904724,0.5241739163175225
OVA_Ovary,LinearModel,1390,155,0.10674947666602727,0.17107256365240367,0.018896616995334625,0.05683423951268196,0.9290322661399841,0.4993245080113411
OVA_Ovary,NeuralNetFastAI,1390,155,0.10555136571103933,0.16813108858920361,0.030094489455223083,0.061501242220401764,0.9161290526390076,0.5486539984121919
OVA_Ovary,NeuralNetTorch,1390,155,0.09339913932303716,0.14809080874048805,0.027053453028202057,0.06595222651958466,0.9290322661399841,0.5992902396246791
OVA_Ovary,RandomForest,1390,155,0.11940818333480722,0.18075742307980136,0.03655747324228287,0.07940954715013504,0.9225806593894958,0.6772410459816456
OVA_Ovary,XGBoost,1390,155,0.10035771143300432,0.17135769525785172,0.026582228019833565,0.041502367705106735,0.9419354796409607,0.643771568313241
OVA_Prostate,CatBoost,1390,155,0.013899802426047278,0.03846590883325842,0.007177983410656452,0.00970202125608921,0.9935483932495117,1.1423617023974657
OVA_Prostate,ExtraTrees,1390,155,0.014355068932809445,0.03921575880746759,0.0064196959137916565,0.01043565385043621,0.9935483932495117,1.1432499205693603
OVA_Prostate,LightGBM,1390,155,0.013191313376857099,0.03163048735900094,0.006381349638104439,0.007833609357476234,0.9935483932495117,0.7034605508670211
OVA_Prostate,LinearModel,1390,155,0.021457319682080023,0.046590371517434295,0.010829579085111618,0.010829581879079342,0.9870967864990234,1.048191362991929
OVA_Prostate,NeuralNetFastAI,1390,155,0.01949779871815809,0.05627786600017492,0.010334063321352005,0.012310076504945755,0.9870967864990234,1.333525775000453
OVA_Prostate,NeuralNetTorch,1390,155,0.0128867179897749,0.047432339893102936,0.006460268050432205,0.006452666129916906,0.9935483932495117,1.429288706742227
OVA_Prostate,RandomForest,1390,155,0.01739933217914828,0.040124101109650805,0.007997395470738411,0.014319216832518578,0.9870967864990234,0.5136861884966493
OVA_Prostate,XGBoost,1390,155,0.019170317708087883,0.041849636371840956,0.006413061171770096,0.01145018357783556,0.9870967864990234,1.1270726770162582
PhishingWebsites,CatBoost,9949,1106,0.04783466126633194,0.08453908898682984,0.009431983344256878,0.01787654124200344,0.9683544039726257,1.5422266544774175
PhishingWebsites,ExtraTrees,9949,1106,0.05803940485809955,0.09927658024477133,0.010813359171152115,0.014792733825743198,0.9638336300849915,1.4536617444828153
PhishingWebsites,LightGBM,9949,1106,0.04717721764237342,0.08141886410888893,0.008730525150895119,0.013296961784362793,0.9683544039726257,1.8210990615189075
PhishingWebsites,LinearModel,9949,1106,0.09415798670607183,0.15231061265318036,0.006516239605844021,0.013872954063117504,0.9358047246932983,1.744950981810689
PhishingWebsites,NeuralNetFastAI,9949,1106,0.04802295676261558,0.08103815162525858,0.007111195474863052,0.012578279711306095,0.9683544039726257,1.3156920848414302
PhishingWebsites,NeuralNetTorch,9949,1106,0.04682458180751721,0.0796551045237654,0.010347768664360046,0.012331466190516949,0.9692586064338684,1.4106133058667183
PhishingWebsites,RandomForest,9949,1106,0.05617229926114883,0.09883833790730161,0.010862399823963642,0.01564648188650608,0.9620253443717957,1.5494388714432716
PhishingWebsites,XGBoost,9949,1106,0.04836647751157588,0.08548751995607014,0.008912153542041779,0.013276499696075916,0.9692586064338684,1.726395689882338
Run_or_walk_information,CatBoost,79729,8859,0.009460142578466524,0.01727267401381471,0.0024173976853489876,0.00294678658246994,0.9935658574104309,15.051848358474672
Run_or_walk_information,ExtraTrees,79729,8859,0.011672593904483709,0.021845670877909465,0.0020246580243110657,0.0030456725507974625,0.9931143522262573,13.67357499524951
Run_or_walk_information,LightGBM,79729,8859,0.008594971572072584,0.01622066944466658,0.002263135276734829,0.002727629616856575,0.9944689273834229,14.602022767998278
Run_or_walk_information,LinearModel,79729,8859,0.2111186374822876,0.3252932950846455,0.009205931797623634,0.015035539865493774,0.8443390727043152,24.85835529305041
Run_or_walk_information,NeuralNetFastAI,79729,8859,0.013301840348751212,0.02602861382731143,0.00272228941321373,0.0031760106794536114,0.9916468858718872,15.95583862811327
Run_or_walk_information,NeuralNetTorch,79729,8859,0.01082173034977748,0.021030711296075706,0.003687110263854265,0.004547108430415392,0.9931143522262573,15.77919927239418
Run_or_walk_information,RandomForest,79729,8859,0.012985870792803623,0.02411026518879615,0.0021318350918591022,0.0029137462843209505,0.9922112822532654,13.86367411725223
Run_or_walk_information,XGBoost,79729,8859,0.01014826895366273,0.018328309919647415,0.0021289419382810593,0.003213615622371435,0.9933401346206665,12.94487128406763
Satellite,CatBoost,4590,510,0.014934324095991174,0.026729467465096367,0.005297602619975805,0.006584943272173405,0.9901960492134094,1.2708893427625299
Satellite,ExtraTrees,4590,510,0.016289754525900226,0.026484942900375213,0.005716715473681688,0.00650390051305294,0.9882352948188782,1.116307190619409
Satellite,LightGBM,4590,510,0.014326508613800339,0.02371442534952703,0.007128446362912655,0.005750500597059727,0.9901960492134094,1.0719414465129375
Satellite,LinearModel,4590,510,0.014678487431218195,0.026900198756935993,0.005640929564833641,0.007174358703196049,0.9921568632125854,0.8616604888811707
Satellite,NeuralNetFastAI,4590,510,0.011849034301414449,0.023270590186505145,0.004343952983617783,0.006756690796464682,0.9921568632125854,1.0996983051300049
Satellite,NeuralNetTorch,4590,510,0.014877982209594649,0.02805437984124277,0.00624103145673871,0.005713461432605982,0.9901960492134094,1.1691800318658352
Satellite,RandomForest,4590,510,0.016119426235160494,0.028637341554132802,0.006293907295912504,0.007943743839859962,0.9882352948188782,1.0249085230752826
Satellite,XGBoost,4590,510,0.015143158807012704,0.02462806530665623,0.006136086769402027,0.007029238622635603,0.9901960492134094,0.9529671035706997
SpeedDating,CatBoost,7540,838,0.17699470215750296,0.29057927884960527,0.019151708111166954,0.031987499445676804,0.8830549120903015,1.13885725941509
SpeedDating,ExtraTrees,7540,838,0.19305930736992408,0.31098930933776087,0.017522091045975685,0.036650728434324265,0.8687350749969482,1.323630535043776
SpeedDating,LightGBM,7540,838,0.1776478049780722,0.2921561400078227,0.024316057562828064,0.035814642906188965,0.8854415416717529,1.4281864715740085
SpeedDating,LinearModel,7540,838,0.19021028256563072,0.3138970574092519,0.027450159192085266,0.03650958091020584,0.8735083341598511,1.1460124356672168
SpeedDating,NeuralNetFastAI,7540,838,0.18800972718317088,0.3077597478420324,0.02126070111989975,0.03375187888741493,0.8723150491714478,1.2767813373357058
SpeedDating,NeuralNetTorch,7540,838,0.18638227547232394,0.3054798490953384,0.02172135002911091,0.032677263021469116,0.8723150491714478,1.21928440220654
SpeedDating,RandomForest,7540,838,0.19131064919741028,0.3127817582037846,0.022500913590192795,0.033676210790872574,0.8711217045783997,1.1677101394161582
SpeedDating,XGBoost,7540,838,0.1762083666783598,0.2898521900292068,0.020660432055592537,0.02797827683389187,0.8854415416717529,1.2934089303016663
Titanic,CatBoost,1980,221,0.2563182419738595,0.4154225963244703,0.06825059652328491,0.06315423548221588,0.8325791954994202,0.7004564357921481
Titanic,ExtraTrees,1980,221,0.2537118945949691,0.4077851196581028,0.07781068980693817,0.04966402426362038,0.8325791954994202,1.4635932790115476
Titanic,LightGBM,1980,221,0.2550036284941843,0.4121237806477943,0.06836152076721191,0.05922478809952736,0.8325791954994202,0.7308054519817233
Titanic,LinearModel,1980,221,0.2527472918285605,0.4114987871239073,0.06660626083612442,0.05299631133675575,0.8325791954994202,1.0779707105830312
Titanic,NeuralNetFastAI,1980,221,0.2539739300127422,0.4116304432340232,0.06709904968738556,0.05594199523329735,0.8325791954994202,0.549392438493669
Titanic,NeuralNetTorch,1980,221,0.2554419988259047,0.4121390322003725,0.07034704834222794,0.06394398957490921,0.8325791954994202,0.605084334500134
Titanic,RandomForest,1980,221,0.2545115395194334,0.40777318860658474,0.06918732076883316,0.054909106343984604,0.8325791954994202,1.918390229344368
Titanic,XGBoost,1980,221,0.255277295263389,0.4133944489654861,0.06527477502822876,0.05864843726158142,0.8325791954994202,0.6681824186816812
ada,CatBoost,3732,415,0.17041045170102323,0.2698459057180824,0.014271123334765434,0.033060479909181595,0.8819277286529541,0.9161893427371979
ada,ExtraTrees,3732,415,0.195047200644882,0.30680987511633423,0.015623871237039566,0.03901621326804161,0.8602409362792969,0.7503006458282471
ada,LightGBM,3732,415,0.17279585125636754,0.27475379397678257,0.016899732872843742,0.046096500009298325,0.87469881772995,0.8143322104588151
ada,LinearModel,3732,415,0.2003694668914003,0.31719563859118377,0.019654717296361923,0.038852594792842865,0.8530120253562927,0.7274613277986646
ada,NeuralNetFastAI,3732,415,0.18554812417829514,0.29735470737682795,0.013878483325242996,0.031153332442045212,0.8722891807556152,0.7458594078198075
ada,NeuralNetTorch,3732,415,0.18351687107560605,0.28915047553545037,0.011464416980743408,0.033004775643348694,0.8722891807556152,0.7444605762138963
ada,RandomForest,3732,415,0.1803639443292279,0.28701653188032433,0.011328501626849174,0.03593864664435387,0.8771084547042847,0.9027192145586014
ada,XGBoost,3732,415,0.17131892618721992,0.27232990182989275,0.012455174699425697,0.03351161256432533,0.8771084547042847,0.8768115574494004
adult,CatBoost,43957,4885,0.17145974022360383,0.2705818478412728,0.00578959658741951,0.010819096118211746,0.8771750330924988,9.865872763097286
adult,ExtraTrees,43957,4885,0.19011957420201392,0.3000572866621754,0.00675209378823638,0.015491833910346031,0.8630501627922058,10.426526471972466
adult,LightGBM,43957,4885,0.1713492496825575,0.26925774599615465,0.005891591310501099,0.014771485701203346,0.8771750330924988,9.541290048509836
adult,LinearModel,43957,4885,0.20285760881597278,0.3168874849487779,0.007869059219956398,0.011682085692882538,0.853428840637207,9.678550698794425
adult,NeuralNetFastAI,43957,4885,0.18948083780812297,0.2982385310961858,0.008529052138328552,0.010662482120096684,0.863459587097168,9.719810233451426
adult,NeuralNetTorch,43957,4885,0.19146607950556893,0.300121403646159,0.007637758273631334,0.013400090858340263,0.8628454208374023,9.767705163918436
adult,RandomForest,43957,4885,0.18698861612546014,0.2937190387818251,0.0077305869199335575,0.011220763437449932,0.8630501627922058,10.425427662208676
adult,XGBoost,43957,4885,0.17044622570895132,0.2679741803362367,0.005541238933801651,0.013230313546955585,0.8759467601776123,9.880900701507926
ailerons,CatBoost,12375,1375,0.15842229944757383,0.2603176562678577,0.00841718539595604,0.027324402704834938,0.8909090757369995,2.010714203119278
ailerons,ExtraTrees,12375,1375,0.16803365881399576,0.274694900727357,0.007975462824106216,0.016791000962257385,0.8814545273780823,1.8855018774047494
ailerons,LightGBM,12375,1375,0.15829012063559014,0.25910448101427036,0.008620224893093109,0.02432555891573429,0.8923636078834534,2.3666573017835617
ailerons,LinearModel,12375,1375,0.16959585727133616,0.2768134274638136,0.009794803336262703,0.02534291334450245,0.8799999952316284,2.686519087292254
ailerons,NeuralNetFastAI,12375,1375,0.16635691988509627,0.27087731046695773,0.009581364691257477,0.023764433339238167,0.8843636512756348,1.9819124890491366
ailerons,NeuralNetTorch,12375,1375,0.1648162151843164,0.268438067519652,0.007864439859986305,0.019772380590438843,0.8814545273780823,1.9099429650232196
ailerons,RandomForest,12375,1375,0.1638097428546608,0.2697111601488029,0.008213534019887447,0.027745870873332024,0.8814545273780823,1.844742969609797
ailerons,XGBoost,12375,1375,0.15937530783953258,0.2597609673744611,0.007997598499059677,0.016553649678826332,0.8880000114440918,1.805372839793563
arcene,CatBoost,90,10,0.4268300274480927,0.64522807328661,0.17022812366485596,0.27132073044776917,0.699999988079071,0.5002013789489865
arcene,ExtraTrees,90,10,0.3523544067112952,0.5454218127217323,0.12171222269535065,0.19587205350399017,0.6000000238418579,0.5345902750268579
arcene,LightGBM,90,10,0.46257397931238786,0.7418335727946881,0.1299237161874771,0.26377037167549133,0.699999988079071,0.45572650618851185
arcene,LinearModel,90,10,0.3798559277827637,0.5741101575103003,0.1594909429550171,0.12909984588623047,0.699999988079071,0.42381101846694946
arcene,NeuralNetFastAI,90,10,0.3393605143028485,0.5702117649621408,0.1237192153930664,0.25521141290664673,0.699999988079071,0.44201494567096233
arcene,NeuralNetTorch,90,10,0.3614908666101294,0.6096319585554122,0.15006627142429352,0.24317793548107147,0.699999988079071,0.38546629156917334
arcene,RandomForest,90,10,0.3728071760742556,0.5650077832702693,0.12748989462852478,0.2532278597354889,0.699999988079071,0.3575355000793934
arcene,XGBoost,90,10,0.39732524275541076,0.5960902186640504,0.08968685567378998,0.25135862827301025,0.699999988079071,0.3494457406923175
arsenic-female-bladder,CatBoost,503,56,0.21378059424667037,0.33544809967918837,0.03978263586759567,0.09450209140777588,0.8571428656578064,0.5489239003509283
arsenic-female-bladder,ExtraTrees,503,56,0.23294421602876123,0.3685562522754698,0.04069012403488159,0.10560430586338043,0.8035714030265808,0.5083459625020623
arsenic-female-bladder,LightGBM,503,56,0.21802164448443642,0.35396740516580893,0.0466424822807312,0.07984497398138046,0.875,0.4329586196690798
arsenic-female-bladder,LinearModel,503,56,0.2320699063459826,0.36439842073509826,0.0426081120967865,0.0807066261768341,0.8571428656578064,0.4336516661569476
arsenic-female-bladder,NeuralNetFastAI,503,56,0.2176602174029653,0.3293352760886704,0.05989549681544304,0.08983496576547623,0.8392857313156128,0.4978341171517968
arsenic-female-bladder,NeuralNetTorch,503,56,0.18566854181170087,0.30713958873035757,0.050216734409332275,0.08286789059638977,0.875,0.464316981844604
arsenic-female-bladder,RandomForest,503,56,0.21971519271564108,0.3587658265287522,0.048975005745887756,0.09539999067783356,0.8571428656578064,0.5615037707611918
arsenic-female-bladder,XGBoost,503,56,0.20689883997117173,0.33339147077498643,0.03320039063692093,0.026370439678430557,0.8571428656578064,0.4184892103075981
autoUniv-au1-1000,CatBoost,900,100,0.37549207245206956,0.5609959739610627,0.07823817431926727,0.07829073816537857,0.7300000190734863,0.4219202557578683
autoUniv-au1-1000,ExtraTrees,900,100,0.362743785894212,0.5488473250899805,0.03713861107826233,0.07331744581460953,0.7599999904632568,0.5665210727602243
autoUniv-au1-1000,LightGBM,900,100,0.351657341475523,0.5356174297025421,0.04137076064944267,0.09333841502666473,0.7699999809265137,0.4651493476703763
autoUniv-au1-1000,LinearModel,900,100,0.3804519171105894,0.5700977291053287,0.07484984397888184,0.09560143947601318,0.7400000095367432,0.36136407777667046
autoUniv-au1-1000,NeuralNetFastAI,900,100,0.34777548869727665,0.5333139033912698,0.05096433684229851,0.0826687291264534,0.7699999809265137,0.5570615949109197
autoUniv-au1-1000,NeuralNetTorch,900,100,0.35351719286041855,0.5343885395320602,0.03791444003582001,0.04518419876694679,0.75,0.44375918433070183
autoUniv-au1-1000,RandomForest,900,100,0.37893365351572483,0.5626975785868622,0.04828118160367012,0.0594589002430439,0.7300000190734863,0.4705036114901304
autoUniv-au1-1000,XGBoost,900,100,0.3696834340399225,0.5529709862403062,0.06233745813369751,0.09255935996770859,0.7200000286102295,0.49460770562291145
bank-marketing,CatBoost,40689,4522,0.1171624905302964,0.18669766074462651,0.00470927357673645,0.01116491761058569,0.9148606657981873,7.75599074177444
bank-marketing,ExtraTrees,40689,4522,0.1256182080447936,0.2001166348097842,0.006019276566803455,0.01186307892203331,0.9066784381866455,7.4898698423057795
bank-marketing,LightGBM,40689,4522,0.11937308028836074,0.18936251981482488,0.005233303643763065,0.009346138685941696,0.9128704071044922,7.5768009796738625
bank-marketing,LinearModel,40689,4522,0.1411080115751242,0.22756310133532376,0.005723169073462486,0.008573353290557861,0.9000442028045654,7.852811863645911
bank-marketing,NeuralNetFastAI,40689,4522,0.12035642730097089,0.19099919895884188,0.006277460604906082,0.007984928786754608,0.9126492738723755,6.940098699182272
bank-marketing,NeuralNetTorch,40689,4522,0.12010416780470416,0.19057393005519965,0.007102424278855324,0.009690027683973312,0.9106590151786804,9.483506058342755
bank-marketing,RandomForest,40689,4522,0.12525771699008795,0.198707707614215,0.0061771804466843605,0.00915955938398838,0.9066784381866455,7.681445638649166
bank-marketing,XGBoost,40689,4522,0.11899437730170115,0.18979951481928548,0.005090467631816864,0.0071702515706419945,0.9126492738723755,7.484317024238408
bank32nh,CatBoost,7372,820,0.2692906133140808,0.4139450934337945,0.020584076642990112,0.04691386967897415,0.7939024567604065,1.171732266433537
bank32nh,ExtraTrees,7372,820,0.2703224528169872,0.41484872102856135,0.021327566355466843,0.03567494451999664,0.7987805008888245,1.3604775071144104
bank32nh,LightGBM,7372,820,0.2686069341223177,0.4151167879046692,0.022448785603046417,0.052800796926021576,0.79756098985672,1.3854254083707929
bank32nh,LinearModel,7372,820,0.2681547126624754,0.40962783453417256,0.02145424671471119,0.0387294702231884,0.792682945728302,1.3610968915745616
bank32nh,NeuralNetFastAI,7372,820,0.2553873647255331,0.3953103451403713,0.02116803452372551,0.03801872953772545,0.8073170781135559,1.1954023502767086
bank32nh,NeuralNetTorch,7372,820,0.26206675479013597,0.4051095330751126,0.017258238047361374,0.024648500606417656,0.800000011920929,1.1827238043770194
bank32nh,RandomForest,7372,820,0.2848144343439991,0.4356572370541302,0.025105217471718788,0.03906134516000748,0.7890244126319885,1.2497498290613294
bank32nh,XGBoost,7372,820,0.2727477002269088,0.41997309976087677,0.02136051282286644,0.039153702557086945,0.79756098985672,1.205152085982263
bank8FM,CatBoost,7372,820,0.0736231751934933,0.11843851325255486,0.008301757276058197,0.012544953264296055,0.9475609660148621,1.6113674892112613
bank8FM,ExtraTrees,7372,820,0.07832742445294182,0.12486842595220987,0.010211626067757607,0.016021015122532845,0.9487804770469666,1.4145297659561038
bank8FM,LightGBM,7372,820,0.07557271282127884,0.11920519354942481,0.010577155277132988,0.02176404558122158,0.9487804770469666,1.4281423948705196
bank8FM,LinearModel,7372,820,0.08232846842369779,0.13449991872814843,0.009607825428247452,0.01651071384549141,0.9451219439506531,1.3073328249156475
bank8FM,NeuralNetFastAI,7372,820,0.07616755215841352,0.11626959279084094,0.01010623574256897,0.022410012781620026,0.9475609660148621,1.567475512623787
bank8FM,NeuralNetTorch,7372,820,0.08024125123979547,0.12389699160738027,0.00870972964912653,0.017366046085953712,0.9463414549827576,1.562431063503027
bank8FM,RandomForest,7372,820,0.07954347877514965,0.13315694499965394,0.007847008295357227,0.020396851003170013,0.9402438998222351,1.6158999232575297
bank8FM,XGBoost,7372,820,0.07613757323049651,0.12649308996367545,0.009203397668898106,0.017198732122778893,0.9451219439506531,1.4060666533187032
blood-transfusion-service-center,CatBoost,673,75,0.32851461130389625,0.5028005861009895,0.045813605189323425,0.09170792251825333,0.7599999904632568,0.5838282955810428
blood-transfusion-service-center,ExtraTrees,673,75,0.3315133016717774,0.5002248513946693,0.0713328868150711,0.12181106209754944,0.7599999904632568,0.5981991486623883
blood-transfusion-service-center,LightGBM,673,75,0.3339891812848975,0.503982015227577,0.05750298500061035,0.11722416430711746,0.7733333110809326,0.7446178700774908
blood-transfusion-service-center,LinearModel,673,75,0.3210792703212324,0.4838810704560418,0.06493024528026581,0.105501189827919,0.746666669845581,0.40709628257900476
blood-transfusion-service-center,NeuralNetFastAI,673,75,0.3253407277958291,0.48810991043850976,0.06535255908966064,0.08898720145225525,0.746666669845581,0.39210488088428974
blood-transfusion-service-center,NeuralNetTorch,673,75,0.3071881422779701,0.46229626504237936,0.050484202802181244,0.049634985625743866,0.7333333492279053,0.46929391007870436
blood-transfusion-service-center,RandomForest,673,75,0.3322144283786846,0.5053147238530806,0.0715995579957962,0.13738179206848145,0.7599999904632568,0.710228942334652
blood-transfusion-service-center,XGBoost,673,75,0.3337249465543645,0.5081909630593373,0.049439527094364166,0.07959357649087906,0.746666669845581,0.39278873801231384
boston_corrected,CatBoost,455,51,0.1636597104689409,0.2698142634647475,0.08096852153539658,0.10714530199766159,0.9019607901573181,0.4959803493693471
boston_corrected,ExtraTrees,455,51,0.15139124563534248,0.2517229728695278,0.09146112203598022,0.10713754594326019,0.9215686321258545,0.5610387912020087
boston_corrected,LightGBM,455,51,0.15408796250375592,0.2610293301104498,0.08943933248519897,0.14438949525356293,0.9215686321258545,0.4534714175388217
boston_corrected,LinearModel,455,51,0.181305861912414,0.29041028310011047,0.0933079719543457,0.13237428665161133,0.8627451062202454,0.41754942946136
boston_corrected,NeuralNetFastAI,455,51,0.14569595228860366,0.24613867025129305,0.12124823033809662,0.13982348144054413,0.8823529481887817,0.4753598729148507
boston_corrected,NeuralNetTorch,455,51,0.20754289405123577,0.31265931837017036,0.10760438442230225,0.1408446729183197,0.8039215803146362,0.4739428488537669
boston_corrected,RandomForest,455,51,0.182645155305352,0.2962976388014189,0.09480425715446472,0.11490856856107712,0.8627451062202454,0.391267373226583
boston_corrected,XGBoost,455,51,0.20045700052673232,0.3122731767604999,0.08256343752145767,0.14165882766246796,0.8627451062202454,0.4552550846710801
churn,CatBoost,4500,500,0.0848006589068285,0.17636529987612337,0.01475901436060667,0.020468369126319885,0.949999988079071,1.4777419650927186
churn,ExtraTrees,4500,500,0.0828333749777921,0.16937767428565065,0.010823562741279602,0.02276529185473919,0.9480000138282776,0.8768708845600486
churn,LightGBM,4500,500,0.08973343845547517,0.18346600656324086,0.012585938908159733,0.030804753303527832,0.9459999799728394,1.0455733574926853
churn,LinearModel,4500,500,0.18260151094989704,0.29948441340311044,0.01867363601922989,0.03227144479751587,0.8579999804496765,1.0988871287554502
churn,NeuralNetFastAI,4500,500,0.07553351447507543,0.15933366261538953,0.008197614923119545,0.016971169039607048,0.9559999704360962,0.8023108309134841
churn,NeuralNetTorch,4500,500,0.08243571116976904,0.17308303483796653,0.01627657562494278,0.028287244960665703,0.9520000219345093,0.9302618522197008
churn,RandomForest,4500,500,0.09902026980645988,0.19006330654992518,0.014744645915925503,0.01896178536117077,0.9359999895095825,1.3119595339521766
churn,XGBoost,4500,500,0.08764888146843962,0.17580879049693202,0.010712924413383007,0.026707760989665985,0.9440000057220459,1.3816908299922943
climate-model-simulation-crashes,CatBoost,486,54,0.10220809812549837,0.20502614404504435,0.05188646540045738,0.06434659659862518,0.9444444179534912,0.6895767776295543
climate-model-simulation-crashes,ExtraTrees,486,54,0.09522796310189324,0.21482318635929898,0.04339812695980072,0.059663280844688416,0.9444444179534912,0.5093886563554406
climate-model-simulation-crashes,LightGBM,486,54,0.0846411463385871,0.1893810351360979,0.04815540835261345,0.05180775746703148,0.9259259104728699,0.458122031763196
climate-model-simulation-crashes,LinearModel,486,54,0.09962957767089994,0.22816890119254687,0.062027424573898315,0.0745844617486,0.9444444179534912,0.4380504237487912
climate-model-simulation-crashes,NeuralNetFastAI,486,54,0.08740475036505803,0.21705552665873784,0.04524722695350647,0.05146985128521919,0.9629629850387573,0.8305965233594179
climate-model-simulation-crashes,NeuralNetTorch,486,54,0.10290675667715948,0.21400265958565898,0.04779449477791786,0.07674511522054672,0.9259259104728699,0.48376030195504427
climate-model-simulation-crashes,RandomForest,486,54,0.09761656825269284,0.218510016014932,0.07829400151968002,0.06687922775745392,0.9259259104728699,0.45586807932704687
climate-model-simulation-crashes,XGBoost,486,54,0.08681267576020375,0.2001964826076497,0.06282664835453033,0.07926816493272781,0.9629629850387573,0.47218962106853724
colleges_usnews,CatBoost,1171,131,0.374014413030265,0.543001844687308,0.058603640645742416,0.11774306744337082,0.7099236845970154,0.7445944482460618
colleges_usnews,ExtraTrees,1171,131,0.3664449494891332,0.5383833996068809,0.058562953025102615,0.089227594435215,0.694656491279602,0.540340798906982
colleges_usnews,LightGBM,1171,131,0.3869440998098894,0.5598886117368055,0.07315417379140854,0.12369668483734131,0.6641221642494202,0.5129686603322625
colleges_usnews,LinearModel,1171,131,0.3995587451654096,0.5803793096315608,0.06352661550045013,0.1111266016960144,0.6641221642494202,0.6647626049816608
colleges_usnews,NeuralNetFastAI,1171,131,0.39250360816341695,0.5638765003607283,0.07741545140743256,0.11049775034189224,0.6793892979621887,0.9183690594509244
colleges_usnews,NeuralNetTorch,1171,131,0.38198637870066754,0.5540942372220272,0.0757623016834259,0.16180792450904846,0.732824444770813,0.5367694944143295
colleges_usnews,RandomForest,1171,131,0.36827545120635924,0.5501399360007199,0.06199786439538002,0.09447799623012543,0.732824444770813,0.600802824832499
colleges_usnews,XGBoost,1171,131,0.38876859372813,0.5604342373876563,0.07462950795888901,0.130028635263443,0.6793892979621887,0.694387405179441
cpu_act,CatBoost,7372,820,0.06603018809798454,0.11315096931676932,0.015924399718642235,0.03351979702711105,0.9585365653038025,1.339880428276956
cpu_act,ExtraTrees,7372,820,0.07682676943362776,0.12941462457687936,0.013840869069099426,0.030605733394622803,0.9512194991111755,1.165692321024835
cpu_act,LightGBM,7372,820,0.06875333491793137,0.11522500374386038,0.015403524041175842,0.030048945918679237,0.9560975432395935,1.525655074045062
cpu_act,LinearModel,7372,820,0.08624927529618687,0.1462284334753456,0.01464176457375288,0.03111422248184681,0.9439024329185486,1.465186440385878
cpu_act,NeuralNetFastAI,7372,820,0.0735676992441518,0.12499571343263667,0.01842459663748741,0.037084098905324936,0.9487804770469666,1.3531113537028432
cpu_act,NeuralNetTorch,7372,820,0.07793592429902084,0.13215770230163026,0.018089989200234413,0.0367470309138298,0.9439024329185486,1.4034945471212268
cpu_act,RandomForest,7372,820,0.07464415462963686,0.1289380714773736,0.013323057442903519,0.029073452576994896,0.954878032207489,1.3396243806928396
cpu_act,XGBoost,7372,820,0.06629103743549096,0.11220766267268507,0.016181353479623795,0.027460746467113495,0.9536585211753845,1.2764594331383705
cpu_small,CatBoost,7372,820,0.09718454861758749,0.15518926254563353,0.011815432459115982,0.021422170102596283,0.9353658556938171,1.3030915977433324
cpu_small,ExtraTrees,7372,820,0.1040967609850732,0.16672300141881136,0.009776048362255096,0.017428556457161903,0.9329268336296082,1.22404467407614
cpu_small,LightGBM,7372,820,0.09798502260461085,0.1558797636471073,0.010617762804031372,0.028569089248776436,0.9353658556938171,1.3253864040598273
cpu_small,LinearModel,7372,820,0.1263870824911979,0.20060178490451083,0.011083526536822319,0.027267055585980415,0.9073171019554138,1.2007598653435707
cpu_small,NeuralNetFastAI,7372,820,0.10924345797488555,0.17163165169244174,0.007574547082185745,0.03098018281161785,0.9182927012443542,1.255626262165606
cpu_small,NeuralNetTorch,7372,820,0.10246001017015209,0.1639962196884941,0.013461422175168991,0.024145200848579407,0.9219512343406677,1.430218918249011
cpu_small,RandomForest,7372,820,0.10206368214578518,0.16552979774577034,0.013216204941272736,0.031615450978279114,0.9329268336296082,1.2713883919641376
cpu_small,XGBoost,7372,820,0.10005917433166442,0.15938830168116175,0.012511517852544785,0.03782926872372627,0.9329268336296082,1.3853339971974492
credit-g,CatBoost,900,100,0.27625991510564757,0.42918063738743406,0.05338309332728386,0.07924993336200714,0.8299999833106995,0.47870468348264694
credit-g,ExtraTrees,900,100,0.2832522154038275,0.4440453001140922,0.050484538078308105,0.1159655898809433,0.8199999928474426,0.44439005199819803
credit-g,LightGBM,900,100,0.28722322565619124,0.44607931865163164,0.044004932045936584,0.10249896347522736,0.7900000214576721,0.4801245825365186
credit-g,LinearModel,900,100,0.3133325755286569,0.48110417583350396,0.061137452721595764,0.08803290873765945,0.7699999809265137,0.46727128606289625
credit-g,NeuralNetFastAI,900,100,0.3026303457481036,0.4601677319282467,0.034470558166503906,0.06673096865415573,0.7599999904632568,0.4876141110435128
credit-g,NeuralNetTorch,900,100,0.29406299640389244,0.455277209893093,0.061016276478767395,0.1361817568540573,0.7699999809265137,0.4381407080218196
credit-g,RandomForest,900,100,0.2741976372560124,0.43157730876340156,0.06277290731668472,0.1158255934715271,0.800000011920929,0.4612064240500331
credit-g,XGBoost,900,100,0.2914427367302897,0.4470023716639718,0.04626701772212982,0.11564337462186813,0.7699999809265137,0.42473518569022417
cylinder-bands,CatBoost,486,54,0.18686124431089188,0.3096709309136364,0.0395037904381752,0.0847863107919693,0.8518518805503845,0.5543526886031032
cylinder-bands,ExtraTrees,486,54,0.17915301320017452,0.3041469686117153,0.05127358436584473,0.10302799195051193,0.9074074029922485,0.5058698961511254
cylinder-bands,LightGBM,486,54,0.1858541249388171,0.3129724287876234,0.04276610165834427,0.08546559512615204,0.8888888955116272,0.47228213399648666
cylinder-bands,LinearModel,486,54,0.26766201401390455,0.4238162892600087,0.0579339861869812,0.11212035268545151,0.7962962985038757,0.44554735347628593
cylinder-bands,NeuralNetFastAI,486,54,0.23270729208254792,0.39037414408595195,0.07913771271705627,0.1322719156742096,0.8518518805503845,0.4789672503247857
cylinder-bands,NeuralNetTorch,486,54,0.20398895995744956,0.3441962100796598,0.0689699798822403,0.13121604919433594,0.8518518805503845,0.40816402714699507
cylinder-bands,RandomForest,486,54,0.1690189234717787,0.2873990904931802,0.0411871112883091,0.048839159309864044,0.8888888955116272,0.4682101672515273
cylinder-bands,XGBoost,486,54,0.176544147714603,0.306121044754207,0.0625612884759903,0.14295640587806702,0.8888888955116272,0.42522975988686085
delta_ailerons,CatBoost,6416,713,0.09029252035004717,0.18086172789519536,0.009057806804776192,0.01652739755809307,0.946704089641571,1.3307797675952315
delta_ailerons,ExtraTrees,6416,713,0.09216364935755694,0.1816533939058227,0.011534378863871098,0.013090611435472965,0.9453015327453613,1.1193776316940784
delta_ailerons,LightGBM,6416,713,0.09065237157126474,0.1814787457038459,0.009077576920390129,0.02043340355157852,0.9424964785575867,1.0015884740278125
delta_ailerons,LinearModel,6416,713,0.1093376353097698,0.2159654014214509,0.010280020534992218,0.0248043742030859,0.9410939812660217,1.2056759670376778
delta_ailerons,NeuralNetFastAI,6416,713,0.10116434015079734,0.19846215185829488,0.010544326156377792,0.023138493299484253,0.9424964785575867,1.0341992797330022
delta_ailerons,NeuralNetTorch,6416,713,0.1002004030841813,0.1963958198851849,0.012610645964741707,0.021812425926327705,0.9453015327453613,1.3495707977563143
delta_ailerons,RandomForest,6416,713,0.09301509082251769,0.1803149565425745,0.010291166603565216,0.02085203118622303,0.9438990354537964,1.1567323599010706
delta_ailerons,XGBoost,6416,713,0.09101811330976207,0.18359253103061882,0.011171916499733925,0.02825148217380047,0.948106586933136,1.3237703386694193
delta_elevators,CatBoost,8565,952,0.177254099325205,0.2968915375669518,0.010439197532832623,0.022442730143666267,0.8844537734985352,1.5095355939120054
delta_elevators,ExtraTrees,8565,952,0.1801738710120684,0.3004736498107667,0.012999282218515873,0.028303716331720352,0.8802521228790283,1.3362120296806097
delta_elevators,LightGBM,8565,952,0.17610480446306406,0.2952645459061947,0.013458486646413803,0.031538136303424835,0.8886554837226868,1.3666672995314002
delta_elevators,LinearModel,8565,952,0.17984681897155128,0.30581863920955316,0.013220791704952717,0.026271386072039604,0.8802521228790283,1.2761042658239603
delta_elevators,NeuralNetFastAI,8565,952,0.17775439029386322,0.29839028922526456,0.008501246571540833,0.015580062754452229,0.881302535533905,1.384872606024146
delta_elevators,NeuralNetTorch,8565,952,0.17588189700802428,0.2952822351037853,0.010411679744720459,0.027532100677490234,0.8844537734985352,1.5426880652084947
delta_elevators,RandomForest,8565,952,0.18373079800609798,0.3035459062767474,0.014771966263651848,0.03142017498612404,0.8728991746902466,1.2427739584818482
delta_elevators,XGBoost,8565,952,0.1769876349367355,0.29633506807547566,0.010550512000918388,0.027097729966044426,0.8844537734985352,1.3097637062892318
diabetes,CatBoost,691,77,0.24822232773158653,0.39295756367743656,0.04773959517478943,0.10123006999492645,0.8441558480262756,0.4950677342712879
diabetes,ExtraTrees,691,77,0.23573184289515778,0.37666608461815504,0.05089348182082176,0.09879706054925919,0.8441558480262756,0.4673172365874052
diabetes,LightGBM,691,77,0.2440709558932464,0.3860386005849469,0.0393446646630764,0.07382993400096893,0.8051947951316833,0.464321200735867
diabetes,LinearModel,691,77,0.23190054392921744,0.3761727551867875,0.0723298192024231,0.10782433301210403,0.8311688303947449,0.45327151101082563
diabetes,NeuralNetFastAI,691,77,0.24493247077200314,0.38569375311638004,0.06981828808784485,0.13060447573661804,0.8181818127632141,0.4632752388715744
diabetes,NeuralNetTorch,691,77,0.23894145055590138,0.3768136769665453,0.048168450593948364,0.14958208799362183,0.8311688303947449,0.43107890523970127
diabetes,RandomForest,691,77,0.24320737534379833,0.39024977394767374,0.046020545065402985,0.08409149944782257,0.8311688303947449,0.41522711142897606
diabetes,XGBoost,691,77,0.26371945022394866,0.414438236000705,0.04194144159555435,0.18544113636016846,0.8051947951316833,0.45817454159259796
dresses-sales,CatBoost,450,50,0.4719709528667144,0.6642691602922542,0.07292808592319489,0.11445935070514679,0.5799999833106995,0.35098912473767996
dresses-sales,ExtraTrees,450,50,0.5045721189934604,0.698833745442504,0.09465514123439789,0.15456953644752502,0.5799999833106995,0.3254539854824543
dresses-sales,LightGBM,450,50,0.4930996016066327,0.6880825967168601,0.08229243010282516,0.12330638617277145,0.5799999833106995,0.3418287895619869
dresses-sales,LinearModel,450,50,0.4662123033077513,0.6590443861013406,0.08049201965332031,0.11103757470846176,0.6200000047683716,0.4098963811993599
dresses-sales,NeuralNetFastAI,450,50,0.4965211860412731,0.6941702189324696,0.08977092802524567,0.1797800064086914,0.6200000047683716,0.38385913521051407
dresses-sales,NeuralNetTorch,450,50,0.48739788825470753,0.6848080316726295,0.08474921435117722,0.16173973679542542,0.6399999856948853,0.6772782849147916
dresses-sales,RandomForest,450,50,0.5135606586179091,0.7097053052149371,0.10728161036968231,0.18017356097698212,0.5799999833106995,0.4402575446292758
dresses-sales,XGBoost,450,50,0.4849056750785073,0.6780185912971617,0.06382713466882706,0.10794524848461151,0.6000000238418579,0.33717652782797813
eeg-eye-state,CatBoost,13482,1498,0.061312056418143746,0.1068259234060426,0.007388400379568338,0.01074566412717104,0.9599465727806091,3.5936294104903936
eeg-eye-state,ExtraTrees,13482,1498,0.0816993667911685,0.1346631047507096,0.010506326332688332,0.017590951174497604,0.9412550330162048,3.7219525007531047
eeg-eye-state,LightGBM,13482,1498,0.06752430166783832,0.11451834970205682,0.009235905483365059,0.014220044948160648,0.9572763442993164,3.47966022323817
eeg-eye-state,LinearModel,13482,1498,0.4450103568389496,0.634016213668245,0.012156900018453598,0.03744782134890556,0.6321762204170227,4.7326802387833595
eeg-eye-state,NeuralNetFastAI,13482,1498,0.2531883585121527,0.39958205984972994,0.04889487847685814,0.08227583020925522,0.8237650394439697,4.4281474854797125
eeg-eye-state,NeuralNetTorch,13482,1498,0.026915623391101307,0.048237114034411666,0.0034056007862091064,0.01006647851318121,0.9819759726524353,4.459835261106491
eeg-eye-state,RandomForest,13482,1498,0.09492398922007415,0.15893568862281415,0.00996411219239235,0.017820287495851517,0.9359145760536194,3.5754217449575663
eeg-eye-state,XGBoost,13482,1498,0.07100815656555858,0.12062495827531257,0.008146917447447777,0.011124394834041595,0.9539386034011841,3.8629090134054422
electricity,CatBoost,40780,4532,0.08094861234155976,0.14048311400040311,0.004919908940792084,0.011681027710437775,0.947925865650177,9.991307836025953
electricity,ExtraTrees,40780,4532,0.13717573670954075,0.22655218845636774,0.00556725449860096,0.008316973224282265,0.9060017466545105,9.083244354464114
electricity,LightGBM,40780,4532,0.08167941898667422,0.14300961458970332,0.00708428118377924,0.013274099677801132,0.948808491230011,10.664938950911164
electricity,LinearModel,40780,4532,0.3292761278887234,0.4955169810633924,0.006811909377574921,0.016613390296697617,0.7566195726394653,10.680436400696635
electricity,NeuralNetFastAI,40780,4532,0.2196028683209067,0.3450039401284302,0.009633848443627357,0.014697355218231678,0.843336284160614,8.588261670432985
electricity,NeuralNetTorch,40780,4532,0.18475276651153352,0.2975670439161639,0.015879206359386444,0.026863768696784973,0.8715798854827881,9.291877062059939
electricity,RandomForest,40780,4532,0.10553098673674516,0.1798703586386128,0.004441357217729092,0.006366072688251734,0.9302735924720764,9.776540928520262
electricity,XGBoost,40780,4532,0.07966771239378871,0.13975480849133218,0.005758640356361866,0.013772048987448215,0.9490291476249695,9.57716696895659
fri_c0_1000_5,CatBoost,900,100,0.11939633889127178,0.184446377338663,0.052935078740119934,0.07572825253009796,0.8999999761581421,0.64091173466295
fri_c0_1000_5,ExtraTrees,900,100,0.16065484893406698,0.23628921810183495,0.054379574954509735,0.06784027069807053,0.8899999856948853,0.8042778931558132
fri_c0_1000_5,LightGBM,900,100,0.11749310759790825,0.18535557664921345,0.03813802823424339,0.05508561432361603,0.8999999761581421,0.43565587885677814
fri_c0_1000_5,LinearModel,900,100,0.21828737618888056,0.3626565789192746,0.06326690316200256,0.08634210377931595,0.8399999737739563,0.6381993545219302
fri_c0_1000_5,NeuralNetFastAI,900,100,0.09876215684902523,0.16239797794198657,0.04244387522339821,0.06620948761701584,0.9300000071525574,0.7718079602345824
fri_c0_1000_5,NeuralNetTorch,900,100,0.11256622561523093,0.16952315524589406,0.031470317393541336,0.067214235663414,0.9200000166893005,0.5123907495290041
fri_c0_1000_5,RandomForest,900,100,0.13617893997998204,0.2277916266578908,0.04952581226825714,0.07025858014822006,0.9300000071525574,0.5824005249887705
fri_c0_1000_5,XGBoost,900,100,0.1316159232525111,0.20680326820619363,0.04505753517150879,0.07618336379528046,0.8999999761581421,0.6042742459103465
fri_c0_500_5,CatBoost,450,50,0.18463827339193117,0.2979873908483961,0.06737253069877625,0.12810058891773224,0.8799999952316284,0.5107179619371891
fri_c0_500_5,ExtraTrees,450,50,0.25005790913148707,0.4000223539195218,0.09905631840229034,0.12040073424577713,0.8199999928474426,0.5209146002307534
fri_c0_500_5,LightGBM,450,50,0.202647241848313,0.3226168632866443,0.07398508489131927,0.10632354021072388,0.8799999952316284,0.47793642804026604
fri_c0_500_5,LinearModel,450,50,0.29736844263607215,0.4646369217076595,0.0522410050034523,0.13288980722427368,0.800000011920929,0.5213263919577003
fri_c0_500_5,NeuralNetFastAI,450,50,0.2037490052883183,0.3199312109809178,0.07104621082544327,0.13497969508171082,0.8399999737739563,0.4976584305986762
fri_c0_500_5,NeuralNetTorch,450,50,0.17902204490803186,0.2795856578351817,0.06788137555122375,0.12457675486803055,0.8199999928474426,0.5093691684305668
fri_c0_500_5,RandomForest,450,50,0.2627784654821666,0.41279985268573754,0.0823790431022644,0.13374829292297363,0.800000011920929,0.47915123775601387
fri_c0_500_5,XGBoost,450,50,0.22345632789952632,0.3495991693303385,0.07404963672161102,0.09400147199630737,0.7799999713897705,0.5178581019863486
fri_c1_1000_50,CatBoost,900,100,0.11340733328009754,0.20264870722280462,0.014500271528959274,0.052606500685214996,0.9300000071525574,0.6133222179487348
fri_c1_1000_50,ExtraTrees,900,100,0.11144619814727463,0.18970084405185247,0.02330011874437332,0.07393227517604828,0.9300000071525574,0.5276566790416837
fri_c1_1000_50,LightGBM,900,100,0.1460869245234745,0.22490155604467532,0.03212437033653259,0.08290484547615051,0.8700000047683716,0.6580105070024729
fri_c1_1000_50,LinearModel,900,100,0.41396620246207,0.6015063138991442,0.053807131946086884,0.11173092573881149,0.6800000071525574,0.5250172186642885
fri_c1_1000_50,NeuralNetFastAI,900,100,0.13488682870288896,0.23854177127790635,0.04662097245454788,0.07255271077156067,0.9200000166893005,0.8164273975417018
fri_c1_1000_50,NeuralNetTorch,900,100,0.23329939976874747,0.3703192938855694,0.052866384387016296,0.10904872417449951,0.8399999737739563,0.49155996181070805
fri_c1_1000_50,RandomForest,900,100,0.1572160956124887,0.2659155019537,0.035589978098869324,0.09962224960327148,0.8899999856948853,0.6474914066493511
fri_c1_1000_50,XGBoost,900,100,0.1217834981486153,0.20481367291648145,0.02737388014793396,0.07716932892799377,0.8899999856948853,0.644128211773932
fri_c2_1000_25,CatBoost,900,100,0.12956162090519854,0.2246829906122224,0.03475893661379814,0.059356939047575,0.9200000166893005,0.5164801860228181
fri_c2_1000_25,ExtraTrees,900,100,0.1436805275978021,0.25237953600791035,0.026370814070105553,0.08076021075248718,0.8899999856948853,0.6634507235139608
fri_c2_1000_25,LightGBM,900,100,0.1425496056334791,0.24443536099594865,0.02956155501306057,0.062271371483802795,0.8899999856948853,0.5770292906090617
fri_c2_1000_25,LinearModel,900,100,0.3600886842708046,0.5311518185971932,0.06916896998882294,0.10965964198112488,0.7400000095367432,0.4954348262399435
fri_c2_1000_25,NeuralNetFastAI,900,100,0.12420441617267067,0.20990726432283804,0.019441062584519386,0.0670972391963005,0.9300000071525574,0.5598429059609771
fri_c2_1000_25,NeuralNetTorch,900,100,0.1340126978699657,0.22547838317191246,0.026926366612315178,0.05291005223989487,0.8999999761581421,0.5497838882729411
fri_c2_1000_25,RandomForest,900,100,0.16038602483264924,0.27897498347789107,0.0378292053937912,0.06761434674263,0.8999999761581421,0.5188491819426417
fri_c2_1000_25,XGBoost,900,100,0.13986163850808095,0.24507664459964737,0.029330598190426826,0.04866686090826988,0.8899999856948853,0.4929657895117998
fri_c2_500_50,CatBoost,450,50,0.18251576317101204,0.28410421633282473,0.047369495034217834,0.11589863896369934,0.8399999737739563,0.5026995465159416
fri_c2_500_50,ExtraTrees,450,50,0.22890656318938046,0.3420534266464578,0.054541297256946564,0.13572166860103607,0.8199999928474426,0.45574704371392727
fri_c2_500_50,LightGBM,450,50,0.19768638199049207,0.3016763924020106,0.05434487760066986,0.12411816418170929,0.8600000143051147,0.4480307772755623
fri_c2_500_50,LinearModel,450,50,0.39597295959771045,0.5726019535925501,0.06790164113044739,0.12651386857032776,0.6800000071525574,0.4081342089921236
fri_c2_500_50,NeuralNetFastAI,450,50,0.19047245875874105,0.33246918216382654,0.06485724449157715,0.14232657849788666,0.9200000166893005,0.42632787954062223
fri_c2_500_50,NeuralNetTorch,450,50,0.25180467248039196,0.4049027829501361,0.046592071652412415,0.1415453851222992,0.800000011920929,0.45538241416215897
fri_c2_500_50,RandomForest,450,50,0.23279916540569112,0.35427644629446975,0.053470417857170105,0.09849215298891068,0.8199999928474426,0.5210936199873686
fri_c2_500_50,XGBoost,450,50,0.24273302115372444,0.3682987175994471,0.06072115898132324,0.11690522730350494,0.8399999737739563,0.4789641313254833
fri_c3_1000_10,CatBoost,900,100,0.10160962123968212,0.17804759273337797,0.026111828163266182,0.064790278673172,0.949999988079071,0.5765545982867479
fri_c3_1000_10,ExtraTrees,900,100,0.0932169552633087,0.1705049874997964,0.020085027441382408,0.0355917364358902,0.9399999976158142,0.4882588516920805
fri_c3_1000_10,LightGBM,900,100,0.11570597972578868,0.18730140817236932,0.01978553645312786,0.057395171374082565,0.9300000071525574,0.5479805031791329
fri_c3_1000_10,LinearModel,900,100,0.39130240544908107,0.5749625325292803,0.049914538860321045,0.07264140248298645,0.7200000286102295,0.45372314658015966
fri_c3_1000_10,NeuralNetFastAI,900,100,0.09294726008289231,0.15085013856342278,0.03211090713739395,0.06658221036195755,0.9300000071525574,0.570642814040184
fri_c3_1000_10,NeuralNetTorch,900,100,0.09361937709978173,0.171432499554273,0.032854631543159485,0.04823560640215874,0.9399999976158142,0.6203996213153005
fri_c3_1000_10,RandomForest,900,100,0.11801131976112879,0.21137419643003738,0.02548924833536148,0.08363648504018784,0.9399999976158142,0.49470008816570044
fri_c3_1000_10,XGBoost,900,100,0.10507337300219557,0.1854544619097215,0.03657174110412598,0.06311740726232529,0.9399999976158142,0.521320047788322
fri_c3_1000_25,CatBoost,900,100,0.12259071527745215,0.18710437304306077,0.030587172135710716,0.08669592440128326,0.9200000166893005,0.6570369228720665
fri_c3_1000_25,ExtraTrees,900,100,0.10388169757957452,0.16194004379281562,0.02210458368062973,0.061470773071050644,0.9200000166893005,0.5742985606193542
fri_c3_1000_25,LightGBM,900,100,0.07719196273059076,0.1302371538172002,0.02248070202767849,0.06435312330722809,0.9599999785423279,0.610946761444211
fri_c3_1000_25,LinearModel,900,100,0.4320159252960606,0.6176550135894034,0.040131717920303345,0.07362653315067291,0.6499999761581421,0.4140285775065422
fri_c3_1000_25,NeuralNetFastAI,900,100,0.07899291001381173,0.13993337147698376,0.02617250569164753,0.05331826210021973,0.949999988079071,0.5306705059483647
fri_c3_1000_25,NeuralNetTorch,900,100,0.07735967689794582,0.1542210511381607,0.032963238656520844,0.08134108781814575,0.949999988079071,0.5984568893909454
fri_c3_1000_25,RandomForest,900,100,0.13932201537973635,0.21714804571381102,0.029749156907200813,0.08497896045446396,0.8999999761581421,0.4729304173961282
fri_c3_1000_25,XGBoost,900,100,0.09634740463504844,0.16313302332665644,0.02186768315732479,0.06854932010173798,0.9300000071525574,0.515687839128077
fri_c3_500_10,CatBoost,450,50,0.193106364318794,0.32144287097030044,0.06487054377794266,0.09260857850313187,0.8600000143051147,0.587256858125329
fri_c3_500_10,ExtraTrees,450,50,0.23717520876574594,0.4114894608743829,0.07606563717126846,0.09894143790006638,0.8600000143051147,0.5147909261286259
fri_c3_500_10,LightGBM,450,50,0.2752981256788316,0.4357979204354045,0.08123181760311127,0.14443515241146088,0.800000011920929,0.5735267298296094
fri_c3_500_10,LinearModel,450,50,0.40799879796751637,0.5953471431473512,0.09157484769821167,0.16930094361305237,0.6200000047683716,0.4238761384040117
fri_c3_500_10,NeuralNetFastAI,450,50,0.2148146657836239,0.3616880206465589,0.061882250010967255,0.12885968387126923,0.8600000143051147,0.6751582473516464
fri_c3_500_10,NeuralNetTorch,450,50,0.18266613122715256,0.3191514917606055,0.03717559948563576,0.11633006483316422,0.9200000166893005,0.6569936433807015
fri_c3_500_10,RandomForest,450,50,0.22679689244185433,0.3715914035638357,0.06936007738113403,0.08172416687011719,0.8399999737739563,0.5842586401849985
fri_c3_500_10,XGBoost,450,50,0.20940268271720197,0.35375247425424017,0.06224998086690903,0.08744890987873077,0.8600000143051147,0.468981608748436
fri_c3_500_50,CatBoost,450,50,0.2167515613829982,0.3590258223626087,0.0679503083229065,0.18165276944637299,0.800000011920929,0.4672198863700032
fri_c3_500_50,ExtraTrees,450,50,0.20949888912595274,0.33191483265067795,0.07588401436805725,0.1490180641412735,0.8199999928474426,0.5530208246782422
fri_c3_500_50,LightGBM,450,50,0.1869867364208877,0.31368847903548114,0.042543597519397736,0.1220361515879631,0.8600000143051147,0.3945300383493304
fri_c3_500_50,LinearModel,450,50,0.41909616932769334,0.6020309884106892,0.0662422776222229,0.12713117897510529,0.6200000047683716,0.49616703018546104
fri_c3_500_50,NeuralNetFastAI,450,50,0.42194250443304715,0.6062585947059023,0.09232324361801147,0.17313340306282043,0.6200000047683716,0.4245559684932232
fri_c3_500_50,NeuralNetTorch,450,50,0.3920824593544253,0.5787573736746101,0.075301393866539,0.11034057289361954,0.7200000286102295,0.43138215504586697
fri_c3_500_50,RandomForest,450,50,0.19283477016296224,0.30616163988893114,0.029120005667209625,0.08842198550701141,0.8799999952316284,0.44803711120039225
fri_c3_500_50,XGBoost,450,50,0.17452452507685215,0.3073148994093468,0.05218580365180969,0.12312774360179901,0.8799999952316284,0.47589979227632284
fri_c4_500_100,CatBoost,450,50,0.16900379815247832,0.25281870455036876,0.04740976542234421,0.10597523301839828,0.8799999952316284,0.4804686848074198
fri_c4_500_100,ExtraTrees,450,50,0.15308944695858834,0.24453506354602003,0.07112303376197815,0.1202598363161087,0.8999999761581421,0.4519448271021247
fri_c4_500_100,LightGBM,450,50,0.1688221732441745,0.27041612240735863,0.0577658973634243,0.1097474917769432,0.8999999761581421,0.4514368548989296
fri_c4_500_100,LinearModel,450,50,0.4479665864409249,0.6384156916886972,0.07684913277626038,0.09788443893194199,0.6000000238418579,0.29533608350902796
fri_c4_500_100,NeuralNetFastAI,450,50,0.44711526016767,0.638113248358437,0.0726451575756073,0.145502507686615,0.6399999856948853,0.41843303199857473
fri_c4_500_100,NeuralNetTorch,450,50,0.4127214290154241,0.6016046349026796,0.08360078930854797,0.17832276225090027,0.699999988079071,0.529718997888267
fri_c4_500_100,RandomForest,450,50,0.17342655370223828,0.2696474723097292,0.0597025491297245,0.08733473718166351,0.8799999952316284,0.46292326506227255
fri_c4_500_100,XGBoost,450,50,0.14773984262944442,0.23243897243372946,0.06566910445690155,0.09303581714630127,0.8999999761581421,0.5133932027965784
fried,CatBoost,36691,4077,0.09241897808066653,0.14581975867132602,0.006560223642736673,0.010660246945917606,0.9320578575134277,7.538477363064885
fried,ExtraTrees,36691,4077,0.11403883567788427,0.17911165214489777,0.008625004440546036,0.015520661137998104,0.9180769920349121,9.093717919662595
fried,LightGBM,36691,4077,0.09340168165874745,0.14766846140207793,0.005795801989734173,0.014135606586933136,0.9300956726074219,8.271490288898349
fried,LinearModel,36691,4077,0.2317777831039188,0.3669144613069804,0.009975182823836803,0.015237386338412762,0.8386068344116211,8.041931950487196
fried,NeuralNetFastAI,36691,4077,0.09071561548695732,0.1427996714833379,0.006157800555229187,0.01111502293497324,0.9350012540817261,10.006855865940452
fried,NeuralNetTorch,36691,4077,0.09045207602728453,0.14353053328849308,0.006292013451457024,0.0131611293181777,0.9350012540817261,9.81825946085155
fried,RandomForest,36691,4077,0.11553192764796653,0.1822246766040612,0.008082246407866478,0.015866141766309738,0.9156242609024048,9.427953741513193
fried,XGBoost,36691,4077,0.09462543896492098,0.1504364837553028,0.006943446584045887,0.011498596519231796,0.9337748289108276,8.712928873486817
gina,CatBoost,2837,316,0.06199560990826277,0.10631337425624653,0.012904009781777859,0.02541760914027691,0.9588607549667358,0.7640649899840355
gina,ExtraTrees,2837,316,0.09288770119518065,0.15919078039425763,0.01211970392614603,0.027972005307674408,0.9430379867553711,0.8189323386177421
gina,LightGBM,2837,316,0.06484473331539407,0.11342661288119715,0.010514912195503712,0.027005303651094437,0.9556962251663208,0.7019560532644391
gina,LinearModel,2837,316,0.22392551930023424,0.3639532783798132,0.04261702671647072,0.08136139810085297,0.8354430198669434,0.6700792331248522
gina,NeuralNetFastAI,2837,316,0.05926451950688825,0.11228526552191855,0.028677549213171005,0.04968494176864624,0.9651898741722107,0.8085858318954706
gina,NeuralNetTorch,2837,316,0.060145156241120296,0.11517740469343266,0.030313922092318535,0.05484679713845253,0.9620253443717957,0.7328424034640193
gina,RandomForest,2837,316,0.0914662920709462,0.15904373303101352,0.008755973540246487,0.02073614113032818,0.9398733973503113,0.7967586377635598
gina,XGBoost,2837,316,0.06853950704820026,0.12025673550503561,0.00850408524274826,0.022224070504307747,0.9588607549667358,0.8410519892349839
hill-valley,CatBoost,1090,122,0.48593536195537756,0.6788431427127646,0.05196474492549896,0.050247687846422195,0.5491803288459778,0.4022592790424824
hill-valley,ExtraTrees,1090,122,0.4758245732937078,0.6687757935050177,0.05557907372713089,0.07469703257083893,0.5819672346115112,0.4565816577523947
hill-valley,LightGBM,1090,122,0.4570327170201033,0.6486969052279444,0.04439288377761841,0.05961235985159874,0.6147540807723999,0.4401907902210951
hill-valley,LinearModel,1090,122,0.13999929385588075,0.23674829597561597,0.047702670097351074,0.06773801147937775,0.9016393423080444,0.5523011488839984
hill-valley,NeuralNetFastAI,1090,122,0.18923837379375943,0.31514580412729104,0.06304701417684555,0.10822395980358124,0.8770492076873779,1.2213839534670115
hill-valley,NeuralNetTorch,1090,122,0.13481233742940085,0.22656643573744745,0.0527576208114624,0.0814228281378746,0.9098360538482666,0.46978200040757656
hill-valley,RandomForest,1090,122,0.4744611814939752,0.6673141776823136,0.03996525704860687,0.08353689312934875,0.5983606576919556,0.3648003311827779
hill-valley,XGBoost,1090,122,0.4774594928730098,0.6703253514547579,0.03866884857416153,0.04779285192489624,0.5819672346115112,0.35656134877353907
hiva_agnostic,CatBoost,3806,423,0.06306903383230157,0.13436230536271643,0.013263128697872162,0.021975677460432053,0.9645389914512634,1.1546922316774726
hiva_agnostic,ExtraTrees,3806,423,0.06852544734716422,0.14304637440086082,0.014268248341977596,0.0175589919090271,0.9598108530044556,1.052363627590239
hiva_agnostic,LightGBM,3806,423,0.06600555473506475,0.13980384877336433,0.01358039304614067,0.01654680445790291,0.9669030904769897,0.7368889367207885
hiva_agnostic,LinearModel,3806,423,0.06068512528545699,0.13457353862481478,0.012546657584607601,0.007278733421117067,0.9645389914512634,1.206486526876688
hiva_agnostic,NeuralNetFastAI,3806,423,0.062034664160584056,0.13668184822009352,0.011651815846562386,0.010109376162290573,0.9669030904769897,0.6785225216299295
hiva_agnostic,NeuralNetTorch,3806,423,0.06237896357336241,0.14384762581581542,0.016003768891096115,0.016317807137966156,0.9669030904769897,0.9942431719973683
hiva_agnostic,RandomForest,3806,423,0.06824003104646632,0.14153627621509524,0.01518834289163351,0.01674003340303898,0.957446813583374,0.7609827127307653
hiva_agnostic,XGBoost,3806,423,0.062175186508816774,0.13510751364689239,0.011498302221298218,0.01896802708506584,0.9669030904769897,0.6632346315309405
houses,CatBoost,18576,2064,0.017041652192930083,0.0307089862031896,0.003707064315676689,0.006959805730730295,0.9888566136360168,4.286996032111347
houses,ExtraTrees,18576,2064,0.015521530904302258,0.0285980067557512,0.0037602130323648453,0.007977765053510666,0.9903100728988647,4.157213035970926
houses,LightGBM,18576,2064,0.018548986109797022,0.03275756219278686,0.005424114875495434,0.006397228688001633,0.9864341020584106,5.687285521067679
houses,LinearModel,18576,2064,0.04257821615726653,0.07196362541704154,0.005129897966980934,0.008916434831917286,0.9685077667236328,6.574795802123845
houses,NeuralNetFastAI,18576,2064,0.017915879239675133,0.03220999421818126,0.0053433701395988464,0.00821648072451353,0.9869186282157898,4.2817019345238805
houses,NeuralNetTorch,18576,2064,0.01926820994180353,0.033010429546354254,0.004682799801230431,0.008490894921123981,0.9859496355056763,4.756716867908835
houses,RandomForest,18576,2064,0.018871166508696552,0.03277299110850956,0.0038625793531537056,0.006797208916395903,0.9874030947685242,4.6363606275990605
houses,XGBoost,18576,2064,0.018507472937955367,0.032758650048874856,0.004726930987089872,0.007144407834857702,0.9888566136360168,4.582259003072977
ilpd,CatBoost,524,59,0.3617739038488883,0.528435704079815,0.045285992324352264,0.13325829803943634,0.7288135886192322,0.5029753465205431
ilpd,ExtraTrees,524,59,0.351935512998862,0.5093407923437531,0.04544781148433685,0.09679218381643295,0.7288135886192322,0.5449761832132936
ilpd,LightGBM,524,59,0.35161349706334816,0.517177512568374,0.06161797046661377,0.15162649750709534,0.7627118825912476,0.5717082191258669
ilpd,LinearModel,524,59,0.37301249126578306,0.5359728940033961,0.07624617964029312,0.14505675435066223,0.6440678238868713,0.3719083946198225
ilpd,NeuralNetFastAI,524,59,0.36482954600649964,0.5141011825375104,0.06819260865449905,0.13261668384075165,0.6440678238868713,0.4531277986243367
ilpd,NeuralNetTorch,524,59,0.37056524904222377,0.542507376238728,0.08785958588123322,0.15986168384552002,0.6610169410705566,0.3830846967175603
ilpd,RandomForest,524,59,0.3907189008093807,0.5577261158547336,0.08069968968629837,0.11629588901996613,0.6610169410705566,0.4740232629701495
ilpd,XGBoost,524,59,0.36952402686902164,0.527513403434933,0.06992040574550629,0.08291799575090408,0.694915235042572,0.42325634974986315
jasmine,CatBoost,2685,299,0.26630188866913107,0.40549937671794295,0.02980087511241436,0.060541462153196335,0.8060200810432434,0.790511105209589
jasmine,ExtraTrees,2685,299,0.274393271993477,0.4145389465551055,0.02258930914103985,0.05376849323511124,0.8193979859352112,0.7943323813378811
jasmine,LightGBM,2685,299,0.26226518089018264,0.40076368156608405,0.02363346330821514,0.04538077116012573,0.8227424621582031,0.8108526151627302
jasmine,LinearModel,2685,299,0.28815155278281246,0.43945808900238786,0.02550812065601349,0.04485016688704491,0.7993311285972595,0.6804224886000156
jasmine,NeuralNetFastAI,2685,299,0.280456871784783,0.4272387417889422,0.02763073891401291,0.06081689894199371,0.8060200810432434,0.7313779778778553
jasmine,NeuralNetTorch,2685,299,0.2817083248020674,0.42605318805836734,0.03213849663734436,0.0534035749733448,0.8060200810432434,0.7103420756757259
jasmine,RandomForest,2685,299,0.2643445796445053,0.4008716748489131,0.03756628930568695,0.088893361389637,0.8060200810432434,0.7406360981985927
jasmine,XGBoost,2685,299,0.2571423775034251,0.3951186006084821,0.023797769099473953,0.041820723563432693,0.8227424621582031,0.7764140591025352
jm1,CatBoost,9796,1089,0.26578211509774036,0.4198088827659364,0.011673612520098686,0.02217089757323265,0.8163452744483948,1.5134938722476363
jm1,ExtraTrees,9796,1089,0.26494069005728077,0.4172869283408713,0.01378709077835083,0.03116503544151783,0.8255280256271362,1.6507873991504312
jm1,LightGBM,9796,1089,0.2643739843884329,0.41837138857255246,0.011241786181926727,0.02905656397342682,0.8218548893928528,1.3802503375336528
jm1,LinearModel,9796,1089,0.28085662457185795,0.44342238889459634,0.016496889293193817,0.029621295630931854,0.8172635436058044,1.1444663824513555
jm1,NeuralNetFastAI,9796,1089,0.2713578563974249,0.4321440485795997,0.018916569650173187,0.04156786575913429,0.8227731585502625,1.5314149344339967
jm1,NeuralNetTorch,9796,1089,0.27645396562016694,0.43664348426069194,0.01762942224740982,0.029122570529580116,0.8145087361335754,1.270899816416204
jm1,RandomForest,9796,1089,0.26327086255984533,0.41619631617557207,0.012094628065824509,0.022716064006090164,0.8200183510780334,1.61849956959486
jm1,XGBoost,9796,1089,0.26528332534933174,0.4196028380097831,0.010534738190472126,0.02379648946225643,0.8163452744483948,1.1637093583121896
kc1,CatBoost,1898,211,0.18827989247321847,0.31486884318910413,0.03237360715866089,0.06981878727674484,0.8720378875732422,0.5546712763607502
kc1,ExtraTrees,1898,211,0.1889825260760437,0.3158205266766452,0.028046969324350357,0.030521675944328308,0.8767772316932678,0.5963078439235687
kc1,LightGBM,1898,211,0.19119995523432998,0.3180287473959276,0.0197930708527565,0.04508066922426224,0.8815165758132935,0.5537636708468199
kc1,LinearModel,1898,211,0.21263346009177128,0.34330935634215887,0.021430935710668564,0.052363358438014984,0.8578199148178101,0.6733635710552335
kc1,NeuralNetFastAI,1898,211,0.19842194268417163,0.32695296841020294,0.025778930634260178,0.05351882427930832,0.8720378875732422,0.724963185377419
kc1,NeuralNetTorch,1898,211,0.20949569897923614,0.33734313850468384,0.01734301820397377,0.02801666595041752,0.8483412265777588,0.5074481908231974
kc1,RandomForest,1898,211,0.18454970031164003,0.30805863398763117,0.025770768523216248,0.03861350938677788,0.8862559199333191,0.6074723890051246
kc1,XGBoost,1898,211,0.198601633293579,0.32798392358942857,0.019273463636636734,0.0330796018242836,0.8767772316932678,0.5940310014411807
kc2,CatBoost,469,53,0.2609248679693863,0.3862097340917246,0.07886632531881332,0.17860275506973267,0.7547169923782349,0.4298746641725302
kc2,ExtraTrees,469,53,0.2560680129800059,0.38443126388321597,0.06933469325304031,0.13613386452198029,0.7735849022865295,0.403097378090024
kc2,LightGBM,469,53,0.21133306294021012,0.32439499687790524,0.07002606987953186,0.152268186211586,0.8113207817077637,0.4168661395087838
kc2,LinearModel,469,53,0.2643407952642888,0.3952351248064856,0.07207041233778,0.13201968371868134,0.7735849022865295,0.45214030891656876
kc2,NeuralNetFastAI,469,53,0.25060680907194743,0.3757641313518146,0.05949023738503456,0.1017620712518692,0.7547169923782349,0.46824409160763025
kc2,NeuralNetTorch,469,53,0.26508968030593744,0.40640073017305217,0.053543802350759506,0.09748300164937973,0.7735849022865295,0.535336596891284
kc2,RandomForest,469,53,0.23829632778462698,0.34445110260887574,0.06539449095726013,0.12479338049888611,0.7924528121948242,0.5943478532135487
kc2,XGBoost,469,53,0.2353912703468836,0.35991335835366484,0.07061105966567993,0.15114638209342957,0.7924528121948242,0.4155701333656907
kdd_el_nino-small,CatBoost,703,79,0.1060495643519324,0.15377019274500278,0.042208366096019745,0.0648474246263504,0.9113923907279968,0.6774037759751081
kdd_el_nino-small,ExtraTrees,703,79,0.12871970292201418,0.20539891202505614,0.03850105404853821,0.08178061991930008,0.8987341523170471,0.4634127449244261
kdd_el_nino-small,LightGBM,703,79,0.11281723473136293,0.1731581055345484,0.044008754193782806,0.07149814814329147,0.9367088675498962,0.5361845400184393
kdd_el_nino-small,LinearModel,703,79,0.11077975151985452,0.171697342344671,0.0339711457490921,0.06600885838270187,0.9113923907279968,0.579953852109611
kdd_el_nino-small,NeuralNetFastAI,703,79,0.10350661519860926,0.18483091278251504,0.0207209549844265,0.05916331708431244,0.949367105960846,0.6241887342184782
kdd_el_nino-small,NeuralNetTorch,703,79,0.13698416615091696,0.234631839574204,0.03722253814339638,0.05065511167049408,0.9113923907279968,0.5425149211660028
kdd_el_nino-small,RandomForest,703,79,0.11390252300514836,0.17927034228365607,0.03246082365512848,0.060080599039793015,0.9113923907279968,0.9175298297777772
kdd_el_nino-small,XGBoost,703,79,0.10789970866535023,0.1822545253094439,0.034890126436948776,0.07676030695438385,0.9367088675498962,0.6521600550040603
kdd_internet_usage,CatBoost,9097,1011,0.1501861528196463,0.2367873961389581,0.011062905192375183,0.029294531792402267,0.9000989198684692,1.616877093911171
kdd_internet_usage,ExtraTrees,9097,1011,0.16172867399894078,0.2544599617946385,0.014006431214511395,0.025937967002391815,0.888229489326477,1.5517260078340769
kdd_internet_usage,LightGBM,9097,1011,0.14944944729250118,0.2337912832007766,0.0117717944085598,0.018817756325006485,0.8961424231529236,1.7601387901231647
kdd_internet_usage,LinearModel,9097,1011,0.16838839220803206,0.27258833814799815,0.010115601122379303,0.02403777465224266,0.8753709197044373,1.5382942780852318
kdd_internet_usage,NeuralNetFastAI,9097,1011,0.1519206446458554,0.2355111268817883,0.013016668148338795,0.020201262086629868,0.8902077078819275,1.5583275891840458
kdd_internet_usage,NeuralNetTorch,9097,1011,0.15149752188551577,0.23430683546059086,0.016165602952241898,0.028997721150517464,0.8902077078819275,1.448767608962953
kdd_internet_usage,RandomForest,9097,1011,0.16070223922095483,0.2509353775312852,0.013583812862634659,0.03162922337651253,0.8862512111663818,1.5762574542313814
kdd_internet_usage,XGBoost,9097,1011,0.14979785901500967,0.23641613216059237,0.01145794615149498,0.022199435159564018,0.8981207013130188,1.559255177155137
kick,CatBoost,65684,7299,0.16118965906358448,0.2841931650463523,0.004028793424367905,0.007635120768100023,0.9035484194755554,13.315796628594398
kick,ExtraTrees,65684,7299,0.16869531510107616,0.29633138107533347,0.004742165096104145,0.011495696380734444,0.899301290512085,10.212616825476289
kick,LightGBM,65684,7299,0.16400648954062821,0.2893960962400973,0.003478914499282837,0.006529512349516153,0.9020413756370544,11.284394569694996
kick,LinearModel,65684,7299,0.17104708020833861,0.3012946246668796,0.003295931965112686,0.006107456982135773,0.8980682492256165,13.07557171676308
kick,NeuralNetFastAI,65684,7299,0.16379218179123223,0.2887825828353339,0.004660617560148239,0.009690415114164352,0.9025893807411194,13.601237835362554
kick,NeuralNetTorch,65684,7299,0.16376774112128364,0.2893513187933273,0.003809083253145218,0.008391870185732841,0.902726411819458,12.323507964611053
kick,RandomForest,65684,7299,0.16674044500551266,0.2930101711656756,0.0040581077337265015,0.007977844215929508,0.8995752930641174,12.347343443892896
kick,XGBoost,65684,7299,0.16182570460988246,0.285504886989419,0.004377063363790512,0.007841023616492748,0.9035484194755554,10.447670201770961
kin8nm,CatBoost,7372,820,0.146951091835373,0.23409695124080268,0.017522811889648438,0.039098113775253296,0.8926829099655151,1.4453596072271466
kin8nm,ExtraTrees,7372,820,0.21585172186467946,0.33863576529646383,0.023486249148845673,0.040838953107595444,0.8414633870124817,1.3506797216832638
kin8nm,LightGBM,7372,820,0.15228830300879317,0.2426174452670063,0.016703814268112183,0.03454292193055153,0.8902438879013062,1.1196605218574405
kin8nm,LinearModel,7372,820,0.3552306974831615,0.5317639191547301,0.013443544507026672,0.03243572637438774,0.7304878234863281,1.382206492125988
kin8nm,NeuralNetFastAI,7372,820,0.12774197527747794,0.20428807908195343,0.015927724540233612,0.036625687032938004,0.9048780202865601,1.1371094016358256
kin8nm,NeuralNetTorch,7372,820,0.1258260681041451,0.19927668014771013,0.01312360167503357,0.028633765876293182,0.9121951460838318,1.5302736889570951
kin8nm,RandomForest,7372,820,0.21286977028483345,0.3351218573789033,0.020732766017317772,0.034266937524080276,0.8402438759803772,1.205608144402504
kin8nm,XGBoost,7372,820,0.1775568169585702,0.2851535010675746,0.02391229197382927,0.037531957030296326,0.8804877996444702,1.4467027904465795
madeline,CatBoost,2826,314,0.19306812038070872,0.32890997887703316,0.024701712653040886,0.05510875955224037,0.8630573153495789,0.9202717952430248
madeline,ExtraTrees,2826,314,0.22228797055186048,0.3641340982549923,0.022853568196296692,0.04876071214675903,0.8407643437385559,0.7065752632915974
madeline,LightGBM,2826,314,0.21584887861514707,0.35958605280459366,0.021691346541047096,0.04520449414849281,0.8662420511245728,0.7423946773633361
madeline,LinearModel,2826,314,0.48503796515062336,0.6779580653361066,0.026086926460266113,0.05593634024262428,0.5764331221580505,0.48256213031709194
madeline,NeuralNetFastAI,2826,314,0.38883087314645576,0.573686084636251,0.05503064766526222,0.07702843844890594,0.7101910710334778,0.5721243536099792
madeline,NeuralNetTorch,2826,314,0.35723131282627124,0.5381052092518882,0.054969966411590576,0.08356288075447083,0.7611464858055115,0.6185610238462687
madeline,RandomForest,2826,314,0.23134808776607357,0.3820715951966975,0.024524250999093056,0.05837578698992729,0.8503184914588928,0.691337775439024
madeline,XGBoost,2826,314,0.21825584398025966,0.3616281985757788,0.026248831301927567,0.04511324688792229,0.8662420511245728,0.7220227252691984
madelon,CatBoost,2340,260,0.1906559167939428,0.3206873977997495,0.02823270484805107,0.07417767494916916,0.8615384697914124,0.7477266360074282
madelon,ExtraTrees,2340,260,0.207129922847093,0.3454402102376934,0.028215955942869186,0.04905596747994423,0.8692307472229004,0.7049850057810545
madelon,LightGBM,2340,260,0.1894848426746167,0.32524149915140177,0.04463580250740051,0.09082835912704468,0.8846153616905212,0.7049709260463715
madelon,LinearModel,2340,260,0.48913171463767735,0.682242292486615,0.04154913127422333,0.02567979134619236,0.5846154093742371,0.4843058381229639
madelon,NeuralNetFastAI,2340,260,0.3994130010185719,0.5875391096162466,0.07434781640768051,0.12709632515907288,0.7346153855323792,0.7257128562778234
madelon,NeuralNetTorch,2340,260,0.429259156006203,0.6196627970127165,0.07511606812477112,0.13432733714580536,0.6807692050933838,0.6774161113426089
madelon,RandomForest,2340,260,0.21471091499247924,0.3542011376820587,0.026056569069623947,0.07746419310569763,0.8500000238418579,0.8653442673385143
madelon,XGBoost,2340,260,0.19701644467956478,0.3323522999084218,0.025705810636281967,0.057854052633047104,0.8807692527770996,0.6470997137948871
mammography,CatBoost,10064,1119,0.021188629741480742,0.048912730491557116,0.002485918812453747,0.003281500656157732,0.9874888062477112,1.3969935989007354
mammography,ExtraTrees,10064,1119,0.02640903932867294,0.05851813595152916,0.006526080891489983,0.009479498490691185,0.9857015013694763,1.82773725874722
mammography,LightGBM,10064,1119,0.022618060438067834,0.049436803117538244,0.004238498397171497,0.008110216818749905,0.9865951538085938,1.4649704620242119
mammography,LinearModel,10064,1119,0.030690190225954695,0.07005881834796276,0.006953839678317308,0.01265702024102211,0.9812332391738892,1.2149343090131879
mammography,NeuralNetFastAI,10064,1119,0.024964689174471654,0.054462664333655014,0.004528529942035675,0.010522328317165375,0.9839141964912415,1.498532117344439
mammography,NeuralNetTorch,10064,1119,0.024988844614662335,0.054610688729807344,0.003221975639462471,0.0074365283362567425,0.9848078489303589,1.529826169833541
mammography,RandomForest,10064,1119,0.027326306607038248,0.05918327232862191,0.006022527348250151,0.009274826385080814,0.9848078489303589,1.3973463093861938
mammography,XGBoost,10064,1119,0.023279922657414187,0.05091667524145757,0.004877079278230667,0.008194697089493275,0.9865951538085938,1.398934525437653
mc1,CatBoost,8519,947,0.008437094552747921,0.016762579622399142,0.0027378499507904053,0.003958602901548147,0.9947201609611511,1.3301853956654668
mc1,ExtraTrees,8519,947,0.007946674592079065,0.01778317953935317,0.0026388713158667088,0.0022952668368816376,0.9957761168479919,1.2929587056860328
mc1,LightGBM,8519,947,0.006853232815398266,0.01369496648711647,0.0020521418191492558,0.0036133902613073587,0.9947201609611511,1.292480587027967
mc1,LinearModel,8519,947,0.011502753002047896,0.02925783500449966,0.004243186675012112,0.0021391822956502438,0.9926082491874695,1.778410004451871
mc1,NeuralNetFastAI,8519,947,0.011167924699213135,0.029052520298928852,0.003348636208102107,0.0022022719494998455,0.9936642050743103,1.9059182051569223
mc1,NeuralNetTorch,8519,947,0.012645085534594215,0.03120444569328066,0.004341202788054943,0.004113225731998682,0.9926082491874695,1.6497888704761863
mc1,RandomForest,8519,947,0.010237844335801717,0.021821893623296,0.0031151622533798218,0.0021219614427536726,0.9947201609611511,1.4339911555871367
mc1,XGBoost,8519,947,0.008346665278912925,0.01547577264063693,0.0017460300587117672,0.0039491248317062855,0.9947201609611511,1.300897908397019
meta,CatBoost,475,53,0.08361131690406688,0.13849778544714172,0.043081872165203094,0.05578967556357384,0.9433962106704712,0.49464445002377033
meta,ExtraTrees,475,53,0.1495352064171019,0.23736978748092316,0.04703490808606148,0.12340547889471054,0.9056603908538818,0.464454541914165
meta,LightGBM,475,53,0.10496596166774656,0.16935311498004105,0.04588618874549866,0.10089335590600967,0.9433962106704712,0.3922077398747206
meta,LinearModel,475,53,0.1106283699408195,0.1755509523205143,0.0541054829955101,0.0768459141254425,0.9056603908538818,0.5229582898318768
meta,NeuralNetFastAI,475,53,0.1180359068391151,0.20212560944079935,0.07295413315296173,0.11240848898887634,0.9245283007621765,0.454402812756598
meta,NeuralNetTorch,475,53,0.0828313382952363,0.15021111156748757,0.04685187339782715,0.07564609497785568,0.9622641801834106,0.41059101466089487
meta,RandomForest,475,53,0.12711398241774946,0.2099106263842704,0.05358751863241196,0.10444843769073486,0.9245283007621765,0.46427379734814167
meta,XGBoost,475,53,0.10349932155747929,0.16235560479889746,0.0394931435585022,0.07330027222633362,0.9245283007621765,0.5848954962566495
mozilla4,CatBoost,13990,1555,0.06766247394836852,0.12088643916315735,0.008393004536628723,0.01519639603793621,0.9569131731987,2.9785143565386534
mozilla4,ExtraTrees,13990,1555,0.06865497740900608,0.12183475795783748,0.006017282605171204,0.010014386847615242,0.9549839496612549,3.6838249461725354
mozilla4,LightGBM,13990,1555,0.06593385485074932,0.11824947669228529,0.009234707802534103,0.018203232437372208,0.9536977410316467,3.9649668354541063
mozilla4,LinearModel,13990,1555,0.11155523473345343,0.19614157837926816,0.008322097361087799,0.015256163664162159,0.9337620735168457,4.061684753745794
mozilla4,NeuralNetFastAI,13990,1555,0.11450699018068312,0.20525423377933158,0.008954117074608803,0.014525973238050938,0.9254019260406494,3.8352146353572607
mozilla4,NeuralNetTorch,13990,1555,0.0912388961787477,0.1593029883773947,0.01216944307088852,0.021565010771155357,0.9382636547088623,3.5978818172588944
mozilla4,RandomForest,13990,1555,0.0690132889548596,0.11837209982907289,0.0062011536210775375,0.014906607568264008,0.9517685174942017,3.726755897514522
mozilla4,XGBoost,13990,1555,0.06782255976798202,0.12122683940660095,0.009039469063282013,0.019151924178004265,0.953054666519165,4.64131645578891
no2,CatBoost,450,50,0.43105294900848706,0.6207683389088533,0.054698482155799866,0.11812367290258408,0.6399999856948853,0.47080365009605885
no2,ExtraTrees,450,50,0.4233165981676064,0.6122033399540675,0.06309232115745544,0.14431972801685333,0.6200000047683716,0.44949773140251637
no2,LightGBM,450,50,0.4562211627573064,0.6474698516393722,0.07901162654161453,0.08851387351751328,0.6200000047683716,0.3511557523161173
no2,LinearModel,450,50,0.49569786733973886,0.6889557495866961,0.12729382514953613,0.15982449054718018,0.47999998927116394,0.29223656188696623
no2,NeuralNetFastAI,450,50,0.43878507584527227,0.6283251199148371,0.07997401058673859,0.17870944738388062,0.5600000023841858,0.36598750203847885
no2,NeuralNetTorch,450,50,0.438622917898866,0.6293777143846041,0.04476935416460037,0.0757225900888443,0.6399999856948853,0.35552566032856703
no2,RandomForest,450,50,0.4363882318744341,0.6255607299785635,0.06939834356307983,0.1722487062215805,0.6200000047683716,0.40935636311769485
no2,XGBoost,450,50,0.4434023883569152,0.6332511084722552,0.05441126227378845,0.039170436561107635,0.6200000047683716,0.32029492780566216
nomao,CatBoost,31018,3447,0.038148164223052124,0.0674384897857529,0.002594505436718464,0.005896241404116154,0.9747606515884399,7.175546976737678
nomao,ExtraTrees,31018,3447,0.050253537029247404,0.09217465745230723,0.004156435374170542,0.009564842097461224,0.9672178626060486,6.816583808511496
nomao,LightGBM,31018,3447,0.037881634903762534,0.06761731124648596,0.0026456075720489025,0.005992554593831301,0.9747606515884399,7.681085987947881
nomao,LinearModel,31018,3447,0.07346117857164103,0.1253561032917974,0.004992336500436068,0.00772060826420784,0.9495213031768799,7.1106174709275365
nomao,NeuralNetFastAI,31018,3447,0.052319484685055775,0.09237791469784838,0.004408128559589386,0.009496331214904785,0.9663475751876831,7.418835482560098
nomao,NeuralNetTorch,31018,3447,0.052312511383301334,0.09151187268618545,0.003997041843831539,0.008238554000854492,0.964026689529419,9.063426998443902
nomao,RandomForest,31018,3447,0.04694630446989697,0.08691255012166293,0.00305880606174469,0.007150082383304834,0.9698288440704346,6.00103557202965
nomao,XGBoost,31018,3447,0.038133700885143784,0.0676175072157445,0.003687439486384392,0.008166256360709667,0.9767914414405823,8.66212883591652
numerai28_6,CatBoost,86688,9632,0.4990561707140041,0.6922020669570029,0.006925866007804871,0.0009935885900631547,0.5136004686355591,8.346557551063597
numerai28_6,ExtraTrees,86688,9632,0.49902943816419815,0.6921754727610409,0.00464300811290741,0.0020052334293723106,0.5169227719306946,7.44062077626586
numerai28_6,LightGBM,86688,9632,0.49902581157302445,0.692170889062701,0.007959812879562378,0.0019700517877936363,0.5131852030754089,8.617580519989133
numerai28_6,LinearModel,86688,9632,0.4989670325238542,0.6921130970973336,0.0037181712687015533,0.0022762147709727287,0.5183762311935425,8.569041333161294
numerai28_6,NeuralNetFastAI,86688,9632,0.49877535888675045,0.6919215370655462,0.00525328516960144,0.0029580683913081884,0.5205564498901367,8.971959254704416
numerai28_6,NeuralNetTorch,86688,9632,0.49883089957164783,0.6919772800596196,0.004070162773132324,0.0005047921440564096,0.5210756063461304,8.286210137419403
numerai28_6,RandomForest,86688,9632,0.4993461800464737,0.6924924010868936,0.006922222673892975,0.0027656767051666975,0.5126661062240601,7.883763528428972
numerai28_6,XGBoost,86688,9632,0.49928562235030716,0.6924326613727155,0.007821202278137207,0.0029128992464393377,0.5158845782279968,11.509627213701606
ozone-level-8hr,CatBoost,2280,254,0.08215105951358762,0.13636496361055483,0.017695147544145584,0.024447796866297722,0.9448819160461426,0.8357284255325794
ozone-level-8hr,ExtraTrees,2280,254,0.07776409570261679,0.1294455791878004,0.016414709389209747,0.028286892920732498,0.9448819160461426,0.6169576728716493
ozone-level-8hr,LightGBM,2280,254,0.08221287713270006,0.13478083532663016,0.018180005252361298,0.04366040229797363,0.9370078444480896,0.6327928341925144
ozone-level-8hr,LinearModel,2280,254,0.07681653271681661,0.1250743900417267,0.017010843381285667,0.031509317457675934,0.9370078444480896,0.9366128304973245
ozone-level-8hr,NeuralNetFastAI,2280,254,0.076320787042605,0.12450896982412221,0.01963641121983528,0.04345395416021347,0.9448819160461426,0.9377285717055202
ozone-level-8hr,NeuralNetTorch,2280,254,0.07079448748231279,0.1198442889010243,0.013834455981850624,0.02206958271563053,0.9448819160461426,0.6356103289872408
ozone-level-8hr,RandomForest,2280,254,0.07713689210692987,0.12779826589654011,0.017144106328487396,0.02658451721072197,0.9448819160461426,0.6710753506049514
ozone-level-8hr,XGBoost,2280,254,0.08437233433097309,0.1414672581322902,0.018977416679263115,0.03179916366934776,0.9370078444480896,0.569945065304637
parity5_plus_5,CatBoost,1011,113,1.4795213429455989e-06,0.0006052489972471756,0.0003353949578013271,0.0006048782961443067,1.0,0.7398440930992365
parity5_plus_5,ExtraTrees,1011,113,0.053542721065365506,0.10618196065596242,0.01904398202896118,0.044707413762807846,0.9646017551422119,0.784599375911057
parity5_plus_5,LightGBM,1011,113,3.6629408802613518e-06,0.0007238671463666206,0.0004026429960504174,0.0007229474140331149,1.0,1.439367650076747
parity5_plus_5,LinearModel,1011,113,0.4878916009042243,0.6809745764819971,0.06330762058496475,0.048247478902339935,0.5663716793060303,0.33514303900301456
parity5_plus_5,NeuralNetFastAI,1011,113,3.134470308490816e-07,0.00037980704164823935,0.0001951971062226221,0.0003797286481130868,1.0,1.3744700327515602
parity5_plus_5,NeuralNetTorch,1011,113,1.2488689730210638e-06,0.0005307226606641146,0.0003289292217232287,0.0005304098594933748,1.0,1.012334636412561
parity5_plus_5,RandomForest,1011,113,0.06550071843680187,0.11442689229022791,0.02851509302854538,0.048272568732500076,0.9469026327133179,0.5665019312873483
parity5_plus_5,XGBoost,1011,113,1.2786343398187813e-06,0.0007793258772361403,0.0003990958502981812,0.0007790060481056571,1.0,0.9393239598721266
pbcseq,CatBoost,1750,195,0.18855874636736214,0.32167587850561746,0.036028873175382614,0.08823144435882568,0.8871794939041138,0.8520271619781852
pbcseq,ExtraTrees,1750,195,0.23734131856855387,0.3857076095311233,0.038365691900253296,0.07268824428319931,0.8461538553237915,0.5552571611478925
pbcseq,LightGBM,1750,195,0.20415127543939135,0.34076591394994515,0.04549141973257065,0.07313965260982513,0.8769230842590332,0.6648168005049229
pbcseq,LinearModel,1750,195,0.4036878407197188,0.5879529289757112,0.045296408236026764,0.07436810433864594,0.6666666865348816,0.6096046473830938
pbcseq,NeuralNetFastAI,1750,195,0.2901218344868791,0.4542491314337349,0.032716043293476105,0.07220704108476639,0.7897436022758484,0.5331616448238492
pbcseq,NeuralNetTorch,1750,195,0.2980085778958794,0.4701926136125683,0.06105869635939598,0.13078784942626953,0.7897436022758484,0.5923069436103106
pbcseq,RandomForest,1750,195,0.24338543161603288,0.4013397112119209,0.05114828422665596,0.0997607409954071,0.8615384697914124,0.6307990895584226
pbcseq,XGBoost,1750,195,0.18565449665078312,0.3226576949456288,0.04270894080400467,0.09601455181837082,0.9025641083717346,0.6710932962596416
pc1,CatBoost,998,111,0.08728224285329908,0.17475057868134525,0.023929975926876068,0.05589214339852333,0.9459459185600281,0.525451940484345
pc1,ExtraTrees,998,111,0.08224617347163594,0.16946008196084383,0.023058343678712845,0.04780074208974838,0.954954981803894,0.672650140710175
pc1,LightGBM,998,111,0.09337991717793519,0.19007130446273193,0.025829600170254707,0.05585095286369324,0.9369369149208069,0.5082184141501784
pc1,LinearModel,998,111,0.10279403662666488,0.18775828228406888,0.024777518585324287,0.03330875560641289,0.9369369149208069,0.5166508872061968
pc1,NeuralNetFastAI,998,111,0.10201451965314284,0.18966639053303483,0.03516305983066559,0.06777619570493698,0.9459459185600281,0.57412073854357
pc1,NeuralNetTorch,998,111,0.09915586738828872,0.1807306615209279,0.022297339513897896,0.03285643458366394,0.9459459185600281,0.575434553436935
pc1,RandomForest,998,111,0.07872683763518477,0.15770708259587357,0.027195975184440613,0.02814866229891777,0.9639639854431152,0.5038523254916072
pc1,XGBoost,998,111,0.08755583407398679,0.15792905605169866,0.014515615999698639,0.014858047477900982,0.9459459185600281,0.5739893754944205
pc2,CatBoost,5030,559,0.006286071461393999,0.013397961125356139,0.0038889048155397177,0.005702918395400047,0.9964221715927124,0.868797929957509
pc2,ExtraTrees,5030,559,0.006692267036093023,0.015661208096036796,0.003927744459360838,0.0015800766414031386,0.9964221715927124,0.7645131861791015
pc2,LightGBM,5030,559,0.006674147036917292,0.014895763787392857,0.0028674788773059845,0.0006021150038577616,0.9964221715927124,0.9082961762323976
pc2,LinearModel,5030,559,0.006524250007174876,0.01463461386028765,0.00408278638496995,0.001035081222653389,0.9964221715927124,0.9267561435699463
pc2,NeuralNetFastAI,5030,559,0.006432961997388803,0.012885214878457963,0.0032897291239351034,0.006162684410810471,0.9964221715927124,2.6815819833427668
pc2,NeuralNetTorch,5030,559,0.006753247503393341,0.015970446991076307,0.00382019835524261,0.0010789799271151423,0.9964221715927124,0.8252119794487953
pc2,RandomForest,5030,559,0.006904939832560161,0.01645139422304758,0.004090470261871815,0.001052881358191371,0.9964221715927124,0.8103184252977371
pc2,XGBoost,5030,559,0.006195375832446955,0.012455993572014762,0.0030668277759104967,0.005459746345877647,0.9964221715927124,0.9032093370333314
pc3,CatBoost,1406,157,0.17133577458351643,0.2756508865318582,0.03863230347633362,0.08095256239175797,0.9044585824012756,0.5725523661822081
pc3,ExtraTrees,1406,157,0.1630796194775031,0.26195954639692215,0.033152081072330475,0.06516536325216293,0.8917197585105896,0.5347931776195765
pc3,LightGBM,1406,157,0.17131348021099566,0.2782695531589087,0.03285966068506241,0.06657104939222336,0.8917197585105896,0.5469270385801792
pc3,LinearModel,1406,157,0.18801340980453876,0.3145811739982667,0.040680963546037674,0.10644960403442383,0.8853503465652466,0.6447783866897225
pc3,NeuralNetFastAI,1406,157,0.1825816556687117,0.29774222256332256,0.04526950791478157,0.08202407509088516,0.8917197585105896,0.6691229064017534
pc3,NeuralNetTorch,1406,157,0.1831905749393465,0.30952449304439084,0.04491811990737915,0.06457975506782532,0.9044585824012756,0.5451837219297886
pc3,RandomForest,1406,157,0.17199663021144176,0.2786776770757751,0.030417457222938538,0.037530481815338135,0.8726114630699158,0.9346865164116025
pc3,XGBoost,1406,157,0.17626582150843698,0.2824388102143451,0.04369401931762695,0.06619981676340103,0.8789808750152588,0.46994199976325035
pc4,CatBoost,1312,146,0.12127798568648451,0.1907236847380593,0.037260305136442184,0.0682125985622406,0.9109588861465454,0.5516668893396854
pc4,ExtraTrees,1312,146,0.12590612801618337,0.20502832377261943,0.02021247148513794,0.05149191990494728,0.8904109597206116,0.48647106159478426
pc4,LightGBM,1312,146,0.12457016126982677,0.19788969560181194,0.03048313595354557,0.06046147271990776,0.9178082346916199,0.4879072215408087
pc4,LinearModel,1312,146,0.1179510098694957,0.19750710892834708,0.03992722928524017,0.05850839987397194,0.9246575236320496,0.5763639723882079
pc4,NeuralNetFastAI,1312,146,0.11890824186555315,0.1993845679596394,0.033012013882398605,0.050135236233472824,0.9246575236320496,0.46903266478329897
pc4,NeuralNetTorch,1312,146,0.13158203799525203,0.2063826193448147,0.03324427455663681,0.04390624165534973,0.9178082346916199,0.5404340112581849
pc4,RandomForest,1312,146,0.12287866075693091,0.18946494019536833,0.032789915800094604,0.05550568178296089,0.9041095972061157,0.5677344733849168
pc4,XGBoost,1312,146,0.13256238035812637,0.20665163421219107,0.03781963139772415,0.07202956080436707,0.8904109597206116,0.6486140675842762
philippine,CatBoost,5248,584,0.3165992526521106,0.4722028905348521,0.015915989875793457,0.04417411983013153,0.7654109597206116,1.0326182674616575
philippine,ExtraTrees,5248,584,0.3153355849360551,0.4747296297824966,0.009576268494129181,0.028177602216601372,0.7619863152503967,0.929723615758121
philippine,LightGBM,5248,584,0.30078637512224304,0.45347166685749524,0.015360318124294281,0.04230154678225517,0.7825342416763306,1.1285763178020716
philippine,LinearModel,5248,584,0.3743603227470478,0.5576663146537486,0.02191746234893799,0.05860079824924469,0.7243150472640991,0.9194807186722755
philippine,NeuralNetFastAI,5248,584,0.36700597348660496,0.543162383012763,0.02677503228187561,0.051927074790000916,0.7431507110595703,1.0199467930942774
philippine,NeuralNetTorch,5248,584,0.3649750240415479,0.5455757117747055,0.026461448520421982,0.0637827217578888,0.7345890402793884,1.041411560960114
philippine,RandomForest,5248,584,0.32142785515814026,0.48633398366887354,0.01584365963935852,0.03842166066169739,0.7602739930152893,0.9121175035834312
philippine,XGBoost,5248,584,0.2995176535927274,0.45457634930557433,0.01748862862586975,0.03385060653090477,0.7773972749710083,1.1856100717559457
phoneme,CatBoost,4863,541,0.13303083348652017,0.21640355647880963,0.012307674624025822,0.037413135170936584,0.9038817286491394,1.0998317170888186
phoneme,ExtraTrees,4863,541,0.1239567684535893,0.2017429908346427,0.010757531970739365,0.024301543831825256,0.9112753868103027,0.9175724433735013
phoneme,LightGBM,4863,541,0.13328937046632083,0.21921913724812747,0.011807210743427277,0.03207237273454666,0.9131238460540771,0.8620942076668143
phoneme,LinearModel,4863,541,0.31888869358187566,0.47726369255971696,0.027426641434431076,0.04225515201687813,0.7615526914596558,1.1478222543373704
phoneme,NeuralNetFastAI,4863,541,0.15723011582151558,0.2532464981355866,0.017338037490844727,0.03004954569041729,0.8835489749908447,1.1262881699949503
phoneme,NeuralNetTorch,4863,541,0.13981512315994776,0.23519336552761116,0.0196195337921381,0.039299171417951584,0.9112753868103027,0.8472009832039475
phoneme,RandomForest,4863,541,0.13279147251886608,0.21827302402247165,0.013444337993860245,0.038123372942209244,0.905730128288269,0.9286689022555947
phoneme,XGBoost,4863,541,0.13161983354102508,0.21882693249252946,0.018886564299464226,0.04740750789642334,0.9112753868103027,0.9182022297754884
pm10,CatBoost,450,50,0.43620267785753647,0.6290351509215403,0.09724009037017822,0.1750403642654419,0.7599999904632568,0.3527954313904047
pm10,ExtraTrees,450,50,0.45981538035772873,0.6522518623423469,0.07694514095783234,0.11008527129888535,0.6200000047683716,0.3801642172038555
pm10,LightGBM,450,50,0.431199045185234,0.6233486085554695,0.09694206714630127,0.11446285992860794,0.699999988079071,0.35891722328960896
pm10,LinearModel,450,50,0.4907640787376639,0.683905361366123,0.07435891032218933,0.016525009647011757,0.6200000047683716,0.29859406407922506
pm10,NeuralNetFastAI,450,50,0.5072466512289487,0.700398685696475,0.05878400430083275,0.08798375725746155,0.47999998927116394,0.40054934844374657
pm10,NeuralNetTorch,450,50,0.5123474791086009,0.7052694747723592,0.08255921304225922,0.14609387516975403,0.47999998927116394,0.3933784933760762
pm10,RandomForest,450,50,0.44367434285483853,0.6363228016886442,0.10074064135551453,0.16502201557159424,0.7200000286102295,0.38452582620084286
pm10,XGBoost,450,50,0.46542634768422386,0.6588946728721392,0.093894824385643,0.08912012726068497,0.699999988079071,0.3069927804172039
pollen,CatBoost,3463,385,0.5000277677370134,0.6931748977045675,0.04436793178319931,0.0012366084847599268,0.4961038827896118,0.34636007342487574
pollen,ExtraTrees,3463,385,0.4999943247193825,0.6931415001109761,0.038997940719127655,0.0015520157758146524,0.5142857432365417,0.28346007224172354
pollen,LightGBM,3463,385,0.5009315583783365,0.6940891133682753,0.03258943557739258,0.005735260434448719,0.5246753096580505,0.39883299823850393
pollen,LinearModel,3463,385,0.49983110541702797,0.6929783265209986,0.026358872652053833,0.0018479524878785014,0.5090909004211426,0.31370797008275986
pollen,NeuralNetFastAI,3463,385,0.49896792713296956,0.6921254897055137,0.04170931875705719,0.007787457201629877,0.5194805264472961,0.6805109037086368
pollen,NeuralNetTorch,3463,385,0.5011313507956398,0.694280023281993,0.028578100726008415,0.008116183802485466,0.4961038827896118,0.4193205200135708
pollen,RandomForest,3463,385,0.5007901449469908,0.6939371908395097,0.036509767174720764,0.0014063657727092505,0.48051947355270386,0.33505727257579565
pollen,XGBoost,3463,385,0.501694323095765,0.6948429554387455,0.03027331829071045,0.002005046932026744,0.4961038827896118,0.4203491285443306
puma32H,CatBoost,7372,820,0.1303246023608141,0.20510328560207042,0.009321276098489761,0.023980403319001198,0.9060975313186646,1.3934321803972125
puma32H,ExtraTrees,7372,820,0.14408992539953303,0.2226012859315733,0.011146084405481815,0.030865894630551338,0.8878048658370972,1.3800718449056149
puma32H,LightGBM,7372,820,0.14307609791670817,0.22348248828256093,0.009282175451517105,0.026141928508877754,0.8939024209976196,1.3797852378338575
puma32H,LinearModel,7372,820,0.46264333195807367,0.6553565857618651,0.02155619114637375,0.02738424390554428,0.6390243768692017,0.9286826746538281
puma32H,NeuralNetFastAI,7372,820,0.10478599866859299,0.17293629830274806,0.012500233948230743,0.027280084788799286,0.9280487895011902,1.4384232126176357
puma32H,NeuralNetTorch,7372,820,0.11027528583472973,0.18302085624244968,0.015485577285289764,0.030896993353962898,0.9207317233085632,1.5996428849175572
puma32H,RandomForest,7372,820,0.15004621948385563,0.23619200415641323,0.014588222838938236,0.03193408623337746,0.8890243768692017,1.2539471751078963
puma32H,XGBoost,7372,820,0.14384430278764188,0.2299287025994679,0.015052832663059235,0.033658336848020554,0.8926829099655151,1.2347669694572687
puma8NH,CatBoost,7372,820,0.22947410614742686,0.3630146332234998,0.01690836250782013,0.04038609564304352,0.8402438759803772,1.163114357739687
puma8NH,ExtraTrees,7372,820,0.22637327704952132,0.3573982860875412,0.01820889115333557,0.04533937945961952,0.8426828980445862,1.2217627549543977
puma8NH,LightGBM,7372,820,0.23036202402368683,0.3652225091070561,0.01799064129590988,0.03358643874526024,0.8426828980445862,1.2598091643303633
puma8NH,LinearModel,7372,820,0.2454490263672204,0.3834116376653672,0.012235792353749275,0.052016887813806534,0.8341463208198547,1.5804050285369158
puma8NH,NeuralNetFastAI,7372,820,0.22589076262723234,0.3567239994266303,0.018577706068754196,0.053252749145030975,0.8463414907455444,1.1960231885313988
puma8NH,NeuralNetTorch,7372,820,0.22536357199736007,0.35371224586874894,0.017458058893680573,0.05471549928188324,0.8402438759803772,1.2354662148281932
puma8NH,RandomForest,7372,820,0.22559800508917516,0.35810283515243,0.016338005661964417,0.04543689265847206,0.8426828980445862,1.129997754469514
puma8NH,XGBoost,7372,820,0.22900223789673418,0.3645293472998054,0.020192332565784454,0.03905671834945679,0.8426828980445862,1.2374395970255136
qsar-biodeg,CatBoost,949,106,0.17734560194030996,0.29204726522539654,0.02310217171907425,0.051892586052417755,0.8867924809455872,0.5845652231946588
qsar-biodeg,ExtraTrees,949,106,0.1818146925848718,0.2956446821207622,0.02708301693201065,0.07998709380626678,0.8584905862808228,0.5017869351431727
qsar-biodeg,LightGBM,949,106,0.1682364872343067,0.28316995541374335,0.025341849774122238,0.05612626299262047,0.8962264060974121,0.6416161553934216
qsar-biodeg,LinearModel,949,106,0.18492716904410667,0.30161840317872113,0.037043496966362,0.12495224177837372,0.8584905862808228,0.5050525739789009
qsar-biodeg,NeuralNetFastAI,949,106,0.16992315155724333,0.2761637981512089,0.039148490875959396,0.09990480542182922,0.8584905862808228,0.7939783353358507
qsar-biodeg,NeuralNetTorch,949,106,0.18802589214695103,0.3106756804109093,0.02978266030550003,0.05784247815608978,0.8679245114326477,0.7835769029334188
qsar-biodeg,RandomForest,949,106,0.16768347013590681,0.27901342620238595,0.027891092002391815,0.08634763211011887,0.8679245114326477,0.5525110810995102
qsar-biodeg,XGBoost,949,106,0.17847456098919418,0.2987022665286481,0.024412060156464577,0.07441654056310654,0.8867924809455872,0.5926175760105252
ringnorm,CatBoost,6660,740,0.030813271535127175,0.058214384658291415,0.005187025759369135,0.010756040923297405,0.9824324250221252,1.407331770285964
ringnorm,ExtraTrees,6660,740,0.03419130606716103,0.059926962041952865,0.005331321619451046,0.008533990010619164,0.9783783555030823,1.6225791834294796
ringnorm,LightGBM,6660,740,0.03019171545300237,0.057490275055106496,0.0038934662006795406,0.007363211363554001,0.9824324250221252,1.6055382080376148
ringnorm,LinearModel,6660,740,0.3068879573480936,0.4608947158506369,0.0182952880859375,0.038217924535274506,0.7783783674240112,1.3990010898560286
ringnorm,NeuralNetFastAI,6660,740,0.03531290979281648,0.06261660242755063,0.006082554813474417,0.011184911243617535,0.9770269989967346,1.430749848484993
ringnorm,NeuralNetTorch,6660,740,0.030297816175117634,0.05276324697431005,0.004796345252543688,0.008415506221354008,0.9783783555030823,1.4023250453174114
ringnorm,RandomForest,6660,740,0.05623677547565735,0.10009502064411964,0.008844353258609772,0.016018854454159737,0.9635134935379028,1.3335541877895594
ringnorm,XGBoost,6660,740,0.03499610812304367,0.06547579200329967,0.006342700682580471,0.01813664846122265,0.9783783555030823,1.332357200793922
rmftsa_ladata,CatBoost,457,51,0.17052493858306841,0.28624746607839974,0.038187578320503235,0.08871225267648697,0.8627451062202454,0.5169678702950478
rmftsa_ladata,ExtraTrees,457,51,0.15346627893835013,0.24199595560313733,0.03814156353473663,0.1138402596116066,0.8627451062202454,0.5103772766888142
rmftsa_ladata,LightGBM,457,51,0.1656300326082417,0.26075573558005744,0.04041749984025955,0.062432799488306046,0.8823529481887817,0.5677258707582951
rmftsa_ladata,LinearModel,457,51,0.10982234765587398,0.19310206594580986,0.04451402649283409,0.0941024124622345,0.9411764740943909,0.5565311461687088
rmftsa_ladata,NeuralNetFastAI,457,51,0.0981914989496858,0.17607270584723442,0.042774468660354614,0.11979006975889206,0.9607843160629272,0.7530201012268662
rmftsa_ladata,NeuralNetTorch,457,51,0.1345239004800132,0.23581079189747373,0.036668580025434494,0.11638536304235458,0.9019607901573181,0.6488916492089629
rmftsa_ladata,RandomForest,457,51,0.15892900107641963,0.25923121706713304,0.02940557710826397,0.07834465056657791,0.8823529481887817,0.4729979317635298
rmftsa_ladata,XGBoost,457,51,0.17357850389858218,0.2813735134590645,0.03644312918186188,0.08728814125061035,0.9019607901573181,0.6244319071993232
spambase,CatBoost,4140,461,0.07981262670545519,0.14223477289398162,0.025338873267173767,0.0328180268406868,0.9479392766952515,1.1757088946178555
spambase,ExtraTrees,4140,461,0.08860918583988188,0.1607322818232643,0.024059101939201355,0.027571316808462143,0.9479392766952515,0.9861802794039249
spambase,LightGBM,4140,461,0.08593687294282777,0.1480410278614536,0.026792660355567932,0.04055185243487358,0.9414316415786743,1.2285215631127357
spambase,LinearModel,4140,461,0.10376696879683153,0.18314569663127164,0.023233316838741302,0.026903368532657623,0.9327548742294312,1.0925599075853825
spambase,NeuralNetFastAI,4140,461,0.09343602564300683,0.1701921663238024,0.017890745773911476,0.0321696475148201,0.9392624497413635,1.1724232621490955
spambase,NeuralNetTorch,4140,461,0.09004060447861706,0.16001448133214916,0.02341485768556595,0.029086560010910034,0.9370932579040527,0.9771234057843685
spambase,RandomForest,4140,461,0.08993056046019585,0.1557398338931965,0.02693169191479683,0.02497916854918003,0.9370932579040527,0.9547273386269808
spambase,XGBoost,4140,461,0.09223729796230609,0.15394653178490803,0.031631313264369965,0.04301687702536583,0.9305856823921204,0.9583606077358127
sylvine,CatBoost,4611,513,0.08650302211724087,0.15158042924967585,0.018614303320646286,0.02107761614024639,0.9415204524993896,0.9327371083199978
sylvine,ExtraTrees,4611,513,0.08935963446192942,0.15698123391742067,0.014616130851209164,0.030497141182422638,0.9376218318939209,1.1131006916984916
sylvine,LightGBM,4611,513,0.08758727735289293,0.15230352863199995,0.013296723365783691,0.0304428618401289,0.9395711421966553,1.0825606575235724
sylvine,LinearModel,4611,513,0.15308464198390653,0.26093435692123507,0.017329951748251915,0.034081485122442245,0.8908382058143616,0.8783056875690818
sylvine,NeuralNetFastAI,4611,513,0.09843171738240154,0.16988203187745735,0.017299557104706764,0.02417740412056446,0.9337232112884521,1.0037507712841034
sylvine,NeuralNetTorch,4611,513,0.10132429122199724,0.17746338464453706,0.01858682557940483,0.036392826586961746,0.9337232112884521,1.2027995372191072
sylvine,RandomForest,4611,513,0.1102503694283119,0.189261132212125,0.014146421104669571,0.031094804406166077,0.9259259104728699,1.1351147815585136
sylvine,XGBoost,4611,513,0.08795617310680788,0.15530363326435567,0.013439345173537731,0.031321797519922256,0.9415204524993896,0.8985609337687492
tokyo1,CatBoost,863,96,0.0752977706044005,0.12236460745862639,0.02371641807258129,0.06703834980726242,0.9166666865348816,0.5137810558080673
tokyo1,ExtraTrees,863,96,0.07503815486861469,0.12463423844690914,0.019092176109552383,0.05417108163237572,0.9270833134651184,0.5984755251556635
tokyo1,LightGBM,863,96,0.09567483607416423,0.15287701243208576,0.02896701917052269,0.04235874116420746,0.9270833134651184,0.5011852933093905
tokyo1,LinearModel,863,96,0.12069232759092859,0.19088236848285764,0.040574926882982254,0.09437138587236404,0.90625,0.681541002355516
tokyo1,NeuralNetFastAI,863,96,0.0894579601531063,0.1366903279406569,0.014862015843391418,0.06087203696370125,0.9375,0.5795668670907617
tokyo1,NeuralNetTorch,863,96,0.07190080599361863,0.12388128883513085,0.018317844718694687,0.03873545303940773,0.9479166865348816,0.5469196690246463
tokyo1,RandomForest,863,96,0.0738528083356382,0.12009101251946341,0.02473198063671589,0.05766482278704643,0.9270833134651184,0.47754946630448103
tokyo1,XGBoost,863,96,0.09993827207775231,0.15545684787530692,0.029924530535936356,0.06809194386005402,0.9166666865348816,0.48317044600844383
twonorm,CatBoost,6660,740,0.03205344228672707,0.05644840537029338,0.006628602277487516,0.013585492968559265,0.9770269989967346,1.4244118332862854
twonorm,ExtraTrees,6660,740,0.03262556606349185,0.059420768162940944,0.008999913930892944,0.014234834350645542,0.9797297120094299,1.2499094130471349
twonorm,LightGBM,6660,740,0.03300860685609378,0.05791798103428034,0.006639448925852776,0.014364237897098064,0.9810810685157776,1.3213639222085476
twonorm,LinearModel,6660,740,0.028986772168362127,0.0540569435080824,0.008537137880921364,0.011465846560895443,0.9810810685157776,1.2421496529132128
twonorm,NeuralNetFastAI,6660,740,0.03124019220654633,0.057160978355165974,0.009162791073322296,0.013881993480026722,0.9783783555030823,1.1413556588813663
twonorm,NeuralNetTorch,6660,740,0.029594947407653702,0.054504149931450405,0.008249405771493912,0.011196230538189411,0.9797297120094299,1.2583232782781124
twonorm,RandomForest,6660,740,0.03197907593851355,0.06001407544952189,0.008500397205352783,0.01583271659910679,0.9810810685157776,1.2313017332926393
twonorm,XGBoost,6660,740,0.035546732652153704,0.06264978924673498,0.008487731218338013,0.01428715605288744,0.9770269989967346,1.1136831026524305
visualizing_soil,CatBoost,7776,865,0.000811838657953399,0.0012740479804214371,0.0007832269184291363,0.0009214059682562947,0.9988439083099365,2.106193204410374
visualizing_soil,ExtraTrees,7776,865,1.1847554683733065e-05,0.0003896882884875386,0.00020787885296158493,0.00038658559788018465,1.0,1.2317956238985062
visualizing_soil,LightGBM,7776,865,0.00016327380110098898,0.0010858450280337734,0.0006133538554422557,0.0010360560845583677,1.0,2.000620190985501
visualizing_soil,LinearModel,7776,865,7.106081864126399e-05,0.00041014266348524635,0.00030174735002219677,0.00038999426760710776,1.0,1.60920964833349
visualizing_soil,NeuralNetFastAI,7776,865,0.0016540929962939055,0.0027754558066580624,0.0009902904275804758,0.0007799828890711069,0.9988439083099365,1.9660316975787282
visualizing_soil,NeuralNetTorch,7776,865,2.4492390504058687e-06,0.0002820432565206517,0.00014603174349758774,0.00028142493101768196,1.0,1.8125004386529326
visualizing_soil,RandomForest,7776,865,0.000504123858027022,0.0012475353240649705,0.0007839752361178398,0.0010729077039286494,1.0,1.5547619387507439
visualizing_soil,XGBoost,7776,865,0.0014599803136030754,0.0022257119514688924,0.0010174791095778346,0.0008633848046883941,0.9988439083099365,2.6833025505766273
wilt,CatBoost,4355,484,0.03244823412512012,0.056418583739810096,0.0066217463463544846,0.012007092125713825,0.9793388247489929,0.9012011615559459
wilt,ExtraTrees,4355,484,0.03088932262594128,0.054348327950809065,0.005781936924904585,0.010998880490660667,0.9814049601554871,0.9400997357442975
wilt,LightGBM,4355,484,0.03058271429843755,0.05767156126995194,0.004944587126374245,0.014222253113985062,0.9834710955619812,1.080363224260509
wilt,LinearModel,4355,484,0.029728198704192996,0.04979315619437771,0.008794419467449188,0.010504118166863918,0.9793388247489929,0.8095133835449815
wilt,NeuralNetFastAI,4355,484,0.022167263913364467,0.03656168339216496,0.006238935049623251,0.01118517480790615,0.9834710955619812,1.2635354679077864
wilt,NeuralNetTorch,4355,484,0.026877394867132715,0.04423022586589622,0.0072155361995100975,0.011344638653099537,0.9834710955619812,1.6216057762503624
wilt,RandomForest,4355,484,0.034143319528773926,0.05754783760475352,0.008138777688145638,0.011625668033957481,0.9772727489471436,1.0698960898444057
wilt,XGBoost,4355,484,0.03605348325984706,0.0600180737730793,0.008443009108304977,0.01693611592054367,0.9772727489471436,0.9994268249720335
wind,CatBoost,5916,658,0.1824837465226736,0.2939970757546124,0.018483690917491913,0.03979653865098953,0.8632218837738037,1.136008813045919
wind,ExtraTrees,5916,658,0.18724107736557655,0.3026327184355218,0.014933161437511444,0.037405408918857574,0.8723404407501221,1.0074433237314224
wind,LightGBM,5916,658,0.18011365290473666,0.2889805372562148,0.01816771924495697,0.04452976956963539,0.8708206415176392,1.1749324006959796
wind,LinearModel,5916,658,0.19794407405887032,0.317184089996898,0.016953255981206894,0.03355429321527481,0.8662614226341248,1.6643326953053474
wind,NeuralNetFastAI,5916,658,0.17488206967044645,0.2821041763366182,0.016697779297828674,0.03577521815896034,0.8768997192382812,1.2709910850971937
wind,NeuralNetTorch,5916,658,0.17515444070376518,0.28268994435322864,0.01328568160533905,0.031042994931340218,0.8768997192382812,1.3075450463220477
wind,RandomForest,5916,658,0.19094633883689477,0.31095513998044755,0.010492764413356781,0.03661012277007103,0.8677811622619629,1.0112542873248458
wind,XGBoost,5916,658,0.18061982701175477,0.29459964084418805,0.01955340802669525,0.04108259826898575,0.8723404407501221,1.253929516300559
