dataset,model,cal_size,test_size,CDF-Spline_brier,CDF-Spline_logloss,CDF-Spline_kuiper,CDF-Spline_ece-15,CDF-Spline_accuracy,CDF-Spline_time
2dplanes,CatBoost,36691,4077,0.09546382677697052,,0.00502933282405138,0.01148904487490654,0.9264164566993713,0.23120281845331192
2dplanes,ExtraTrees,36691,4077,0.09473897587355831,,0.004977496340870857,0.008957971818745136,0.9249448180198669,0.21911665331572294
2dplanes,LightGBM,36691,4077,0.0951883250130149,,0.004922551568597555,0.011055318638682365,0.9298503994941711,0.21962836664170027
2dplanes,LinearModel,36691,4077,0.23331928908112876,,0.010339565575122833,0.020263802260160446,0.8415501713752747,0.21855738386511803
2dplanes,NeuralNetFastAI,36691,4077,0.09418833455711312,,0.0037408829666674137,0.0074026742950081825,0.9332842826843262,0.21948646567761898
2dplanes,NeuralNetTorch,36691,4077,0.09473079023472014,,0.004913694225251675,0.008453291840851307,0.931812584400177,0.2202681265771389
2dplanes,RandomForest,36691,4077,0.09553409293100981,,0.005665359552949667,0.016173481941223145,0.927397608757019,0.22464756481349468
2dplanes,XGBoost,36691,4077,0.09541928573294764,,0.005237341858446598,0.01213782001286745,0.9276428818702698,0.21665328741073608
APSFailure,CatBoost,68400,7600,0.00787927702377125,,0.0018483264138922095,0.0021190952975302935,0.9952631592750549,0.40747124422341585
APSFailure,ExtraTrees,68400,7600,0.010498868717741493,,0.005196716636419296,0.0047538974322378635,0.9940789341926575,0.4072508867830038
APSFailure,LightGBM,68400,7600,0.007824568069613852,,0.0015217146137729287,0.0017770691774785519,0.9952631592750549,0.4069695910438895
APSFailure,LinearModel,68400,7600,0.01144220521979433,,0.0011654684785753489,0.002594013698399067,0.99289470911026,0.4117321465164423
APSFailure,NeuralNetFastAI,68400,7600,0.009690012980654056,,0.002762745600193739,0.00397336995229125,0.9934210777282715,0.4043756043538451
APSFailure,NeuralNetTorch,68400,7600,0.01068031736927446,,0.0014329934492707253,0.002820385852828622,0.9930263161659241,0.3996734609827399
APSFailure,RandomForest,68400,7600,0.009538206247376129,,0.00809305626899004,0.004856014624238014,0.9950000047683716,0.4035503948107362
APSFailure,XGBoost,68400,7600,0.007641815304749133,,0.001803987193852663,0.0017253129044547677,0.9952631592750549,0.4054540190845728
Amazon_employee_access,CatBoost,29492,3277,0.07187744421411794,0.1338172545072571,0.0043601361103355885,0.011404316872358322,0.9551419019699097,0.1759365936741233
Amazon_employee_access,ExtraTrees,29492,3277,0.08082837131570693,0.15048063149214558,0.00947837345302105,0.013933753594756126,0.9469026327133179,0.17311773635447025
Amazon_employee_access,LightGBM,29492,3277,0.07907704046165913,0.150687675027294,0.004191192332655191,0.010479411110281944,0.9502593874931335,0.17262488324195147
Amazon_employee_access,LinearModel,29492,3277,0.08367184185509563,0.1565787482014117,0.0046348730102181435,0.006639092229306698,0.9456820487976074,0.17360706441104412
Amazon_employee_access,NeuralNetFastAI,29492,3277,0.08349070251709625,,0.0044081490486860275,0.008874708786606789,0.9462923407554626,0.1745470119640231
Amazon_employee_access,NeuralNetTorch,29492,3277,0.08502861121345866,0.16014109644986385,0.006772562861442566,0.014103596098721027,0.9472078084945679,0.17086174432188272
Amazon_employee_access,RandomForest,29492,3277,0.07760499502621618,0.1442820192177595,0.009668216109275818,0.015602866187691689,0.9478181004524231,0.17328616231679916
Amazon_employee_access,XGBoost,29492,3277,0.07552664721279213,0.1442095386343751,0.00402496661990881,0.008043675683438778,0.951785147190094,0.1756564099341631
Australian,CatBoost,621,69,0.17284090823890033,,0.05056732892990112,0.0897991955280304,0.8695651888847351,0.004487738013267517
Australian,ExtraTrees,621,69,0.17115670778082914,,0.06077656149864197,0.09348641335964203,0.8550724387168884,0.004406897351145744
Australian,LightGBM,621,69,0.17833148315002004,0.33335719241892026,0.06291456520557404,0.095085509121418,0.8695651888847351,0.004175142385065556
Australian,LinearModel,621,69,0.1707305684045667,,0.058123208582401276,0.11761123687028885,0.9130434989929199,0.004395133815705776
Australian,NeuralNetFastAI,621,69,0.15382420043302195,,0.0631539449095726,0.09391177445650101,0.8985507488250732,0.004408219829201698
Australian,NeuralNetTorch,621,69,0.16451544306288357,,0.04497595131397247,0.10657300055027008,0.8840579986572266,0.004439586773514748
Australian,RandomForest,621,69,0.16390327058412607,,0.05114073306322098,0.09253350645303726,0.8550724387168884,0.0044121211394667625
Australian,XGBoost,621,69,0.1517706614107975,,0.047755658626556396,0.10645730793476105,0.8840579986572266,0.004430465400218964
Bioresponse,CatBoost,3375,376,0.27924100964992654,0.4383268953631635,0.027374867349863052,0.0764002576470375,0.8058510422706604,0.020416859537363052
Bioresponse,ExtraTrees,3375,376,0.2865800532852301,,0.026918359100818634,0.06916548311710358,0.7978723645210266,0.02009498607367277
Bioresponse,LightGBM,3375,376,0.27853206598725067,0.434483526307175,0.030125577002763748,0.06921934336423874,0.811170220375061,0.020235945470631123
Bioresponse,LinearModel,3375,376,0.3654979902691767,0.5498039928291715,0.035698212683200836,0.06534295529127121,0.7420212626457214,0.020360001362860203
Bioresponse,NeuralNetFastAI,3375,376,0.2865754156431176,0.4420181530859752,0.023858660832047462,0.04853689670562744,0.7792553305625916,0.020499550737440586
Bioresponse,NeuralNetTorch,3375,376,0.2920063690437221,0.4506339485479537,0.02496553584933281,0.0658249482512474,0.7872340679168701,0.020454763434827328
Bioresponse,RandomForest,3375,376,0.28225985800522635,,0.032016973942518234,0.06241106986999512,0.811170220375061,0.020281418226659298
Bioresponse,XGBoost,3375,376,0.2764128711005986,0.4333828383444876,0.02993796020746231,0.053318098187446594,0.8164893388748169,0.020292095839977264
Click_prediction_small,CatBoost,35953,3995,0.2534228139481929,0.41197275430492686,0.008390827104449272,0.01439175195991993,0.8362953662872314,0.20909494254738092
Click_prediction_small,ExtraTrees,35953,3995,0.26023001554194664,0.4208596060807324,0.007277224212884903,0.005430933088064194,0.8340425491333008,0.20653986558318138
Click_prediction_small,LightGBM,35953,3995,0.25810626331048625,,0.0071191079914569855,0.011979965493083,0.8367959856987,0.2093614637851715
Click_prediction_small,LinearModel,35953,3995,0.25933290830297684,0.42191008038817,0.01047087088227272,0.014176817610859871,0.8370463252067566,0.2117658294737339
Click_prediction_small,NeuralNetFastAI,35953,3995,0.258277591099391,0.4199138037362055,0.006163563579320908,0.006290958262979984,0.8375469446182251,0.20899917371571064
Click_prediction_small,NeuralNetTorch,35953,3995,0.2595380558982252,0.4188365482337177,0.004804942756891251,0.00956973247230053,0.8345431685447693,0.20766877848654985
Click_prediction_small,RandomForest,35953,3995,0.2591150671269862,0.4182501522726773,0.004262462258338928,0.009178526699543,0.8347935080528259,0.2075098529458046
Click_prediction_small,XGBoost,35953,3995,0.2579948125860477,0.417382418955832,0.007111072540283203,0.011391356587409973,0.8345431685447693,0.21098195388913155
GAMETES_Epistasis_2-Way_1000atts_0_4H_EDM-1_EDM-1_1,CatBoost,1440,160,0.3965417580299762,0.5864260138853921,0.07486431300640106,0.12756267189979553,0.7437499761581421,0.009171079844236374
GAMETES_Epistasis_2-Way_1000atts_0_4H_EDM-1_EDM-1_1,ExtraTrees,1440,160,0.5009774278968269,0.6941234643740686,0.05182499438524246,0.02953648939728737,0.4625000059604645,0.008992709219455719
GAMETES_Epistasis_2-Way_1000atts_0_4H_EDM-1_EDM-1_1,LightGBM,1440,160,0.5144139745279737,0.7076143924088487,0.0842021107673645,0.07031802833080292,0.38749998807907104,0.00903234537690878
GAMETES_Epistasis_2-Way_1000atts_0_4H_EDM-1_EDM-1_1,LinearModel,1440,160,0.5167240623008098,0.7108501398652398,0.05917225778102875,0.0826450064778328,0.5062500238418579,0.009314855560660362
GAMETES_Epistasis_2-Way_1000atts_0_4H_EDM-1_EDM-1_1,NeuralNetFastAI,1440,160,0.49446888656358096,0.6876142564825519,0.060812972486019135,0.0020891791209578514,0.581250011920929,0.009192637167870998
GAMETES_Epistasis_2-Way_1000atts_0_4H_EDM-1_EDM-1_1,NeuralNetTorch,1440,160,0.503817163175944,0.6970194515120394,0.04809725284576416,0.09344655275344849,0.518750011920929,0.009159203618764877
GAMETES_Epistasis_2-Way_1000atts_0_4H_EDM-1_EDM-1_1,RandomForest,1440,160,0.5105157220600509,0.7037064763675795,0.05395379662513733,0.07422973215579987,0.4625000059604645,0.00915236584842205
GAMETES_Epistasis_2-Way_1000atts_0_4H_EDM-1_EDM-1_1,XGBoost,1440,160,0.5021140432953517,0.6952734799807413,0.030403941869735718,0.03719359636306763,0.512499988079071,0.009188455529510975
GAMETES_Epistasis_2-Way_20atts_0_1H_EDM-1_1,CatBoost,1440,160,0.4167326564344931,0.6085635750156444,0.04661810025572777,0.0689869225025177,0.699999988079071,0.009026652202010155
GAMETES_Epistasis_2-Way_20atts_0_1H_EDM-1_1,ExtraTrees,1440,160,0.46717330015300806,0.6596654499209903,0.04966942220926285,0.0959332138299942,0.6312500238418579,0.009150157682597637
GAMETES_Epistasis_2-Way_20atts_0_1H_EDM-1_1,LightGBM,1440,160,0.44298994861117463,0.6350117436492059,0.057573508471250534,0.098515085875988,0.675000011920929,0.009124564938247204
GAMETES_Epistasis_2-Way_20atts_0_1H_EDM-1_1,LinearModel,1440,160,0.5039126798273312,0.6970724092100264,0.048828125,0.050185080617666245,0.46875,0.009166610427200794
GAMETES_Epistasis_2-Way_20atts_0_1H_EDM-1_1,NeuralNetFastAI,1440,160,0.4148371894449642,0.6042230149142306,0.037089016288518906,0.05491898953914642,0.699999988079071,0.009179371409118176
GAMETES_Epistasis_2-Way_20atts_0_1H_EDM-1_1,NeuralNetTorch,1440,160,0.4119884269076294,0.6035284912627574,0.05053248628973961,0.08209434896707535,0.7124999761581421,0.009165718220174313
GAMETES_Epistasis_2-Way_20atts_0_1H_EDM-1_1,RandomForest,1440,160,0.4760881224081195,0.6687792671346264,0.03647954389452934,0.07664073258638382,0.612500011920929,0.009130774065852165
GAMETES_Epistasis_2-Way_20atts_0_1H_EDM-1_1,XGBoost,1440,160,0.44274566598843307,0.6338856749361375,0.04469858109951019,0.07964955270290375,0.6625000238418579,0.00893915630877018
GAMETES_Epistasis_2-Way_20atts_0_4H_EDM-1_1,CatBoost,1440,160,0.2953301926321003,,0.03503590077161789,0.08566481620073318,0.7749999761581421,0.009209375828504562
GAMETES_Epistasis_2-Way_20atts_0_4H_EDM-1_1,ExtraTrees,1440,160,0.39739276438747617,,0.037503793835639954,0.08256607502698898,0.6812499761581421,0.009126904420554638
GAMETES_Epistasis_2-Way_20atts_0_4H_EDM-1_1,LightGBM,1440,160,0.3144802641138481,,0.03506835550069809,0.08422777056694031,0.75,0.009182210080325603
GAMETES_Epistasis_2-Way_20atts_0_4H_EDM-1_1,LinearModel,1440,160,0.5010926619969556,0.6942606531361175,0.04411602020263672,0.03319154679775238,0.5375000238418579,0.009121151641011238
GAMETES_Epistasis_2-Way_20atts_0_4H_EDM-1_1,NeuralNetFastAI,1440,160,0.2850280163651398,0.43698225658309475,0.05121058225631714,0.021141337230801582,0.793749988079071,0.009099919348955154
GAMETES_Epistasis_2-Way_20atts_0_4H_EDM-1_1,NeuralNetTorch,1440,160,0.29993050251852926,0.4635685131343206,0.0382702462375164,0.09249545633792877,0.78125,0.009029469452798367
GAMETES_Epistasis_2-Way_20atts_0_4H_EDM-1_1,RandomForest,1440,160,0.39134208552046557,,0.030314795672893524,0.09411387145519257,0.7124999761581421,0.00887371227145195
GAMETES_Epistasis_2-Way_20atts_0_4H_EDM-1_1,XGBoost,1440,160,0.33898263613832935,,0.03297930583357811,0.091671422123909,0.737500011920929,0.008973941206932068
GAMETES_Epistasis_3-Way_20atts_0_2H_EDM-1_1,CatBoost,1440,160,0.39613407593829236,0.5716718037121566,0.04558705911040306,0.11257996410131454,0.637499988079071,0.009110950864851475
GAMETES_Epistasis_3-Way_20atts_0_2H_EDM-1_1,ExtraTrees,1440,160,0.490219002528044,0.6835411462438498,0.036453187465667725,0.09400847554206848,0.5562499761581421,0.009155448526144028
GAMETES_Epistasis_3-Way_20atts_0_2H_EDM-1_1,LightGBM,1440,160,0.4860087610998864,0.6789527066288716,0.048299986869096756,0.07137565314769745,0.5625,0.009148159064352512
GAMETES_Epistasis_3-Way_20atts_0_2H_EDM-1_1,LinearModel,1440,160,0.5022576493362683,0.6954236671087564,0.03764714300632477,0.05596081539988518,0.53125,0.009068822488188744
GAMETES_Epistasis_3-Way_20atts_0_2H_EDM-1_1,NeuralNetFastAI,1440,160,0.39864514592756156,0.5702969916213474,0.04637812077999115,0.09170441329479218,0.6312500238418579,0.00888002198189497
GAMETES_Epistasis_3-Way_20atts_0_2H_EDM-1_1,NeuralNetTorch,1440,160,0.43108716632112676,0.6195130996159455,0.054162584245204926,0.1018066555261612,0.6499999761581421,0.008860164321959019
GAMETES_Epistasis_3-Way_20atts_0_2H_EDM-1_1,RandomForest,1440,160,0.495268105291642,0.688241972316954,0.052553147077560425,0.10016514360904694,0.518750011920929,0.009268020279705524
GAMETES_Epistasis_3-Way_20atts_0_2H_EDM-1_1,XGBoost,1440,160,0.4921123630832124,0.6852513382883042,0.057600513100624084,0.04857295751571655,0.5562499761581421,0.009128709323704243
GAMETES_Heterogeneity_20atts_1600_Het_0_4_0_2_50_EDM-2_001,CatBoost,1440,160,0.42044361821722626,0.5922934707267702,0.0767340138554573,0.12566043436527252,0.6499999761581421,0.009124623611569405
GAMETES_Heterogeneity_20atts_1600_Het_0_4_0_2_50_EDM-2_001,ExtraTrees,1440,160,0.49681329642744104,0.6980088134224939,0.0669630691409111,0.1160605326294899,0.612500011920929,0.009121161885559559
GAMETES_Heterogeneity_20atts_1600_Het_0_4_0_2_50_EDM-2_001,LightGBM,1440,160,0.461532786115863,0.65130110774496,0.0732700526714325,0.1064213216304779,0.6312500238418579,0.00901774037629366
GAMETES_Heterogeneity_20atts_1600_Het_0_4_0_2_50_EDM-2_001,LinearModel,1440,160,0.49821821774539765,0.69137506449638,0.06225027143955231,0.01905752904713154,0.5625,0.008961441926658154
GAMETES_Heterogeneity_20atts_1600_Het_0_4_0_2_50_EDM-2_001,NeuralNetFastAI,1440,160,0.44577693478413905,0.6265585482989537,0.07868877053260803,0.14094549417495728,0.625,0.009116971865296364
GAMETES_Heterogeneity_20atts_1600_Het_0_4_0_2_50_EDM-2_001,NeuralNetTorch,1440,160,0.445912543015946,0.6293176328064128,0.06776292622089386,0.12495432794094086,0.6312500238418579,0.009146342054009438
GAMETES_Heterogeneity_20atts_1600_Het_0_4_0_2_50_EDM-2_001,RandomForest,1440,160,0.49386003830206954,0.6910548046082166,0.061887841671705246,0.13371701538562775,0.6000000238418579,0.009118392132222652
GAMETES_Heterogeneity_20atts_1600_Het_0_4_0_2_50_EDM-2_001,XGBoost,1440,160,0.45929121024220754,,0.060564275830984116,0.09697459638118744,0.643750011920929,0.009130172431468964
GAMETES_Heterogeneity_20atts_1600_Het_0_4_0_2_75_EDM-2_001,CatBoost,1440,160,0.37458551211823804,0.5545629786277807,0.045322440564632416,0.10214554518461227,0.706250011920929,0.009178880602121353
GAMETES_Heterogeneity_20atts_1600_Het_0_4_0_2_75_EDM-2_001,ExtraTrees,1440,160,0.413912341739315,0.6023482351129934,0.03645123541355133,0.05394148454070091,0.675000011920929,0.008916554972529411
GAMETES_Heterogeneity_20atts_1600_Het_0_4_0_2_75_EDM-2_001,LightGBM,1440,160,0.38485270348776685,0.5695136428929654,0.04279091954231262,0.06359291076660156,0.699999988079071,0.009097789414227009
GAMETES_Heterogeneity_20atts_1600_Het_0_4_0_2_75_EDM-2_001,LinearModel,1440,160,0.5013469819243579,0.6944909588029485,0.05600921809673309,0.022628748789429665,0.4749999940395355,0.009355905465781689
GAMETES_Heterogeneity_20atts_1600_Het_0_4_0_2_75_EDM-2_001,NeuralNetFastAI,1440,160,0.37606949333564266,0.5569574242617384,0.053146276623010635,0.10315173864364624,0.7124999761581421,0.00921514630317688
GAMETES_Heterogeneity_20atts_1600_Het_0_4_0_2_75_EDM-2_001,NeuralNetTorch,1440,160,0.3534598467099713,0.5301522456927907,0.07526688277721405,0.09249293804168701,0.731249988079071,0.009214137680828571
GAMETES_Heterogeneity_20atts_1600_Het_0_4_0_2_75_EDM-2_001,RandomForest,1440,160,0.404223688937648,0.5920675373932961,0.0344206765294075,0.06134510040283203,0.699999988079071,0.009184804745018482
GAMETES_Heterogeneity_20atts_1600_Het_0_4_0_2_75_EDM-2_001,XGBoost,1440,160,0.3859092360094039,0.5678547964066751,0.03784775733947754,0.07061152160167694,0.699999988079071,0.009180217981338501
Internet-Advertisements,CatBoost,2951,328,0.04541909785961339,,0.01766127534210682,0.02029178850352764,0.9756097793579102,0.017836720682680607
Internet-Advertisements,ExtraTrees,2951,328,0.03664218394870027,,0.01468601357191801,0.029232686385512352,0.9786585569381714,0.017821443267166615
Internet-Advertisements,LightGBM,2951,328,0.04635978930118862,,0.013383222743868828,0.01957244612276554,0.9695122241973877,0.017898688092827797
Internet-Advertisements,LinearModel,2951,328,0.06350526651774861,,0.013029816560447216,0.026082951575517654,0.9603658318519592,0.01787838712334633
Internet-Advertisements,NeuralNetFastAI,2951,328,0.05426625031273318,,0.011828822083771229,0.028357477858662605,0.9603658318519592,0.017859075218439102
Internet-Advertisements,NeuralNetTorch,2951,328,0.051933457805809095,,0.012263177894055843,0.028379959985613823,0.9664633870124817,0.01781746745109558
Internet-Advertisements,RandomForest,2951,328,0.03950008950323493,,0.012504239566624165,0.028723595663905144,0.9756097793579102,0.017861036583781242
Internet-Advertisements,XGBoost,2951,328,0.05020877571168639,,0.012401962652802467,0.016173873096704483,0.9695122241973877,0.01791277527809143
OVA_Colon,CatBoost,1390,155,0.07535756485784446,,0.020092658698558807,0.037684258073568344,0.9612902998924255,0.008773673325777054
OVA_Colon,ExtraTrees,1390,155,0.07109289706378628,,0.025030959397554398,0.040795788168907166,0.9612902998924255,0.008742902427911758
OVA_Colon,LightGBM,1390,155,0.06691988597337602,,0.017832249402999878,0.027725158259272575,0.9677419066429138,0.008607528172433376
OVA_Colon,LinearModel,1390,155,0.06258370793909963,,0.01768040657043457,0.015929529443383217,0.9677419066429138,0.008549054153263569
OVA_Colon,NeuralNetFastAI,1390,155,0.07026355007477829,,0.021599680185317993,0.023616913706064224,0.9612902998924255,0.008988182060420513
OVA_Colon,NeuralNetTorch,1390,155,0.06397681905109216,,0.012834519147872925,0.018971141427755356,0.9677419066429138,0.008830690756440163
OVA_Colon,RandomForest,1390,155,0.08142043903001667,,0.01972801238298416,0.048201411962509155,0.948387086391449,0.008622351102530956
OVA_Colon,XGBoost,1390,155,0.0732375469909304,,0.019157692790031433,0.035216763615608215,0.9612902998924255,0.008686941117048264
OVA_Endometrium,CatBoost,1390,155,0.05821415291100568,,0.019345689564943314,0.02290215529501438,0.9612902998924255,0.008723474107682705
OVA_Endometrium,ExtraTrees,1390,155,0.05941293114861335,,0.01989574357867241,0.028126168996095657,0.9612902998924255,0.00869055651128292
OVA_Endometrium,LightGBM,1390,155,0.05276048298707443,,0.017867812886834145,0.034089431166648865,0.9612902998924255,0.008719359524548054
OVA_Endometrium,LinearModel,1390,155,0.039569925837212284,,0.015736058354377747,0.016218235716223717,0.9806451797485352,0.00887036882340908
OVA_Endometrium,NeuralNetFastAI,1390,155,0.04257872294758355,,0.01246313750743866,0.013550668023526669,0.9741935729980469,0.008883539587259293
OVA_Endometrium,NeuralNetTorch,1390,155,0.04303210820524453,,0.01222924329340458,0.017057059332728386,0.9741935729980469,0.008866815827786922
OVA_Endometrium,RandomForest,1390,155,0.06155361203981214,,0.024473823606967926,0.04550803452730179,0.9612902998924255,0.008819663897156715
OVA_Endometrium,XGBoost,1390,155,0.05363546443465779,,0.01976863108575344,0.02546823024749756,0.9612902998924255,0.008889701217412949
OVA_Kidney,CatBoost,1390,155,0.01540501246941895,,0.016890764236450195,0.017034919932484627,0.9935483932495117,0.008844882249832153
OVA_Kidney,ExtraTrees,1390,155,0.026030085730185663,,0.02770543098449707,0.03551271930336952,0.9935483932495117,0.008877133950591087
OVA_Kidney,LightGBM,1390,155,0.014457724963250951,,0.016134947538375854,0.014502431266009808,0.9935483932495117,0.008867181837558746
OVA_Kidney,LinearModel,1390,155,0.01347115017339794,,0.013549208641052246,0.011195450089871883,0.9935483932495117,0.008895309641957283
OVA_Kidney,NeuralNetFastAI,1390,155,0.015545084278954208,,0.01293954998254776,0.016653332859277725,0.9935483932495117,0.008824941702187061
OVA_Kidney,NeuralNetTorch,1390,155,0.01707451991134761,,0.021946430206298828,0.022782539948821068,0.9935483932495117,0.008758610114455223
OVA_Kidney,RandomForest,1390,155,0.027566959883807036,,0.02319157123565674,0.03528464585542679,0.9935483932495117,0.008856702595949173
OVA_Kidney,XGBoost,1390,155,0.014125733244759164,,0.015045613050460815,0.01234215684235096,0.9935483932495117,0.008815038949251175
OVA_Lung,CatBoost,1390,155,0.017456514362081975,,0.01269244309514761,0.009199175983667374,0.9935483932495117,0.008892523124814034
OVA_Lung,ExtraTrees,1390,155,0.03530407674174176,,0.022117678076028824,0.03514877334237099,0.9870967864990234,0.008887157775461674
OVA_Lung,LightGBM,1390,155,0.02117179607558751,,0.015987420454621315,0.013877893798053265,0.9870967864990234,0.00887085497379303
OVA_Lung,LinearModel,1390,155,0.02843853416759469,,0.018722951412200928,0.010212141089141369,0.9870967864990234,0.008740372955799103
OVA_Lung,NeuralNetFastAI,1390,155,0.03994874203612481,,0.011190570890903473,0.018594548106193542,0.9741935729980469,0.008874188177287579
OVA_Lung,NeuralNetTorch,1390,155,0.024451963773002985,,0.023547420278191566,0.021805478259921074,0.9870967864990234,0.008863662369549274
OVA_Lung,RandomForest,1390,155,0.05955853467302618,,0.03074566274881363,0.049869246780872345,0.9741935729980469,0.008856725879013538
OVA_Lung,XGBoost,1390,155,0.016688767868225728,,0.011059598065912724,0.007397652603685856,0.9935483932495117,0.008924746885895729
OVA_Ovary,CatBoost,1390,155,0.1188314250435463,,0.02553870715200901,0.053297851234674454,0.9290322661399841,0.008933275938034058
OVA_Ovary,ExtraTrees,1390,155,0.11304135495694267,,0.03225994482636452,0.06438581645488739,0.9161290526390076,0.00889193918555975
OVA_Ovary,LightGBM,1390,155,0.1076627826593081,,0.024963490664958954,0.056829966604709625,0.9354838728904724,0.008806046098470688
OVA_Ovary,LinearModel,1390,155,0.12872849129682337,,0.03341956064105034,0.050913020968437195,0.9290322661399841,0.009817423298954964
OVA_Ovary,NeuralNetFastAI,1390,155,0.12426046594524744,,0.032112251967191696,0.07331155240535736,0.9096774458885193,0.008973655290901661
OVA_Ovary,NeuralNetTorch,1390,155,0.09695878491319118,0.15102718424973474,0.026669485494494438,0.05400894582271576,0.9290322661399841,0.008876295760273933
OVA_Ovary,RandomForest,1390,155,0.11013173093692828,,0.03398972749710083,0.07154662162065506,0.9225806593894958,0.00896949227899313
OVA_Ovary,XGBoost,1390,155,0.11103363281759386,,0.026964876800775528,0.054705310612916946,0.9419354796409607,0.009078441187739372
OVA_Prostate,CatBoost,1390,155,0.02344799389950658,,0.007930953986942768,0.012778131291270256,0.9870967864990234,0.008691946044564247
OVA_Prostate,ExtraTrees,1390,155,0.019939502643434234,,0.006419643759727478,0.013136221095919609,0.9870967864990234,0.008833476342260838
OVA_Prostate,LightGBM,1390,155,0.013685092616316305,,0.006428839638829231,0.007720050867646933,0.9935483932495117,0.008504358120262623
OVA_Prostate,LinearModel,1390,155,0.01633830306473598,,0.011773115023970604,0.011185717768967152,0.9935483932495117,0.00876647885888815
OVA_Prostate,NeuralNetFastAI,1390,155,0.016200347328726602,,0.00824666302651167,0.012860427610576153,0.9935483932495117,0.008924501948058605
OVA_Prostate,NeuralNetTorch,1390,155,0.012469640623521117,,0.006268098950386047,0.0068739368580281734,0.9935483932495117,0.009018287062644958
OVA_Prostate,RandomForest,1390,155,0.01986778784860502,,0.007924200966954231,0.022246723994612694,0.9870967864990234,0.008987941779196262
OVA_Prostate,XGBoost,1390,155,0.02155759491574588,,0.008461164310574532,0.011897990480065346,0.9870967864990234,0.008788040839135647
PhishingWebsites,CatBoost,9949,1106,0.04889170691772349,,0.009238740429282188,0.018089933320879936,0.9629294872283936,0.0588547894731164
PhishingWebsites,ExtraTrees,9949,1106,0.061042198278035295,,0.019841831177473068,0.02627650834619999,0.9647377729415894,0.058237032033503056
PhishingWebsites,LightGBM,9949,1106,0.047233731756379814,,0.009246759116649628,0.016542574390769005,0.9647377729415894,0.05880046635866165
PhishingWebsites,LinearModel,9949,1106,0.09409785039919932,,0.007428625598549843,0.020066339522600174,0.9339963793754578,0.05918998084962368
PhishingWebsites,NeuralNetFastAI,9949,1106,0.04965117825304229,,0.009719537571072578,0.016613731160759926,0.965641975402832,0.05914963409304619
PhishingWebsites,NeuralNetTorch,9949,1106,0.049611923580349666,,0.012018979527056217,0.017973145470023155,0.9647377729415894,0.059103154577314854
PhishingWebsites,RandomForest,9949,1106,0.059564823008634735,,0.017059441655874252,0.023434503003954887,0.9620253443717957,0.0590400006622076
PhishingWebsites,XGBoost,9949,1106,0.04818448636495952,,0.009018102660775185,0.014399389736354351,0.965641975402832,0.05932241398841143
Run_or_walk_information,CatBoost,79729,8859,0.009224660506423609,,0.0021043845918029547,0.003339957445859909,0.9942431449890137,0.46937381755560637
Run_or_walk_information,ExtraTrees,79729,8859,0.01484895699334369,,0.009115705266594887,0.016974003985524178,0.9928885698318481,0.47204081527888775
Run_or_walk_information,LightGBM,79729,8859,0.008431196008137474,,0.002034577773883939,0.00210329657420516,0.9943560361862183,0.470777471549809
Run_or_walk_information,LinearModel,79729,8859,0.22672232642971957,,0.019552454352378845,0.03989110887050629,0.81815105676651,0.47267000284045935
Run_or_walk_information,NeuralNetFastAI,79729,8859,0.013206550679802113,,0.002874059369787574,0.004316008184105158,0.9915340542793274,0.47223773691803217
Run_or_walk_information,NeuralNetTorch,79729,8859,0.01057071262276264,,0.00323823862709105,0.004290271550416946,0.9937916398048401,0.46991041768342257
Run_or_walk_information,RandomForest,79729,8859,0.014130475673805095,,0.005213746801018715,0.009951472282409668,0.9922112822532654,0.4757919190451503
Run_or_walk_information,XGBoost,79729,8859,0.009959496086648745,,0.00199673674069345,0.0026464599650353193,0.9933401346206665,0.4762259852141142
Satellite,CatBoost,4590,510,0.016675034458312702,,0.007940701209008694,0.007109812926501036,0.9901960492134094,0.02734345942735672
Satellite,ExtraTrees,4590,510,0.016770130759336505,,0.007198559120297432,0.00728499935939908,0.9901960492134094,0.02723697107285261
Satellite,LightGBM,4590,510,0.01764668544071911,,0.008807063102722168,0.00864223763346672,0.9901960492134094,0.027455782517790794
Satellite,LinearModel,4590,510,0.015165984325271342,,0.006356880068778992,0.007289530709385872,0.9921568632125854,0.027364016510546207
Satellite,NeuralNetFastAI,4590,510,0.013981028602785106,,0.006356938276439905,0.006954871583729982,0.9921568632125854,0.0273521700873971
Satellite,NeuralNetTorch,4590,510,0.02012945064221175,,0.00990015733987093,0.009252614341676235,0.9882352948188782,0.02744215354323387
Satellite,RandomForest,4590,510,0.01374103367456388,,0.004945038817822933,0.008988278917968273,0.9882352948188782,0.02714699972420931
Satellite,XGBoost,4590,510,0.016521984053736893,,0.007780890911817551,0.007042721379548311,0.9901960492134094,0.02737283706665039
SpeedDating,CatBoost,7540,838,0.17581771326610782,,0.017791448161005974,0.028163006529211998,0.8818615674972534,0.045337471179664135
SpeedDating,ExtraTrees,7540,838,0.19306519585470974,,0.01787000149488449,0.03211332857608795,0.8687350749969482,0.04357070941478014
SpeedDating,LightGBM,7540,838,0.17618201385389193,,0.023080188781023026,0.03157250955700874,0.8866348266601562,0.044411877170205116
SpeedDating,LinearModel,7540,838,0.18865608334037554,0.3112600769901386,0.026104401797056198,0.03372146934270859,0.8782815933227539,0.04385196417570114
SpeedDating,NeuralNetFastAI,7540,838,0.18642985545324967,0.30539914956785746,0.02125565893948078,0.025874804705381393,0.8735083341598511,0.04439256992191076
SpeedDating,NeuralNetTorch,7540,838,0.1881777034224127,0.3075666772628399,0.02164509892463684,0.0327906534075737,0.8675417900085449,0.043989554047584534
SpeedDating,RandomForest,7540,838,0.19134797686640262,,0.02316485345363617,0.03242481127381325,0.8711217045783997,0.04532717168331146
SpeedDating,XGBoost,7540,838,0.17505033336549214,,0.02067902497947216,0.027087047696113586,0.8830549120903015,0.045083838514983654
Titanic,CatBoost,1980,221,0.2528515880433507,0.40925357047915617,0.0610954686999321,0.05406983941793442,0.8325791954994202,0.01241153571754694
Titanic,ExtraTrees,1980,221,0.2622068118834019,0.42696794134182064,0.06809744983911514,0.0693068653345108,0.8325791954994202,0.012248009443283081
Titanic,LightGBM,1980,221,0.2529076612533728,0.4080040299360563,0.06599554419517517,0.05209144949913025,0.8325791954994202,0.01221796777099371
Titanic,LinearModel,1980,221,0.27418877334910685,0.4462065602491725,0.08083991706371307,0.0883738249540329,0.8325791954994202,0.01228537131100893
Titanic,NeuralNetFastAI,1980,221,0.25213081879466387,,0.06352861225605011,0.045197393745183945,0.8325791954994202,0.012302153743803501
Titanic,NeuralNetTorch,1980,221,0.25573582854780796,0.4154257021128725,0.0668293833732605,0.060850273817777634,0.8325791954994202,0.012102842330932617
Titanic,RandomForest,1980,221,0.2586961861185776,0.4222777114826987,0.06567628681659698,0.06280689686536789,0.8325791954994202,0.012211098335683346
Titanic,XGBoost,1980,221,0.25274457966725467,0.4087476997498449,0.060970135033130646,0.05344545468688011,0.8325791954994202,0.012212776578962803
ada,CatBoost,3732,415,0.1702073008438097,0.2680996091457542,0.014398317784070969,0.025054505094885826,0.8891566395759583,0.022424091584980488
ada,ExtraTrees,3732,415,0.19419917772120787,,0.015151459723711014,0.05525972321629524,0.8650602698326111,0.022318796254694462
ada,LightGBM,3732,415,0.1719083293511236,0.2740649684437747,0.017238201573491096,0.0480230376124382,0.8819277286529541,0.022411623038351536
ada,LinearModel,3732,415,0.19817042309498734,0.3137515333940836,0.01870589330792427,0.04432276263833046,0.8602409362792969,0.022218959406018257
ada,NeuralNetFastAI,3732,415,0.18545218600344604,0.29554226969598585,0.013772901147603989,0.03458091989159584,0.8722891807556152,0.02234040480107069
ada,NeuralNetTorch,3732,415,0.18446848122084733,,0.01419689692556858,0.03604922816157341,0.8722891807556152,0.0223923921585083
ada,RandomForest,3732,415,0.1813648264006286,,0.012197740375995636,0.028550472110509872,0.87469881772995,0.02230409812182188
ada,XGBoost,3732,415,0.1699998548172274,0.2689910314247596,0.011892154812812805,0.026242146268486977,0.8795180916786194,0.022511090151965618
adult,CatBoost,43957,4885,0.17125751692742772,0.27035881239213566,0.005475729703903198,0.00897466391324997,0.8771750330924988,0.26425375416874886
adult,ExtraTrees,43957,4885,0.1900154443534943,,0.006955040153115988,0.013365392573177814,0.8636642694473267,0.2585999555885792
adult,LightGBM,43957,4885,0.1707830785078143,0.2685574265990307,0.005589541979134083,0.013676328584551811,0.8775844573974609,0.259358212351799
adult,LinearModel,43957,4885,0.2032186848277536,,0.007801115047186613,0.010720806196331978,0.8538382649421692,0.25928471237421036
adult,NeuralNetFastAI,43957,4885,0.18926656819351434,,0.008206352591514587,0.008932097814977169,0.8638690114021301,0.25680732261389494
adult,NeuralNetTorch,43957,4885,0.1914242700532676,0.30001830641921684,0.008416252210736275,0.012035482563078403,0.8630501627922058,0.2554530641064048
adult,RandomForest,43957,4885,0.18713568839907604,,0.007843706756830215,0.010634273290634155,0.8632548451423645,0.2541044121608138
adult,XGBoost,43957,4885,0.17016358740182636,0.2673358628208261,0.005208320915699005,0.009819652885198593,0.8765609264373779,0.2602569907903671
ailerons,CatBoost,12375,1375,0.1592603644342103,,0.011017844080924988,0.02445111982524395,0.890181839466095,0.07216153852641582
ailerons,ExtraTrees,12375,1375,0.16836852358670193,,0.008601479232311249,0.019786542281508446,0.8799999952316284,0.07196433283388615
ailerons,LightGBM,12375,1375,0.15851397187511945,,0.008896730840206146,0.021739231422543526,0.8909090757369995,0.07220332138240337
ailerons,LinearModel,12375,1375,0.16988756715066097,,0.009936794638633728,0.020373675972223282,0.8821818232536316,0.07340333051979542
ailerons,NeuralNetFastAI,12375,1375,0.1666252945193253,,0.009398411959409714,0.024568961933255196,0.8821818232536316,0.07303549442440271
ailerons,NeuralNetTorch,12375,1375,0.16466310931766875,,0.008550764992833138,0.02418888360261917,0.8814545273780823,0.07273225393146276
ailerons,RandomForest,12375,1375,0.16362391279742208,,0.0083725955337286,0.031504418700933456,0.8821818232536316,0.06988338939845562
ailerons,XGBoost,12375,1375,0.15900518470254718,,0.007703494280576706,0.028047652915120125,0.8880000114440918,0.07002367451786995
arcene,CatBoost,90,10,0.4624361911446531,,0.1540619432926178,0.28918662667274475,0.699999988079071,0.0011989828199148178
arcene,ExtraTrees,90,10,0.3169886994676182,,0.11901620775461197,0.2639818489551544,0.8999999761581421,0.0011118343099951744
arcene,LightGBM,90,10,0.4898880292425594,,0.1514405906200409,0.267189085483551,0.699999988079071,0.0010528964921832085
arcene,LinearModel,90,10,0.42314175182750946,0.6495420675057803,0.10467750579118729,0.16471567749977112,0.699999988079071,0.0010868953540921211
arcene,NeuralNetFastAI,90,10,0.35409124885125765,,0.12251532077789307,0.2697069048881531,0.800000011920929,0.0010353084653615952
arcene,NeuralNetTorch,90,10,0.3714514044641982,,0.15491361916065216,0.26637956500053406,0.699999988079071,0.0010345922783017159
arcene,RandomForest,90,10,0.396266467027741,,0.13094013929367065,0.2715434432029724,0.699999988079071,0.0011037690564990044
arcene,XGBoost,90,10,0.3874898009259762,0.6004461362392879,0.10874451696872711,0.3036743402481079,0.699999988079071,0.0010942816734313965
arsenic-female-bladder,CatBoost,503,56,0.20064323708377962,0.34694731400217577,0.04248471185564995,0.06199461594223976,0.875,0.003419867716729641
arsenic-female-bladder,ExtraTrees,503,56,0.21297374714799208,,0.0431293323636055,0.09439209848642349,0.875,0.003429073840379715
arsenic-female-bladder,LightGBM,503,56,0.22138197063616014,0.3693888442866612,0.049769267439842224,0.07898630201816559,0.875,0.003696717321872711
arsenic-female-bladder,LinearModel,503,56,0.23505384103856747,0.3758940130702055,0.04345528781414032,0.07159857451915741,0.8392857313156128,0.003499286249279976
arsenic-female-bladder,NeuralNetFastAI,503,56,0.2108150287828516,,0.03682246804237366,0.07848469167947769,0.8392857313156128,0.0034013576805591583
arsenic-female-bladder,NeuralNetTorch,503,56,0.18522608343116492,0.30816305104920183,0.046720609068870544,0.090244360268116,0.875,0.0035375533625483513
arsenic-female-bladder,RandomForest,503,56,0.21790546261760607,0.35319476316359244,0.050715699791908264,0.12524715065956116,0.8571428656578064,0.003587273880839348
arsenic-female-bladder,XGBoost,503,56,0.2113276134041961,0.34569323779848554,0.03137148544192314,0.0728101134300232,0.8571428656578064,0.0036294516175985336
autoUniv-au1-1000,CatBoost,900,100,0.37466805851177215,0.5638024111414349,0.05910906940698624,0.10380540043115616,0.7200000286102295,0.006036961451172829
autoUniv-au1-1000,ExtraTrees,900,100,0.3579312860970311,0.5428329733359866,0.04457417130470276,0.09796861559152603,0.7599999904632568,0.005693402141332626
autoUniv-au1-1000,LightGBM,900,100,0.3577888375856448,0.5468180708696125,0.05298921465873718,0.1298086941242218,0.7599999904632568,0.005683946423232555
autoUniv-au1-1000,LinearModel,900,100,0.37705785692040406,0.5683129733545096,0.06829976290464401,0.06597568094730377,0.7400000095367432,0.005543140694499016
autoUniv-au1-1000,NeuralNetFastAI,900,100,0.3456276577257082,0.5281646563856457,0.03199818730354309,0.07639162242412567,0.7799999713897705,0.005886664614081383
autoUniv-au1-1000,NeuralNetTorch,900,100,0.35214903084828175,0.5334927322771206,0.037517890334129333,0.0705556645989418,0.75,0.005946975201368332
autoUniv-au1-1000,RandomForest,900,100,0.3749861541795603,0.5571619042080913,0.04971202462911606,0.06622109562158585,0.7099999785423279,0.0057654958218336105
autoUniv-au1-1000,XGBoost,900,100,0.374718718979682,0.5612380270021519,0.0558941587805748,0.10036163032054901,0.75,0.005997339263558388
bank-marketing,CatBoost,40689,4522,0.11756737276242478,,0.005539070814847946,0.008641976863145828,0.9137549996376038,0.22849769704043865
bank-marketing,ExtraTrees,40689,4522,0.12584022915826337,0.2003418128038787,0.006722982041537762,0.013729916885495186,0.9033613204956055,0.2262208480387926
bank-marketing,LightGBM,40689,4522,0.11966598729641142,,0.005847492255270481,0.011645575985312462,0.9124281406402588,0.22939821798354387
bank-marketing,LinearModel,40689,4522,0.14393747459118647,,0.008907757699489594,0.014101586304605007,0.8980539441108704,0.23617365770041943
bank-marketing,NeuralNetFastAI,40689,4522,0.12033154554961656,0.19086183143035987,0.0062220655381679535,0.007710394449532032,0.9124281406402588,0.23744317516684532
bank-marketing,NeuralNetTorch,40689,4522,0.1203842522820719,,0.007371081970632076,0.011812734417617321,0.9119858741760254,0.23608941212296486
bank-marketing,RandomForest,40689,4522,0.12510356663601824,0.19879004648509882,0.005961046554148197,0.010965621098876,0.905572772026062,0.23645886685699224
bank-marketing,XGBoost,40689,4522,0.12012956427294964,,0.006697379983961582,0.012117600068449974,0.9128704071044922,0.23766318149864674
bank32nh,CatBoost,7372,820,0.2684189149062547,,0.02077452465891838,0.04347354546189308,0.792682945728302,0.042567551136016846
bank32nh,ExtraTrees,7372,820,0.2704073598253616,,0.02137984335422516,0.03990653157234192,0.7987805008888245,0.04268870037049055
bank32nh,LightGBM,7372,820,0.2677832852112969,,0.022115949541330338,0.04354951158165932,0.800000011920929,0.04234396480023861
bank32nh,LinearModel,7372,820,0.26764022931518777,,0.019914615899324417,0.039750836789608,0.795121967792511,0.0429807472974062
bank32nh,NeuralNetFastAI,7372,820,0.2553699950095294,,0.022431788966059685,0.03459559381008148,0.8097561001777649,0.04256785474717617
bank32nh,NeuralNetTorch,7372,820,0.2615026247168595,0.40543202063918066,0.01692545786499977,0.033827077597379684,0.8085365891456604,0.04338636063039303
bank32nh,RandomForest,7372,820,0.2842874621795517,,0.023794343695044518,0.033572401851415634,0.7890244126319885,0.043154469691216946
bank32nh,XGBoost,7372,820,0.272083561055917,,0.020449548959732056,0.044862840324640274,0.7987805008888245,0.043150694109499454
bank8FM,CatBoost,7372,820,0.07469688560827054,,0.00982515700161457,0.02350423112511635,0.9475609660148621,0.043075503781437874
bank8FM,ExtraTrees,7372,820,0.07878494075143183,,0.0098147913813591,0.02211962267756462,0.9439024329185486,0.04289590008556843
bank8FM,LightGBM,7372,820,0.07551560559228182,,0.009909328073263168,0.021382000297307968,0.9487804770469666,0.043303005397319794
bank8FM,LinearModel,7372,820,0.08180728518531663,,0.008565239608287811,0.013326757587492466,0.9451219439506531,0.04231257829815149
bank8FM,NeuralNetFastAI,7372,820,0.07603055623716219,,0.008758864365518093,0.02051936648786068,0.9487804770469666,0.04379107989370823
bank8FM,NeuralNetTorch,7372,820,0.07891426828501169,,0.010024096816778183,0.022788235917687416,0.9426829218864441,0.04184708837419748
bank8FM,RandomForest,7372,820,0.07852678742586393,,0.009810171090066433,0.023983513936400414,0.9439024329185486,0.043267798610031605
bank8FM,XGBoost,7372,820,0.07707752603845473,,0.010531825944781303,0.02141239307820797,0.9463414549827576,0.04301214125007391
blood-transfusion-service-center,CatBoost,673,75,0.3366902555952068,0.5093510791040778,0.07810169458389282,0.08964870125055313,0.7599999904632568,0.004701248370110989
blood-transfusion-service-center,ExtraTrees,673,75,0.33143678115890485,,0.062054675072431564,0.08078387379646301,0.7599999904632568,0.0047120600938797
blood-transfusion-service-center,LightGBM,673,75,0.3226303031278942,0.4885596685505958,0.07087059319019318,0.10778459906578064,0.7599999904632568,0.004709725268185139
blood-transfusion-service-center,LinearModel,673,75,0.3214620033109179,0.4821576855541096,0.07818612456321716,0.07612227648496628,0.746666669845581,0.004549073055386543
blood-transfusion-service-center,NeuralNetFastAI,673,75,0.31692955256564426,0.4742841226740931,0.06568022817373276,0.09423388540744781,0.7733333110809326,0.0045961858704686165
blood-transfusion-service-center,NeuralNetTorch,673,75,0.30898656381924716,0.4621296902610361,0.05818185210227966,0.10375892370939255,0.7333333492279053,0.004766114056110382
blood-transfusion-service-center,RandomForest,673,75,0.32844013444008735,0.49998558912413776,0.07185200601816177,0.10211844742298126,0.7733333110809326,0.004731436260044575
blood-transfusion-service-center,XGBoost,673,75,0.3297131077355703,0.5021323492347359,0.0552966445684433,0.07448191940784454,0.746666669845581,0.004735608585178852
boston_corrected,CatBoost,455,51,0.17226305614714776,,0.08500173687934875,0.11079216003417969,0.8627451062202454,0.0034267930313944817
boston_corrected,ExtraTrees,455,51,0.14889045402766088,0.24921843228725504,0.09325189888477325,0.1414332240819931,0.9019607901573181,0.003419848158955574
boston_corrected,LightGBM,455,51,0.15990103790735444,,0.08383229374885559,0.13995368778705597,0.9215686321258545,0.0034410590305924416
boston_corrected,LinearModel,455,51,0.18405386467778093,0.2929917069475111,0.09447645395994186,0.16801294684410095,0.8627451062202454,0.003429282456636429
boston_corrected,NeuralNetFastAI,455,51,0.14062563492918237,0.239588530560444,0.10554271936416626,0.1363329440355301,0.9019607901573181,0.003446538932621479
boston_corrected,NeuralNetTorch,455,51,0.1818174256412776,,0.09768973290920258,0.1448901891708374,0.8627451062202454,0.0034247850999236107
boston_corrected,RandomForest,455,51,0.17101930462538484,0.2784321920344783,0.0831192284822464,0.11549687385559082,0.9019607901573181,0.003432917408645153
boston_corrected,XGBoost,455,51,0.19903971192295578,,0.08346062153577805,0.15714389085769653,0.8627451062202454,0.003398980014026165
churn,CatBoost,4500,500,0.08547230862314714,,0.012425153516232967,0.02794598788022995,0.949999988079071,0.02691936492919922
churn,ExtraTrees,4500,500,0.08912433818082802,,0.019562166184186935,0.03600992634892464,0.9480000138282776,0.027264232747256756
churn,LightGBM,4500,500,0.09457725369550364,,0.020347420126199722,0.0424388125538826,0.9480000138282776,0.027199295349419117
churn,LinearModel,4500,500,0.22468057126068852,,0.045647792518138885,0.07427165657281876,0.8360000252723694,0.027078522369265556
churn,NeuralNetFastAI,4500,500,0.07768676884030247,,0.01077116560190916,0.02290513552725315,0.9580000042915344,0.027114827185869217
churn,NeuralNetTorch,4500,500,0.08677979722831008,,0.019457902759313583,0.03457089513540268,0.9559999704360962,0.027097361162304878
churn,RandomForest,4500,500,0.0975203764163323,,0.01342120673507452,0.02841157279908657,0.9380000233650208,0.026843654923141003
churn,XGBoost,4500,500,0.08798450520730541,,0.01624835468828678,0.03454490378499031,0.949999988079071,0.027017354033887386
climate-model-simulation-crashes,CatBoost,486,54,0.08274871560898228,,0.04482481628656387,0.06862036138772964,0.9444444179534912,0.0036809146404266357
climate-model-simulation-crashes,ExtraTrees,486,54,0.08843589604033848,,0.05195724964141846,0.08368813246488571,0.9629629850387573,0.0036536268889904022
climate-model-simulation-crashes,LightGBM,486,54,0.08133859434996336,,0.059343695640563965,0.06745868176221848,0.9444444179534912,0.0036404449492692947
climate-model-simulation-crashes,LinearModel,486,54,0.09695881368554839,,0.06017386168241501,0.07598336786031723,0.9444444179534912,0.0036588162183761597
climate-model-simulation-crashes,NeuralNetFastAI,486,54,0.09376810984072738,,0.05177229270339012,0.06627102196216583,0.9444444179534912,0.003401612862944603
climate-model-simulation-crashes,NeuralNetTorch,486,54,0.10862308974545228,,0.04553356021642685,0.08037637174129486,0.9074074029922485,0.003632720559835434
climate-model-simulation-crashes,RandomForest,486,54,0.10882657511943215,,0.058451585471630096,0.08692628145217896,0.9259259104728699,0.003614102490246296
climate-model-simulation-crashes,XGBoost,486,54,0.08441028454482467,,0.05663853511214256,0.08306597173213959,0.9629629850387573,0.003645780496299267
colleges_usnews,CatBoost,1171,131,0.37508301598582183,,0.055096887052059174,0.13045457005500793,0.7099236845970154,0.007706865668296814
colleges_usnews,ExtraTrees,1171,131,0.3750465314367239,,0.06396299600601196,0.13065338134765625,0.694656491279602,0.007717818953096867
colleges_usnews,LightGBM,1171,131,0.3869629568426939,,0.07272285968065262,0.12003105133771896,0.6870229244232178,0.007629408501088619
colleges_usnews,LinearModel,1171,131,0.39031297767768935,0.5665806145053106,0.06292878091335297,0.11602108180522919,0.6564885377883911,0.00763742346316576
colleges_usnews,NeuralNetFastAI,1171,131,0.39542462772997133,,0.07671108096837997,0.1105797216296196,0.6793892979621887,0.007454725913703442
colleges_usnews,NeuralNetTorch,1171,131,0.38453755069692264,0.5566715621661517,0.07581105083227158,0.15470293164253235,0.7022900581359863,0.0075241075828671455
colleges_usnews,RandomForest,1171,131,0.37200242026456604,0.5737954094763854,0.059854697436094284,0.13979758322238922,0.6870229244232178,0.007605004124343395
colleges_usnews,XGBoost,1171,131,0.3925934272533244,0.5643255952001389,0.07506527751684189,0.1264497935771942,0.694656491279602,0.007656479254364967
cpu_act,CatBoost,7372,820,0.06506917540529975,,0.015421190299093723,0.028713284060359,0.9585365653038025,0.043427362106740475
cpu_act,ExtraTrees,7372,820,0.07915353611489723,,0.02124124765396118,0.035634033381938934,0.95243901014328,0.04487902484834194
cpu_act,LightGBM,7372,820,0.06655793202182449,,0.014493009075522423,0.028774607926607132,0.9609755873680115,0.044158224016427994
cpu_act,LinearModel,7372,820,0.08428902618776662,,0.01680123433470726,0.0287786852568388,0.9426829218864441,0.043275924399495125
cpu_act,NeuralNetFastAI,7372,820,0.07061666196249175,,0.017646169289946556,0.03792040795087814,0.949999988079071,0.04317429382354021
cpu_act,NeuralNetTorch,7372,820,0.07508605823277416,,0.019634297117590904,0.034513071179389954,0.9585365653038025,0.04321765620261431
cpu_act,RandomForest,7372,820,0.07624909935813179,,0.01994309574365616,0.034713178873062134,0.954878032207489,0.0433361129835248
cpu_act,XGBoost,7372,820,0.06436547183004304,,0.015490747056901455,0.03076731413602829,0.9560975432395935,0.04353503603488207
cpu_small,CatBoost,7372,820,0.09585871333764887,,0.011990468017756939,0.034848954528570175,0.9365853667259216,0.04292664863169193
cpu_small,ExtraTrees,7372,820,0.1060316180448483,,0.015753809362649918,0.02952839620411396,0.9280487895011902,0.04373245872557163
cpu_small,LightGBM,7372,820,0.09614760705191319,,0.011186616495251656,0.03684666007757187,0.9341463446617126,0.043419698253273964
cpu_small,LinearModel,7372,820,0.12661011397215924,0.20083878245939915,0.010519063100218773,0.025718025863170624,0.9073171019554138,0.04345617536455393
cpu_small,NeuralNetFastAI,7372,820,0.10888755882433807,,0.008310385048389435,0.03256126120686531,0.9207317233085632,0.04346125293523073
cpu_small,NeuralNetTorch,7372,820,0.10352680599685275,,0.012896987609565258,0.025032205507159233,0.9182927012443542,0.043112133629620075
cpu_small,RandomForest,7372,820,0.10316687091872154,,0.019041363149881363,0.02664554864168167,0.9341463446617126,0.04330685641616583
cpu_small,XGBoost,7372,820,0.0981141345379557,,0.011797505430877209,0.0308049488812685,0.9365853667259216,0.04342413507401943
credit-g,CatBoost,900,100,0.2753801425580795,0.42786407251139613,0.05261489376425743,0.1168394610285759,0.8199999928474426,0.006068904884159565
credit-g,ExtraTrees,900,100,0.2776576597031739,,0.04789726436138153,0.10705333948135376,0.8399999737739563,0.005823646672070026
credit-g,LightGBM,900,100,0.28372184241970394,0.4399811384071451,0.04355320334434509,0.09301561862230301,0.7900000214576721,0.005919160321354866
credit-g,LinearModel,900,100,0.31107742520456366,0.47688613800818175,0.051444850862026215,0.10954129695892334,0.7799999713897705,0.005884304642677307
credit-g,NeuralNetFastAI,900,100,0.294692007951469,0.4507511817644934,0.040788911283016205,0.07312079519033432,0.8100000023841858,0.0058666616678237915
credit-g,NeuralNetTorch,900,100,0.29279146458910493,0.44866713807215897,0.051855459809303284,0.08383165299892426,0.7699999809265137,0.006036563776433468
credit-g,RandomForest,900,100,0.2700574743004487,0.4243237273593838,0.05343879759311676,0.08067215234041214,0.7900000214576721,0.006116615608334541
credit-g,XGBoost,900,100,0.29175741097184643,,0.03610190749168396,0.08465739339590073,0.7799999713897705,0.00611515436321497
cylinder-bands,CatBoost,486,54,0.1854949164591143,0.3084909807620491,0.04827437549829483,0.12671828269958496,0.8518518805503845,0.0037049250677227974
cylinder-bands,ExtraTrees,486,54,0.1715507408871444,,0.04411822557449341,0.10895498842000961,0.9074074029922485,0.00347181037068367
cylinder-bands,LightGBM,486,54,0.18220001837637229,,0.05144098401069641,0.1320885568857193,0.8888888955116272,0.0036993911489844322
cylinder-bands,LinearModel,486,54,0.2694008450202781,0.42306334859829814,0.051424622535705566,0.14202480018138885,0.7777777910232544,0.0036712298169732094
cylinder-bands,NeuralNetFastAI,486,54,0.23061179442746532,0.3800697612366926,0.07348662614822388,0.12446513772010803,0.8703703880310059,0.00348680280148983
cylinder-bands,NeuralNetTorch,486,54,0.1922619376005301,,0.05922938510775566,0.11014410853385925,0.8888888955116272,0.0037087183445692062
cylinder-bands,RandomForest,486,54,0.17187543948581255,,0.04175582528114319,0.09912306815385818,0.9074074029922485,0.0036487849429249763
cylinder-bands,XGBoost,486,54,0.17366121870561585,0.29823653959633856,0.06213594600558281,0.11724037677049637,0.8888888955116272,0.0034823184832930565
delta_ailerons,CatBoost,6416,713,0.0896110101677464,,0.008722616359591484,0.022934677079319954,0.9453015327453613,0.038207183592021465
delta_ailerons,ExtraTrees,6416,713,0.09258556584224255,,0.012528734281659126,0.019296279177069664,0.9453015327453613,0.03705401346087456
delta_ailerons,LightGBM,6416,713,0.09120018245550271,,0.009929070249199867,0.025538859888911247,0.9424964785575867,0.037908134050667286
delta_ailerons,LinearModel,6416,713,0.11156810088524112,,0.01163595449179411,0.024399878457188606,0.939691424369812,0.037463475950062275
delta_ailerons,NeuralNetFastAI,6416,713,0.10152674816375282,0.20010249375352496,0.01078711822628975,0.027281800284981728,0.9424964785575867,0.03817680571228266
delta_ailerons,NeuralNetTorch,6416,713,0.10023890811059336,,0.011004094034433365,0.022126739844679832,0.9438990354537964,0.03755331039428711
delta_ailerons,RandomForest,6416,713,0.09305705137608576,0.17846970364278192,0.010864394716918468,0.021275615319609642,0.9438990354537964,0.03809107095003128
delta_ailerons,XGBoost,6416,713,0.09180757893159018,0.18728813325535254,0.011395319364964962,0.02559097297489643,0.946704089641571,0.03794596437364817
delta_elevators,CatBoost,8565,952,0.17658693228762906,,0.011214612051844597,0.018412930890917778,0.8855041861534119,0.0502308439463377
delta_elevators,ExtraTrees,8565,952,0.17980354201407273,0.3005318711622847,0.010898136533796787,0.024552691727876663,0.8802521228790283,0.050508917309343815
delta_elevators,LightGBM,8565,952,0.17495311131115704,,0.013013486750423908,0.034537043422460556,0.8886554837226868,0.04973593819886446
delta_elevators,LinearModel,8565,952,0.17932674146432473,0.30568401970165726,0.013960269279778004,0.023402594029903412,0.881302535533905,0.050593361258506775
delta_elevators,NeuralNetFastAI,8565,952,0.17786596662953313,0.29826571000159213,0.008724518120288849,0.021857259795069695,0.875,0.05024214647710323
delta_elevators,NeuralNetTorch,8565,952,0.176277983298297,,0.0111965611577034,0.023563368245959282,0.881302535533905,0.05030437931418419
delta_elevators,RandomForest,8565,952,0.18312587016495518,0.30409483978347834,0.013511712662875652,0.031884659081697464,0.8728991746902466,0.05092230346053839
delta_elevators,XGBoost,8565,952,0.17655236610641326,,0.009457677602767944,0.02564440853893757,0.8844537734985352,0.050501544028520584
diabetes,CatBoost,691,77,0.24500919410700814,0.38526002523521924,0.04237472265958786,0.13086016476154327,0.8311688303947449,0.004827167838811874
diabetes,ExtraTrees,691,77,0.23153795753981676,0.3701003609390574,0.045432575047016144,0.11742838472127914,0.8571428656578064,0.004809441044926643
diabetes,LightGBM,691,77,0.2442284830193544,0.38531157365909113,0.0322062149643898,0.06509210169315338,0.8311688303947449,0.004818497225642204
diabetes,LinearModel,691,77,0.22575376880762985,0.3582775584021994,0.0568862110376358,0.09243923425674438,0.8311688303947449,0.004768408834934235
diabetes,NeuralNetFastAI,691,77,0.24061311684386627,0.3735960422372173,0.053232405334711075,0.12463793158531189,0.8181818127632141,0.004621676169335842
diabetes,NeuralNetTorch,691,77,0.23931512169689453,0.37096385572155366,0.03674699738621712,0.14141038060188293,0.8181818127632141,0.004705066792666912
diabetes,RandomForest,691,77,0.24089073019454632,0.38503169249865293,0.044043704867362976,0.09979161620140076,0.8311688303947449,0.0048066843301057816
diabetes,XGBoost,691,77,0.25892779651305864,0.40469309299146594,0.043741580098867416,0.11609940975904465,0.8051947951316833,0.004818540066480637
dresses-sales,CatBoost,450,50,0.48131029470822645,0.6742740293033456,0.07466843724250793,0.09884119778871536,0.5799999833106995,0.003410857170820236
dresses-sales,ExtraTrees,450,50,0.5176719610793481,0.7159177061057909,0.08394454419612885,0.14558614790439606,0.6000000238418579,0.0034018559381365776
dresses-sales,LightGBM,450,50,0.4890264721193867,0.6841598098913698,0.07842271029949188,0.1273573487997055,0.6000000238418579,0.0034095821902155876
dresses-sales,LinearModel,450,50,0.46319993922574304,0.6562918746686444,0.08119076490402222,0.13886168599128723,0.6600000262260437,0.0033947983756661415
dresses-sales,NeuralNetFastAI,450,50,0.5023236231445835,0.7083192266777678,0.10247933864593506,0.17410576343536377,0.6600000262260437,0.0034115007147192955
dresses-sales,NeuralNetTorch,450,50,0.4959162904563916,0.6971602050107835,0.09094986319541931,0.21576741337776184,0.6399999856948853,0.0034270184114575386
dresses-sales,RandomForest,450,50,0.5198777898868687,0.7179614232808241,0.08812406659126282,0.13050390779972076,0.5799999833106995,0.0034157587215304375
dresses-sales,XGBoost,450,50,0.4896964075791018,0.6837203399814455,0.05878069996833801,0.13096578419208527,0.5799999833106995,0.0033816732466220856
eeg-eye-state,CatBoost,13482,1498,0.06096994240501425,,0.007959507405757904,0.009905741550028324,0.9599465727806091,0.07941923104226589
eeg-eye-state,ExtraTrees,13482,1498,0.08360177290698273,,0.021299313753843307,0.02671465091407299,0.9412550330162048,0.07915790379047394
eeg-eye-state,LightGBM,13482,1498,0.06735384140708518,,0.0095034409314394,0.01556312944740057,0.9559412598609924,0.07978679798543453
eeg-eye-state,LinearModel,13482,1498,0.44708590981319685,0.6388349295881851,0.012139618396759033,0.03512738272547722,0.6388518214225769,0.07891091331839561
eeg-eye-state,NeuralNetFastAI,13482,1498,0.25290065441895615,0.39979671317311577,0.048424918204545975,0.08545173704624176,0.822429895401001,0.0791997741907835
eeg-eye-state,NeuralNetTorch,13482,1498,0.02597942614209395,,0.0030944589525461197,0.009954784065485,0.9813084006309509,0.079715128056705
eeg-eye-state,RandomForest,13482,1498,0.09633012173098501,,0.015507148578763008,0.019088707864284515,0.9379172325134277,0.07828899845480919
eeg-eye-state,XGBoost,13482,1498,0.07076528790628445,,0.00848115049302578,0.012237511575222015,0.9539386034011841,0.08017025608569384
electricity,CatBoost,40780,4532,0.08084877936473467,,0.004194163251668215,0.012451180256903172,0.94748455286026,0.24311602767556906
electricity,ExtraTrees,40780,4532,0.13700835957267005,,0.005547555163502693,0.01114653516560793,0.907105028629303,0.23451907839626074
electricity,LightGBM,40780,4532,0.08142218885025078,,0.007331755943596363,0.012377012521028519,0.948808491230011,0.23726594261825085
electricity,LinearModel,40780,4532,0.3288060887871067,,0.006246436387300491,0.015011999756097794,0.7566195726394653,0.23742431960999966
electricity,NeuralNetFastAI,40780,4532,0.21956730813025502,,0.009811300784349442,0.01588289998471737,0.8431156277656555,0.23411416821181774
electricity,NeuralNetTorch,40780,4532,0.18447927961824226,0.29728435283748467,0.016882535070180893,0.02595638297498226,0.8720211982727051,0.23862339463084936
electricity,RandomForest,40780,4532,0.10613044210953493,,0.005932589992880821,0.011042185127735138,0.9298322796821594,0.236998843960464
electricity,XGBoost,40780,4532,0.079462842010162,,0.005554962437599897,0.012137308716773987,0.948367178440094,0.236268887296319
fri_c0_1000_5,CatBoost,900,100,0.12288681237180338,,0.05812569707632065,0.10299553722143173,0.9100000262260437,0.005933694541454315
fri_c0_1000_5,ExtraTrees,900,100,0.14541297563008665,,0.05489306151866913,0.08554226905107498,0.8799999952316284,0.0060277096927165985
fri_c0_1000_5,LightGBM,900,100,0.11590928747835677,,0.03746004030108452,0.07301890105009079,0.8899999856948853,0.006046217866241932
fri_c0_1000_5,LinearModel,900,100,0.2072682922077115,0.3480178062795187,0.06663867831230164,0.10973366349935532,0.8600000143051147,0.006052021868526936
fri_c0_1000_5,NeuralNetFastAI,900,100,0.09925127004663922,,0.044327739626169205,0.07502548396587372,0.9399999976158142,0.006121192127466202
fri_c0_1000_5,NeuralNetTorch,900,100,0.099726423603504,,0.03231608495116234,0.0881725624203682,0.9100000262260437,0.0060083502903580666
fri_c0_1000_5,RandomForest,900,100,0.1330757048845076,,0.05327177047729492,0.07481177896261215,0.9300000071525574,0.006049162708222866
fri_c0_1000_5,XGBoost,900,100,0.13933031360905987,,0.04349943995475769,0.10902753472328186,0.8799999952316284,0.00608968548476696
fri_c0_500_5,CatBoost,450,50,0.19693918923959938,,0.06703782081604004,0.1298346072435379,0.8199999928474426,0.0034126779064536095
fri_c0_500_5,ExtraTrees,450,50,0.2459476856199816,,0.09537121653556824,0.14761580526828766,0.800000011920929,0.0034600766375660896
fri_c0_500_5,LightGBM,450,50,0.20314582663320999,,0.07523300498723984,0.12116283923387527,0.8600000143051147,0.0034350519999861717
fri_c0_500_5,LinearModel,450,50,0.29659508820699165,0.4490173309080339,0.0480322539806366,0.13428902626037598,0.7799999713897705,0.003435695543885231
fri_c0_500_5,NeuralNetFastAI,450,50,0.19565659970309748,,0.07260827720165253,0.11903312802314758,0.8399999737739563,0.003447331488132477
fri_c0_500_5,NeuralNetTorch,450,50,0.19560232221977764,,0.07078863680362701,0.11949966102838516,0.8600000143051147,0.0034166239202022552
fri_c0_500_5,RandomForest,450,50,0.2584799271088316,,0.08234214037656784,0.1328679621219635,0.800000011920929,0.0034449221566319466
fri_c0_500_5,XGBoost,450,50,0.22442998832165764,,0.07386353611946106,0.12996406853199005,0.800000011920929,0.0034428704530000687
fri_c1_1000_50,CatBoost,900,100,0.12051869267291591,,0.017657000571489334,0.07571620494127274,0.9300000071525574,0.006054045632481575
fri_c1_1000_50,ExtraTrees,900,100,0.11489362559477045,,0.021105032414197922,0.0657399594783783,0.9300000071525574,0.005904620513319969
fri_c1_1000_50,LightGBM,900,100,0.13757151260464856,,0.030532073229551315,0.09921974688768387,0.8799999952316284,0.006062188185751438
fri_c1_1000_50,LinearModel,900,100,0.41167038394972516,0.5985770463396239,0.05004695802927017,0.11384601145982742,0.6600000262260437,0.006094408221542835
fri_c1_1000_50,NeuralNetFastAI,900,100,0.14877179347422004,,0.05642079561948776,0.07883146405220032,0.9100000262260437,0.006089742295444012
fri_c1_1000_50,NeuralNetTorch,900,100,0.2305386018056967,,0.05144234001636505,0.10482683032751083,0.8399999737739563,0.0060761598870158195
fri_c1_1000_50,RandomForest,900,100,0.15667326749132934,,0.02802509441971779,0.08295705169439316,0.8999999761581421,0.006081698462367058
fri_c1_1000_50,XGBoost,900,100,0.12363546461722164,,0.03164691850543022,0.09729274362325668,0.8999999761581421,0.006073931232094765
fri_c2_1000_25,CatBoost,900,100,0.126387433174544,,0.03388974070549011,0.07832662016153336,0.9200000166893005,0.0060767605900764465
fri_c2_1000_25,ExtraTrees,900,100,0.1437509483084076,,0.024345409125089645,0.0791686400771141,0.8799999952316284,0.00608418881893158
fri_c2_1000_25,LightGBM,900,100,0.1441542733504533,,0.03234419599175453,0.06947741657495499,0.8899999856948853,0.005948160775005817
fri_c2_1000_25,LinearModel,900,100,0.35713734467858943,,0.06139542534947395,0.07993938773870468,0.7099999785423279,0.006082544103264809
fri_c2_1000_25,NeuralNetFastAI,900,100,0.1259587490961188,,0.022028552368283272,0.07458276301622391,0.9200000166893005,0.006031343713402748
fri_c2_1000_25,NeuralNetTorch,900,100,0.1323525769931252,,0.019609926268458366,0.05190783366560936,0.8899999856948853,0.006046811118721962
fri_c2_1000_25,RandomForest,900,100,0.15576887731029254,,0.03619139641523361,0.07140808552503586,0.8899999856948853,0.006061474792659283
fri_c2_1000_25,XGBoost,900,100,0.1439814228342597,,0.03384358435869217,0.06376456469297409,0.8799999952316284,0.006080278195440769
fri_c2_500_50,CatBoost,450,50,0.18892107185299842,,0.052763789892196655,0.13152456283569336,0.8399999737739563,0.00345592200756073
fri_c2_500_50,ExtraTrees,450,50,0.21559969521325598,,0.047664303332567215,0.1454385668039322,0.8399999737739563,0.0035021882504224777
fri_c2_500_50,LightGBM,450,50,0.18323036838208168,,0.05496058985590935,0.125912144780159,0.8799999952316284,0.0034651104360818863
fri_c2_500_50,LinearModel,450,50,0.3775229508019347,0.5445614578189437,0.07316464185714722,0.14138849079608917,0.699999988079071,0.003468060865998268
fri_c2_500_50,NeuralNetFastAI,450,50,0.2082455836496011,0.3461788533078318,0.07383094727993011,0.16097842156887054,0.8799999952316284,0.0034577790647745132
fri_c2_500_50,NeuralNetTorch,450,50,0.26041997173420783,0.4107617006222226,0.048581793904304504,0.1724855750799179,0.7799999713897705,0.003417965956032276
fri_c2_500_50,RandomForest,450,50,0.22010835833100995,,0.04856376349925995,0.1265740990638733,0.800000011920929,0.0033557945862412453
fri_c2_500_50,XGBoost,450,50,0.2299594540496738,,0.05527156591415405,0.12886054813861847,0.8399999737739563,0.003479798324406147
fri_c3_1000_10,CatBoost,900,100,0.10591836554623374,,0.027851777151226997,0.053888484835624695,0.9300000071525574,0.005999716930091381
fri_c3_1000_10,ExtraTrees,900,100,0.0944753344093238,,0.01823415234684944,0.04609512537717819,0.949999988079071,0.006053398363292217
fri_c3_1000_10,LightGBM,900,100,0.11163524222067561,,0.02152591571211815,0.0684228166937828,0.9300000071525574,0.006027287803590298
fri_c3_1000_10,LinearModel,900,100,0.38372554716597324,0.566477036716461,0.044915154576301575,0.10455124825239182,0.7099999785423279,0.006010250188410282
fri_c3_1000_10,NeuralNetFastAI,900,100,0.08382360876119378,,0.03581094741821289,0.07136192917823792,0.949999988079071,0.006002974696457386
fri_c3_1000_10,NeuralNetTorch,900,100,0.09516710440806549,,0.032089974731206894,0.07841573655605316,0.9399999976158142,0.005971857346594334
fri_c3_1000_10,RandomForest,900,100,0.11454731574812857,0.21694692605381632,0.023409269750118256,0.07318810373544693,0.9399999976158142,0.006006471812725067
fri_c3_1000_10,XGBoost,900,100,0.10529588654213853,,0.0345647931098938,0.0726298913359642,0.949999988079071,0.005965966731309891
fri_c3_1000_25,CatBoost,900,100,0.1085519788721964,,0.02861778438091278,0.07424777746200562,0.9100000262260437,0.0060232579708099365
fri_c3_1000_25,ExtraTrees,900,100,0.10025060444639058,,0.023226527497172356,0.05906547233462334,0.9300000071525574,0.005969619378447533
fri_c3_1000_25,LightGBM,900,100,0.08015390215313896,,0.020384280011057854,0.07033184915781021,0.9599999785423279,0.006020531058311462
fri_c3_1000_25,LinearModel,900,100,0.43023485086309676,0.6141990351714429,0.04316046088933945,0.09284215420484543,0.6499999761581421,0.006091337651014328
fri_c3_1000_25,NeuralNetFastAI,900,100,0.08322414306351814,,0.02799372747540474,0.06255530565977097,0.949999988079071,0.006024734117090702
fri_c3_1000_25,NeuralNetTorch,900,100,0.08250912968364427,,0.031710557639598846,0.08475657552480698,0.9399999976158142,0.005986213684082031
fri_c3_1000_25,RandomForest,900,100,0.13375870325242326,,0.027278557419776917,0.09784236550331116,0.9100000262260437,0.00601536501199007
fri_c3_1000_25,XGBoost,900,100,0.09866519625750428,,0.023225318640470505,0.05563230812549591,0.9300000071525574,0.006013556383550167
fri_c3_500_10,CatBoost,450,50,0.20804937053065933,,0.06505527347326279,0.09786981344223022,0.8799999952316284,0.0034488392993807793
fri_c3_500_10,ExtraTrees,450,50,0.24184050652773748,,0.07973140478134155,0.11897692084312439,0.8600000143051147,0.003282410092651844
fri_c3_500_10,LightGBM,450,50,0.24914880409729015,,0.07460638880729675,0.13902448117733002,0.800000011920929,0.0034366417676210403
fri_c3_500_10,LinearModel,450,50,0.42073499085042537,0.608001181233504,0.09731149673461914,0.15563428401947021,0.6399999856948853,0.0034189894795417786
fri_c3_500_10,NeuralNetFastAI,450,50,0.2165474664123164,,0.05880296230316162,0.13297325372695923,0.8399999737739563,0.003415011800825596
fri_c3_500_10,NeuralNetTorch,450,50,0.17713018422118693,,0.04179072752594948,0.12537451088428497,0.9200000166893005,0.003462384454905987
fri_c3_500_10,RandomForest,450,50,0.22413926482062427,,0.07254044711589813,0.13631902635097504,0.8399999737739563,0.0034513333812355995
fri_c3_500_10,XGBoost,450,50,0.2104375747556179,,0.06610266119241714,0.12057477235794067,0.8600000143051147,0.003405793569982052
fri_c3_500_50,CatBoost,450,50,0.21461193545339108,,0.07120898365974426,0.14950361847877502,0.800000011920929,0.0034648217260837555
fri_c3_500_50,ExtraTrees,450,50,0.2023764830959993,,0.07820896059274673,0.13962039351463318,0.8600000143051147,0.0033873338252305984
fri_c3_500_50,LightGBM,450,50,0.1879584540312077,,0.049680422991514206,0.14429491758346558,0.8600000143051147,0.0034103188663721085
fri_c3_500_50,LinearModel,450,50,0.4241198080960946,0.6082859013655668,0.0961422324180603,0.16705475747585297,0.5600000023841858,0.0034792479127645493
fri_c3_500_50,NeuralNetFastAI,450,50,0.43450434773532065,0.6201306010909551,0.09104886651039124,0.18462251126766205,0.6600000262260437,0.0033944230526685715
fri_c3_500_50,NeuralNetTorch,450,50,0.3962827040718098,0.5821184091561123,0.06725727021694183,0.18905282020568848,0.699999988079071,0.003403596580028534
fri_c3_500_50,RandomForest,450,50,0.19574496571948743,,0.04408951848745346,0.10074367374181747,0.8999999761581421,0.003265789709985256
fri_c3_500_50,XGBoost,450,50,0.17530613892379654,,0.0514625608921051,0.1451810896396637,0.8999999761581421,0.003398488275706768
fri_c4_500_100,CatBoost,450,50,0.15926423390036437,,0.0491333082318306,0.1197192370891571,0.8999999761581421,0.003323719836771488
fri_c4_500_100,ExtraTrees,450,50,0.1589920467346096,,0.057941734790802,0.126572847366333,0.8600000143051147,0.0033850818872451782
fri_c4_500_100,LightGBM,450,50,0.15053588610485702,,0.04830746725201607,0.11161703616380692,0.8999999761581421,0.0034043407067656517
fri_c4_500_100,LinearModel,450,50,0.44504478935410247,0.6343982749319328,0.06389131397008896,0.06761962175369263,0.5600000023841858,0.0033981548622250557
fri_c4_500_100,NeuralNetFastAI,450,50,0.45246086699290017,0.6423499298648335,0.09022659063339233,0.12219907343387604,0.6600000262260437,0.003399137407541275
fri_c4_500_100,NeuralNetTorch,450,50,0.4476391022842205,0.6395918410689041,0.0797412097454071,0.14150254428386688,0.6800000071525574,0.003405584953725338
fri_c4_500_100,RandomForest,450,50,0.17831283586067134,,0.033397022634744644,0.07734975963830948,0.8799999952316284,0.00340172927826643
fri_c4_500_100,XGBoost,450,50,0.14899060119307467,,0.052517980337142944,0.09018062800168991,0.8999999761581421,0.003402731381356716
fried,CatBoost,36691,4077,0.09248271251616512,,0.008732335641980171,0.013670786283910275,0.931812584400177,0.2157760988920927
fried,ExtraTrees,36691,4077,0.11477039549897142,,0.012941915541887283,0.020787030458450317,0.9205297827720642,0.21437472384423018
fried,LightGBM,36691,4077,0.09316947738005779,,0.006048074923455715,0.012800054624676704,0.9296051263809204,0.2143234070390463
fried,LinearModel,36691,4077,0.2315718842396693,,0.00973491370677948,0.013230321928858757,0.8398331999778748,0.21469249576330185
fried,NeuralNetFastAI,36691,4077,0.09081551130806047,,0.006742914207279682,0.011883724480867386,0.9350012540817261,0.2099378351122141
fried,NeuralNetTorch,36691,4077,0.09077668773684425,,0.007378081791102886,0.014927949756383896,0.9357370734214783,0.2155003221705556
fried,RandomForest,36691,4077,0.11561168021450853,,0.009610192850232124,0.016685757786035538,0.9153789281845093,0.21541438437998295
fried,XGBoost,36691,4077,0.09446073013653723,,0.006933072116225958,0.011402798816561699,0.9332842826843262,0.21602313593029976
gina,CatBoost,2837,316,0.06053553008427153,,0.00988042913377285,0.022002827376127243,0.9620253443717957,0.017398348078131676
gina,ExtraTrees,2837,316,0.0981170986791527,,0.015512404963374138,0.03450744226574898,0.9430379867553711,0.017209823243319988
gina,LightGBM,2837,316,0.06351893092820675,,0.009847130626440048,0.029259178787469864,0.9588607549667358,0.01739202532917261
gina,LinearModel,2837,316,0.23167127349386635,,0.03454170003533363,0.07406164705753326,0.844936728477478,0.017284116707742214
gina,NeuralNetFastAI,2837,316,0.04914747022862284,,0.022274374961853027,0.03920462355017662,0.9683544039726257,0.017273512668907642
gina,NeuralNetTorch,2837,316,0.04853761927452441,,0.020625920966267586,0.05304820090532303,0.9778481125831604,0.017515449784696102
gina,RandomForest,2837,316,0.09378086262502063,,0.014746977016329765,0.03605366125702858,0.9398733973503113,0.017453531734645367
gina,XGBoost,2837,316,0.06830957680862389,,0.009879124350845814,0.023690631613135338,0.9556962251663208,0.017079085111618042
hill-valley,CatBoost,1090,122,0.47863575862101654,0.6713376722989471,0.05108371376991272,0.07534713298082352,0.5573770403862,0.007057882845401764
hill-valley,ExtraTrees,1090,122,0.4636801410677751,0.6553438815412823,0.03991398215293884,0.06381426751613617,0.6065573692321777,0.00695967860519886
hill-valley,LightGBM,1090,122,0.4506710621506748,0.6419951298967119,0.06243889778852463,0.0791458711028099,0.5901639461517334,0.007063283585011959
hill-valley,LinearModel,1090,122,0.14260435566727672,,0.05837562680244446,0.08765731006860733,0.9098360538482666,0.007130215875804424
hill-valley,NeuralNetFastAI,1090,122,0.22694264115746926,,0.1350328028202057,0.23532842099666595,0.8852459192276001,0.007126070559024811
hill-valley,NeuralNetTorch,1090,122,0.13442932097736057,,0.04683249443769455,0.054633986204862595,0.9016393423080444,0.0069847432896494865
hill-valley,RandomForest,1090,122,0.4628305829888909,0.6549104957882439,0.04745630919933319,0.11092106997966766,0.6393442749977112,0.006931028328835964
hill-valley,XGBoost,1090,122,0.4746142392830151,0.6671482401142823,0.03345685824751854,0.05582695081830025,0.5819672346115112,0.00705941766500473
hiva_agnostic,CatBoost,3806,423,0.06073380201936733,0.13274644563990087,0.00993297342211008,0.021279260516166687,0.9692671298980713,0.02291294652968645
hiva_agnostic,ExtraTrees,3806,423,0.06170255098128748,,0.009796069003641605,0.011981811374425888,0.9669030904769897,0.02298883907496929
hiva_agnostic,LightGBM,3806,423,0.062289184078881864,0.13615578099266482,0.008749434724450111,0.012584666721522808,0.9669030904769897,0.022337143309414387
hiva_agnostic,LinearModel,3806,423,0.07680582060340213,,0.02666817046701908,0.0338892787694931,0.9550827145576477,0.022901748307049274
hiva_agnostic,NeuralNetFastAI,3806,423,0.0713001457929019,0.1511877879530968,0.020261868834495544,0.02338704839348793,0.9527186751365662,0.022907783277332783
hiva_agnostic,NeuralNetTorch,3806,423,0.07006588727396752,,0.024431906640529633,0.03084593452513218,0.9598108530044556,0.02242969162762165
hiva_agnostic,RandomForest,3806,423,0.06176938828216146,0.13468745616482694,0.008958500809967518,0.011752370744943619,0.9669030904769897,0.023152045905590057
hiva_agnostic,XGBoost,3806,423,0.060422765658095096,0.1333497063391864,0.010283064097166061,0.017864756286144257,0.9669030904769897,0.023012783378362656
houses,CatBoost,18576,2064,0.01617855225052468,,0.0030588407535105944,0.00769802974537015,0.9903100728988647,0.10935172345489264
houses,ExtraTrees,18576,2064,0.01659367736194848,,0.006588560063391924,0.009938022121787071,0.9898256063461304,0.1071201516315341
houses,LightGBM,18576,2064,0.01783439493632911,,0.0046050711534917355,0.00662914989516139,0.9869186282157898,0.10860876180231571
houses,LinearModel,18576,2064,0.04664948531026288,,0.005898382049053907,0.021354874595999718,0.9680232405662537,0.1081833066418767
houses,NeuralNetFastAI,18576,2064,0.01792705282810071,,0.004690883215516806,0.0079976050183177,0.9869186282157898,0.1090351166203618
houses,NeuralNetTorch,18576,2064,0.019363322519974455,,0.005829379893839359,0.011136790737509727,0.9874030947685242,0.10838179383426905
houses,RandomForest,18576,2064,0.019569175745863893,,0.00495414761826396,0.007413605693727732,0.9883720874786377,0.10875156708061695
houses,XGBoost,18576,2064,0.01765652239321257,,0.0037162252701818943,0.006705650594085455,0.9893410801887512,0.10913023073226213
ilpd,CatBoost,524,59,0.3601056628504105,0.528086653759819,0.04437291622161865,0.061865102499723434,0.7118644118309021,0.0037378929555416107
ilpd,ExtraTrees,524,59,0.3545288919937498,,0.05612814798951149,0.1589834988117218,0.694915235042572,0.0038296571001410484
ilpd,LightGBM,524,59,0.36047216892259987,0.5244133087950874,0.06569838523864746,0.19181077182292938,0.7288135886192322,0.0038704266771674156
ilpd,LinearModel,524,59,0.38409109072914777,0.5410591905785029,0.07632315158843994,0.15382322669029236,0.6271186470985413,0.0038617029786109924
ilpd,NeuralNetFastAI,524,59,0.36419449779297924,,0.06758777052164078,0.1762261688709259,0.6779661178588867,0.0038300789892673492
ilpd,NeuralNetTorch,524,59,0.37405859833164623,0.5446749506111603,0.07492169737815857,0.13862895965576172,0.6101694703102112,0.003840596415102482
ilpd,RandomForest,524,59,0.3743818109123722,0.5400577376688505,0.0786069929599762,0.09993193298578262,0.7118644118309021,0.0037703607231378555
ilpd,XGBoost,524,59,0.36760636066239183,,0.06478486955165863,0.08078586310148239,0.694915235042572,0.003849438391625881
jasmine,CatBoost,2685,299,0.2649711906831908,0.40318665130923176,0.030831577256321907,0.06913366168737411,0.8193979859352112,0.016344093717634678
jasmine,ExtraTrees,2685,299,0.2723784164978283,,0.021512851119041443,0.03963521122932434,0.8193979859352112,0.016099458560347557
jasmine,LightGBM,2685,299,0.2595403870387228,,0.023052649572491646,0.055985741317272186,0.8160535097122192,0.01635616645216942
jasmine,LinearModel,2685,299,0.28937770535447827,,0.025624901056289673,0.039023272693157196,0.7993311285972595,0.016287270933389664
jasmine,NeuralNetFastAI,2685,299,0.28186744640270867,0.4297764990844907,0.024978429079055786,0.04958798736333847,0.8093645572662354,0.01658025849610567
jasmine,NeuralNetTorch,2685,299,0.2851504203382038,,0.034671660512685776,0.05836479738354683,0.8060200810432434,0.016610723920166492
jasmine,RandomForest,2685,299,0.26488365829592253,,0.03805285692214966,0.10511956363916397,0.8026756048202515,0.01655962597578764
jasmine,XGBoost,2685,299,0.25722290581172474,,0.021586891263723373,0.03313341364264488,0.8260869383811951,0.01670890487730503
jm1,CatBoost,9796,1089,0.2644079278774651,0.4174525982285042,0.010136568918824196,0.020633159205317497,0.8154270052909851,0.0571202440187335
jm1,ExtraTrees,9796,1089,0.26280250606031874,0.41459855538519497,0.01383780688047409,0.0333552248775959,0.8255280256271362,0.05641746707260609
jm1,LightGBM,9796,1089,0.2642780607625591,0.4179159668083749,0.01234666258096695,0.025109177455306053,0.8181818127632141,0.05739161744713783
jm1,LinearModel,9796,1089,0.2802630868655454,0.4429006425141875,0.01506207138299942,0.03225896507501602,0.8089990615844727,0.057423959486186504
jm1,NeuralNetFastAI,9796,1089,0.268233142102433,0.4279305120636049,0.016888268291950226,0.02594367042183876,0.8264462947845459,0.05907237436622381
jm1,NeuralNetTorch,9796,1089,0.27562123181231246,0.43561792438430785,0.01895938813686371,0.02877349779009819,0.8145087361335754,0.058036680333316326
jm1,RandomForest,9796,1089,0.26268671298566,0.41520116975795573,0.012312602251768112,0.026301205158233643,0.8209366202354431,0.057674811221659184
jm1,XGBoost,9796,1089,0.26421532318785296,0.41788001944135256,0.011567720212042332,0.025648700073361397,0.8200183510780334,0.058189927600324154
kc1,CatBoost,1898,211,0.18046663312436106,0.3042355225171513,0.025651108473539352,0.05470145866274834,0.8720378875732422,0.012025895528495312
kc1,ExtraTrees,1898,211,0.18393420557736834,0.30773219270902585,0.02742539905011654,0.036558426916599274,0.8767772316932678,0.01201644353568554
kc1,LightGBM,1898,211,0.18964202147558115,0.31422653093024766,0.015277059748768806,0.03871515393257141,0.8815165758132935,0.01177927479147911
kc1,LinearModel,1898,211,0.21336285055535895,0.34468693135478234,0.030356451869010925,0.05723092332482338,0.8530805706977844,0.01187390461564064
kc1,NeuralNetFastAI,1898,211,0.19468582114431945,0.323253204454358,0.03262457996606827,0.061724089086055756,0.8720378875732422,0.011847713962197304
kc1,NeuralNetTorch,1898,211,0.21150800029069758,0.33893921899413815,0.019060924649238586,0.041113417595624924,0.8578199148178101,0.011788901872932911
kc1,RandomForest,1898,211,0.18467099168730342,0.3072174008649794,0.02286416105926037,0.035127606242895126,0.8862559199333191,0.011858487501740456
kc1,XGBoost,1898,211,0.19961627398445844,0.3305442645046608,0.019363824278116226,0.048602741211652756,0.8720378875732422,0.011705756187438965
kc2,CatBoost,469,53,0.24009369544110518,0.3586068788980059,0.0727500170469284,0.12213792651891708,0.7924528121948242,0.0035327980294823647
kc2,ExtraTrees,469,53,0.24948919537171188,0.3732905395285745,0.06524237245321274,0.13607536256313324,0.7735849022865295,0.0035615339875221252
kc2,LightGBM,469,53,0.21701952907771457,0.32504074394961185,0.07646581530570984,0.14852778613567352,0.7924528121948242,0.0035524703562259674
kc2,LinearModel,469,53,0.2434484203222991,0.3613612398037283,0.07149811089038849,0.12503939867019653,0.7547169923782349,0.0035289395600557327
kc2,NeuralNetFastAI,469,53,0.2516916216076302,0.37181534039590236,0.06604284048080444,0.11938616633415222,0.7547169923782349,0.0035349931567907333
kc2,NeuralNetTorch,469,53,0.25611760268912076,,0.05431632325053215,0.16121545433998108,0.7735849022865295,0.0035355165600776672
kc2,RandomForest,469,53,0.23196947145632746,,0.0662163645029068,0.13701499998569489,0.7924528121948242,0.0035653775557875633
kc2,XGBoost,469,53,0.22803538456878725,0.33597282456988997,0.0710185095667839,0.12933889031410217,0.8113207817077637,0.003555149771273136
kdd_el_nino-small,CatBoost,703,79,0.10078533405804235,,0.035251736640930176,0.07634781301021576,0.9240506291389465,0.0050438037142157555
kdd_el_nino-small,ExtraTrees,703,79,0.10293288217048426,,0.025143206119537354,0.058713071048259735,0.9367088675498962,0.004988647066056728
kdd_el_nino-small,LightGBM,703,79,0.10749970683296489,,0.038454752415418625,0.07096269726753235,0.9367088675498962,0.004973488859832287
kdd_el_nino-small,LinearModel,703,79,0.10162598902050625,0.15843045163034813,0.030260667204856873,0.082140251994133,0.9113923907279968,0.004971448332071304
kdd_el_nino-small,NeuralNetFastAI,703,79,0.09916636339348517,,0.0240634772926569,0.05586223676800728,0.949367105960846,0.005009442567825317
kdd_el_nino-small,NeuralNetTorch,703,79,0.12245260085683733,,0.0336613729596138,0.07425974309444427,0.9113923907279968,0.005057561211287975
kdd_el_nino-small,RandomForest,703,79,0.09578942409895325,,0.023376338183879852,0.05703331157565117,0.9367088675498962,0.005002907477319241
kdd_el_nino-small,XGBoost,703,79,0.10698456478688742,,0.036542125046253204,0.07018382102251053,0.9367088675498962,0.005045711994171143
kdd_internet_usage,CatBoost,9097,1011,0.1499546399180125,,0.010094542056322098,0.026715757325291634,0.9000989198684692,0.054846067912876606
kdd_internet_usage,ExtraTrees,9097,1011,0.1603277501729412,,0.013684133067727089,0.031087210401892662,0.8862512111663818,0.05392813216894865
kdd_internet_usage,LightGBM,9097,1011,0.14972233214882427,,0.011882513761520386,0.022413093596696854,0.8941642045974731,0.053802319802343845
kdd_internet_usage,LinearModel,9097,1011,0.16835332775990725,,0.01119588315486908,0.025235049426555634,0.8763600587844849,0.054079197347164154
kdd_internet_usage,NeuralNetFastAI,9097,1011,0.15195661203803196,,0.013206900097429752,0.022729329764842987,0.8872403502464294,0.05297254305332899
kdd_internet_usage,NeuralNetTorch,9097,1011,0.15125464248845408,,0.015763111412525177,0.02834373153746128,0.8902077078819275,0.05400992929935455
kdd_internet_usage,RandomForest,9097,1011,0.16039115050436195,,0.015322569757699966,0.03247993439435959,0.888229489326477,0.053596699610352516
kdd_internet_usage,XGBoost,9097,1011,0.14921107882286275,,0.01064020860940218,0.027398470789194107,0.8971315622329712,0.052987780421972275
kick,CatBoost,65684,7299,0.16126659183494116,0.2845260041736741,0.004044758155941963,0.0078087858855724335,0.9035484194755554,0.39515032805502415
kick,ExtraTrees,65684,7299,0.1693732164552135,0.297579920087542,0.004672394134104252,0.014950024895370007,0.8982052206993103,0.39194823149591684
kick,LightGBM,65684,7299,0.16472915153772902,0.291512486370996,0.004869181662797928,0.006707021500915289,0.9021784067153931,0.38727923668920994
kick,LinearModel,65684,7299,0.17121879255624334,0.30150964669327635,0.003348488360643387,0.006036094389855862,0.8979312181472778,0.39272451028227806
kick,NeuralNetFastAI,65684,7299,0.16374612692893786,0.288950354890037,0.004972618073225021,0.011776411905884743,0.9024524092674255,0.3850679509341717
kick,NeuralNetTorch,65684,7299,0.16360827571033615,,0.0034612976014614105,0.007054950576275587,0.902726411819458,0.39137625973671675
kick,RandomForest,65684,7299,0.17036148311902527,,0.008535567671060562,0.01267610490322113,0.8999863266944885,0.3898772560060024
kick,XGBoost,65684,7299,0.16184468876603672,0.28606416400815193,0.004031866788864136,0.007040178403258324,0.903685450553894,0.3893855232745409
kin8nm,CatBoost,7372,820,0.14605127953539923,,0.018002759665250778,0.04051275551319122,0.8963414430618286,0.04346907138824463
kin8nm,ExtraTrees,7372,820,0.21486888916715283,,0.024667665362358093,0.03877078369259834,0.8487805128097534,0.043310669250786304
kin8nm,LightGBM,7372,820,0.15246656354397678,,0.01635795645415783,0.03246329724788666,0.8902438879013062,0.043239074759185314
kin8nm,LinearModel,7372,820,0.3547649831045035,,0.01434231549501419,0.032194700092077255,0.7341463565826416,0.0438529122620821
kin8nm,NeuralNetFastAI,7372,820,0.12880540714485406,,0.015292443335056305,0.0313122384250164,0.9036585092544556,0.04290489200502634
kin8nm,NeuralNetTorch,7372,820,0.1274639620132021,,0.011744111776351929,0.028434472158551216,0.9134146571159363,0.04352647718042135
kin8nm,RandomForest,7372,820,0.21368396702905304,,0.022073622792959213,0.050498057156801224,0.8487805128097534,0.04319941904395819
kin8nm,XGBoost,7372,820,0.17759587675429325,,0.024260638281702995,0.04293319210410118,0.8817073106765747,0.04370055999606848
madeline,CatBoost,2826,314,0.19330198232671267,,0.023228734731674194,0.0557873360812664,0.8662420511245728,0.017026280984282494
madeline,ExtraTrees,2826,314,0.2230100762351754,,0.026254892349243164,0.05252917855978012,0.8407643437385559,0.016997582279145718
madeline,LightGBM,2826,314,0.21297269016254516,,0.023523740470409393,0.05546358972787857,0.8630573153495789,0.01726793497800827
madeline,LinearModel,2826,314,0.48547663661552415,0.6781540404339259,0.025472328066825867,0.03156444430351257,0.5509554147720337,0.017269480042159557
madeline,NeuralNetFastAI,2826,314,0.38657489393658995,0.5702092217654694,0.05542667955160141,0.10523568093776703,0.7101910710334778,0.016841244883835316
madeline,NeuralNetTorch,2826,314,0.3584778637155718,0.5386133163351206,0.05723549425601959,0.0840161070227623,0.7547770738601685,0.01702331379055977
madeline,RandomForest,2826,314,0.2334001959602859,,0.028586432337760925,0.06334424763917923,0.8535031676292419,0.017288213595747948
madeline,XGBoost,2826,314,0.21830231088576077,,0.026167534291744232,0.046118881553411484,0.8694267272949219,0.01717886235564947
madelon,CatBoost,2340,260,0.18964104181110156,,0.027040034532546997,0.05790887027978897,0.8653846383094788,0.014139660634100437
madelon,ExtraTrees,2340,260,0.20865052524498667,,0.026496831327676773,0.05431137606501579,0.8692307472229004,0.014225316233932972
madelon,LightGBM,2340,260,0.1898899658811982,0.3266012393276593,0.043356578797101974,0.0864342674612999,0.8769230842590332,0.014081737026572227
madelon,LinearModel,2340,260,0.4869651068843133,0.6800815653993054,0.03902284428477287,0.045885052531957626,0.5769230723381042,0.014371507801115513
madelon,NeuralNetFastAI,2340,260,0.4015294836511764,0.589880628701377,0.07377398759126663,0.11909770965576172,0.7384615540504456,0.014295710250735283
madelon,NeuralNetTorch,2340,260,0.423243129097363,0.6131820894435538,0.062079429626464844,0.12120092660188675,0.6807692050933838,0.013718237169086933
madelon,RandomForest,2340,260,0.21246126362422138,,0.023342259228229523,0.061662014573812485,0.8538461327552795,0.014095726422965527
madelon,XGBoost,2340,260,0.19704314170122822,0.33326787387981877,0.02572445198893547,0.05954350158572197,0.8846153616905212,0.01406572200357914
mammography,CatBoost,10064,1119,0.020928590554456696,,0.0027339716907590628,0.0043965051881968975,0.9883824586868286,0.058865657076239586
mammography,ExtraTrees,10064,1119,0.025949044483032025,,0.005087878555059433,0.011010929942131042,0.9857015013694763,0.058894289657473564
mammography,LightGBM,10064,1119,0.02262811502417913,,0.002970535773783922,0.007458502426743507,0.9865951538085938,0.059042428620159626
mammography,LinearModel,10064,1119,0.030158958244014305,,0.005547413136810064,0.009542284533381462,0.9803395867347717,0.05894170701503754
mammography,NeuralNetFastAI,10064,1119,0.024445845333930773,,0.0041159396059811115,0.009311207570135593,0.9848078489303589,0.059341137297451496
mammography,NeuralNetTorch,10064,1119,0.02530492076490487,,0.003319741692394018,0.010633640922605991,0.9857015013694763,0.058928378857672215
mammography,RandomForest,10064,1119,0.02648800473530346,,0.005085682962089777,0.008781499229371548,0.9865951538085938,0.059689825400710106
mammography,XGBoost,10064,1119,0.021967232023938642,0.04976941397816958,0.0029364237561821938,0.005128576885908842,0.9874888062477112,0.05866966303437948
mc1,CatBoost,8519,947,0.008848886111470035,,0.002683111932128668,0.004693679045885801,0.9947201609611511,0.050058355554938316
mc1,ExtraTrees,8519,947,0.008535666938583819,,0.0027205394580960274,0.004238016903400421,0.9947201609611511,0.04961417708545923
mc1,LightGBM,8519,947,0.0070257823469819965,,0.0019065183587372303,0.0025270539335906506,0.9947201609611511,0.05020646005868912
mc1,LinearModel,8519,947,0.011643551519161547,,0.004918602295219898,0.00402702996507287,0.9926082491874695,0.04994638729840517
mc1,NeuralNetFastAI,8519,947,0.01054500793305962,,0.0036509425844997168,0.00246165762655437,0.9947201609611511,0.05017903167754412
mc1,NeuralNetTorch,8519,947,0.011652434244212164,,0.004727527033537626,0.004674891475588083,0.9926082491874695,0.0496961809694767
mc1,RandomForest,8519,947,0.010463881504816459,0.022370104120061494,0.0024102735333144665,0.0036084367893636227,0.9947201609611511,0.05027992371469736
mc1,XGBoost,8519,947,0.007944703440281753,,0.0018523539183661342,0.004356408957391977,0.9947201609611511,0.04966471716761589
meta,CatBoost,475,53,0.09257973260925041,,0.04350906237959862,0.06632070988416672,0.9433962106704712,0.0035777753219008446
meta,ExtraTrees,475,53,0.13376064031320023,,0.07382415980100632,0.12939980626106262,0.8867924809455872,0.0035769911482930183
meta,LightGBM,475,53,0.10514192374991083,0.1596256271739202,0.052071522921323776,0.07734374701976776,0.9433962106704712,0.003566458821296692
meta,LinearModel,475,53,0.08757762509933727,,0.047961920499801636,0.08100603520870209,0.9622641801834106,0.0035647228360176086
meta,NeuralNetFastAI,475,53,0.11572372477293359,,0.08094602078199387,0.1158122718334198,0.9056603908538818,0.003274773247539997
meta,NeuralNetTorch,475,53,0.08907244112429132,,0.05729189142584801,0.07019121199846268,0.9622641801834106,0.0035807620733976364
meta,RandomForest,475,53,0.121916066724393,,0.07910341024398804,0.12601962685585022,0.9056603908538818,0.003505459986627102
meta,XGBoost,475,53,0.10236795002420039,,0.0539250448346138,0.07427475601434708,0.9433962106704712,0.003456396982073784
mozilla4,CatBoost,13990,1555,0.06820528710223718,,0.008715920150279999,0.01550824660807848,0.9536977410316467,0.082706019282341
mozilla4,ExtraTrees,13990,1555,0.06843646619195357,,0.0044433362782001495,0.010389612056314945,0.9549839496612549,0.08150549046695232
mozilla4,LightGBM,13990,1555,0.06572721934300839,,0.008665468543767929,0.020315514877438545,0.9536977410316467,0.07873376365751028
mozilla4,LinearModel,13990,1555,0.11458276726027428,,0.009137896820902824,0.015683144330978394,0.9337620735168457,0.07956334948539734
mozilla4,NeuralNetFastAI,13990,1555,0.11520661462320315,,0.009782029315829277,0.01758619211614132,0.927974283695221,0.0793804107233882
mozilla4,NeuralNetTorch,13990,1555,0.09120154630152334,0.16421700907530734,0.015918537974357605,0.026132021099328995,0.938906729221344,0.08203449565917253
mozilla4,RandomForest,13990,1555,0.06775420311931528,,0.005140185356140137,0.013125093653798103,0.953054666519165,0.082061811350286
mozilla4,XGBoost,13990,1555,0.06770096671576434,,0.009257886558771133,0.01826043799519539,0.953054666519165,0.08223981224000454
no2,CatBoost,450,50,0.4361337737538967,0.6237426772334833,0.06496651470661163,0.13546833395957947,0.5799999833106995,0.003324441611766815
no2,ExtraTrees,450,50,0.4041396484780541,0.5879769218559263,0.05610541254281998,0.13314984738826752,0.6399999856948853,0.003418106585741043
no2,LightGBM,450,50,0.4639303615788517,0.6561309128321478,0.0825921893119812,0.07207504659891129,0.6200000047683716,0.0032384591177105904
no2,LinearModel,450,50,0.48583093353025464,0.6786457506845278,0.14139607548713684,0.25524982810020447,0.47999998927116394,0.003421645611524582
no2,NeuralNetFastAI,450,50,0.4369396000038817,0.6243661323512556,0.07706010341644287,0.16820694506168365,0.5799999833106995,0.003422069363296032
no2,NeuralNetTorch,450,50,0.43936840117311804,0.6298924107216048,0.0424337238073349,0.07259583473205566,0.6399999856948853,0.00340963713824749
no2,RandomForest,450,50,0.41331558360120385,0.5969836860503861,0.04304620623588562,0.1112455353140831,0.6600000262260437,0.0034208176657557487
no2,XGBoost,450,50,0.4474193545098434,0.6361887805353231,0.04716162383556366,0.11215465515851974,0.6200000047683716,0.003416348248720169
nomao,CatBoost,31018,3447,0.03797138622342719,,0.0030522411689162254,0.007214375771582127,0.9756309986114502,0.185659090988338
nomao,ExtraTrees,31018,3447,0.052934589610165714,,0.010191550478339195,0.015711525455117226,0.9669277667999268,0.1825669389218092
nomao,LightGBM,31018,3447,0.03791291055702876,,0.003342882264405489,0.006080931983888149,0.9762111902236938,0.17913828510791063
nomao,LinearModel,31018,3447,0.07319424482762213,0.12515390993545875,0.00412413477897644,0.007363662123680115,0.9503916501998901,0.1842106655240059
nomao,NeuralNetFastAI,31018,3447,0.05251947919530767,,0.004478519782423973,0.008815727196633816,0.967798113822937,0.1833110824227333
nomao,NeuralNetTorch,31018,3447,0.05209468834044939,,0.004079773090779781,0.011082896031439304,0.9654772281646729,0.18038415256887674
nomao,RandomForest,31018,3447,0.05024122356957514,,0.011474410071969032,0.01669449917972088,0.9706991314888,0.18264350946992636
nomao,XGBoost,31018,3447,0.03801007837035261,,0.0034674799535423517,0.005936106201261282,0.9753409028053284,0.1806852938607335
numerai28_6,CatBoost,86688,9632,0.4990913546350121,0.6922384595099171,0.007180169224739075,0.0029962006956338882,0.5160921812057495,0.5165407592430711
numerai28_6,ExtraTrees,86688,9632,0.4990358795354868,0.6921810331654962,0.005003824830055237,0.004356879275292158,0.5167151093482971,0.5197354182600975
numerai28_6,LightGBM,86688,9632,0.4991056516314653,0.6922500917009903,0.00812116265296936,0.0037367488257586956,0.5142233967781067,0.5134302312508225
numerai28_6,LinearModel,86688,9632,0.4990252122515729,0.6921715529986352,0.005341261625289917,0.0007893812144175172,0.5187915563583374,0.519561861641705
numerai28_6,NeuralNetFastAI,86688,9632,0.4989486897913559,0.6920962041592353,0.0053026676177978516,0.0032581656705588102,0.5179609656333923,0.5174736361950636
numerai28_6,NeuralNetTorch,86688,9632,0.49884767226812815,0.691994165224059,0.004892036318778992,0.003256738418713212,0.5237749218940735,0.5170601271092892
numerai28_6,RandomForest,86688,9632,0.49937237324406386,0.6925178498285299,0.00911732017993927,0.005385377444326878,0.5129776000976562,0.5127950226888061
numerai28_6,XGBoost,86688,9632,0.4992246404601312,0.6923714703549019,0.008126094937324524,0.004250300582498312,0.5133928656578064,0.5134928757324815
ozone-level-8hr,CatBoost,2280,254,0.0863165535234457,,0.019826631993055344,0.04045441374182701,0.9370078444480896,0.01392336841672659
ozone-level-8hr,ExtraTrees,2280,254,0.07378883423400741,,0.01564037799835205,0.024697965011000633,0.9448819160461426,0.014104887843132019
ozone-level-8hr,LightGBM,2280,254,0.08092781637851569,,0.01864844560623169,0.03899481147527695,0.9370078444480896,0.014077295549213886
ozone-level-8hr,LinearModel,2280,254,0.07723545194599192,,0.02037418633699417,0.045932382345199585,0.9370078444480896,0.014133810997009277
ozone-level-8hr,NeuralNetFastAI,2280,254,0.07892642554724891,,0.021368466317653656,0.03953667730093002,0.9409449100494385,0.01414492167532444
ozone-level-8hr,NeuralNetTorch,2280,254,0.07242768799463468,,0.015347583219408989,0.026054032146930695,0.9448819160461426,0.013955212198197842
ozone-level-8hr,RandomForest,2280,254,0.07467788485707583,,0.011290986090898514,0.022484658285975456,0.9488189220428467,0.014065937139093876
ozone-level-8hr,XGBoost,2280,254,0.0853076495641317,0.14360784360143666,0.019708869978785515,0.051196590065956116,0.9370078444480896,0.014093820005655289
parity5_plus_5,CatBoost,1011,113,3.3382287885799875e-05,,0.0010552890598773956,0.0019017701270058751,1.0,0.006793801672756672
parity5_plus_5,ExtraTrees,1011,113,0.05274592531783501,,0.024626147001981735,0.06038856878876686,0.9646017551422119,0.0067225489765405655
parity5_plus_5,LightGBM,1011,113,0.00035094477875094037,,0.0028844685293734074,0.004663990810513496,1.0,0.0067540379241108894
parity5_plus_5,LinearModel,1011,113,0.4861964409774334,0.6792168715900666,0.04571857303380966,0.061606086790561676,0.5840708017349243,0.0067180972546339035
parity5_plus_5,NeuralNetFastAI,1011,113,6.513442605172855e-07,,0.00016252361820079386,0.00022429572709370404,1.0,0.006742503494024277
parity5_plus_5,NeuralNetTorch,1011,113,2.9396438876625042e-05,,0.0008112490177154541,0.0014177750563248992,1.0,0.006766022183001041
parity5_plus_5,RandomForest,1011,113,0.062495506179053834,,0.026820635423064232,0.055305007845163345,0.9557521939277649,0.006760505959391594
parity5_plus_5,XGBoost,1011,113,0.0036180224780926187,,0.010750070214271545,0.01883271150290966,1.0,0.006814766675233841
pbcseq,CatBoost,1750,195,0.19072086587704348,,0.04143011197447777,0.07693750411272049,0.8820512890815735,0.010952064767479897
pbcseq,ExtraTrees,1750,195,0.23598847267562917,,0.032083068042993546,0.06368609517812729,0.8461538553237915,0.010705155320465565
pbcseq,LightGBM,1750,195,0.2012039218684821,,0.03996352478861809,0.09061522036790848,0.8871794939041138,0.01042698323726654
pbcseq,LinearModel,1750,195,0.397027164404749,0.5754761975131443,0.04761989414691925,0.10756023228168488,0.656410276889801,0.01061635185033083
pbcseq,NeuralNetFastAI,1750,195,0.29033786489633645,0.4540773962368886,0.02921384386718273,0.054864175617694855,0.7897436022758484,0.010697723366320133
pbcseq,NeuralNetTorch,1750,195,0.2976853107124556,0.46963324311213545,0.06065238267183304,0.12671153247356415,0.7897436022758484,0.01091599091887474
pbcseq,RandomForest,1750,195,0.23805112443701645,,0.04987531527876854,0.09948395937681198,0.8666666746139526,0.011076689697802067
pbcseq,XGBoost,1750,195,0.18905568039053694,0.3273810715459102,0.04407155141234398,0.07875055819749832,0.8974359035491943,0.010779834352433681
pc1,CatBoost,998,111,0.0800775129571502,,0.022931909188628197,0.052098728716373444,0.9639639854431152,0.006205843761563301
pc1,ExtraTrees,998,111,0.08258324292439177,0.16472797268554668,0.016204629093408585,0.03582029417157173,0.954954981803894,0.006095916032791138
pc1,LightGBM,998,111,0.08408825394489097,,0.021611535921692848,0.05398181453347206,0.9639639854431152,0.0064375512301921844
pc1,LinearModel,998,111,0.09398847572870918,,0.03317556530237198,0.026631716638803482,0.9459459185600281,0.006496518850326538
pc1,NeuralNetFastAI,998,111,0.09174642124087341,,0.031932808458805084,0.055956218391656876,0.954954981803894,0.006634672172367573
pc1,NeuralNetTorch,998,111,0.09388415713477227,0.17283210093655207,0.02288026362657547,0.037966761738061905,0.9459459185600281,0.006676860153675079
pc1,RandomForest,998,111,0.07899996265387857,0.15792284785575386,0.01823982410132885,0.02095910534262657,0.954954981803894,0.00663952250033617
pc1,XGBoost,998,111,0.08179806606331137,,0.016592063009738922,0.025134526193141937,0.954954981803894,0.006482510827481747
pc2,CatBoost,5030,559,0.006335037220349718,,0.002924401545897126,0.0031498807948082685,0.9964221715927124,0.029512842185795307
pc2,ExtraTrees,5030,559,0.006583858989774454,0.014854498484275357,0.003584113670513034,0.002788659418001771,0.9964221715927124,0.030182624235749245
pc2,LightGBM,5030,559,0.006503596453267422,,0.002997051225975156,4.2725587263703346e-05,0.9964221715927124,0.030070971697568893
pc2,LinearModel,5030,559,0.006503867777095962,0.014040250052590584,0.0030257778707891703,0.00188323890324682,0.9964221715927124,0.029915595427155495
pc2,NeuralNetFastAI,5030,559,0.0066855026438092284,,0.0034206139389425516,0.0007125682313926518,0.9964221715927124,0.03002071473747492
pc2,NeuralNetTorch,5030,559,0.006705195889094848,,0.0033473127987235785,0.0007196263177320361,0.9964221715927124,0.030053512193262577
pc2,RandomForest,5030,559,0.00661675093329392,0.014997977124302836,0.003916403278708458,0.003395818406715989,0.9964221715927124,0.030239208601415157
pc2,XGBoost,5030,559,0.005392447543652238,,0.002804978284984827,0.00539506645873189,0.9964221715927124,0.03045212384313345
pc3,CatBoost,1406,157,0.17382892617176043,0.27505964476373873,0.04168257117271423,0.07674670219421387,0.8789808750152588,0.00896547082811594
pc3,ExtraTrees,1406,157,0.1633197172746554,0.2608663949785622,0.03372371569275856,0.05780189856886864,0.8980891704559326,0.009027126245200634
pc3,LightGBM,1406,157,0.17509790572869127,0.28317721244697863,0.03477412089705467,0.06743087619543076,0.8853503465652466,0.009009738452732563
pc3,LinearModel,1406,157,0.2018954959030117,,0.0501028448343277,0.11868941783905029,0.8789808750152588,0.008956891484558582
pc3,NeuralNetFastAI,1406,157,0.18762658605432275,,0.04888760671019554,0.08188910037279129,0.8726114630699158,0.008927986025810242
pc3,NeuralNetTorch,1406,157,0.18438058974408955,0.31359920912437594,0.04660206660628319,0.07567523419857025,0.8980891704559326,0.008935152553021908
pc3,RandomForest,1406,157,0.1689449664529488,0.2755795929740123,0.031123556196689606,0.05617890506982803,0.8853503465652466,0.008871106430888176
pc3,XGBoost,1406,157,0.1884511839637769,0.3000696578732115,0.047152936458587646,0.06528233736753464,0.8662420511245728,0.008959795348346233
pc4,CatBoost,1312,146,0.11992896555650728,,0.03634488582611084,0.06022683158516884,0.9041095972061157,0.008431363850831985
pc4,ExtraTrees,1312,146,0.12331090674091708,,0.02148253098130226,0.04939562827348709,0.8972602486610413,0.008441885001957417
pc4,LightGBM,1312,146,0.12069028813421295,,0.02859361842274666,0.06280142068862915,0.9109588861465454,0.008458631113171577
pc4,LinearModel,1312,146,0.11871579079332732,,0.04325871169567108,0.06654787808656693,0.9109588861465454,0.008493156172335148
pc4,NeuralNetFastAI,1312,146,0.11885764619501124,,0.032944053411483765,0.06272096186876297,0.9246575236320496,0.008488209918141365
pc4,NeuralNetTorch,1312,146,0.1343369473351887,0.21782672017445934,0.031775880604982376,0.05862904340028763,0.9109588861465454,0.0082651162520051
pc4,RandomForest,1312,146,0.12311582867586007,,0.028580453246831894,0.055645860731601715,0.9041095972061157,0.008551063947379589
pc4,XGBoost,1312,146,0.13126550510794407,,0.038019124418497086,0.048676371574401855,0.8972602486610413,0.008526574820280075
philippine,CatBoost,5248,584,0.3166918386537578,,0.017578013241291046,0.04890910163521767,0.767123281955719,0.03225210402160883
philippine,ExtraTrees,5248,584,0.31555184528272895,,0.01584794372320175,0.029984518885612488,0.7636986374855042,0.03131100535392761
philippine,LightGBM,5248,584,0.30050099995765744,,0.015167534351348877,0.03399725258350372,0.7756849527359009,0.03147981595247984
philippine,LinearModel,5248,584,0.3731054042190162,0.5552569893001356,0.02102496288716793,0.06618175655603409,0.7208904027938843,0.03173362463712692
philippine,NeuralNetFastAI,5248,584,0.36695895681074614,0.5425380409075969,0.028004854917526245,0.05758746713399887,0.7414383292198181,0.031488826498389244
philippine,NeuralNetTorch,5248,584,0.36576256874290647,0.54562029575444,0.03088384121656418,0.049145620316267014,0.7311643958091736,0.03150444757193327
philippine,RandomForest,5248,584,0.3213343583875581,,0.016283392906188965,0.0450974777340889,0.7619863152503967,0.031133183278143406
philippine,XGBoost,5248,584,0.29943457120059935,,0.020956426858901978,0.043343305587768555,0.7825342416763306,0.03149312920868397
phoneme,CatBoost,4863,541,0.13517778077188947,,0.014380041509866714,0.0418117493391037,0.8964880108833313,0.028794674202799797
phoneme,ExtraTrees,4863,541,0.12412060426839965,,0.010557396337389946,0.033589139580726624,0.9094269871711731,0.028782731853425503
phoneme,LightGBM,4863,541,0.13276334100392356,,0.012709731236100197,0.034084975719451904,0.9075785875320435,0.02912803180515766
phoneme,LinearModel,4863,541,0.328659012488069,,0.029972389340400696,0.0656479075551033,0.7504621148109436,0.029020809568464756
phoneme,NeuralNetFastAI,4863,541,0.15664911961692105,0.2518961566909775,0.01766560785472393,0.034662846475839615,0.8853974342346191,0.02897756453603506
phoneme,NeuralNetTorch,4863,541,0.13937449530822005,0.2338855939576267,0.019070811569690704,0.045225415378808975,0.9112753868103027,0.02923058718442917
phoneme,RandomForest,4863,541,0.13284193009235498,,0.01602783612906933,0.028058789670467377,0.905730128288269,0.02919293474406004
phoneme,XGBoost,4863,541,0.13070036698434423,,0.018569285050034523,0.04762723669409752,0.9112753868103027,0.02871720213443041
pm10,CatBoost,450,50,0.4349872090323602,0.6276800863184281,0.09229709953069687,0.12402606755495071,0.7400000095367432,0.0034220460802316666
pm10,ExtraTrees,450,50,0.45267963938490796,0.6451899686744662,0.08344060182571411,0.09407820552587509,0.6399999856948853,0.003435259684920311
pm10,LightGBM,450,50,0.4250491338462353,0.6170424558874528,0.08668637275695801,0.20604529976844788,0.6600000262260437,0.0034048352390527725
pm10,LinearModel,450,50,0.5068136101339874,0.7000641664798115,0.08797109127044678,0.059497587382793427,0.5400000214576721,0.003438010811805725
pm10,NeuralNetFastAI,450,50,0.499375572798383,0.6920332089640013,0.06158806383609772,0.08883482962846756,0.47999998927116394,0.0034267976880073547
pm10,NeuralNetTorch,450,50,0.5058736985560476,0.6981565464026812,0.07404804229736328,0.13678176701068878,0.5199999809265137,0.003469468094408512
pm10,RandomForest,450,50,0.43920458305795107,0.6331240687875334,0.08865363895893097,0.15945181250572205,0.699999988079071,0.003466087393462658
pm10,XGBoost,450,50,0.4654177578759649,0.6601810327178492,0.06280624121427536,0.14209385216236115,0.6200000047683716,0.00346236489713192
pollen,CatBoost,3463,385,0.4996116209682312,0.6927554036485842,0.025857262313365936,0.0040086074732244015,0.4987013041973114,0.02126349415630102
pollen,ExtraTrees,3463,385,0.5004842384772462,0.6936227833416533,0.036502495408058167,0.011312794871628284,0.4701298773288727,0.021026531234383583
pollen,LightGBM,3463,385,0.5013305125384545,0.6944888511931954,0.042260244488716125,0.011132459156215191,0.5246753096580505,0.021134606562554836
pollen,LinearModel,3463,385,0.5002454032889123,0.6933925701780062,0.04050154238939285,0.004746353719383478,0.5038961172103882,0.0211312398314476
pollen,NeuralNetFastAI,3463,385,0.4966978184659384,0.6898443091090706,0.029124870896339417,0.006981572136282921,0.5376623272895813,0.0209095673635602
pollen,NeuralNetTorch,3463,385,0.5026353166463408,0.6957940871118238,0.033572256565093994,0.030127713456749916,0.501298725605011,0.02095683291554451
pollen,RandomForest,3463,385,0.4997551746361348,0.692901851858068,0.03698250651359558,0.0037415772676467896,0.5090909004211426,0.02111297845840454
pollen,XGBoost,3463,385,0.5035083205361726,0.6966682454222319,0.030209951102733612,0.04757548123598099,0.48571428656578064,0.021184012293815613
puma32H,CatBoost,7372,820,0.1321275303518112,,0.011445604264736176,0.03433624282479286,0.9060975313186646,0.04376990348100662
puma32H,ExtraTrees,7372,820,0.1425838236313609,,0.011646512895822525,0.023076174780726433,0.8963414430618286,0.04324621241539717
puma32H,LightGBM,7372,820,0.14368423082503035,,0.009939146228134632,0.030867815017700195,0.8914633989334106,0.04317887779325247
puma32H,LinearModel,7372,820,0.4636536845994618,0.6564872241736011,0.023658424615859985,0.037216916680336,0.6378048658370972,0.04302663914859295
puma32H,NeuralNetFastAI,7372,820,0.10583415329177606,,0.011968903243541718,0.02754042111337185,0.9268292784690857,0.043004751205444336
puma32H,NeuralNetTorch,7372,820,0.11002380979473929,,0.017317431047558784,0.030408315360546112,0.9256097674369812,0.04278084449470043
puma32H,RandomForest,7372,820,0.15024545295752498,,0.012730361893773079,0.037051666527986526,0.8890243768692017,0.04268487822264433
puma32H,XGBoost,7372,820,0.14342808457203157,,0.015255735255777836,0.03416712209582329,0.8951219320297241,0.04341312777251005
puma8NH,CatBoost,7372,820,0.22954723754703918,,0.015738271176815033,0.031327180564403534,0.8365853428840637,0.04340104293078184
puma8NH,ExtraTrees,7372,820,0.22596547648518817,,0.01880064234137535,0.04274866729974747,0.8414633870124817,0.04345941450446844
puma8NH,LightGBM,7372,820,0.23085258902839842,,0.018714938312768936,0.028330976143479347,0.8439024686813354,0.04361534398049116
puma8NH,LinearModel,7372,820,0.2640257913675884,0.4253271731472835,0.020748531445860863,0.04104907810688019,0.8256097435951233,0.04368369001895189
puma8NH,NeuralNetFastAI,7372,820,0.22625673248549003,,0.019036371260881424,0.05474584549665451,0.8426828980445862,0.0436395900323987
puma8NH,NeuralNetTorch,7372,820,0.22450493555336332,,0.01642885059118271,0.04235256090760231,0.8426828980445862,0.04348429385572672
puma8NH,RandomForest,7372,820,0.225756716023769,,0.016993792727589607,0.04909756779670715,0.8439024686813354,0.04357474949210882
puma8NH,XGBoost,7372,820,0.2284597928529895,,0.01878960244357586,0.033949289470911026,0.8439024686813354,0.04249767027795315
qsar-biodeg,CatBoost,949,106,0.1743260664988791,0.2879831279620271,0.02245837077498436,0.056034065783023834,0.8773584961891174,0.006119987927377224
qsar-biodeg,ExtraTrees,949,106,0.17838433873280474,,0.022659167647361755,0.07437282800674438,0.8679245114326477,0.006238857284188271
qsar-biodeg,LightGBM,949,106,0.16572190825757427,0.27606023828945886,0.02115674316883087,0.06271518766880035,0.8962264060974121,0.006357538513839245
qsar-biodeg,LinearModel,949,106,0.1810604275041374,0.2950379846367667,0.035740066319704056,0.10198032855987549,0.8679245114326477,0.006387930363416672
qsar-biodeg,NeuralNetFastAI,949,106,0.16859139643837914,0.26872364604737353,0.029041454195976257,0.06364816427230835,0.8773584961891174,0.006376330740749836
qsar-biodeg,NeuralNetTorch,949,106,0.1826764347438017,0.29921760491459204,0.031695656478405,0.05957522988319397,0.8773584961891174,0.006076185032725334
qsar-biodeg,RandomForest,949,106,0.1673191175164464,,0.0224899984896183,0.08492068946361542,0.8679245114326477,0.0058135343715548515
qsar-biodeg,XGBoost,949,106,0.17294768529062504,0.2910540519076506,0.022486742585897446,0.07440131902694702,0.8867924809455872,0.0058229053393006325
ringnorm,CatBoost,6660,740,0.03324408676638832,,0.008157755248248577,0.015884527936577797,0.9797297120094299,0.037993986159563065
ringnorm,ExtraTrees,6660,740,0.044766546013720175,,0.02246328443288803,0.04567977041006088,0.9783783555030823,0.03841028455644846
ringnorm,LightGBM,6660,740,0.03112371055020438,,0.004382845014333725,0.013499394059181213,0.9824324250221252,0.03800808824598789
ringnorm,LinearModel,6660,740,0.31279703774002143,,0.020406167954206467,0.03946288675069809,0.7783783674240112,0.038574619218707085
ringnorm,NeuralNetFastAI,6660,740,0.033962861326694814,,0.005212071351706982,0.010286654345691204,0.9797297120094299,0.039383319206535816
ringnorm,NeuralNetTorch,6660,740,0.030798764928127633,,0.00924266129732132,0.015353127382695675,0.9797297120094299,0.03971839230507612
ringnorm,RandomForest,6660,740,0.06309606870566972,,0.019998041912913322,0.035155683755874634,0.9635134935379028,0.039608496241271496
ringnorm,XGBoost,6660,740,0.035846511082337024,,0.007803855463862419,0.015288423746824265,0.9783783555030823,0.038653808645904064
rmftsa_ladata,CatBoost,457,51,0.14877120788034187,,0.038206905126571655,0.10256176441907883,0.9019607901573181,0.0035247057676315308
rmftsa_ladata,ExtraTrees,457,51,0.13396362420246857,,0.035374004393815994,0.13142091035842896,0.9215686321258545,0.0034007569774985313
rmftsa_ladata,LightGBM,457,51,0.14322514467797795,,0.03558328002691269,0.10539383441209793,0.8823529481887817,0.0035033682361245155
rmftsa_ladata,LinearModel,457,51,0.11138799264212504,,0.041710589081048965,0.10260959714651108,0.9411764740943909,0.0034955963492393494
rmftsa_ladata,NeuralNetFastAI,457,51,0.10401269039675246,,0.04544077068567276,0.12209314107894897,0.9607843160629272,0.0035196971148252487
rmftsa_ladata,NeuralNetTorch,457,51,0.13593707457851037,,0.037646740674972534,0.10426376014947891,0.9019607901573181,0.0034890510141849518
rmftsa_ladata,RandomForest,457,51,0.15422214765101905,,0.0349992997944355,0.07054591923952103,0.8823529481887817,0.0034825000911951065
rmftsa_ladata,XGBoost,457,51,0.14314257531053493,,0.05365515127778053,0.1278182715177536,0.9411764740943909,0.0034681987017393112
spambase,CatBoost,4140,461,0.08031523894843089,0.14311229439424983,0.024818742647767067,0.03545936197042465,0.952277660369873,0.024187027476727962
spambase,ExtraTrees,4140,461,0.09019465909125879,,0.021906506270170212,0.03328089416027069,0.9479392766952515,0.024387488141655922
spambase,LightGBM,4140,461,0.0857632232665257,0.14988779081140138,0.02845611423254013,0.04512155428528786,0.9392624497413635,0.025121651589870453
spambase,LinearModel,4140,461,0.1043805056358415,0.18242555493629117,0.024891089648008347,0.033010583370923996,0.9284164905548096,0.024681714363396168
spambase,NeuralNetFastAI,4140,461,0.09210983564114208,,0.015947051346302032,0.029552791267633438,0.9392624497413635,0.025832034647464752
spambase,NeuralNetTorch,4140,461,0.08804311413320329,0.15993091605976065,0.022734815254807472,0.02422051690518856,0.9392624497413635,0.025685139931738377
spambase,RandomForest,4140,461,0.08960902548442437,,0.027749547734856606,0.038174305111169815,0.9327548742294312,0.026883907616138458
spambase,XGBoost,4140,461,0.08977277451407921,0.1519251753487446,0.031552672386169434,0.04502101615071297,0.9305856823921204,0.025318431667983532
sylvine,CatBoost,4611,513,0.08810967157216508,,0.019559206441044807,0.021239351481199265,0.9376218318939209,0.027631056495010853
sylvine,ExtraTrees,4611,513,0.09104529188534112,,0.021178636699914932,0.039319418370723724,0.9376218318939209,0.027390352450311184
sylvine,LightGBM,4611,513,0.08665440932915543,,0.014967314898967743,0.022286146879196167,0.9376218318939209,0.028704551048576832
sylvine,LinearModel,4611,513,0.1548489009200335,,0.01831718720495701,0.030756939202547073,0.892787516117096,0.033121523447334766
sylvine,NeuralNetFastAI,4611,513,0.0972014119079573,,0.01896335370838642,0.026360711082816124,0.9337232112884521,0.033239626325666904
sylvine,NeuralNetTorch,4611,513,0.10048265985128361,,0.01884901523590088,0.03323649615049362,0.9317739009857178,0.028545903973281384
sylvine,RandomForest,4611,513,0.10963233904916435,,0.013622269034385681,0.03301466256380081,0.9259259104728699,0.03070696536451578
sylvine,XGBoost,4611,513,0.08852678668696647,,0.015887867659330368,0.03093784675002098,0.9356725215911865,0.032121000811457634
tokyo1,CatBoost,863,96,0.07918769317388187,,0.025128204375505447,0.0662849023938179,0.9166666865348816,0.006336325779557228
tokyo1,ExtraTrees,863,96,0.07833327208250603,,0.02068387158215046,0.07512165606021881,0.9375,0.007046988233923912
tokyo1,LightGBM,863,96,0.10042750558862458,,0.028466597199440002,0.07765787839889526,0.90625,0.006439058110117912
tokyo1,LinearModel,863,96,0.12914848225656422,,0.03708823770284653,0.10108409821987152,0.90625,0.006056144833564758
tokyo1,NeuralNetFastAI,863,96,0.08774835453159509,,0.016535352915525436,0.05827455222606659,0.9270833134651184,0.00708872452378273
tokyo1,NeuralNetTorch,863,96,0.07061659628748829,,0.021277878433465958,0.04740609973669052,0.9583333134651184,0.006343626417219639
tokyo1,RandomForest,863,96,0.08050978644492768,,0.026966961100697517,0.07306323945522308,0.9270833134651184,0.006898769177496433
tokyo1,XGBoost,863,96,0.0973533699648637,,0.02870788797736168,0.07984775304794312,0.9166666865348816,0.005932924337685108
twonorm,CatBoost,6660,740,0.03222163471146666,,0.0060897269286215305,0.015144750475883484,0.9770269989967346,0.04377809725701809
twonorm,ExtraTrees,6660,740,0.05006214902927787,,0.03244064748287201,0.05522008612751961,0.9783783555030823,0.04038223624229431
twonorm,LightGBM,6660,740,0.033545271868553016,,0.007468430791050196,0.014474792405962944,0.9797297120094299,0.03913524001836777
twonorm,LinearModel,6660,740,0.029274857206507136,,0.008654190227389336,0.014044755138456821,0.9810810685157776,0.03985247574746609
twonorm,NeuralNetFastAI,6660,740,0.030614741702896506,,0.009463589638471603,0.011705148033797741,0.9783783555030823,0.03948332089930773
twonorm,NeuralNetTorch,6660,740,0.03169314632767557,,0.01350259780883789,0.024168483912944794,0.9810810685157776,0.038877056911587715
twonorm,RandomForest,6660,740,0.05070148285695407,,0.030011828988790512,0.056396808475255966,0.9783783555030823,0.0390238044783473
twonorm,XGBoost,6660,740,0.03520542373146076,,0.00729768630117178,0.011903672479093075,0.9770269989967346,0.0390194421634078
visualizing_soil,CatBoost,7776,865,2.9838981419150076e-06,,0.00016204410349018872,0.00016454975411761552,1.0,0.04554682970046997
visualizing_soil,ExtraTrees,7776,865,0.0009273102463958849,,0.0018626491073518991,0.0034654822666198015,1.0,0.04472958017140627
visualizing_soil,LightGBM,7776,865,4.490195218313701e-06,,0.0014023780822753906,0.0005756980972364545,1.0,0.04517802502959967
visualizing_soil,LinearModel,7776,865,0.0006550313755923758,,0.0006211259169504046,0.0012125244829803705,1.0,0.0446793083101511
visualizing_soil,NeuralNetFastAI,7776,865,0.005333304951400414,,0.005812393501400948,0.010886142030358315,1.0,0.04465568717569113
visualizing_soil,NeuralNetTorch,7776,865,0.0013031807624017961,,0.0029253950342535973,0.004838614724576473,1.0,0.0447529936209321
visualizing_soil,RandomForest,7776,865,0.00043653991755202427,,0.0012729896698147058,0.002350921742618084,1.0,0.04378275666385889
visualizing_soil,XGBoost,7776,865,9.508229462986116e-06,,0.0001754991099005565,0.00034027305082418025,1.0,0.044946624897420406
wilt,CatBoost,4355,484,0.031319142484972355,,0.007166460156440735,0.011647148057818413,0.9814049601554871,0.025146469473838806
wilt,ExtraTrees,4355,484,0.03262056166429836,,0.008650995790958405,0.013796146959066391,0.9772727489471436,0.025985137559473515
wilt,LightGBM,4355,484,0.03044945336188132,,0.004189246334135532,0.015020360238850117,0.9772727489471436,0.025965663604438305
wilt,LinearModel,4355,484,0.034063673476314976,,0.013758320361375809,0.020349152386188507,0.9731404781341553,0.02526494488120079
wilt,NeuralNetFastAI,4355,484,0.02209148973151475,,0.00778878852725029,0.014204784296452999,0.9834710955619812,0.025962420739233494
wilt,NeuralNetTorch,4355,484,0.02465468896520719,,0.005595100577920675,0.011291430331766605,0.9814049601554871,0.025302992202341557
wilt,RandomForest,4355,484,0.033618936102215585,,0.007903048768639565,0.009196844883263111,0.9793388247489929,0.025301549583673477
wilt,XGBoost,4355,484,0.037413262376782636,,0.011764196678996086,0.01792377047240734,0.9793388247489929,0.026164154522120953
wind,CatBoost,5916,658,0.1803949477651525,,0.017221547663211823,0.02597799524664879,0.8617021441459656,0.03432778175920248
wind,ExtraTrees,5916,658,0.1867464770035558,,0.015143856406211853,0.04101864621043205,0.8708206415176392,0.03480427246540785
wind,LightGBM,5916,658,0.1779252391062845,,0.016902998089790344,0.036602433770895004,0.8723404407501221,0.034119630232453346
wind,LinearModel,5916,658,0.19802448574478573,,0.01789811998605728,0.03737672045826912,0.8617021441459656,0.03487182781100273
wind,NeuralNetFastAI,5916,658,0.17398003712895027,,0.016547352075576782,0.03215640038251877,0.8814589381217957,0.034527456387877464
wind,NeuralNetTorch,5916,658,0.17479955663551824,,0.015515543520450592,0.031880199909210205,0.8784194588661194,0.035096243023872375
wind,RandomForest,5916,658,0.1899380396426317,0.3099675395865741,0.011739231646060944,0.033767219632864,0.8723404407501221,0.035228380002081394
wind,XGBoost,5916,658,0.18140145804647878,,0.018999017775058746,0.03427038714289665,0.8708206415176392,0.03451423440128565
