dataset,model,cal_size,test_size,CIR_brier,CIR_logloss,CIR_kuiper,CIR_ece-15,CIR_accuracy,CIR_time
2dplanes,CatBoost,36691,4077,0.09484000341003294,0.1510455500620385,0.0055404528975486755,0.00963794905692339,0.9261711835861206,0.014262542012147605
2dplanes,ExtraTrees,36691,4077,0.09452112539118765,0.15163692267063916,0.005923854187130928,0.0064208838157355785,0.9251900911331177,0.01058524800464511
2dplanes,LightGBM,36691,4077,0.09448179438049811,0.15130418288678793,0.004334046971052885,0.006111728493124247,0.9296051263809204,0.011318215052597225
2dplanes,LinearModel,36691,4077,0.23242427726340717,0.36358407278769916,0.010563129559159279,0.019385743886232376,0.843021810054779,0.01096271991264075
2dplanes,NeuralNetFastAI,36691,4077,0.0939149441431325,0.14980858974701472,0.003414203878492117,0.006009147968143225,0.9330390095710754,0.011181444046087563
2dplanes,NeuralNetTorch,36691,4077,0.0943481226511355,0.15113823217497951,0.0037773409858345985,0.005636220797896385,0.9315673112869263,0.011236941092647612
2dplanes,RandomForest,36691,4077,0.09436289708983676,0.15197495202108383,0.005325463134795427,0.0066779255867004395,0.9278881549835205,0.009855075972154737
2dplanes,XGBoost,36691,4077,0.09430563388404739,0.15061888427603176,0.004511269740760326,0.0059028794057667255,0.927397608757019,0.011101068928837776
APSFailure,CatBoost,68400,7600,0.007788265680806156,0.025533868887344824,0.000910908100195229,0.0019331455696374178,0.9951315522193909,0.022533256094902754
APSFailure,ExtraTrees,68400,7600,0.009213614949874313,0.017617448585709152,0.0011002651881426573,0.0017517113592475653,0.9940789341926575,0.017300477949902415
APSFailure,LightGBM,68400,7600,0.007666870254462748,0.015118803931467896,0.0006487309001386166,0.00191187032032758,0.9952631592750549,0.022292606066912413
APSFailure,LinearModel,68400,7600,0.01153153953379297,0.02200903017856118,0.0012739545200020075,0.002255719155073166,0.99289470911026,0.022831395035609603
APSFailure,NeuralNetFastAI,68400,7600,0.0092230107432169,0.017193675338483105,0.0009234468452632427,0.0026895899791270494,0.9943420886993408,0.02284301200415939
APSFailure,NeuralNetTorch,68400,7600,0.011040196560857389,0.031420391590830085,0.0018878541886806488,0.003788055619224906,0.9932894706726074,0.023165178950875998
APSFailure,RandomForest,68400,7600,0.007963760571109148,0.015855960994715458,0.0011917295632883906,0.00269937957637012,0.9948683977127075,0.016782204969786108
APSFailure,XGBoost,68400,7600,0.0074832133918181975,0.01450114983380948,0.0008482993580400944,0.0018905748147517443,0.9951315522193909,0.022498004022054374
Amazon_employee_access,CatBoost,29492,3277,0.07222013086786958,0.13395059206779186,0.004007861018180847,0.009619394317269325,0.9527006149291992,0.01027113408781588
Amazon_employee_access,ExtraTrees,29492,3277,0.07910681607418771,0.14869478607962494,0.005473567172884941,0.009803292341530323,0.9490387439727783,0.009027799009345472
Amazon_employee_access,LightGBM,29492,3277,0.07899650047620946,0.15084778439404564,0.0038804817013442516,0.010452089831233025,0.9490387439727783,0.009855764103122056
Amazon_employee_access,LinearModel,29492,3277,0.08368791034224642,0.1563052379098423,0.004080681130290031,0.008095089346170425,0.9462923407554626,0.009734816965647042
Amazon_employee_access,NeuralNetFastAI,29492,3277,0.083052544548136,0.1544786698625641,0.003952987492084503,0.007143659517168999,0.9465975165367126,0.009410337079316378
Amazon_employee_access,NeuralNetTorch,29492,3277,0.0855173090259904,0.16063254142630767,0.007004566490650177,0.012787478044629097,0.9462923407554626,0.00984064198564738
Amazon_employee_access,RandomForest,29492,3277,0.07520684179114526,0.14206336354506963,0.006539329886436462,0.015286536887288094,0.951785147190094,0.009027982945553958
Amazon_employee_access,XGBoost,29492,3277,0.07513900659657202,0.14352940017479165,0.00346622196957469,0.007845588028430939,0.951785147190094,0.009036220028065145
Australian,CatBoost,621,69,0.16591054285526646,0.2772131913354419,0.045729801058769226,0.07878962904214859,0.8840579986572266,0.002073015086352825
Australian,ExtraTrees,621,69,0.16576391403400428,0.2866114134023437,0.0583842396736145,0.10910903662443161,0.8695651888847351,0.0020520109683275223
Australian,LightGBM,621,69,0.1816075093645878,2.730142847704937,0.06252412497997284,0.11653990298509598,0.8695651888847351,0.0021039750427007675
Australian,LinearModel,621,69,0.17687157759911434,0.2987165937724626,0.05705147981643677,0.10560557246208191,0.9130434989929199,0.002128833089955151
Australian,NeuralNetFastAI,621,69,0.15181159003336492,0.28969732115624225,0.05942124128341675,0.10177281498908997,0.8985507488250732,0.0020771889248862863
Australian,NeuralNetTorch,621,69,0.16719132129470135,0.2885756644564024,0.04635170102119446,0.12366688996553421,0.8840579986572266,0.0020768899703398347
Australian,RandomForest,621,69,0.16709654125760567,0.3118912952687768,0.04803115129470825,0.10127835720777512,0.8550724387168884,0.002046418027020991
Australian,XGBoost,621,69,0.15162626576314422,1.466216115235259,0.04110134020447731,0.09234827756881714,0.9130434989929199,0.002080656006000936
Bioresponse,CatBoost,3375,376,0.27988629133043913,0.4378353384488633,0.025827357545495033,0.057923268526792526,0.8058510422706604,0.003196949022822082
Bioresponse,ExtraTrees,3375,376,0.28543017079616045,0.43867839939501185,0.027651414275169373,0.06459372490644455,0.8085106611251831,0.003036365960724652
Bioresponse,LightGBM,3375,376,0.2790276960155273,0.43437956005684675,0.03134830296039581,0.07946337759494781,0.811170220375061,0.0031550019048154354
Bioresponse,LinearModel,3375,376,0.36529561755306017,0.54919014227753,0.04155072942376137,0.06728609651327133,0.7420212626457214,0.002986571053043008
Bioresponse,NeuralNetFastAI,3375,376,0.28577572994259715,0.4405233435122065,0.021745000034570694,0.05261595919728279,0.7792553305625916,0.0030005769804120064
Bioresponse,NeuralNetTorch,3375,376,0.2956463850368891,0.4551977420589171,0.023979537189006805,0.05242006853222847,0.7765957713127136,0.003134485916234553
Bioresponse,RandomForest,3375,376,0.2830043641965354,0.43876050678942136,0.031558383256196976,0.06837207823991776,0.811170220375061,0.002911334973759949
Bioresponse,XGBoost,3375,376,0.2797152775372004,0.4373334134128253,0.03318462520837784,0.06411008536815643,0.8085106611251831,0.0031849489314481616
Click_prediction_small,CatBoost,35953,3995,0.2535461822339748,0.43243626183497025,0.00864538736641407,0.013580715283751488,0.8372966051101685,0.012448508059605956
Click_prediction_small,ExtraTrees,35953,3995,0.2604029350171374,0.42083996177473787,0.007192231714725494,0.008925989270210266,0.8345431685447693,0.011912905029021204
Click_prediction_small,LightGBM,35953,3995,0.258319919561451,0.4191713784341965,0.007280983030796051,0.011508002877235413,0.8372966051101685,0.011604079976677895
Click_prediction_small,LinearModel,35953,3995,0.2607113903296856,0.46551440096174385,0.011626170016825199,0.01992814429104328,0.8350437879562378,0.011364436009898782
Click_prediction_small,NeuralNetFastAI,35953,3995,0.2586714885505958,0.4204452109565005,0.007364034652709961,0.00851969700306654,0.8375469446182251,0.012121665058657527
Click_prediction_small,NeuralNetTorch,35953,3995,0.2594452609381899,0.41824001017814066,0.004656676203012466,0.00734458165243268,0.8347935080528259,0.01154049695469439
Click_prediction_small,RandomForest,35953,3995,0.2593739887932105,0.41847780945009233,0.00407982524484396,0.010447883047163486,0.8342928886413574,0.011403132928535342
Click_prediction_small,XGBoost,35953,3995,0.2579490331762191,0.41737022074187113,0.007295886054635048,0.013065776787698269,0.8357947468757629,0.010795998037792742
GAMETES_Epistasis_2-Way_1000atts_0_4H_EDM-1_EDM-1_1,CatBoost,1440,160,0.40447204464119724,0.5950126964250992,0.08257584273815155,0.1606629639863968,0.7437499761581421,0.0021636210149154067
GAMETES_Epistasis_2-Way_1000atts_0_4H_EDM-1_EDM-1_1,ExtraTrees,1440,160,0.5004894922046754,0.6936267490687411,0.0693325400352478,0.011449785903096199,0.5062500238418579,0.002085193060338497
GAMETES_Epistasis_2-Way_1000atts_0_4H_EDM-1_EDM-1_1,LightGBM,1440,160,0.5149812553547767,0.708213742352106,0.08900026977062225,0.05040347948670387,0.4000000059604645,0.0022539530182257295
GAMETES_Epistasis_2-Way_1000atts_0_4H_EDM-1_EDM-1_1,LinearModel,1440,160,0.5081147336074856,0.7014138074986803,0.04354199022054672,0.04195854440331459,0.46875,0.0020319019677117467
GAMETES_Epistasis_2-Way_1000atts_0_4H_EDM-1_EDM-1_1,NeuralNetFastAI,1440,160,0.4948601729611865,0.6880143813163464,0.06760174036026001,0.013255586847662926,0.5625,0.0022572330199182034
GAMETES_Epistasis_2-Way_1000atts_0_4H_EDM-1_EDM-1_1,NeuralNetTorch,1440,160,0.5025182746450507,0.6956721631986393,0.05328942835330963,0.010520454496145248,0.4749999940395355,0.002104314975440502
GAMETES_Epistasis_2-Way_1000atts_0_4H_EDM-1_EDM-1_1,RandomForest,1440,160,0.5138738243082374,0.7071514318310721,0.05602952837944031,0.05992932245135307,0.4749999940395355,0.002156022936105728
GAMETES_Epistasis_2-Way_1000atts_0_4H_EDM-1_EDM-1_1,XGBoost,1440,160,0.5027257940195351,0.6959106218731221,0.037025243043899536,0.0331406407058239,0.5062500238418579,0.002006768947467208
GAMETES_Epistasis_2-Way_20atts_0_1H_EDM-1_1,CatBoost,1440,160,0.41467542640016897,0.6055486063996807,0.048591312021017075,0.07380643486976624,0.699999988079071,0.002357355086132884
GAMETES_Epistasis_2-Way_20atts_0_1H_EDM-1_1,ExtraTrees,1440,160,0.46683438519784237,0.6594509195815268,0.04056427627801895,0.08434001356363297,0.606249988079071,0.002079196972772479
GAMETES_Epistasis_2-Way_20atts_0_1H_EDM-1_1,LightGBM,1440,160,0.4420191376220803,0.633768796542742,0.05785315856337547,0.10371384769678116,0.675000011920929,0.0023362780921161175
GAMETES_Epistasis_2-Way_20atts_0_1H_EDM-1_1,LinearModel,1440,160,0.4999168167771213,0.6930641047561824,0.07883211970329285,0.0007876264280639589,0.5062500238418579,0.0018028441118076444
GAMETES_Epistasis_2-Way_20atts_0_1H_EDM-1_1,NeuralNetFastAI,1440,160,0.4113728253128156,0.600156929574805,0.05202709883451462,0.07016126066446304,0.699999988079071,0.0022210589377209544
GAMETES_Epistasis_2-Way_20atts_0_1H_EDM-1_1,NeuralNetTorch,1440,160,0.4073559219862794,0.5972876868553774,0.04999251291155815,0.08536972105503082,0.699999988079071,0.002076757955364883
GAMETES_Epistasis_2-Way_20atts_0_1H_EDM-1_1,RandomForest,1440,160,0.4802038012416766,0.67335067765766,0.037253957241773605,0.05806870013475418,0.5687500238418579,0.002133580041117966
GAMETES_Epistasis_2-Way_20atts_0_1H_EDM-1_1,XGBoost,1440,160,0.44145530363749524,0.6321348746522559,0.0427345335483551,0.047313787043094635,0.65625,0.002141661010682583
GAMETES_Epistasis_2-Way_20atts_0_4H_EDM-1_1,CatBoost,1440,160,0.2960492815447542,0.4496812163070441,0.043194953352212906,0.07175201922655106,0.7875000238418579,0.002130270004272461
GAMETES_Epistasis_2-Way_20atts_0_4H_EDM-1_1,ExtraTrees,1440,160,0.39193987067258346,0.5784643833255584,0.03751978650689125,0.08059032261371613,0.699999988079071,0.0022953529842197895
GAMETES_Epistasis_2-Way_20atts_0_4H_EDM-1_1,LightGBM,1440,160,0.3154740633341714,0.4749249359890165,0.05251827836036682,0.08841589093208313,0.768750011920929,0.002348056063055992
GAMETES_Epistasis_2-Way_20atts_0_4H_EDM-1_1,LinearModel,1440,160,0.5043502707936511,0.6980256419788355,0.11354298889636993,0.010956223122775555,0.4937500059604645,0.002096096985042095
GAMETES_Epistasis_2-Way_20atts_0_4H_EDM-1_1,NeuralNetFastAI,1440,160,0.2859137344439896,0.4342596630929279,0.038474831730127335,0.03524656966328621,0.793749988079071,0.0023489530431106687
GAMETES_Epistasis_2-Way_20atts_0_4H_EDM-1_1,NeuralNetTorch,1440,160,0.29979910129744347,0.45891476467413916,0.03825545683503151,0.09942848235368729,0.793749988079071,0.0024510578950867057
GAMETES_Epistasis_2-Way_20atts_0_4H_EDM-1_1,RandomForest,1440,160,0.38741592133945185,1.0970048130409171,0.03122539632022381,0.06486457586288452,0.7250000238418579,0.002154669025912881
GAMETES_Epistasis_2-Way_20atts_0_4H_EDM-1_1,XGBoost,1440,160,0.3372466101892938,0.5104127035964471,0.044944439083337784,0.09814710170030594,0.7437499761581421,0.002322437008842826
GAMETES_Epistasis_3-Way_20atts_0_2H_EDM-1_1,CatBoost,1440,160,0.3919527988241038,0.5646581816321967,0.043952468782663345,0.08933153748512268,0.6499999761581421,0.0022883530473336577
GAMETES_Epistasis_3-Way_20atts_0_2H_EDM-1_1,ExtraTrees,1440,160,0.4879029784069028,0.6810115431614617,0.0360831618309021,0.042789701372385025,0.5687500238418579,0.002229943056590855
GAMETES_Epistasis_3-Way_20atts_0_2H_EDM-1_1,LightGBM,1440,160,0.48524720929985293,0.6781284641777682,0.04908571019768715,0.06490854173898697,0.581250011920929,0.00214962603058666
GAMETES_Epistasis_3-Way_20atts_0_2H_EDM-1_1,LinearModel,1440,160,0.5080571290944559,0.7026856829499677,0.033519573509693146,0.04270397499203682,0.53125,0.0020032409811392426
GAMETES_Epistasis_3-Way_20atts_0_2H_EDM-1_1,NeuralNetFastAI,1440,160,0.3971842972179568,0.5613023568969358,0.04584142565727234,0.07431784272193909,0.637499988079071,0.002189786988310516
GAMETES_Epistasis_3-Way_20atts_0_2H_EDM-1_1,NeuralNetTorch,1440,160,0.42601394605512566,0.6118988382322799,0.04944734275341034,0.07900403439998627,0.643750011920929,0.002172859967686236
GAMETES_Epistasis_3-Way_20atts_0_2H_EDM-1_1,RandomForest,1440,160,0.49453005287254725,0.6872038223301038,0.05582129955291748,0.0885138288140297,0.53125,0.002019289997406304
GAMETES_Epistasis_3-Way_20atts_0_2H_EDM-1_1,XGBoost,1440,160,0.49356042337248607,0.6867176520282803,0.06043967604637146,0.06372956931591034,0.5375000238418579,0.002183997887186706
GAMETES_Heterogeneity_20atts_1600_Het_0_4_0_2_50_EDM-2_001,CatBoost,1440,160,0.41152883815632235,0.5756273266122515,0.07416235655546188,0.1322501003742218,0.65625,0.002247425029054284
GAMETES_Heterogeneity_20atts_1600_Het_0_4_0_2_50_EDM-2_001,ExtraTrees,1440,160,0.5014211455735531,1.229089591985057,0.06849440187215805,0.1037076860666275,0.6187499761581421,0.002225678996182978
GAMETES_Heterogeneity_20atts_1600_Het_0_4_0_2_50_EDM-2_001,LightGBM,1440,160,0.4612500442651216,0.6491337418614899,0.07389611750841141,0.08922255784273148,0.6312500238418579,0.0023410210851579905
GAMETES_Heterogeneity_20atts_1600_Het_0_4_0_2_50_EDM-2_001,LinearModel,1440,160,0.5175887698617279,0.7113088174844963,0.08194120973348618,0.07503793388605118,0.4375,0.0019633499905467033
GAMETES_Heterogeneity_20atts_1600_Het_0_4_0_2_50_EDM-2_001,NeuralNetFastAI,1440,160,0.4423741956988545,0.6202124127853079,0.07647709548473358,0.12694895267486572,0.612500011920929,0.002376178978011012
GAMETES_Heterogeneity_20atts_1600_Het_0_4_0_2_50_EDM-2_001,NeuralNetTorch,1440,160,0.4431893912689098,0.6238391870677176,0.06858973950147629,0.13476090133190155,0.637499988079071,0.002309932024218142
GAMETES_Heterogeneity_20atts_1600_Het_0_4_0_2_50_EDM-2_001,RandomForest,1440,160,0.493521426277009,0.6957243291013694,0.061711642891168594,0.12698687613010406,0.6000000238418579,0.0024249079870060086
GAMETES_Heterogeneity_20atts_1600_Het_0_4_0_2_50_EDM-2_001,XGBoost,1440,160,0.46025315663661936,0.6547452519316226,0.05910450220108032,0.08505292981863022,0.637499988079071,0.002432793960906565
GAMETES_Heterogeneity_20atts_1600_Het_0_4_0_2_75_EDM-2_001,CatBoost,1440,160,0.3756445555984739,0.5500054296138673,0.04337742552161217,0.09997390955686569,0.699999988079071,0.002524179988540709
GAMETES_Heterogeneity_20atts_1600_Het_0_4_0_2_75_EDM-2_001,ExtraTrees,1440,160,0.4129559045701125,0.6014310579261771,0.034612782299518585,0.07447381317615509,0.6812499761581421,0.0024208490503951907
GAMETES_Heterogeneity_20atts_1600_Het_0_4_0_2_75_EDM-2_001,LightGBM,1440,160,0.38443278073717446,0.5685240097608848,0.041556887328624725,0.06665071099996567,0.699999988079071,0.0023186650360003114
GAMETES_Heterogeneity_20atts_1600_Het_0_4_0_2_75_EDM-2_001,LinearModel,1440,160,0.4975258752625725,0.6906545497142833,0.0514904223382473,0.04957876726984978,0.543749988079071,0.0021240130299702287
GAMETES_Heterogeneity_20atts_1600_Het_0_4_0_2_75_EDM-2_001,NeuralNetFastAI,1440,160,0.37975581513642054,0.560347301369905,0.04680278152227402,0.07562417536973953,0.6937500238418579,0.002367389970459044
GAMETES_Heterogeneity_20atts_1600_Het_0_4_0_2_75_EDM-2_001,NeuralNetTorch,1440,160,0.35617732139823954,0.5331484338442383,0.07679007947444916,0.09287343919277191,0.706250011920929,0.002617841004393995
GAMETES_Heterogeneity_20atts_1600_Het_0_4_0_2_75_EDM-2_001,RandomForest,1440,160,0.4035821638279966,0.5910312205679856,0.035881903022527695,0.05993132293224335,0.699999988079071,0.0022221399703994393
GAMETES_Heterogeneity_20atts_1600_Het_0_4_0_2_75_EDM-2_001,XGBoost,1440,160,0.38901780713384276,0.5699560349685417,0.03645457327365875,0.06943388283252716,0.699999988079071,0.002513127983547747
Internet-Advertisements,CatBoost,2951,328,0.04342815067110106,0.08795273500237931,0.014338254928588867,0.020484672859311104,0.9725610017776489,0.0027368200244382024
Internet-Advertisements,ExtraTrees,2951,328,0.02843923560355025,0.07089768343465436,0.009217002429068089,0.021929504349827766,0.9878048896789551,0.002393058966845274
Internet-Advertisements,LightGBM,2951,328,0.043217474149046996,0.08644570439572406,0.012713760137557983,0.019617794081568718,0.9756097793579102,0.0026396630564704537
Internet-Advertisements,LinearModel,2951,328,0.06219939212613819,0.1321343238977038,0.010597527027130127,0.03018888831138611,0.9603658318519592,0.002670668065547943
Internet-Advertisements,NeuralNetFastAI,2951,328,0.0523110431146648,0.3610067786450027,0.00981367938220501,0.019237317144870758,0.9634146094322205,0.0046635669423267245
Internet-Advertisements,NeuralNetTorch,2951,328,0.0531351148025205,0.3686545776668442,0.012762010097503662,0.03453410044312477,0.9634146094322205,0.0026183179579675198
Internet-Advertisements,RandomForest,2951,328,0.03620342508997142,0.07542294850474018,0.00968700647354126,0.01788923889398575,0.9786585569381714,0.002381845028139651
Internet-Advertisements,XGBoost,2951,328,0.05153298077979171,0.09810152807127301,0.012000501155853271,0.017881613224744797,0.9695122241973877,0.002737939008511603
OVA_Colon,CatBoost,1390,155,0.07356180098813399,0.7315081363450995,0.019776174798607826,0.03504366800189018,0.9612902998924255,0.0021858420222997665
OVA_Colon,ExtraTrees,1390,155,0.06920235773820058,0.15757417899878806,0.02194027602672577,0.030717531219124794,0.9612902998924255,0.002254239981994033
OVA_Colon,LightGBM,1390,155,0.06452685464246195,0.2258535758822483,0.01863120123744011,0.02961776591837406,0.9677419066429138,0.0022405359195545316
OVA_Colon,LinearModel,1390,155,0.0661484847256393,0.6978707055734038,0.016369368880987167,0.031161561608314514,0.9677419066429138,0.0021354719065129757
OVA_Colon,NeuralNetFastAI,1390,155,0.0843914973666566,0.7188879200516426,0.026552744209766388,0.04860552027821541,0.9548386931419373,0.002333624055609107
OVA_Colon,NeuralNetTorch,1390,155,0.08144132169939172,0.21194115019699958,0.025741402059793472,0.05453259125351906,0.9548386931419373,0.0023343819193542004
OVA_Colon,RandomForest,1390,155,0.08565286149245638,0.17822435376045306,0.01919250190258026,0.042541250586509705,0.948387086391449,0.00222141295671463
OVA_Colon,XGBoost,1390,155,0.07297862125605559,0.7108183560244337,0.020945211872458458,0.036326054483652115,0.9612902998924255,0.0022815431002527475
OVA_Endometrium,CatBoost,1390,155,0.05541615708993002,0.09829147597456998,0.019066572189331055,0.025490235537290573,0.9677419066429138,0.0021198190515860915
OVA_Endometrium,ExtraTrees,1390,155,0.056828741604377855,0.10229746478581794,0.017979703843593597,0.025635765865445137,0.9677419066429138,0.0022336950059980154
OVA_Endometrium,LightGBM,1390,155,0.04762254569831091,0.08823967785459608,0.01845426857471466,0.025663239881396294,0.9677419066429138,0.0021131159737706184
OVA_Endometrium,LinearModel,1390,155,0.037544703127152704,0.06777591286428138,0.014221131801605225,0.020523177459836006,0.9806451797485352,0.0021792460465803742
OVA_Endometrium,NeuralNetFastAI,1390,155,0.045362203006621644,0.0788460508787293,0.011518697254359722,0.0180410947650671,0.9677419066429138,0.0022669510217383504
OVA_Endometrium,NeuralNetTorch,1390,155,0.043105008490378946,0.6135336974517239,0.010879294946789742,0.021399252116680145,0.9741935729980469,0.00220870494376868
OVA_Endometrium,RandomForest,1390,155,0.057002383746532014,0.11517878693390077,0.022732269018888474,0.031666990369558334,0.9677419066429138,0.002222519018687308
OVA_Endometrium,XGBoost,1390,155,0.0515001080640978,0.09561646268689349,0.020747438073158264,0.03964316472411156,0.9612902998924255,0.002080093021504581
OVA_Kidney,CatBoost,1390,155,0.014001330913215395,0.5727543424352207,0.010904192924499512,0.010904231108725071,0.9935483932495117,0.002256260020658374
OVA_Kidney,ExtraTrees,1390,155,0.015607902341102353,0.577824477338353,0.014936089515686035,0.016761334612965584,0.9935483932495117,0.0021908010821789503
OVA_Kidney,LightGBM,1390,155,0.014600702576199463,0.5734006355138751,0.01185452938079834,0.011854567565023899,0.9935483932495117,0.0021751229651272297
OVA_Kidney,LinearModel,1390,155,0.014289429754648487,0.03844738867829,0.011549043469130993,0.011260557919740677,0.9935483932495117,0.0021614349680021405
OVA_Kidney,NeuralNetFastAI,1390,155,0.017016471417397986,0.0391363388473241,0.011055083014070988,0.018705099821090698,0.9935483932495117,0.00221154501195997
OVA_Kidney,NeuralNetTorch,1390,155,0.01726428554696314,0.05056757685449291,0.01549341157078743,0.018025770783424377,0.9935483932495117,0.0022318660048767924
OVA_Kidney,RandomForest,1390,155,0.015405477490522639,0.05631926412269801,0.014737866818904877,0.01664632372558117,0.9935483932495117,0.002293450990691781
OVA_Kidney,XGBoost,1390,155,0.01524890426199342,0.5740093956201272,0.011474609375,0.013498992659151554,0.9935483932495117,0.0021363249979913235
OVA_Lung,CatBoost,1390,155,0.016807383621237768,0.5771740029304073,0.009430990554392338,0.008566711097955704,0.9935483932495117,0.002260311972349882
OVA_Lung,ExtraTrees,1390,155,0.022429985484107032,0.5846964366959603,0.008913228288292885,0.010224951431155205,0.9870967864990234,0.002183924079872668
OVA_Lung,LightGBM,1390,155,0.020148819625078942,0.5833131348181828,0.014749860391020775,0.011262748390436172,0.9870967864990234,0.0022297570249065757
OVA_Lung,LinearModel,1390,155,0.03075253094438091,0.06982799364847739,0.016150901094079018,0.01267975103110075,0.9806451797485352,0.0019919449696317315
OVA_Lung,NeuralNetFastAI,1390,155,0.03551433152616117,0.069295465911892,0.01162405963987112,0.015193695202469826,0.9806451797485352,0.0022390891099348664
OVA_Lung,NeuralNetTorch,1390,155,0.02575458556736233,0.592602515774016,0.01936623454093933,0.018314754590392113,0.9870967864990234,0.0022065129596740007
OVA_Lung,RandomForest,1390,155,0.033740522640756415,0.6040885897915051,0.01262587308883667,0.012781907804310322,0.9806451797485352,0.0021302319364622235
OVA_Lung,XGBoost,1390,155,0.01568479156090891,0.051685670890195545,0.011564408428966999,0.007826362736523151,0.9935483932495117,0.0021980070741847157
OVA_Ovary,CatBoost,1390,155,0.11165982353651162,0.2011316750614193,0.026557788252830505,0.049988195300102234,0.9225806593894958,0.0022469760151579976
OVA_Ovary,ExtraTrees,1390,155,0.12394019505169,0.7316965455548157,0.03591792657971382,0.06883165240287781,0.896774172782898,0.0023123910650610924
OVA_Ovary,LightGBM,1390,155,0.09852313712913179,0.1724098034238833,0.021498113870620728,0.04633098468184471,0.9354838728904724,0.0023633770179003477
OVA_Ovary,LinearModel,1390,155,0.11005694020884939,0.19018727520875228,0.022463921457529068,0.05896085128188133,0.9354838728904724,0.002395913004875183
OVA_Ovary,NeuralNetFastAI,1390,155,0.10789268483019403,0.16438934026572483,0.02929554507136345,0.06359153985977173,0.9161290526390076,0.002345534972846508
OVA_Ovary,NeuralNetTorch,1390,155,0.09807140736681377,0.1522095098789432,0.0284353606402874,0.04857247695326805,0.9354838728904724,0.0023499689996242523
OVA_Ovary,RandomForest,1390,155,0.11726598635495963,0.1959849518190903,0.03506079316139221,0.07553202658891678,0.9225806593894958,0.0023993620416149497
OVA_Ovary,XGBoost,1390,155,0.10420110456882341,0.722092485595738,0.025726819410920143,0.05730835720896721,0.9419354796409607,0.0023150380002334714
OVA_Prostate,CatBoost,1390,155,0.014690713419484637,0.5673543033843211,0.006451614201068878,0.009763584472239017,0.9935483932495117,0.0020690150558948517
OVA_Prostate,ExtraTrees,1390,155,0.01296585133187292,0.5648471826051211,0.007821128703653812,0.007821204140782356,0.9935483932495117,0.002092037000693381
OVA_Prostate,LightGBM,1390,155,0.012903225806451613,0.5634615990423387,0.00645161047577858,0.006451702676713467,0.9935483932495117,0.0020840580109506845
OVA_Prostate,LinearModel,1390,155,0.02580694389763292,1.1269884720019354,0.012968376278877258,0.012968460097908974,0.9870967864990234,0.002034817007370293
OVA_Prostate,NeuralNetFastAI,1390,155,0.025806451612903226,1.1269231980846774,0.012903224676847458,0.012903314083814621,0.9870967864990234,0.0020505550783127546
OVA_Prostate,NeuralNetTorch,1390,155,0.012903225806451613,0.5634615990423387,0.00645161047577858,0.006451702676713467,0.9935483932495117,0.0019841929897665977
OVA_Prostate,RandomForest,1390,155,0.016629106343758217,0.5723013108497313,0.012373622506856918,0.014075889252126217,0.9935483932495117,0.0020731360418722034
OVA_Prostate,XGBoost,1390,155,0.019339736901753002,0.5716058654425428,0.006451612338423729,0.011253191158175468,0.9870967864990234,0.0020425330149009824
PhishingWebsites,CatBoost,9949,1106,0.04738366877543015,0.1575778763621667,0.010030153207480907,0.016398003324866295,0.9701627492904663,0.004845493007451296
PhishingWebsites,ExtraTrees,9949,1106,0.057401655658238716,0.24617709798749426,0.01056243758648634,0.016525592654943466,0.9638336300849915,0.004408588050864637
PhishingWebsites,LightGBM,9949,1106,0.04736919626344718,0.08210757421305849,0.009628789499402046,0.011493506841361523,0.9674502611160278,0.004271800979040563
PhishingWebsites,LinearModel,9949,1106,0.09467663231891066,0.15238279494473714,0.005905836820602417,0.01711789146065712,0.9339963793754578,0.004646377987228334
PhishingWebsites,NeuralNetFastAI,9949,1106,0.04887770178545491,0.08149138029884159,0.008309380151331425,0.013858158141374588,0.9665461182594299,0.004168948042206466
PhishingWebsites,NeuralNetTorch,9949,1106,0.047385988316944294,0.1529025875836429,0.0110483942553401,0.013130410574376583,0.9683544039726257,0.00426461105234921
PhishingWebsites,RandomForest,9949,1106,0.05689169320049502,0.10151858781514522,0.011781412176787853,0.015039108693599701,0.9620253443717957,0.00433309399522841
PhishingWebsites,XGBoost,9949,1106,0.04833362205730447,0.086021240745015,0.008723684586584568,0.01690048910677433,0.9692586064338684,0.004261612077243626
Run_or_walk_information,CatBoost,79729,8859,0.009464326125157643,0.01744807048613115,0.002448545303195715,0.0033780511002987623,0.9942431449890137,0.026552531984634697
Run_or_walk_information,ExtraTrees,79729,8859,0.011724565744832357,0.022117994239000755,0.0021434947848320007,0.0027725736144930124,0.9928885698318481,0.022494268021546304
Run_or_walk_information,LightGBM,79729,8859,0.008594182075644984,0.016075884289598646,0.0022215587086975574,0.0024694569874554873,0.9941302537918091,0.02421926101669669
Run_or_walk_information,LinearModel,79729,8859,0.23304939092561439,0.3517336752669153,0.027869010344147682,0.02006678283214569,0.8257139921188354,0.029122050967998803
Run_or_walk_information,NeuralNetFastAI,79729,8859,0.013285778339143446,0.025847456180109054,0.0026836595498025417,0.003777744248509407,0.9913082718849182,0.024968972895294428
Run_or_walk_information,NeuralNetTorch,79729,8859,0.010738740679690502,0.02082631334327822,0.0034678676165640354,0.004410709720104933,0.9936787486076355,0.023144889040850103
Run_or_walk_information,RandomForest,79729,8859,0.013014150051132078,0.02423286280491545,0.0021704724058508873,0.0035908508580178022,0.9922112822532654,0.022526019951328635
Run_or_walk_information,XGBoost,79729,8859,0.010014047281371887,0.0180093623860123,0.0021965391933918,0.003490496426820755,0.9932272434234619,0.025646702968515456
Satellite,CatBoost,4590,510,0.01469023346051107,0.02554059020254978,0.006207907572388649,0.0071204411797225475,0.9882352948188782,0.0030706399120390415
Satellite,ExtraTrees,4590,510,0.01629450742065217,0.0249575023437861,0.0058953482657670975,0.00687109399586916,0.9882352948188782,0.0024480530992150307
Satellite,LightGBM,4590,510,0.014285428366841425,0.023850181372735015,0.006598629057407379,0.007958375848829746,0.9901960492134094,0.0029094049241393805
Satellite,LinearModel,4590,510,0.015076707825869694,0.02600931379062013,0.005731798242777586,0.00811078678816557,0.9921568632125854,0.002932674018666148
Satellite,NeuralNetFastAI,4590,510,0.01266918203932796,0.025645723085971555,0.004431739449501038,0.008698118850588799,0.9921568632125854,0.0028160359943285584
Satellite,NeuralNetTorch,4590,510,0.01603224744934511,0.0354689054317556,0.006546318531036377,0.006546171382069588,0.9882352948188782,0.0028095910092815757
Satellite,RandomForest,4590,510,0.015351292359709863,0.028093961175801367,0.005408924072980881,0.0075743249617516994,0.9882352948188782,0.002318055951036513
Satellite,XGBoost,4590,510,0.014705268274281804,0.023044429668806262,0.005249351263046265,0.005530420690774918,0.9901960492134094,0.0028659619856625795
SpeedDating,CatBoost,7540,838,0.17674510141753466,0.28875551027087054,0.019715264439582825,0.034045856446027756,0.8818615674972534,0.004297180916182697
SpeedDating,ExtraTrees,7540,838,0.19154249680896626,0.3080148483749866,0.01769823022186756,0.032791368663311005,0.8687350749969482,0.004404444945976138
SpeedDating,LightGBM,7540,838,0.17754627317942293,0.29075640874834513,0.023976657539606094,0.03250349313020706,0.8878281712532043,0.00417668791487813
SpeedDating,LinearModel,7540,838,0.1896512338571366,0.3129566637565709,0.028215453028678894,0.03916942700743675,0.8735083341598511,0.00407758099026978
SpeedDating,NeuralNetFastAI,7540,838,0.18778918396713346,0.3069955294517159,0.02208462357521057,0.0330917164683342,0.879474937915802,0.004338292055763304
SpeedDating,NeuralNetTorch,7540,838,0.18585451131398556,0.30389143087815296,0.022900409996509552,0.0319950208067894,0.8735083341598511,0.003914050990715623
SpeedDating,RandomForest,7540,838,0.19093864466684438,0.3117688515670554,0.021480318158864975,0.03564251586794853,0.8699284195899963,0.00421634002123028
SpeedDating,XGBoost,7540,838,0.17568325095767975,0.28807809896358816,0.0201139934360981,0.026191197335720062,0.8854415416717529,0.004342760075815022
Titanic,CatBoost,1980,221,0.25260792614814415,0.4066483689382542,0.06587202101945877,0.04933396354317665,0.8325791954994202,0.002277460996992886
Titanic,ExtraTrees,1980,221,0.25496819577479374,0.40913460175052757,0.07121571898460388,0.055528201162815094,0.8280543088912964,0.002275685081258416
Titanic,LightGBM,1980,221,0.252798041372018,0.40787420717482853,0.06721208989620209,0.05077499896287918,0.8325791954994202,0.002263544942252338
Titanic,LinearModel,1980,221,0.26624807526511907,0.43333138705275104,0.05488218367099762,0.07348284125328064,0.8325791954994202,0.0021955169504508376
Titanic,NeuralNetFastAI,1980,221,0.2518554764438539,0.40610734740191307,0.06623076647520065,0.04612740874290466,0.8325791954994202,0.002467451966367662
Titanic,NeuralNetTorch,1980,221,0.25244811883514423,0.4061947609394332,0.06674510985612869,0.053142499178647995,0.8325791954994202,0.002461371012032032
Titanic,RandomForest,1980,221,0.255431497018754,0.41060020196139246,0.06953338533639908,0.05449168011546135,0.8280543088912964,0.002245120005682111
Titanic,XGBoost,1980,221,0.25289169077104984,0.4078323603183383,0.06716719269752502,0.0510307252407074,0.8325791954994202,0.0022474529687315226
ada,CatBoost,3732,415,0.1698754827879156,0.26581000288211065,0.015537532046437263,0.024467455223202705,0.8795180916786194,0.003270018962211907
ada,ExtraTrees,3732,415,0.19512625554456006,0.30692129939221147,0.014742057770490646,0.03816922754049301,0.8602409362792969,0.0031477910233661532
ada,LightGBM,3732,415,0.17241816441791077,0.2714487990646285,0.018816228955984116,0.04359100013971329,0.87469881772995,0.0031813300447538495
ada,LinearModel,3732,415,0.1988511087083478,0.31418435580436627,0.019181694835424423,0.025227058678865433,0.8578312993049622,0.003104332950897515
ada,NeuralNetFastAI,3732,415,0.18686083598046802,0.298510544339023,0.014788382686674595,0.03196980431675911,0.87469881772995,0.0032944109989330173
ada,NeuralNetTorch,3732,415,0.18397798801824491,0.28665698396497835,0.0120284054428339,0.019232632592320442,0.8722891807556152,0.0029142519924789667
ada,RandomForest,3732,415,0.1817611139992276,0.287028406301167,0.013220760971307755,0.031093629077076912,0.87469881772995,0.0031160599319264293
ada,XGBoost,3732,415,0.1701088676247361,0.2681064426729904,0.012594358995556831,0.022713270038366318,0.87469881772995,0.003035850008018315
adult,CatBoost,43957,4885,0.17153395547367878,0.2879968664545274,0.00660707987844944,0.012315724976360798,0.8777891397476196,0.015055214986205101
adult,ExtraTrees,43957,4885,0.190158124926709,0.29983225147142156,0.006829581689089537,0.016496263444423676,0.8622313141822815,0.013382877921685576
adult,LightGBM,43957,4885,0.17137002226769055,0.28567525912456154,0.006437838077545166,0.012134324759244919,0.8775844573974609,0.014219089993275702
adult,LinearModel,43957,4885,0.20319358664482692,0.3352171441020979,0.0077778794802725315,0.011553479358553886,0.8528147339820862,0.015693131950683892
adult,NeuralNetFastAI,43957,4885,0.18948589454045858,0.33186490816943265,0.008269727230072021,0.009532736614346504,0.8638690114021301,0.015319976024329662
adult,NeuralNetTorch,43957,4885,0.19136679782500307,0.3169530066840093,0.0078516136854887,0.011932196095585823,0.8626407384872437,0.015537205035798252
adult,RandomForest,43957,4885,0.1871885918212049,0.29443922189797345,0.008256769739091396,0.01075440738350153,0.8626407384872437,0.015191809041425586
adult,XGBoost,43957,4885,0.1700879158415043,0.2836588575456457,0.00530552864074707,0.010993978008627892,0.8773797154426575,0.015108747989870608
ailerons,CatBoost,12375,1375,0.15860796707165276,0.26214790501081914,0.008384637534618378,0.023854758590459824,0.8916363716125488,0.005696182954125106
ailerons,ExtraTrees,12375,1375,0.16765129277643712,0.45121605105554236,0.008177828043699265,0.019777940586209297,0.8807272911071777,0.005266348947770894
ailerons,LightGBM,12375,1375,0.15867836901615182,0.25981013591851493,0.007982701063156128,0.023535335436463356,0.8930909037590027,0.005536595941521227
ailerons,LinearModel,12375,1375,0.1690897137731066,0.27701224535916186,0.009191153571009636,0.02661270461976528,0.8821818232536316,0.005568403983488679
ailerons,NeuralNetFastAI,12375,1375,0.16614105704878532,0.27197647469502606,0.009514732286334038,0.02076849900186062,0.8850908875465393,0.005783467087894678
ailerons,NeuralNetTorch,12375,1375,0.16434647825034254,0.26849438678931636,0.008877955377101898,0.024841826409101486,0.8836363554000854,0.0057065889704972506
ailerons,RandomForest,12375,1375,0.16399564774519204,0.3287972218991521,0.008387370966374874,0.033231161534786224,0.8836363554000854,0.005632419022731483
ailerons,XGBoost,12375,1375,0.1591582617875742,0.26103666325653924,0.007548388093709946,0.019838979467749596,0.8894545435905457,0.005243457038886845
arcene,CatBoost,90,10,0.45547900476527037,9.079788349198086,0.15704365074634552,0.23597006499767303,0.699999988079071,0.0017355550080537796
arcene,ExtraTrees,90,10,0.32667908888399394,8.935924505309782,0.11523940414190292,0.25804075598716736,0.8999999761581421,0.0016763419844210148
arcene,LightGBM,90,10,0.44538023337902305,9.07281914576942,0.12419380992650986,0.21881529688835144,0.699999988079071,0.0016982679953798652
arcene,LinearModel,90,10,0.37788057131232866,0.5640692536579366,0.1287958025932312,0.29935991764068604,0.699999988079071,0.0017200729344040155
arcene,NeuralNetFastAI,90,10,0.3491002451809278,8.959855607010159,0.10864929854869843,0.199345201253891,0.800000011920929,0.0017075849464163184
arcene,NeuralNetTorch,90,10,0.38757160013370434,8.964633361781056,0.1369355022907257,0.23693546652793884,0.699999988079071,0.001697742030955851
arcene,RandomForest,90,10,0.3754422069250851,8.971664168392511,0.10833508521318436,0.26429012417793274,0.699999988079071,0.001813117996789515
arcene,XGBoost,90,10,0.4212830832445082,9.053788471692162,0.10000000149011612,0.2623460292816162,0.800000011920929,0.0017250829841941595
arsenic-female-bladder,CatBoost,503,56,0.2069193031167007,0.3278912242346568,0.03179511800408363,0.05851660296320915,0.8571428656578064,0.0020007709972560406
arsenic-female-bladder,ExtraTrees,503,56,0.2245063522686088,0.3644869653501836,0.04893854260444641,0.10352855920791626,0.8571428656578064,0.0019835149869322777
arsenic-female-bladder,LightGBM,503,56,0.22018881896303194,0.35570923051157133,0.04660794138908386,0.0818130373954773,0.875,0.001909748069010675
arsenic-female-bladder,LinearModel,503,56,0.2357698840893599,0.37170872665052584,0.04731345176696777,0.08404245972633362,0.8392857313156128,0.002010931959375739
arsenic-female-bladder,NeuralNetFastAI,503,56,0.2140075052287272,0.31737234049546903,0.04006528854370117,0.06990672647953033,0.8214285969734192,0.0019771880470216274
arsenic-female-bladder,NeuralNetTorch,503,56,0.18469276228686107,0.3055837992119811,0.04871818423271179,0.07658462971448898,0.8571428656578064,0.0019966369727626443
arsenic-female-bladder,RandomForest,503,56,0.22196388748396836,0.3607472750989209,0.053599148988723755,0.10880926251411438,0.8571428656578064,0.0019276599632576108
arsenic-female-bladder,XGBoost,503,56,0.21377352656644755,0.3379076247757376,0.029302919283509254,0.052981890738010406,0.8571428656578064,0.001890685991384089
autoUniv-au1-1000,CatBoost,900,100,0.37599621921547927,0.5633458525469294,0.05606146901845932,0.08411964774131775,0.7300000190734863,0.0021704479586333036
autoUniv-au1-1000,ExtraTrees,900,100,0.367029701311194,0.5668867062445265,0.04009389877319336,0.08087404072284698,0.7599999904632568,0.001981234992854297
autoUniv-au1-1000,LightGBM,900,100,0.3590754953598737,0.5529114452158609,0.04302269220352173,0.11182759702205658,0.7699999809265137,0.001987618044950068
autoUniv-au1-1000,LinearModel,900,100,0.3817186299153486,0.5752444088424847,0.0688290074467659,0.0480298288166523,0.7599999904632568,0.00214081397280097
autoUniv-au1-1000,NeuralNetFastAI,900,100,0.34978472720127984,0.5395927665172682,0.03686383366584778,0.07319091260433197,0.7699999809265137,0.002178695984184742
autoUniv-au1-1000,NeuralNetTorch,900,100,0.35457572075208604,0.5356711535410248,0.03383955359458923,0.10349036008119583,0.75,0.0021638909820467234
autoUniv-au1-1000,RandomForest,900,100,0.3897565675394759,0.5797825626697752,0.052750322967767715,0.1182040348649025,0.7300000190734863,0.0021271200384944677
autoUniv-au1-1000,XGBoost,900,100,0.37469087470395307,0.5606583271231742,0.05846700817346573,0.0970085859298706,0.699999988079071,0.00209039100445807
bank-marketing,CatBoost,40689,4522,0.11704250496558513,0.18627566897652856,0.004294164478778839,0.010069876909255981,0.9155241250991821,0.013982094009406865
bank-marketing,ExtraTrees,40689,4522,0.12569281459119797,0.20019785722471878,0.005919669754803181,0.012373918667435646,0.9064573049545288,0.012770345900207758
bank-marketing,LightGBM,40689,4522,0.1193985423211712,0.18937204997841417,0.00584692507982254,0.0086703822016716,0.9115435481071472,0.01298872905317694
bank-marketing,LinearModel,40689,4522,0.14140356123832337,0.22816212305875272,0.006126047112047672,0.01090799830853939,0.8998230695724487,0.013097114977426827
bank-marketing,NeuralNetFastAI,40689,4522,0.12057119466632107,0.19121048838507132,0.0065333042293787,0.008719506673514843,0.9117646813392639,0.014187359949573874
bank-marketing,NeuralNetTorch,40689,4522,0.12024135912173717,0.19072813978083925,0.007290232926607132,0.010049293749034405,0.908889889717102,0.013057989999651909
bank-marketing,RandomForest,40689,4522,0.12534201240826212,0.23620873252237173,0.005671340972185135,0.011382624506950378,0.9080052971839905,0.014712455915287137
bank-marketing,XGBoost,40689,4522,0.11903748345286716,0.18982819258140976,0.005272272974252701,0.00825891550630331,0.9130915403366089,0.013390658074058592
bank32nh,CatBoost,7372,820,0.2693201925710467,0.41916829416828294,0.021669451147317886,0.043367352336645126,0.7939024567604065,0.004399136989377439
bank32nh,ExtraTrees,7372,820,0.2699129642999943,0.41362027329520706,0.021002495661377907,0.04754452779889107,0.7987805008888245,0.004210441955365241
bank32nh,LightGBM,7372,820,0.26913062762338225,0.5183791950746363,0.024084577336907387,0.04172530770301819,0.795121967792511,0.003896782989613712
bank32nh,LinearModel,7372,820,0.2681007180734567,0.4091251423196814,0.020036913454532623,0.044756993651390076,0.7939024567604065,0.0044292539823800325
bank32nh,NeuralNetFastAI,7372,820,0.2556303542774151,0.396795832919846,0.0210894625633955,0.03253614902496338,0.8085365891456604,0.004468176979571581
bank32nh,NeuralNetTorch,7372,820,0.26164640309863824,0.4070472136230739,0.01759340614080429,0.027779627591371536,0.8048780560493469,0.004463823977857828
bank32nh,RandomForest,7372,820,0.2856406410025914,0.4381439974570868,0.02404332160949707,0.0424298495054245,0.790243923664093,0.004292701021768153
bank32nh,XGBoost,7372,820,0.2729205593962135,0.6217931667716922,0.021615996956825256,0.04463696852326393,0.795121967792511,0.004336314043030143
bank8FM,CatBoost,7372,820,0.07419550173076896,0.11813548602089835,0.009011799469590187,0.019250759854912758,0.9451219439506531,0.0038683259626850486
bank8FM,ExtraTrees,7372,820,0.07786907501684855,0.1250480054826075,0.008890457451343536,0.01594231277704239,0.9487804770469666,0.003861350007355213
bank8FM,LightGBM,7372,820,0.07539809062911196,0.11808473522928657,0.009747695177793503,0.022662876173853874,0.9487804770469666,0.003890077001415193
bank8FM,LinearModel,7372,820,0.08206379532834074,0.13343378998746225,0.00941939651966095,0.01412157528102398,0.9451219439506531,0.003712238045409322
bank8FM,NeuralNetFastAI,7372,820,0.07666631195354809,0.11602852442615418,0.009629798121750355,0.019815506413578987,0.9475609660148621,0.0038257130654528737
bank8FM,NeuralNetTorch,7372,820,0.07970532850219857,0.12243323400052782,0.009523201733827591,0.017534300684928894,0.9487804770469666,0.0035097089130431414
bank8FM,RandomForest,7372,820,0.07790965104764816,0.13142132501520487,0.008047688752412796,0.026176974177360535,0.949999988079071,0.003946523065678775
bank8FM,XGBoost,7372,820,0.07556773697322162,0.22387284639057933,0.007467916700989008,0.016258100047707558,0.9463414549827576,0.00393936806358397
blood-transfusion-service-center,CatBoost,673,75,0.3355949124888885,0.5069200352222085,0.07497669011354446,0.10569780319929123,0.7599999904632568,0.0021094019757583737
blood-transfusion-service-center,ExtraTrees,673,75,0.32793157630075676,0.490743209788724,0.062103141099214554,0.08263619989156723,0.7599999904632568,0.0021541849710047245
blood-transfusion-service-center,LightGBM,673,75,0.32554221001053674,0.4885351040493174,0.0633651465177536,0.12666074931621552,0.7599999904632568,0.002081744954921305
blood-transfusion-service-center,LinearModel,673,75,0.32234621300722155,0.4771925801632682,0.068815216422081,0.09270796924829483,0.746666669845581,0.002097657066769898
blood-transfusion-service-center,NeuralNetFastAI,673,75,0.32997377736807215,0.4899450638898501,0.06824827939271927,0.12219754606485367,0.746666669845581,0.0021296419436112046
blood-transfusion-service-center,NeuralNetTorch,673,75,0.31061233903920543,0.46354607366057204,0.06468306481838226,0.08851934969425201,0.746666669845581,0.0021516429260373116
blood-transfusion-service-center,RandomForest,673,75,0.317344454808274,0.48362175938537416,0.06532126665115356,0.10596868395805359,0.7733333110809326,0.0020393069135025144
blood-transfusion-service-center,XGBoost,673,75,0.3392373789514991,0.5124097017773548,0.049811866134405136,0.1069105938076973,0.7333333492279053,0.0020563170546665788
boston_corrected,CatBoost,455,51,0.1608734658778251,0.25762675268816326,0.07259301841259003,0.07571373134851456,0.9215686321258545,0.0019890309777110815
boston_corrected,ExtraTrees,455,51,0.17028952192683536,0.26654721924794683,0.10267619043588638,0.13169142603874207,0.843137264251709,0.0018440349958837032
boston_corrected,LightGBM,455,51,0.15482328439501178,0.25076564047184297,0.07913173735141754,0.14459899067878723,0.9411764740943909,0.002059863996692002
boston_corrected,LinearModel,455,51,0.17590370868449656,0.27492012615494205,0.08430756628513336,0.1190587729215622,0.8627451062202454,0.0019167920108884573
boston_corrected,NeuralNetFastAI,455,51,0.1488922122101465,0.24366614241208917,0.10694713890552521,0.12465116381645203,0.8823529481887817,0.0019685019506141543
boston_corrected,NeuralNetTorch,455,51,0.17531592747363905,0.27047465352645095,0.08771119266748428,0.16150498390197754,0.8627451062202454,0.0017955070361495018
boston_corrected,RandomForest,455,51,0.17355207310075416,0.27716532567573077,0.08287352323532104,0.09462191164493561,0.8627451062202454,0.002027672016993165
boston_corrected,XGBoost,455,51,0.19121533685612085,0.2919470711737312,0.0697949156165123,0.10908184200525284,0.8627451062202454,0.001981134060770273
churn,CatBoost,4500,500,0.0848970314153532,0.17255934149087718,0.011602280661463737,0.02351151593029499,0.949999988079071,0.0031595559557899833
churn,ExtraTrees,4500,500,0.08359760287648683,0.1715693078037968,0.014018500223755836,0.026233969256281853,0.9480000138282776,0.0028907189844176173
churn,LightGBM,4500,500,0.09024332804901505,0.18424258433528082,0.013623282313346863,0.0298778023570776,0.9480000138282776,0.0031419399892911315
churn,LinearModel,4500,500,0.1840232598905515,0.30020100257245264,0.02112705260515213,0.03233586996793747,0.8479999899864197,0.0029966189758852124
churn,NeuralNetFastAI,4500,500,0.07677558450665936,0.16175364768409428,0.009453332051634789,0.018655678257346153,0.9559999704360962,0.0030568400397896767
churn,NeuralNetTorch,4500,500,0.08409025282157709,0.17668961267966243,0.01832439750432968,0.02804616466164589,0.9520000219345093,0.003143229056149721
churn,RandomForest,4500,500,0.09891296190791567,0.3590573989856409,0.01395499985665083,0.022822124883532524,0.9380000233650208,0.0031416650163009763
churn,XGBoost,4500,500,0.0885889807798037,0.17756197232902685,0.01349672395735979,0.030152829363942146,0.9440000057220459,0.002978509059175849
climate-model-simulation-crashes,CatBoost,486,54,0.0976434321895367,1.7135155722331832,0.045244619250297546,0.06376305222511292,0.9444444179534912,0.0019173090113326907
climate-model-simulation-crashes,ExtraTrees,486,54,0.09115080916272149,1.6968941068086916,0.0464746356010437,0.06537503004074097,0.9444444179534912,0.0017094549257308245
climate-model-simulation-crashes,LightGBM,486,54,0.09165017695242485,1.6936826748179494,0.04479497671127319,0.060440294444561005,0.9259259104728699,0.0018121799221262336
climate-model-simulation-crashes,LinearModel,486,54,0.10365638467460671,3.2952197779536196,0.06087687611579895,0.07990863174200058,0.9444444179534912,0.0017182959709316492
climate-model-simulation-crashes,NeuralNetFastAI,486,54,0.09504678300954178,3.2691619676985235,0.044956572353839874,0.06347499042749405,0.9444444179534912,0.0018478649435564876
climate-model-simulation-crashes,NeuralNetTorch,486,54,0.10373899819584011,1.7210724471835388,0.03661012649536133,0.06131782755255699,0.9074074029922485,0.001899742055684328
climate-model-simulation-crashes,RandomForest,486,54,0.11132875067634558,3.304370191796794,0.07286754250526428,0.08452486246824265,0.9259259104728699,0.0018763609696179628
climate-model-simulation-crashes,XGBoost,486,54,0.0796529767506007,1.6909025262913175,0.055541183799505234,0.07486230134963989,0.9444444179534912,0.0019483480136841536
colleges_usnews,CatBoost,1171,131,0.37914225652482375,0.5495834119413054,0.06164754182100296,0.08618945628404617,0.7175572514533997,0.0022597280330955982
colleges_usnews,ExtraTrees,1171,131,0.36736946911036056,0.5382067693571467,0.060624752193689346,0.085081547498703,0.694656491279602,0.0023008319549262524
colleges_usnews,LightGBM,1171,131,0.3874489677245858,0.5570160026175462,0.07393322139978409,0.11528345942497253,0.6717557311058044,0.0022749289637431502
colleges_usnews,LinearModel,1171,131,0.395113232689192,0.5644601908874315,0.061693981289863586,0.1291629523038864,0.6641221642494202,0.0022960189962759614
colleges_usnews,NeuralNetFastAI,1171,131,0.39630680474652547,0.5679760526301001,0.07699251919984818,0.11646739393472672,0.6793892979621887,0.00225045601837337
colleges_usnews,NeuralNetTorch,1171,131,0.3844506236452307,0.552723712132321,0.07685641199350357,0.15881185233592987,0.7251908183097839,0.0024354379856958985
colleges_usnews,RandomForest,1171,131,0.37439034691800815,0.5732194764582964,0.06574034690856934,0.11425745487213135,0.7022900581359863,0.0022387889912351966
colleges_usnews,XGBoost,1171,131,0.3869675382851708,0.5545754946507321,0.07410149276256561,0.1276104897260666,0.6793892979621887,0.002390196081250906
cpu_act,CatBoost,7372,820,0.06684647724768818,0.11333130034073458,0.015105221420526505,0.0291772298514843,0.959756076335907,0.0039079689886420965
cpu_act,ExtraTrees,7372,820,0.07677214928876784,0.12882910549794077,0.01441219076514244,0.026597531512379646,0.95243901014328,0.004106178064830601
cpu_act,LightGBM,7372,820,0.06912989819243541,0.11444798201236504,0.015560813248157501,0.03128119185566902,0.95243901014328,0.0040088079404085875
cpu_act,LinearModel,7372,820,0.08538039417448566,0.14469133415588795,0.015427926555275917,0.027573244646191597,0.9439024329185486,0.0039562840247526765
cpu_act,NeuralNetFastAI,7372,820,0.0727341508746645,0.12374103713122457,0.016956429928541183,0.03251999616622925,0.9487804770469666,0.003956072963774204
cpu_act,NeuralNetTorch,7372,820,0.07856841104673366,0.13263391697071947,0.020278478041291237,0.0325176827609539,0.9426829218864441,0.004025966045446694
cpu_act,RandomForest,7372,820,0.07482003705370573,0.22887177183475593,0.01364961452782154,0.025529399514198303,0.954878032207489,0.0039006430888548493
cpu_act,XGBoost,7372,820,0.06637009008133438,0.11177409034602721,0.016285356134176254,0.030060794204473495,0.9560975432395935,0.004046129994094372
cpu_small,CatBoost,7372,820,0.09770072925074251,0.15515479473422467,0.01362665742635727,0.020263560116291046,0.9365853667259216,0.004152077017351985
cpu_small,ExtraTrees,7372,820,0.10495827982288411,0.16660530676739746,0.01003110408782959,0.019896525889635086,0.9292683005332947,0.004159551928751171
cpu_small,LightGBM,7372,820,0.09742885172381395,0.15462414419727583,0.011349394917488098,0.029896238818764687,0.9378048777580261,0.003863702993839979
cpu_small,LinearModel,7372,820,0.12605778157761263,0.19891478457325432,0.009568944573402405,0.0231309924274683,0.9073171019554138,0.004058154998347163
cpu_small,NeuralNetFastAI,7372,820,0.10896467650754288,0.16940901006706202,0.008417582139372826,0.021921968087553978,0.9170731902122498,0.004067484987899661
cpu_small,NeuralNetTorch,7372,820,0.10282415415814702,0.1636343728517683,0.012324795126914978,0.02441960945725441,0.9256097674369812,0.004280148074030876
cpu_small,RandomForest,7372,820,0.10201060184106273,0.16433844651893348,0.013497289270162582,0.03334012255072594,0.9329268336296082,0.0037616300396621227
cpu_small,XGBoost,7372,820,0.09979279059676299,0.15831027055622046,0.012264365330338478,0.039091918617486954,0.9378048777580261,0.004160550073720515
credit-g,CatBoost,900,100,0.27832384056213877,0.42503726921277263,0.046111006289720535,0.08008016645908356,0.8199999928474426,0.002176116919144988
credit-g,ExtraTrees,900,100,0.2839194898650506,0.44070219826298823,0.0501764640212059,0.09241373091936111,0.8199999928474426,0.0021864440059289336
credit-g,LightGBM,900,100,0.28977323931370913,1.2911207757840395,0.034316807985305786,0.06574331223964691,0.7900000214576721,0.0021812260383740067
credit-g,LinearModel,900,100,0.30589641728444245,0.46527757933287134,0.052185967564582825,0.08293330669403076,0.7900000214576721,0.0021683690138161182
credit-g,NeuralNetFastAI,900,100,0.2895777035293436,0.4424451618273062,0.03289375454187393,0.05283673480153084,0.800000011920929,0.0020988130709156394
credit-g,NeuralNetTorch,900,100,0.2882910168655461,0.44373644542203083,0.04344222694635391,0.09167812019586563,0.7699999809265137,0.002033059950917959
credit-g,RandomForest,900,100,0.2700530584072541,0.4207569884751517,0.0503883883357048,0.1219707801938057,0.7900000214576721,0.002150359097868204
credit-g,XGBoost,900,100,0.29016100854076116,0.4409278523142025,0.03630523383617401,0.08803512156009674,0.7599999904632568,0.002177568036131561
cylinder-bands,CatBoost,486,54,0.18529667172236425,0.2981784302103653,0.043078795075416565,0.09820696711540222,0.8333333134651184,0.0019641240360215306
cylinder-bands,ExtraTrees,486,54,0.1777968266437813,0.30276838473551704,0.050866998732089996,0.1297970414161682,0.9074074029922485,0.0020105750299990177
cylinder-bands,LightGBM,486,54,0.18221295641227686,0.2982928256877239,0.05215746909379959,0.13109543919563293,0.8888888955116272,0.0020878419745713472
cylinder-bands,LinearModel,486,54,0.2585362533864919,0.4024678740469069,0.04312852770090103,0.1297386884689331,0.7962962985038757,0.0020390580175444484
cylinder-bands,NeuralNetFastAI,486,54,0.21993834440014345,0.3640517761317608,0.07039391994476318,0.13266047835350037,0.8703703880310059,0.002141878940165043
cylinder-bands,NeuralNetTorch,486,54,0.1944301641745427,0.3221972147347777,0.05648518726229668,0.10233109444379807,0.8518518805503845,0.0020537240197882056
cylinder-bands,RandomForest,486,54,0.16081140602079586,0.2657506342753045,0.03865467384457588,0.08995866030454636,0.8888888955116272,0.0020881990203633904
cylinder-bands,XGBoost,486,54,0.1774512030565699,0.29784571418464495,0.05780136212706566,0.12473802268505096,0.8703703880310059,0.0021794030908495188
delta_ailerons,CatBoost,6416,713,0.08960330995090587,0.18529725888813134,0.008398800157010555,0.02136777527630329,0.948106586933136,0.00407121900934726
delta_ailerons,ExtraTrees,6416,713,0.09200871247187792,0.18546963648600587,0.01134173758327961,0.018010206520557404,0.9453015327453613,0.003674563951790333
delta_ailerons,LightGBM,6416,713,0.0912073034141487,0.5271311368455326,0.008768299594521523,0.02802070789039135,0.9424964785575867,0.003498630947433412
delta_ailerons,LinearModel,6416,713,0.11045534542950704,0.33563336848412784,0.0102442167699337,0.02859397418797016,0.939691424369812,0.0035326610086485744
delta_ailerons,NeuralNetFastAI,6416,713,0.10212789215273035,0.3161731162064827,0.011420704424381256,0.02555292658507824,0.9453015327453613,0.0036831949837505817
delta_ailerons,NeuralNetTorch,6416,713,0.10088044041386199,0.19959456810217102,0.01046371553093195,0.021279599517583847,0.9453015327453613,0.003677222062833607
delta_ailerons,RandomForest,6416,713,0.09373029891005062,0.18381395200772724,0.011102917604148388,0.018953394144773483,0.9438990354537964,0.004102464998140931
delta_ailerons,XGBoost,6416,713,0.09110955659772568,0.4127901293701582,0.010416345670819283,0.023448385298252106,0.9495091438293457,0.0038445889949798584
delta_elevators,CatBoost,8565,952,0.17772301255167522,0.38385459587293014,0.011105791665613651,0.024885237216949463,0.8844537734985352,0.004552881931886077
delta_elevators,ExtraTrees,8565,952,0.1804091545667217,0.2997132967314277,0.012483910657465458,0.032771214842796326,0.8802521228790283,0.004433273919858038
delta_elevators,LightGBM,8565,952,0.17633196261752138,0.2961792580100124,0.012917875312268734,0.034875914454460144,0.8897058963775635,0.004697210039012134
delta_elevators,LinearModel,8565,952,0.17947732709600586,0.30693295402964704,0.013834308832883835,0.024597521871328354,0.881302535533905,0.004705614992417395
delta_elevators,NeuralNetFastAI,8565,952,0.17756466223654513,0.2998055671727067,0.008585095405578613,0.01926835998892784,0.881302535533905,0.004311474040150642
delta_elevators,NeuralNetTorch,8565,952,0.17604328054920504,0.29585156580782734,0.010808609426021576,0.02707536704838276,0.8855041861534119,0.004409533925354481
delta_elevators,RandomForest,8565,952,0.1835926850864391,0.30270043379654316,0.013981211930513382,0.030562136322259903,0.8728991746902466,0.004318909021094441
delta_elevators,XGBoost,8565,952,0.17715824360289542,0.2967178784396337,0.008786875754594803,0.021821273490786552,0.8823529481887817,0.004685228923335671
diabetes,CatBoost,691,77,0.24321352552836445,0.3810907348809942,0.038408711552619934,0.08956537395715714,0.8311688303947449,0.0021458829287439585
diabetes,ExtraTrees,691,77,0.2362681604934925,0.3715064534892149,0.049190446734428406,0.13416816294193268,0.8441558480262756,0.0021460549905896187
diabetes,LightGBM,691,77,0.24389097485360414,0.38169709044210826,0.03273339569568634,0.06408248841762543,0.8051947951316833,0.002061009989120066
diabetes,LinearModel,691,77,0.22540064919170624,0.35655730496594085,0.05580548197031021,0.13354119658470154,0.8311688303947449,0.002344156033359468
diabetes,NeuralNetFastAI,691,77,0.23817394462508448,0.3708164915017855,0.0483008548617363,0.12026593834161758,0.8181818127632141,0.0020353709114715457
diabetes,NeuralNetTorch,691,77,0.2324926849921464,0.36284701704523203,0.038865480571985245,0.07770384103059769,0.8311688303947449,0.0022830229718238115
diabetes,RandomForest,691,77,0.23860294298815057,0.3789063495564238,0.0394643172621727,0.07442775368690491,0.8311688303947449,0.002088758978061378
diabetes,XGBoost,691,77,0.2669270658287287,1.504205916861352,0.03768344596028328,0.1389089673757553,0.7922077775001526,0.0022142879897728562
dresses-sales,CatBoost,450,50,0.48762133694406384,0.6820601596285185,0.07532663643360138,0.1353238970041275,0.5799999833106995,0.001809303998015821
dresses-sales,ExtraTrees,450,50,0.5241137243358494,0.7280432895834693,0.10757392644882202,0.17139895260334015,0.5799999833106995,0.001862559001892805
dresses-sales,LightGBM,450,50,0.49856383212138394,0.698814141612659,0.07792791724205017,0.11989209055900574,0.5799999833106995,0.0017301860498264432
dresses-sales,LinearModel,450,50,0.4834618423787017,0.6835347986197651,0.08036282658576965,0.18200109899044037,0.6399999856948853,0.0018058589193969965
dresses-sales,NeuralNetFastAI,450,50,0.4960969442455483,0.7011609096470249,0.09560920298099518,0.16922527551651,0.6600000262260437,0.0018423630390316248
dresses-sales,NeuralNetTorch,450,50,0.48907529482853235,0.6874858144518202,0.08749805390834808,0.13680554926395416,0.6399999856948853,0.001857585972175002
dresses-sales,RandomForest,450,50,0.5287856263996785,0.7357162003235754,0.09211325645446777,0.20700904726982117,0.5799999833106995,0.0018832420464605093
dresses-sales,XGBoost,450,50,0.4970687750471786,0.6919712819356311,0.06217113882303238,0.12230578809976578,0.5799999833106995,0.0019973739981651306
eeg-eye-state,CatBoost,13482,1498,0.061579677850206134,0.10668933304995945,0.007871538400650024,0.01123193558305502,0.9599465727806091,0.005851506954059005
eeg-eye-state,ExtraTrees,13482,1498,0.08175691918163978,0.1346985747976456,0.010196126997470856,0.01831519603729248,0.9405874609947205,0.005711462930776179
eeg-eye-state,LightGBM,13482,1498,0.06799510341745553,0.11444540290426779,0.009204566478729248,0.015218517743051052,0.9572763442993164,0.005966741009615362
eeg-eye-state,LinearModel,13482,1498,0.44496551781886656,0.6334827833926918,0.013821668922901154,0.023617949336767197,0.6321762204170227,0.005537441931664944
eeg-eye-state,NeuralNetFastAI,13482,1498,0.25327127407483924,0.39929782327610713,0.04763190820813179,0.0780193880200386,0.8184245824813843,0.00553633295930922
eeg-eye-state,NeuralNetTorch,13482,1498,0.02692604542191015,0.049682754862501066,0.0040039243176579475,0.010926843620836735,0.9813084006309509,0.0046368950279429555
eeg-eye-state,RandomForest,13482,1498,0.09458001053990824,0.1584844572696141,0.010354666970670223,0.013189130462706089,0.9379172325134277,0.005460145999677479
eeg-eye-state,XGBoost,13482,1498,0.07090158570485516,0.11985971724339053,0.008091183379292488,0.01136882696300745,0.9532710313796997,0.00615498807746917
electricity,CatBoost,40780,4532,0.08115827888782318,0.1406140205977255,0.004429057240486145,0.012558244168758392,0.947925865650177,0.014767179964110255
electricity,ExtraTrees,40780,4532,0.1370499096530088,0.2265026189221898,0.005351879168301821,0.008194969967007637,0.9048985242843628,0.01283119001891464
electricity,LightGBM,40780,4532,0.08161214959804304,0.1604140346488217,0.007835275493562222,0.012798605486750603,0.948367178440094,0.012535123038105667
electricity,LinearModel,40780,4532,0.3290235153802102,0.5130202929290585,0.006840948015451431,0.016649024561047554,0.7570608854293823,0.014061560039408505
electricity,NeuralNetFastAI,40780,4532,0.21960903130582898,0.36279305390085537,0.009610243141651154,0.01650347001850605,0.8448808193206787,0.014044453972019255
electricity,NeuralNetTorch,40780,4532,0.18484454673448394,0.297612989002098,0.01627511903643608,0.028020787984132767,0.8711385726928711,0.013779912027530372
electricity,RandomForest,40780,4532,0.10552503943978171,0.18002470148130928,0.004743547644466162,0.008294306695461273,0.9302735924720764,0.011639465927146375
electricity,XGBoost,40780,4532,0.07971140823277142,0.14018501113566406,0.005702172871679068,0.012398568913340569,0.948808491230011,0.012843457981944084
fri_c0_1000_5,CatBoost,900,100,0.12265817861296721,0.18325744245270656,0.05233512818813324,0.08803239464759827,0.8999999761581421,0.0022007999941706657
fri_c0_1000_5,ExtraTrees,900,100,0.14630238565598294,0.21421482560989688,0.05421103537082672,0.07018061727285385,0.8899999856948853,0.002210712991654873
fri_c0_1000_5,LightGBM,900,100,0.11548812629131117,0.1733933991842035,0.040221817791461945,0.06189705431461334,0.8799999952316284,0.002143152989447117
fri_c0_1000_5,LinearModel,900,100,0.21300822113374948,0.3509834233515688,0.0658065527677536,0.10367902368307114,0.8399999737739563,0.002253792015835643
fri_c0_1000_5,NeuralNetFastAI,900,100,0.1030676400351458,0.1608651399520484,0.043970897793769836,0.0770304724574089,0.9399999976158142,0.002128251944668591
fri_c0_1000_5,NeuralNetTorch,900,100,0.10297179929955759,0.15386203859339104,0.029106631875038147,0.07273470610380173,0.9100000262260437,0.002109621069394052
fri_c0_1000_5,RandomForest,900,100,0.13320866561744815,0.21752350820647343,0.05024882033467293,0.0701829195022583,0.9300000071525574,0.0021061119623482227
fri_c0_1000_5,XGBoost,900,100,0.13172194158700196,0.20102139753042003,0.040071744471788406,0.05372806638479233,0.8999999761581421,0.0021269089775159955
fri_c0_500_5,CatBoost,450,50,0.19494272588715955,1.9703939619786703,0.07356000691652298,0.08382692188024521,0.800000011920929,0.0018573200795799494
fri_c0_500_5,ExtraTrees,450,50,0.2562968317894291,2.0502879759103876,0.10018811374902725,0.13939452171325684,0.8199999928474426,0.001988618983887136
fri_c0_500_5,LightGBM,450,50,0.2032544229719155,1.9923099502279233,0.0720834881067276,0.14120492339134216,0.8799999952316284,0.002000996028073132
fri_c0_500_5,LinearModel,450,50,0.29205942946723157,0.44185016671502825,0.04757113754749298,0.14255571365356445,0.800000011920929,0.00200054794549942
fri_c0_500_5,NeuralNetFastAI,450,50,0.1882597134979457,1.960761071223426,0.07487459480762482,0.1112041026353836,0.8399999737739563,0.001961778965778649
fri_c0_500_5,NeuralNetTorch,450,50,0.1976672278117743,0.3159567839620388,0.07851696759462357,0.11033818125724792,0.8600000143051147,0.0019311819924041629
fri_c0_500_5,RandomForest,450,50,0.2615794223686447,3.7471652497946524,0.08798882365226746,0.13168087601661682,0.7799999713897705,0.0019818609580397606
fri_c0_500_5,XGBoost,450,50,0.2262977248611686,2.0080938818485508,0.08154045045375824,0.11650438606739044,0.8199999928474426,0.001952477963641286
fri_c1_1000_50,CatBoost,900,100,0.11766773392846483,1.0203678435588914,0.016345717012882233,0.06524620205163956,0.9100000262260437,0.0021277370397001505
fri_c1_1000_50,ExtraTrees,900,100,0.10970310948368901,1.0159397184000543,0.021015668287873268,0.05070328339934349,0.9300000071525574,0.0021512730745598674
fri_c1_1000_50,LightGBM,900,100,0.1452575138170781,0.2234363796008697,0.03340238332748413,0.07169433683156967,0.8700000047683716,0.0021228990517556667
fri_c1_1000_50,LinearModel,900,100,0.4115238325032295,0.5957370027731461,0.04865962266921997,0.13741575181484222,0.6700000166893005,0.002174809924326837
fri_c1_1000_50,NeuralNetFastAI,900,100,0.14557123654648607,0.24850193901284157,0.05397947505116463,0.07926031202077866,0.8899999856948853,0.002174915047362447
fri_c1_1000_50,NeuralNetTorch,900,100,0.23788299020644918,0.37571199832297764,0.06179855018854141,0.095731720328331,0.8399999737739563,0.00217448896728456
fri_c1_1000_50,RandomForest,900,100,0.15751690979042857,0.2740022996219799,0.03344818204641342,0.10403112322092056,0.8999999761581421,0.0022091889986768365
fri_c1_1000_50,XGBoost,900,100,0.12477241899276273,1.0339202991146663,0.032439280301332474,0.09887642413377762,0.8899999856948853,0.002088007051497698
fri_c2_1000_25,CatBoost,900,100,0.12793943139288405,1.0384897647711497,0.03372182697057724,0.06712768971920013,0.9200000166893005,0.0019849459640681744
fri_c2_1000_25,ExtraTrees,900,100,0.14305843640188015,1.06620909643017,0.022495873272418976,0.07662627100944519,0.8799999952316284,0.002093216055072844
fri_c2_1000_25,LightGBM,900,100,0.14506573473325124,1.0697991531727913,0.031066421419382095,0.059974104166030884,0.8899999856948853,0.0021106229396536946
fri_c2_1000_25,LinearModel,900,100,0.3579997940857046,0.5250806470444715,0.06172941252589226,0.09672987461090088,0.7400000095367432,0.002091789967380464
fri_c2_1000_25,NeuralNetFastAI,900,100,0.12496462169112099,0.20991126094819834,0.020029697567224503,0.06866137683391571,0.9300000071525574,0.002137472969479859
fri_c2_1000_25,NeuralNetTorch,900,100,0.13759308282530294,1.0637566099680946,0.02560223639011383,0.05906384065747261,0.8999999761581421,0.0021077970741316676
fri_c2_1000_25,RandomForest,900,100,0.1587562416294267,1.0917305105997022,0.03597680479288101,0.07151125371456146,0.8999999761581421,0.002140263910405338
fri_c2_1000_25,XGBoost,900,100,0.14137301463994922,1.06826227292538,0.03382519632577896,0.06093861907720566,0.8899999856948853,0.002065330045297742
fri_c2_500_50,CatBoost,450,50,0.18588314577028625,0.2774118100216059,0.0510246716439724,0.12507499754428864,0.8399999737739563,0.0019701640121638775
fri_c2_500_50,ExtraTrees,450,50,0.21812909996387866,0.3159563690241323,0.05071309208869934,0.1494588404893875,0.8199999928474426,0.0018606031080707908
fri_c2_500_50,LightGBM,450,50,0.19872178519077155,0.295970161473567,0.057673193514347076,0.12125874310731888,0.8799999952316284,0.002001557033509016
fri_c2_500_50,LinearModel,450,50,0.3842238663775315,0.5522818816093918,0.07488346099853516,0.17191298305988312,0.699999988079071,0.0019995890324935317
fri_c2_500_50,NeuralNetFastAI,450,50,0.18982873163383598,0.33326198453009936,0.06577131152153015,0.13521327078342438,0.9200000166893005,0.002062310930341482
fri_c2_500_50,NeuralNetTorch,450,50,0.2549837240990044,0.41040925450362503,0.05423813685774803,0.14063432812690735,0.800000011920929,0.001960515044629574
fri_c2_500_50,RandomForest,450,50,0.2280297630683064,0.34163414061170927,0.05283237248659134,0.1081198900938034,0.8199999928474426,0.0019894809229299426
fri_c2_500_50,XGBoost,450,50,0.2407850030914234,0.356483803579408,0.056464143097400665,0.10367897152900696,0.8399999737739563,0.001922160037793219
fri_c3_1000_10,CatBoost,900,100,0.10473776758858029,0.17694883308206547,0.027881581336259842,0.05658387020230293,0.9300000071525574,0.0021204970544204116
fri_c3_1000_10,ExtraTrees,900,100,0.09309309298777807,0.16713082711293928,0.02133617363870144,0.048312343657016754,0.9399999976158142,0.0023419199278578162
fri_c3_1000_10,LightGBM,900,100,0.1132505189237083,0.18042021282239695,0.019409403204917908,0.05970895290374756,0.9300000071525574,0.002144510974176228
fri_c3_1000_10,LinearModel,900,100,0.38120994470262326,0.5585033525045328,0.04229682683944702,0.09610150754451752,0.7099999785423279,0.00219352007843554
fri_c3_1000_10,NeuralNetFastAI,900,100,0.08141240332251913,0.1365783020410613,0.02937343157827854,0.05281928554177284,0.949999988079071,0.0021286780247464776
fri_c3_1000_10,NeuralNetTorch,900,100,0.09444652020549249,0.9937904526633285,0.030931614339351654,0.0718032568693161,0.949999988079071,0.002126005943864584
fri_c3_1000_10,RandomForest,900,100,0.11333407293176685,0.20121453635999423,0.025897720828652382,0.07782260328531265,0.9399999976158142,0.0021986470092087984
fri_c3_1000_10,XGBoost,900,100,0.10110281345067908,0.1764277517030164,0.030776692554354668,0.06758367270231247,0.949999988079071,0.0021342700347304344
fri_c3_1000_25,CatBoost,900,100,0.11580153657842822,0.17023401274010894,0.030477961525321007,0.07042204588651657,0.9100000262260437,0.002163895987905562
fri_c3_1000_25,ExtraTrees,900,100,0.10037772870233624,0.1503079169484206,0.022080911323428154,0.057954978197813034,0.9200000166893005,0.0020361540373414755
fri_c3_1000_25,LightGBM,900,100,0.0812811976107533,0.12873117313102095,0.020218150690197945,0.059515923261642456,0.949999988079071,0.0021326399873942137
fri_c3_1000_25,LinearModel,900,100,0.42997361291334085,0.6103020133625647,0.044217389076948166,0.08270833641290665,0.6399999856948853,0.002107106032781303
fri_c3_1000_25,NeuralNetFastAI,900,100,0.07975824274817488,0.13603058603843193,0.025772131979465485,0.05007573589682579,0.949999988079071,0.0020087859593331814
fri_c3_1000_25,NeuralNetTorch,900,100,0.07709161661341513,0.17569389360367738,0.02782236970961094,0.06044468283653259,0.9399999976158142,0.0021650510607287288
fri_c3_1000_25,RandomForest,900,100,0.13900306253065176,0.20834431072667758,0.027132168412208557,0.0752941370010376,0.8999999761581421,0.0021834770450368524
fri_c3_1000_25,XGBoost,900,100,0.09906173400389641,0.16200102967901756,0.022733090445399284,0.06271356344223022,0.9300000071525574,0.002188447047956288
fri_c3_500_10,CatBoost,450,50,0.19888400655499425,1.9759384230767862,0.06933131068944931,0.10825823247432709,0.8600000143051147,0.0019135220209136605
fri_c3_500_10,ExtraTrees,450,50,0.23878690642349845,2.073815884417279,0.08053353428840637,0.11996921896934509,0.8600000143051147,0.0018783020786941051
fri_c3_500_10,LightGBM,450,50,0.27810529417672086,2.0908887344132774,0.08811885118484497,0.14801980555057526,0.800000011920929,0.0019510979764163494
fri_c3_500_10,LinearModel,450,50,0.40147413041503754,0.5817115822145653,0.09147875010967255,0.20018284022808075,0.6399999856948853,0.0019216520013287663
fri_c3_500_10,NeuralNetFastAI,450,50,0.21377831408132525,2.0237977199266086,0.06507836282253265,0.1336926817893982,0.8799999952316284,0.0019292120123282075
fri_c3_500_10,NeuralNetTorch,450,50,0.20328407840140944,3.7216347845694657,0.03988063335418701,0.13278357684612274,0.8999999761581421,0.0018065240001305938
fri_c3_500_10,RandomForest,450,50,0.2240699683661967,2.019712237362544,0.07501344382762909,0.1274133324623108,0.8399999737739563,0.0019389600493013859
fri_c3_500_10,XGBoost,450,50,0.20525451788204596,1.995576458553987,0.06470350921154022,0.09956549108028412,0.8600000143051147,0.001904548960737884
fri_c3_500_50,CatBoost,450,50,0.21565118692875976,2.001027037160978,0.06824897974729538,0.1758834570646286,0.800000011920929,0.0020032129250466824
fri_c3_500_50,ExtraTrees,450,50,0.2049595446428973,0.3160920125725277,0.0793052539229393,0.1690506637096405,0.8199999928474426,0.0020372539293020964
fri_c3_500_50,LightGBM,450,50,0.18701775482917346,0.3105347316852987,0.047349411994218826,0.0955805703997612,0.8600000143051147,0.002126378007233143
fri_c3_500_50,LinearModel,450,50,0.4099374928717029,0.5817629588634579,0.09629564732313156,0.17742745578289032,0.6399999856948853,0.0020658429712057114
fri_c3_500_50,NeuralNetFastAI,450,50,0.4371289040770057,0.6240052156215303,0.09239572286605835,0.18774616718292236,0.6200000047683716,0.002101798076182604
fri_c3_500_50,NeuralNetTorch,450,50,0.39271221237917947,0.5774920703490644,0.06704549491405487,0.12489020079374313,0.7200000286102295,0.0019975099712610245
fri_c3_500_50,RandomForest,450,50,0.18878737619179758,0.294649460991155,0.039567649364471436,0.06692839413881302,0.8799999952316284,0.0018002139404416084
fri_c3_500_50,XGBoost,450,50,0.17957344296658095,1.9679223161708168,0.04919943958520889,0.10331753641366959,0.8799999952316284,0.0020417870255187154
fri_c4_500_100,CatBoost,450,50,0.16335675883776532,0.23063376194741672,0.04959584400057793,0.07279469072818756,0.8799999952316284,0.001925925025716424
fri_c4_500_100,ExtraTrees,450,50,0.1585979725594697,0.23556033469725968,0.06451080739498138,0.10702800750732422,0.8600000143051147,0.001935490989126265
fri_c4_500_100,LightGBM,450,50,0.15856812225773065,0.24261826597591052,0.048643987625837326,0.12777508795261383,0.8999999761581421,0.001953396014869213
fri_c4_500_100,LinearModel,450,50,0.4473464068593919,0.6366674334839041,0.07667834311723709,0.14016835391521454,0.6200000047683716,0.0019008229719474912
fri_c4_500_100,NeuralNetFastAI,450,50,0.44637484134857275,0.6359612094272116,0.08869051933288574,0.15665234625339508,0.6399999856948853,0.0019905869849026203
fri_c4_500_100,NeuralNetTorch,450,50,0.4306530825118297,0.619372849295508,0.08930903673171997,0.20608671009540558,0.699999988079071,0.0019283060682937503
fri_c4_500_100,RandomForest,450,50,0.1718771254297166,0.25487926463983657,0.05100848153233528,0.0954483225941658,0.8799999952316284,0.0019621519604697824
fri_c4_500_100,XGBoost,450,50,0.15320080815269643,0.22842879038336553,0.05796780064702034,0.05766723304986954,0.8799999952316284,0.001992805046029389
fried,CatBoost,36691,4077,0.09253971355959166,0.14595751841575674,0.006229527294635773,0.012218870222568512,0.9323031902313232,0.013038270990364254
fried,ExtraTrees,36691,4077,0.11421769251216739,0.17909585085288343,0.009157571941614151,0.015160146169364452,0.9180769920349121,0.010771007044240832
fried,LightGBM,36691,4077,0.09332428969186823,0.1474358524596458,0.005824190564453602,0.013787878677248955,0.9308314919471741,0.01189457904547453
fried,LinearModel,36691,4077,0.23213663851019462,0.3670718151704624,0.009954334236681461,0.014318523928523064,0.8359087705612183,0.012447842047549784
fried,NeuralNetFastAI,36691,4077,0.09086920999380449,0.1427294211373886,0.006302800960838795,0.010180981829762459,0.9342653751373291,0.011470443103462458
fried,NeuralNetTorch,36691,4077,0.09072072617634626,0.14358896334711463,0.0065402863547205925,0.012111078947782516,0.9354918003082275,0.011179942055605352
fried,RandomForest,36691,4077,0.11541957851139556,0.1818801321188036,0.007730451878160238,0.01432960107922554,0.9158695340156555,0.011265526991337538
fried,XGBoost,36691,4077,0.09476422683286995,0.15036327439332312,0.0069162496365606785,0.010487651452422142,0.9345106482505798,0.011333564994856715
gina,CatBoost,2837,316,0.06267032266856432,0.10492987092136472,0.012503749690949917,0.027436312288045883,0.9588607549667358,0.002868961077183485
gina,ExtraTrees,2837,316,0.09259367949678875,0.15724913128829612,0.011258590966463089,0.030541060492396355,0.9430379867553711,0.0028545339591801167
gina,LightGBM,2837,316,0.06432006758851432,0.11091994297042883,0.010016771964728832,0.029809674248099327,0.9588607549667358,0.002646856941282749
gina,LinearModel,2837,316,0.2198656410765996,0.3560094447138885,0.03863796964287758,0.07247309386730194,0.8417721390724182,0.0027982849860563874
gina,NeuralNetFastAI,2837,316,0.0576233070299248,0.10564663458276546,0.02781090885400772,0.049577102065086365,0.9746835231781006,0.002418251009657979
gina,NeuralNetTorch,2837,316,0.05655440076222069,0.10736293992470562,0.028169328346848488,0.05674825236201286,0.9778481125831604,0.0027986399363726377
gina,RandomForest,2837,316,0.09143376368945749,0.15693080612432625,0.00880499929189682,0.01906260848045349,0.9398733973503113,0.002724266960285604
gina,XGBoost,2837,316,0.06893676592669205,0.11878928164387687,0.012115887366235256,0.021145213395357132,0.9588607549667358,0.002755174064077437
hill-valley,CatBoost,1090,122,0.48151120891329924,0.6741693390342521,0.05571994185447693,0.09666278958320618,0.5573770403862,0.0019662200938910246
hill-valley,ExtraTrees,1090,122,0.45967175001048705,0.6513999783002612,0.036167822778224945,0.058805227279663086,0.6147540807723999,0.002187178935855627
hill-valley,LightGBM,1090,122,0.4489120188565289,0.64010136210764,0.05376560240983963,0.08404786884784698,0.5983606576919556,0.002054105047136545
hill-valley,LinearModel,1090,122,0.1411374624091754,0.23917540042023958,0.05115834251046181,0.07773842662572861,0.8934426307678223,0.0022146309493109584
hill-valley,NeuralNetFastAI,1090,122,0.25170601675519627,0.3847594606626743,0.13388386368751526,0.14045459032058716,0.8852459192276001,0.002166780992411077
hill-valley,NeuralNetTorch,1090,122,0.13684325109996348,0.22706886291750522,0.053265802562236786,0.061142101883888245,0.9098360538482666,0.0023645289475098252
hill-valley,RandomForest,1090,122,0.46719216454991935,0.6604129048956247,0.04714760184288025,0.08779605478048325,0.6393442749977112,0.0023009040160104632
hill-valley,XGBoost,1090,122,0.4724446888745271,0.6648745981828673,0.04171217978000641,0.01942492090165615,0.5819672346115112,0.002248189994134009
hiva_agnostic,CatBoost,3806,423,0.06273593557029497,0.13706532171768385,0.01104787364602089,0.024426693096756935,0.9669030904769897,0.00279994192533195
hiva_agnostic,ExtraTrees,3806,423,0.06830671299009212,0.14993343496896613,0.016573309898376465,0.0187138170003891,0.9598108530044556,0.0028692400082945824
hiva_agnostic,LightGBM,3806,423,0.06496304055027452,0.13966191887429616,0.012260446324944496,0.01773901842534542,0.9645389914512634,0.00249536894261837
hiva_agnostic,LinearModel,3806,423,0.06043889322219642,0.1344732598513723,0.00950393546372652,0.008817574009299278,0.9669030904769897,0.002659316989593208
hiva_agnostic,NeuralNetFastAI,3806,423,0.06195534193552348,0.13779149530993542,0.00951347965747118,0.011975483037531376,0.9669030904769897,0.0027227539103478193
hiva_agnostic,NeuralNetTorch,3806,423,0.061926756001690404,0.14451383279883787,0.014984721317887306,0.01724371127784252,0.9669030904769897,0.002921747975051403
hiva_agnostic,RandomForest,3806,423,0.06948541633534168,0.14298031146878076,0.015309454873204231,0.02004317007958889,0.9598108530044556,0.002667510067112744
hiva_agnostic,XGBoost,3806,423,0.06209803423094776,0.1355921870878256,0.011808143928647041,0.02198292315006256,0.9692671298980713,0.0029077549697831273
houses,CatBoost,18576,2064,0.016923046699180818,0.06908397978773016,0.004103527404367924,0.00613788329064846,0.9888566136360168,0.006964224041439593
houses,ExtraTrees,18576,2064,0.015271427542468236,0.06656858319580963,0.00377064966596663,0.004779232200235128,0.9903100728988647,0.005366379977203906
houses,LightGBM,18576,2064,0.018409024954144208,0.032404967058554286,0.005488040391355753,0.006790651008486748,0.9874030947685242,0.006683562998659909
houses,LinearModel,18576,2064,0.043964458089357304,0.11203688730668683,0.004560808651149273,0.007617439143359661,0.9680232405662537,0.006767856073565781
houses,NeuralNetFastAI,18576,2064,0.018154906493564413,0.0703940409947771,0.004618469625711441,0.006728705018758774,0.9864341020584106,0.005963824922218919
houses,NeuralNetTorch,18576,2064,0.01936272890157765,0.07207464886270516,0.004641195759177208,0.008989374153316021,0.9864341020584106,0.005361342919059098
houses,RandomForest,18576,2064,0.01903311961573373,0.03265620777407741,0.004062194377183914,0.005064952187240124,0.9883720874786377,0.0056221060222014785
houses,XGBoost,18576,2064,0.018687978841838777,0.03239760879081492,0.004926230292767286,0.008069624193012714,0.9864341020584106,0.006121321930550039
ilpd,CatBoost,524,59,0.3645333606002924,0.5314411442395522,0.048880450427532196,0.11277836561203003,0.694915235042572,0.002045725006610155
ilpd,ExtraTrees,524,59,0.3599405718319758,0.5097956136582658,0.05203203111886978,0.11820334941148758,0.7288135886192322,0.00188228499609977
ilpd,LightGBM,524,59,0.3566024899428234,0.5126488617925833,0.07060004770755768,0.1507418155670166,0.7288135886192322,0.0020658329594880342
ilpd,LinearModel,524,59,0.3915592372847094,0.5472172742496196,0.08750726282596588,0.14278200268745422,0.6440678238868713,0.00202480296138674
ilpd,NeuralNetFastAI,524,59,0.3596546033831947,0.5007167621198131,0.07097691297531128,0.11381372809410095,0.694915235042572,0.0020073610357940197
ilpd,NeuralNetTorch,524,59,0.38156687466229133,0.5498791464028323,0.07896506786346436,0.1571115106344223,0.6440678238868713,0.0020346250385046005
ilpd,RandomForest,524,59,0.37978344433254707,0.5452767847371367,0.04560668021440506,0.11785754561424255,0.7118644118309021,0.001966231968253851
ilpd,XGBoost,524,59,0.366483256751501,0.5193216780331098,0.06063944473862648,0.1042809933423996,0.6779661178588867,0.0018293290631845593
jasmine,CatBoost,2685,299,0.2655175686956816,0.40675538024024177,0.030822142958641052,0.06702003628015518,0.8060200810432434,0.002784362994134426
jasmine,ExtraTrees,2685,299,0.27351942196143475,0.4111973238865038,0.022575927898287773,0.03801366686820984,0.8193979859352112,0.002604987006634474
jasmine,LightGBM,2685,299,0.2618905994812947,0.3991288831336788,0.023939622566103935,0.05582301318645477,0.8193979859352112,0.0025532989529892802
jasmine,LinearModel,2685,299,0.28835040387221983,0.4396544126999837,0.025055350735783577,0.048615824431180954,0.7993311285972595,0.0026244979817420244
jasmine,NeuralNetFastAI,2685,299,0.28227795040614406,0.4271611858495608,0.028546318411827087,0.04954301938414574,0.8093645572662354,0.0027779119554907084
jasmine,NeuralNetTorch,2685,299,0.2849719177924495,0.43141623803252127,0.03540664538741112,0.062196921557188034,0.8060200810432434,0.0028505229856818914
jasmine,RandomForest,2685,299,0.2660384451221082,0.40254573982490205,0.03686942160129547,0.08598063886165619,0.8026756048202515,0.002817873959429562
jasmine,XGBoost,2685,299,0.2575086436444183,0.3959853085174032,0.025294367223978043,0.04007575660943985,0.829431414604187,0.002854051999747753
jm1,CatBoost,9796,1089,0.26567667768560904,0.4188826672316593,0.011889297515153885,0.029404981061816216,0.8163452744483948,0.004743705969303846
jm1,ExtraTrees,9796,1089,0.2646534507533422,0.41572724304137715,0.013789731077849865,0.027189722284674644,0.8191000819206238,0.004784802091307938
jm1,LightGBM,9796,1089,0.2635992938838867,0.41722882991689464,0.012520836666226387,0.022656764835119247,0.8273645639419556,0.0044820369221270084
jm1,LinearModel,9796,1089,0.2805269551129991,0.44259791871098714,0.014872394502162933,0.028800304979085922,0.8172635436058044,0.0043848060304299
jm1,NeuralNetFastAI,9796,1089,0.269759973774234,0.4301135208341541,0.01847197860479355,0.03520132973790169,0.8246097564697266,0.004365732078440487
jm1,NeuralNetTorch,9796,1089,0.27623950342567954,0.43582083450858333,0.019634511321783066,0.02949165180325508,0.8154270052909851,0.0045985199976712465
jm1,RandomForest,9796,1089,0.26232323138795727,0.4137733814646868,0.011610642075538635,0.017043225467205048,0.8227731585502625,0.004479436087422073
jm1,XGBoost,9796,1089,0.2644184210446082,0.41769147519961186,0.012740561738610268,0.024342220276594162,0.8181818127632141,0.004963599960319698
kc1,CatBoost,1898,211,0.18525183054549704,0.31240250640204914,0.027733806520700455,0.060822706669569016,0.8720378875732422,0.002481136005371809
kc1,ExtraTrees,1898,211,0.18438301734192802,0.30755705377444786,0.029644310474395752,0.038490552455186844,0.8767772316932678,0.0022537829354405403
kc1,LightGBM,1898,211,0.1900206136031824,0.31415816061948637,0.013606023043394089,0.034359369426965714,0.8815165758132935,0.0024189079413190484
kc1,LinearModel,1898,211,0.2165682868979723,0.3511446698944761,0.03224822133779526,0.06058955937623978,0.8530805706977844,0.002370348898693919
kc1,NeuralNetFastAI,1898,211,0.19430870708197043,0.3200861527214692,0.029997393488883972,0.058645427227020264,0.8720378875732422,0.002523509901948273
kc1,NeuralNetTorch,1898,211,0.21111008286524588,0.33682876565923525,0.02062956802546978,0.03167830780148506,0.8578199148178101,0.0022664079442620277
kc1,RandomForest,1898,211,0.18586882930339246,0.3111216321177068,0.025067640468478203,0.042372576892375946,0.8862559199333191,0.002239250927232206
kc1,XGBoost,1898,211,0.2004698451586194,0.32864533465439244,0.01885654404759407,0.03264123573899269,0.8767772316932678,0.0024829210015013814
kc2,CatBoost,469,53,0.2679127160190171,0.38925613885673394,0.08060476183891296,0.15153785049915314,0.7547169923782349,0.0021271249279379845
kc2,ExtraTrees,469,53,0.2567298109765293,0.37981645127068603,0.06655020266771317,0.1114022508263588,0.7735849022865295,0.002003405010327697
kc2,LightGBM,469,53,0.2147733893583043,0.3223080941425452,0.07827319204807281,0.18004940450191498,0.8113207817077637,0.0020249749068170786
kc2,LinearModel,469,53,0.2558702876671614,0.37969126143199516,0.076932892203331,0.1487773358821869,0.7735849022865295,0.001985701033845544
kc2,NeuralNetFastAI,469,53,0.23718462614488608,0.35579375269185837,0.054909318685531616,0.08344267308712006,0.7924528121948242,0.001991353929042816
kc2,NeuralNetTorch,469,53,0.25093391381593305,0.3851428761104632,0.06559912860393524,0.1258436143398285,0.7924528121948242,0.0019776090048253536
kc2,RandomForest,469,53,0.22773881122367517,0.3387543329923655,0.06332151591777802,0.09335490316152573,0.8113207817077637,0.002315563033334911
kc2,XGBoost,469,53,0.226973434838738,0.33611710474971357,0.07125195860862732,0.1284087747335434,0.7924528121948242,0.0020274269627407193
kdd_el_nino-small,CatBoost,703,79,0.09963415377228087,0.14014726849460232,0.035865943878889084,0.06848972290754318,0.9240506291389465,0.001898829941637814
kdd_el_nino-small,ExtraTrees,703,79,0.10603999508910891,1.2211790229588126,0.028919940814375877,0.0759841799736023,0.9113923907279968,0.0020056319190189242
kdd_el_nino-small,LightGBM,703,79,0.11896776917258649,1.2414649307094203,0.042766276746988297,0.07370253652334213,0.9240506291389465,0.0018643370131030679
kdd_el_nino-small,LinearModel,703,79,0.09819160761372946,0.153711672684972,0.029726490378379822,0.06536999344825745,0.9240506291389465,0.002014377969317138
kdd_el_nino-small,NeuralNetFastAI,703,79,0.0960160867437748,1.2205736281774426,0.023561229929327965,0.04990879446268082,0.949367105960846,0.0019723440054804087
kdd_el_nino-small,NeuralNetTorch,703,79,0.13434934314118313,1.2831649416826654,0.03693621978163719,0.06832008063793182,0.8987341523170471,0.0018072040984407067
kdd_el_nino-small,RandomForest,703,79,0.10562402070800839,1.2210935052960283,0.026595037430524826,0.06066594272851944,0.9240506291389465,0.001973293023183942
kdd_el_nino-small,XGBoost,703,79,0.10074573599980804,1.2152702396542712,0.03533855825662613,0.06813937425613403,0.9367088675498962,0.0019260280532762408
kdd_internet_usage,CatBoost,9097,1011,0.15027575734944654,0.2394653748312138,0.009279027581214905,0.022496674209833145,0.9010880589485168,0.004573657992295921
kdd_internet_usage,ExtraTrees,9097,1011,0.16208532731876968,0.25499657398430375,0.013749595731496811,0.0265219546854496,0.8862512111663818,0.004525313037447631
kdd_internet_usage,LightGBM,9097,1011,0.14998548865895095,0.23469822133154608,0.012131867930293083,0.017598100006580353,0.8971315622329712,0.0045448149321600795
kdd_internet_usage,LinearModel,9097,1011,0.16825426409539285,0.2715227900730255,0.010084457695484161,0.02506074495613575,0.8753709197044373,0.0047042949590831995
kdd_internet_usage,NeuralNetFastAI,9097,1011,0.15127897465158266,0.23446741811773372,0.012387295253574848,0.017400387674570084,0.8902077078819275,0.004529932979494333
kdd_internet_usage,NeuralNetTorch,9097,1011,0.15222557942825152,0.23428163193847099,0.016306664794683456,0.022291064262390137,0.8902077078819275,0.004507169942371547
kdd_internet_usage,RandomForest,9097,1011,0.16018991958284232,0.250385186361734,0.013301901519298553,0.03147028386592865,0.888229489326477,0.004498302936553955
kdd_internet_usage,XGBoost,9097,1011,0.14948054953360146,0.31432874540562905,0.011276882141828537,0.022263580933213234,0.8991097807884216,0.004332396085374057
kick,CatBoost,65684,7299,0.16134502290554462,0.28436913903784794,0.0038845036178827286,0.006818026769906282,0.9038224220275879,0.024076170986518264
kick,ExtraTrees,65684,7299,0.16874393009000271,0.2962175799161068,0.004856622777879238,0.009784402325749397,0.899301290512085,0.02371853997465223
kick,LightGBM,65684,7299,0.16418914714286173,0.28940462242913506,0.0035522766411304474,0.006694821175187826,0.9021784067153931,0.022490666015073657
kick,LinearModel,65684,7299,0.17111961050833718,0.301303971289833,0.003435857594013214,0.005135576240718365,0.8984792232513428,0.023596181999891996
kick,NeuralNetFastAI,65684,7299,0.16378566650352108,0.2886091728463526,0.004213839769363403,0.009688450954854488,0.9020413756370544,0.02322300395462662
kick,NeuralNetTorch,65684,7299,0.16382117651145667,0.28929564039321204,0.0038867685943841934,0.008904146030545235,0.9028633832931519,0.024743332993239164
kick,RandomForest,65684,7299,0.16664991715187835,0.2928717275998332,0.004121500998735428,0.0069356877356767654,0.900260329246521,0.023954884964041412
kick,XGBoost,65684,7299,0.1617021920892107,0.2851552438653491,0.0042657628655433655,0.006517931818962097,0.9040964245796204,0.023611027048900723
kin8nm,CatBoost,7372,820,0.14738713579147372,0.23415704863300926,0.017733067274093628,0.032634932547807693,0.8914633989334106,0.004513298976235092
kin8nm,ExtraTrees,7372,820,0.2158434109126537,0.3378639091385992,0.023380044847726822,0.04066464304924011,0.8426828980445862,0.004627672955393791
kin8nm,LightGBM,7372,820,0.1526672347636071,0.24214992941583743,0.016863077878952026,0.03449675440788269,0.8902438879013062,0.004208563012070954
kin8nm,LinearModel,7372,820,0.35541260432771044,0.5361515778346442,0.014218859374523163,0.028070859611034393,0.7402439117431641,0.004222240997478366
kin8nm,NeuralNetFastAI,7372,820,0.12716122718826378,0.20453618482344232,0.014294188469648361,0.029431380331516266,0.9048780202865601,0.004261462949216366
kin8nm,NeuralNetTorch,7372,820,0.12592638526496608,0.19866689087690273,0.013122178614139557,0.026843879371881485,0.9121951460838318,0.003953697974793613
kin8nm,RandomForest,7372,820,0.21250395357384233,0.3353064357670251,0.021801190450787544,0.03598785772919655,0.8451219797134399,0.004479488008655608
kin8nm,XGBoost,7372,820,0.17750112772619284,0.2862977748331518,0.022712182253599167,0.03882792964577675,0.8804877996444702,0.004457174916751683
madeline,CatBoost,2826,314,0.19301068058102638,0.3319389044190131,0.02522936277091503,0.04938201233744621,0.8630573153495789,0.0031185359694063663
madeline,ExtraTrees,2826,314,0.22173214015092638,0.892621490330927,0.024609386920928955,0.04676691070199013,0.8407643437385559,0.0029298679437488317
madeline,LightGBM,2826,314,0.21578113338525653,0.36514592707440974,0.023095497861504555,0.04668191075325012,0.8598726391792297,0.002901378902606666
madeline,LinearModel,2826,314,0.48216377237897495,0.6746507072126596,0.02531432919204235,0.0564986951649189,0.5891719460487366,0.002624321961775422
madeline,NeuralNetFastAI,2826,314,0.38572508532892097,0.569061061588034,0.05239484831690788,0.11273980885744095,0.7070063948631287,0.002922181971371174
madeline,NeuralNetTorch,2826,314,0.3550534494347075,0.5342919680476463,0.05481116473674774,0.07505540549755096,0.7547770738601685,0.003062403993681073
madeline,RandomForest,2826,314,0.23160727513277832,0.6459096327385812,0.025991402566432953,0.0653151348233223,0.8535031676292419,0.00306411599740386
madeline,XGBoost,2826,314,0.21927698438336582,0.36745311774466993,0.030194954946637154,0.04321855679154396,0.8662420511245728,0.0028321599820628762
madelon,CatBoost,2340,260,0.19233431444843987,0.32271792335814764,0.02682313323020935,0.06774520874023438,0.8653846383094788,0.002881888998672366
madelon,ExtraTrees,2340,260,0.20718787329574162,0.3446145316081849,0.027743875980377197,0.0554613433778286,0.8692307472229004,0.0025953679578378797
madelon,LightGBM,2340,260,0.18961284263746395,0.32394803119765436,0.0429600290954113,0.08967623114585876,0.8807692527770996,0.0028035009745508432
madelon,LinearModel,2340,260,0.48714409539796294,0.6804162132816862,0.034734588116407394,0.06120966747403145,0.5769230723381042,0.002459545969031751
madelon,NeuralNetFastAI,2340,260,0.397582446441942,0.5854794559539462,0.07077651470899582,0.1243564784526825,0.7384615540504456,0.002742432989180088
madelon,NeuralNetTorch,2340,260,0.42512063061433353,0.6148238926271633,0.06535030901432037,0.10630574822425842,0.6884615421295166,0.0025138260098174214
madelon,RandomForest,2340,260,0.21303278068903708,0.3519699554927085,0.023893902078270912,0.048513833433389664,0.8538461327552795,0.002842903952114284
madelon,XGBoost,2340,260,0.19610391029872984,0.3291635336459187,0.02682463824748993,0.05716915801167488,0.8807692527770996,0.0027131789829581976
mammography,CatBoost,10064,1119,0.021188423037164134,0.048775532176123355,0.002471526153385639,0.004472507629543543,0.9874888062477112,0.004493732005357742
mammography,ExtraTrees,10064,1119,0.026091844042977926,0.05708262861126806,0.006193063221871853,0.010037326253950596,0.9839141964912415,0.0044140099780634046
mammography,LightGBM,10064,1119,0.022615806243669313,0.049186505543363714,0.004665718413889408,0.007899180985987186,0.9865951538085938,0.0043191369622945786
mammography,LinearModel,10064,1119,0.03111570672850387,0.07185231861943643,0.00747519638389349,0.01328632514923811,0.9803395867347717,0.004296958912163973
mammography,NeuralNetFastAI,10064,1119,0.02466131505905767,0.05768524597983919,0.004960923921316862,0.010248186066746712,0.9848078489303589,0.004167337086983025
mammography,NeuralNetTorch,10064,1119,0.02516923995034008,0.05664247559522754,0.003072171937674284,0.00800385233014822,0.9848078489303589,0.004249688936397433
mammography,RandomForest,10064,1119,0.026701750945280985,0.05738815197859532,0.006298240274190903,0.009707994759082794,0.9848078489303589,0.004430555971339345
mammography,XGBoost,10064,1119,0.023290276915757982,0.05150767206937218,0.005142849870026112,0.010066639631986618,0.9865951538085938,0.004252301063388586
mc1,CatBoost,8519,947,0.00853180989651248,0.016564423125238426,0.002557148225605488,0.00409808149561286,0.9947201609611511,0.003514998941682279
mc1,ExtraTrees,8519,947,0.008485905850365795,0.01849430386422462,0.0022188678849488497,0.004002997186034918,0.9947201609611511,0.0038074860349297523
mc1,LightGBM,8519,947,0.006594575692914856,0.013360394297901992,0.0016838492592796683,0.0038420420605689287,0.9968320727348328,0.003747551003471017
mc1,LinearModel,8519,947,0.010853646832202718,0.029614142479837565,0.004591658711433411,0.002239236142486334,0.9947201609611511,0.0037719981046393514
mc1,NeuralNetFastAI,8519,947,0.010871094668162322,0.20155388335289845,0.0037479952443391085,0.0040903775952756405,0.9947201609611511,0.0037466849898919463
mc1,NeuralNetTorch,8519,947,0.011776371054302891,0.11409210418519132,0.004365449771285057,0.004691282287240028,0.9926082491874695,0.003771980991587043
mc1,RandomForest,8519,947,0.010310777750831375,0.021336365130503267,0.0028554450254887342,0.0031274952925741673,0.9947201609611511,0.0033910690108314157
mc1,XGBoost,8519,947,0.008426475801390457,0.015381096869046275,0.0019707269966602325,0.0031888927333056927,0.9947201609611511,0.003507443005219102
meta,CatBoost,475,53,0.08421400104294315,0.13290451121315952,0.03909171745181084,0.05233217030763626,0.9622641801834106,0.0019313840894028544
meta,ExtraTrees,475,53,0.12901138073730795,0.20567029226318603,0.054673194885253906,0.056557539850473404,0.9056603908538818,0.0018654519226402044
meta,LightGBM,475,53,0.10298801813305981,0.156320896335732,0.04751935973763466,0.09028103202581406,0.9433962106704712,0.0020478429505601525
meta,LinearModel,475,53,0.08402471110125885,0.1392709517982088,0.03373295068740845,0.061165716499090195,0.9433962106704712,0.0018903870368376374
meta,NeuralNetFastAI,475,53,0.10872969466437504,0.1739772261348595,0.06189825385808945,0.10718915611505508,0.9245283007621765,0.001933760941028595
meta,NeuralNetTorch,475,53,0.08759324584305406,0.14277984961460127,0.0533628910779953,0.07841616123914719,0.9433962106704712,0.0019328789785504341
meta,RandomForest,475,53,0.12673871125364786,0.2048992499517363,0.08080387860536575,0.10670703649520874,0.9056603908538818,0.001846375991590321
meta,XGBoost,475,53,0.11085056626875978,0.2375172072865618,0.05189509317278862,0.06318933516740799,0.9433962106704712,0.001934853964485228
mozilla4,CatBoost,13990,1555,0.06837865431974481,0.12117211310141346,0.007945246994495392,0.012224134989082813,0.9543408155441284,0.006021453998982906
mozilla4,ExtraTrees,13990,1555,0.06881972080377355,0.12173148444503597,0.005420191213488579,0.01166616566479206,0.9543408155441284,0.0052284590201452374
mozilla4,LightGBM,13990,1555,0.06493251079030642,0.11643038704088314,0.008236810564994812,0.013003767468035221,0.9543408155441284,0.005438684020191431
mozilla4,LinearModel,13990,1555,0.11226576763054559,0.1964633553553722,0.008215932175517082,0.01306935679167509,0.9344051480293274,0.005341356038115919
mozilla4,NeuralNetFastAI,13990,1555,0.11433660882142593,0.20556205358630683,0.008113066665828228,0.012983227148652077,0.9254019260406494,0.005952139967121184
mozilla4,NeuralNetTorch,13990,1555,0.09090419108617268,0.1583058704111761,0.01128000020980835,0.022083578631281853,0.9395498633384705,0.005111593985930085
mozilla4,RandomForest,13990,1555,0.0686960195166466,0.11761873791635681,0.005351588595658541,0.013024979270994663,0.9517685174942017,0.00503881205804646
mozilla4,XGBoost,13990,1555,0.06767404866639694,0.17250789897819965,0.008993934839963913,0.020404020324349403,0.953054666519165,0.005540568032301962
no2,CatBoost,450,50,0.43858415958918806,0.625458920497682,0.06543312966823578,0.08789701759815216,0.5799999833106995,0.002055480028502643
no2,ExtraTrees,450,50,0.4288567979304041,0.6126573719168278,0.08444791287183762,0.181027352809906,0.6399999856948853,0.002062407089397311
no2,LightGBM,450,50,0.4434011977543379,0.6278364498447315,0.07852654904127121,0.12925782799720764,0.6200000047683716,0.0018174209399148822
no2,LinearModel,450,50,0.49160409389220816,0.6865787713827415,0.1385195553302765,0.2502288222312927,0.47999998927116394,0.0019187780562788248
no2,NeuralNetFastAI,450,50,0.42337680968429614,0.6094439735550288,0.07243438065052032,0.16829095780849457,0.5799999833106995,0.002051099087111652
no2,NeuralNetTorch,450,50,0.44366682894946585,0.6339917203745656,0.044980283826589584,0.09812448918819427,0.6399999856948853,0.0018591620028018951
no2,RandomForest,450,50,0.426075536935741,0.6091674164170297,0.06316406279802322,0.15646642446517944,0.6000000238418579,0.0019527790136635303
no2,XGBoost,450,50,0.4305717393743066,0.6148036397951455,0.0676180049777031,0.11215398460626602,0.6200000047683716,0.0019652439514175057
nomao,CatBoost,31018,3447,0.03820836257914684,0.06711858215038764,0.002696539741009474,0.005052022635936737,0.9744705557823181,0.01061424391809851
nomao,ExtraTrees,31018,3447,0.050116223270719865,0.09221980224253651,0.004035831894725561,0.009241178631782532,0.9669277667999268,0.007837901008315384
nomao,LightGBM,31018,3447,0.03812184675729193,0.06788259189280049,0.0022482764907181263,0.004925465676933527,0.9747606515884399,0.009389989078044891
nomao,LinearModel,31018,3447,0.07343385044040865,0.12506232581153667,0.004931947216391563,0.009600112214684486,0.9495213031768799,0.009591729030944407
nomao,NeuralNetFastAI,31018,3447,0.052228983402574605,0.09223767184191715,0.004347582347691059,0.009930692613124847,0.9672178626060486,0.0095037060091272
nomao,NeuralNetTorch,31018,3447,0.05179651038050052,0.09078041890708398,0.003833760041743517,0.009332537651062012,0.9648970365524292,0.010161851067095995
nomao,RandomForest,31018,3447,0.047157288074031696,0.08743845532436777,0.0028779148124158382,0.006776191294193268,0.9698288440704346,0.008511749096214771
nomao,XGBoost,31018,3447,0.038026625510779795,0.0675229707138393,0.003845274681225419,0.006943611428141594,0.9765012860298157,0.01031502103433013
numerai28_6,CatBoost,86688,9632,0.4991407321873323,0.6922870863499622,0.007510904222726822,0.005071211140602827,0.5143272280693054,0.03156637097708881
numerai28_6,ExtraTrees,86688,9632,0.4990435058553476,0.6921875489167657,0.005205996334552765,0.006362124811857939,0.5153654217720032,0.02950840804260224
numerai28_6,LightGBM,86688,9632,0.49908632587270296,0.6922198495077462,0.008301679976284504,0.0027725205291062593,0.5122508406639099,0.03012352401856333
numerai28_6,LinearModel,86688,9632,0.49910458741688996,0.6922538181443474,0.005857348442077637,0.002461842494085431,0.5180647969245911,0.02983740298077464
numerai28_6,NeuralNetFastAI,86688,9632,0.49881410629657175,0.6919607584004138,0.004991501569747925,0.001389019307680428,0.5187915563583374,0.0298407229129225
numerai28_6,NeuralNetTorch,86688,9632,0.49884855988689797,0.691992349301343,0.00503481924533844,0.002538460772484541,0.5218023061752319,0.029451931011863053
numerai28_6,RandomForest,86688,9632,0.4993637725143737,0.6925054377204428,0.009148620069026947,0.004142744932323694,0.5113164186477661,0.029641372966580093
numerai28_6,XGBoost,86688,9632,0.4994019110334513,0.6925509653572159,0.008739382028579712,0.006039702333509922,0.5142233967781067,0.029620865010656416
ozone-level-8hr,CatBoost,2280,254,0.08577191609890816,0.14110440367028418,0.018143288791179657,0.041901975870132446,0.9448819160461426,0.0025728699984028935
ozone-level-8hr,ExtraTrees,2280,254,0.08163304967048092,0.13433200715777124,0.021196991205215454,0.03460671752691269,0.9448819160461426,0.0025162360398098826
ozone-level-8hr,LightGBM,2280,254,0.08378990045435264,0.46768987328133443,0.022414546459913254,0.050817329436540604,0.9330708384513855,0.0026630080537870526
ozone-level-8hr,LinearModel,2280,254,0.07669682917582452,0.12113774106004188,0.01476868987083435,0.024280039593577385,0.9448819160461426,0.002597837010398507
ozone-level-8hr,NeuralNetFastAI,2280,254,0.07593403275252561,0.12018948000310928,0.016549725085496902,0.034293536096811295,0.9409449100494385,0.0023843779927119613
ozone-level-8hr,NeuralNetTorch,2280,254,0.07043230927426536,0.11554423901886428,0.011441130191087723,0.017808597534894943,0.9448819160461426,0.0024178290041163564
ozone-level-8hr,RandomForest,2280,254,0.0804461052640948,0.13150083144024255,0.02025788649916649,0.025487301871180534,0.9448819160461426,0.002516480046324432
ozone-level-8hr,XGBoost,2280,254,0.08711193762774823,0.1479796408274422,0.021442653611302376,0.04112564027309418,0.9370078444480896,0.0024694380117580295
parity5_plus_5,CatBoost,1011,113,0.0,0.0,0.0,1.0000000116860974e-07,1.0,0.0019265790469944477
parity5_plus_5,ExtraTrees,1011,113,0.054455322493455964,0.09343573647079163,0.021266411989927292,0.0450463630259037,0.9646017551422119,0.002010034047998488
parity5_plus_5,LightGBM,1011,113,0.0,0.0,0.0,1.0000000116860974e-07,1.0,0.0018621700583025813
parity5_plus_5,LinearModel,1011,113,,,,0.2226838618516922,0.5840708017349243,0.0018961400492116809
parity5_plus_5,NeuralNetFastAI,1011,113,0.0,0.0,0.0,1.0000000116860974e-07,1.0,0.0018725829431787133
parity5_plus_5,NeuralNetTorch,1011,113,0.0,0.0,0.0,1.0000000116860974e-07,1.0,0.0018837599782273173
parity5_plus_5,RandomForest,1011,113,0.06308496152279768,0.10445497530104543,0.026600942015647888,0.04642272740602493,0.9469026327133179,0.0021801129914820194
parity5_plus_5,XGBoost,1011,113,0.0,0.0,0.0,1.0000000116860974e-07,1.0,0.0018735229969024658
pbcseq,CatBoost,1750,195,0.19029391478066315,0.32431653799313326,0.042513031512498856,0.07617417722940445,0.8871794939041138,0.0024091629311442375
pbcseq,ExtraTrees,1750,195,0.23775682803340517,0.38781367543842754,0.03069404885172844,0.06061198189854622,0.8410256505012512,0.0025468909880146384
pbcseq,LightGBM,1750,195,0.20121785011496776,0.33446358898206047,0.038572028279304504,0.06483648717403412,0.8871794939041138,0.0023864300455898046
pbcseq,LinearModel,1750,195,0.3996676108961533,0.5757163071432081,0.05008646100759506,0.1051456555724144,0.6615384817123413,0.0024932180531322956
pbcseq,NeuralNetFastAI,1750,195,0.2919988817678276,0.8858016368466106,0.0326092392206192,0.056449078023433685,0.7897436022758484,0.0027626969385892153
pbcseq,NeuralNetTorch,1750,195,0.2974027231182555,0.46833159781147715,0.05947960913181305,0.119170643389225,0.8153846263885498,0.0026857060147449374
pbcseq,RandomForest,1750,195,0.24647261098526932,0.416211902738682,0.05156348645687103,0.1118747740983963,0.8717948794364929,0.0025038820458576083
pbcseq,XGBoost,1750,195,0.18721999640433487,0.32442916836377383,0.043329887092113495,0.08720974624156952,0.8974359035491943,0.0025781100848689675
pc1,CatBoost,998,111,0.0853565841338161,0.9156128256356838,0.023051884025335312,0.05706525593996048,0.954954981803894,0.0019830380333587527
pc1,ExtraTrees,998,111,0.07923018486384659,0.16423797778653038,0.015495636500418186,0.03810058534145355,0.954954981803894,0.00204781093634665
pc1,LightGBM,998,111,0.08824928943463559,0.9360215923244074,0.023811649531126022,0.05506100133061409,0.954954981803894,0.002010202035307884
pc1,LinearModel,998,111,0.10072582813425711,0.1871885913374617,0.02427740953862667,0.02066626027226448,0.9369369149208069,0.0021295479964464903
pc1,NeuralNetFastAI,998,111,0.10026258804972715,0.19011118355354348,0.0339401550590992,0.06176968291401863,0.9459459185600281,0.002074902062304318
pc1,NeuralNetTorch,998,111,0.09362236925839493,0.17980512979089047,0.024979421868920326,0.03179040178656578,0.9459459185600281,0.0021473299711942673
pc1,RandomForest,998,111,0.08019170244765972,0.15398008553665726,0.017834648489952087,0.034365784376859665,0.954954981803894,0.0020927099976688623
pc1,XGBoost,998,111,0.08377961406706073,0.15608553297617472,0.016774974763393402,0.02410045824944973,0.9459459185600281,0.0021624150685966015
pc2,CatBoost,5030,559,0.006270089588888138,0.01245341217021569,0.0025361108127981424,0.0021635000593960285,0.9964221715927124,0.0029073989717289805
pc2,ExtraTrees,5030,559,0.006622223117142663,0.014428200562401674,0.0029193430673331022,0.0006263540126383305,0.9964221715927124,0.0027837699744850397
pc2,LightGBM,5030,559,0.006460520285244369,0.013057916150934134,0.003346160054206848,0.00013351718371268362,0.9964221715927124,0.0028078339528292418
pc2,LinearModel,5030,559,0.006507672300059764,0.01396660761750743,0.002981361700221896,0.002947038970887661,0.9964221715927124,0.002910957089625299
pc2,NeuralNetFastAI,5030,559,0.006425233489742726,0.012642390551514749,0.0032989659812301397,0.005397516302764416,0.9964221715927124,0.0028743669390678406
pc2,NeuralNetTorch,5030,559,0.006700260364386477,0.014082520626254149,0.0033399933017790318,0.0015198643086478114,0.9964221715927124,0.002976748044602573
pc2,RandomForest,5030,559,0.006849862156747995,0.015758175978795783,0.0032980162650346756,0.0006459083524532616,0.9964221715927124,0.0026139600668102503
pc2,XGBoost,5030,559,0.006150616332607905,0.011760549751211914,0.002625759458169341,0.005075700115412474,0.9964221715927124,0.0028411410748958588
pc3,CatBoost,1406,157,0.17347546459562146,0.27557622372540275,0.041018277406692505,0.0786217525601387,0.8980891704559326,0.0023245670599862933
pc3,ExtraTrees,1406,157,0.16105653802722425,0.2564147117718953,0.03314253315329552,0.05941683053970337,0.9044585824012756,0.0022793320240452886
pc3,LightGBM,1406,157,0.16977272350849237,0.2779741669237593,0.031068630516529083,0.07000865042209625,0.8853503465652466,0.0022389700170606375
pc3,LinearModel,1406,157,0.1994107665401882,1.4127443992500945,0.0455298013985157,0.09840628504753113,0.8917197585105896,0.002259504981338978
pc3,NeuralNetFastAI,1406,157,0.18063711539245048,0.29243385254971294,0.044004667550325394,0.059057075530290604,0.8917197585105896,0.0022247739834710956
pc3,NeuralNetTorch,1406,157,0.18452743827253423,0.3126283603085998,0.044834382832050323,0.07472363114356995,0.9044585824012756,0.0023651759838685393
pc3,RandomForest,1406,157,0.16706293873025965,0.27471538283482166,0.030048774555325508,0.05806047469377518,0.8853503465652466,0.0021671089343726635
pc3,XGBoost,1406,157,0.1782052637367537,0.28336974938082893,0.0417693629860878,0.06752078980207443,0.8789808750152588,0.002257971907965839
pc4,CatBoost,1312,146,0.11849617857803345,0.1838678140414711,0.035267360508441925,0.052276860922575,0.9041095972061157,0.0021784849232062697
pc4,ExtraTrees,1312,146,0.1269991669686181,0.7688904522548755,0.024792522192001343,0.06116846576333046,0.8972602486610413,0.0022552660666406155
pc4,LightGBM,1312,146,0.12070412527249695,0.1893294122504148,0.03107691928744316,0.06591978669166565,0.9178082346916199,0.0021584079368039966
pc4,LinearModel,1312,146,0.11683344658854532,0.1934093534956133,0.037743132561445236,0.059739481657743454,0.9246575236320496,0.002299790969118476
pc4,NeuralNetFastAI,1312,146,0.11968096921915602,0.20098094580358994,0.03496699035167694,0.059448301792144775,0.931506872177124,0.0023272909456864
pc4,NeuralNetTorch,1312,146,0.13362784229905017,0.20809378723614894,0.03409644961357117,0.04656944423913956,0.9178082346916199,0.0023056119680404663
pc4,RandomForest,1312,146,0.1257875091483869,0.19002214579960278,0.0291424747556448,0.044646307826042175,0.9041095972061157,0.0023918109945952892
pc4,XGBoost,1312,146,0.1332576489044368,0.20625337260792628,0.03686507046222687,0.05604220926761627,0.8904109597206116,0.0022907740203663707
philippine,CatBoost,5248,584,0.317305550823408,0.4709815935285607,0.017314255237579346,0.04430548846721649,0.7722602486610413,0.0040373801020905375
philippine,ExtraTrees,5248,584,0.3163290303150755,0.4748305392132681,0.01994972862303257,0.027596088126301765,0.7654109597206116,0.00391025491990149
philippine,LightGBM,5248,584,0.3009043635861102,0.4538304611118681,0.01524035632610321,0.03528929501771927,0.7773972749710083,0.003648563986644149
philippine,LinearModel,5248,584,0.37433928939493616,0.5599604247302296,0.020080624148249626,0.05657130852341652,0.7260273694992065,0.00380394805688411
philippine,NeuralNetFastAI,5248,584,0.3668470569620674,0.5428905191447958,0.026410967111587524,0.06489874422550201,0.7431507110595703,0.00395138596650213
philippine,NeuralNetTorch,5248,584,0.36556594324989394,0.5464112107733,0.030154451727867126,0.06555677950382233,0.732876718044281,0.003782985033467412
philippine,RandomForest,5248,584,0.32082993360526574,0.4869534176141228,0.016740169376134872,0.03842514380812645,0.7602739930152893,0.003841239959001541
philippine,XGBoost,5248,584,0.3004739287561683,0.5988036247060596,0.02037571370601654,0.0481095053255558,0.7773972749710083,0.003888275008648634
phoneme,CatBoost,4863,541,0.13352237630845776,0.21511867550370592,0.011003494262695312,0.03405555337667465,0.9038817286491394,0.0033694319427013397
phoneme,ExtraTrees,4863,541,0.12290868123315317,0.20153015640276367,0.011058144271373749,0.023239707574248314,0.9131238460540771,0.003472249023616314
phoneme,LightGBM,4863,541,0.13492738914533703,0.21969245713871244,0.013351569883525372,0.04463034123182297,0.9112753868103027,0.003844575025141239
phoneme,LinearModel,4863,541,0.32235730442480104,0.48560448980528237,0.02794608101248741,0.06950519233942032,0.7634010910987854,0.003419346990995109
phoneme,NeuralNetFastAI,4863,541,0.15819722049040033,0.25331443740249315,0.01757720857858658,0.03242848813533783,0.8872458338737488,0.003628644975833595
phoneme,NeuralNetTorch,4863,541,0.1404137435913843,0.23339137603201893,0.018614601343870163,0.044561829417943954,0.9075785875320435,0.0035611060447990894
phoneme,RandomForest,4863,541,0.13267738618251187,0.21848105403226328,0.013058707118034363,0.02571628801524639,0.905730128288269,0.0034216210478916764
phoneme,XGBoost,4863,541,0.13134213973170303,0.21717532422699365,0.018972815945744514,0.04676365852355957,0.905730128288269,0.003580662072636187
pm10,CatBoost,450,50,0.4330941089960625,0.6267185239908557,0.09160321950912476,0.18749094009399414,0.7400000095367432,0.002045828034169972
pm10,ExtraTrees,450,50,0.45403183952578563,0.6450521757889096,0.0803086906671524,0.18636088073253632,0.6399999856948853,0.001991125987842679
pm10,LightGBM,450,50,0.41812272609052714,0.6096174873759718,0.08328540623188019,0.18413928151130676,0.6600000262260437,0.00197412702254951
pm10,LinearModel,450,50,0.49670555636062913,0.6898620320839441,0.07312345504760742,0.056174714118242264,0.5600000023841858,0.001767306006513536
pm10,NeuralNetFastAI,450,50,0.5040780794767362,0.6967965121513034,0.06485295295715332,0.11723625659942627,0.5,0.0019716350361704826
pm10,NeuralNetTorch,450,50,0.5152760939652379,0.7081010518210653,0.0816013440489769,0.13995102047920227,0.5,0.0019609370501711965
pm10,RandomForest,450,50,0.43872253335661343,0.640701698881281,0.08952195197343826,0.19751763343811035,0.7200000286102295,0.0018696249462664127
pm10,XGBoost,450,50,0.4619301535883875,0.6613174597205511,0.09097354859113693,0.15697751939296722,0.699999988079071,0.0019482170464470983
pollen,CatBoost,3463,385,0.5003679746517178,0.6935254461366042,0.035352252423763275,0.007785818073898554,0.4961038827896118,0.0028225870337337255
pollen,ExtraTrees,3463,385,0.5001398475619893,0.6931110458396296,0.03056955337524414,0.009981022216379642,0.4935064911842346,0.0026728699449449778
pollen,LightGBM,3463,385,0.5024632873647731,0.6956775779614178,0.03317579627037048,0.029162045568227768,0.5220779180526733,0.0026795120211318135
pollen,LinearModel,3463,385,0.5036199180377471,0.6968318770574534,0.030974596738815308,0.0385412834584713,0.4987013041973114,0.002712263958528638
pollen,NeuralNetFastAI,3463,385,0.49880344463044957,0.6919694261290735,0.03559847176074982,0.023023104295134544,0.5376623272895813,0.002951481961645186
pollen,NeuralNetTorch,3463,385,0.5018128460793042,0.6949657209822863,0.02661047875881195,0.03059283457696438,0.4987013041973114,0.0028055330039933324
pollen,RandomForest,3463,385,0.498305103116672,0.6914399861392423,0.037733256816864014,0.036530692130327225,0.5038961172103882,0.0026510009774938226
pollen,XGBoost,3463,385,0.5043867574127245,0.6975460314828913,0.03560802340507507,0.03587007895112038,0.48571428656578064,0.0028817380079999566
puma32H,CatBoost,7372,820,0.13012721050417425,0.20409729683613778,0.009284291416406631,0.026064176112413406,0.9073171019554138,0.004493208951316774
puma32H,ExtraTrees,7372,820,0.14256415776173478,0.2202885625638837,0.010103730484843254,0.027751334011554718,0.8987804651260376,0.004151483066380024
puma32H,LightGBM,7372,820,0.14203206577936933,0.22142308436508615,0.008293475955724716,0.02053246460855007,0.8926829099655151,0.004251686041243374
puma32H,LinearModel,7372,820,0.46465176636573524,0.6580748218477738,0.024221032857894897,0.04621713235974312,0.6402438879013062,0.003831041045486927
puma32H,NeuralNetFastAI,7372,820,0.1050025409787772,0.17287552272083476,0.010717205703258514,0.0204177126288414,0.9280487895011902,0.005196684971451759
puma32H,NeuralNetTorch,7372,820,0.11049481672682482,0.18265114562432752,0.016727691516280174,0.031344395130872726,0.9231707453727722,0.004253741004504263
puma32H,RandomForest,7372,820,0.15071544587163527,0.23578965239306973,0.014322428032755852,0.035814784467220306,0.8865853548049927,0.004497422953136265
puma32H,XGBoost,7372,820,0.14308520904335384,0.2276170746348104,0.013982889242470264,0.030269280076026917,0.8975609540939331,0.004461045027710497
puma8NH,CatBoost,7372,820,0.22886054506579495,0.36120129311777915,0.0146248210221529,0.04219229891896248,0.8378048539161682,0.004455692018382251
puma8NH,ExtraTrees,7372,820,0.2266982536615439,0.3566121780067963,0.018237952142953873,0.043249960988759995,0.8390243649482727,0.004598677041940391
puma8NH,LightGBM,7372,820,0.23116562496129542,0.3649744294371289,0.01865626499056816,0.03324238210916519,0.8414633870124817,0.004459279938600957
puma8NH,LinearModel,7372,820,0.26831486336116644,0.45325751958564997,0.026142030954360962,0.07138903439044952,0.8243902325630188,0.0041049569845199585
puma8NH,NeuralNetFastAI,7372,820,0.2259769455459163,0.35543808652154907,0.018173646181821823,0.05971933901309967,0.8463414907455444,0.004428055020980537
puma8NH,NeuralNetTorch,7372,820,0.2261018651633203,0.3536325285203462,0.018542800098657608,0.05755511671304703,0.8390243649482727,0.004305702983401716
puma8NH,RandomForest,7372,820,0.22662631682822731,0.35845877797357906,0.016900410875678062,0.03693251684308052,0.8426828980445862,0.004311235039494932
puma8NH,XGBoost,7372,820,0.2288800755309746,0.364087772523473,0.020215462893247604,0.034247737377882004,0.8414633870124817,0.0044981930404901505
qsar-biodeg,CatBoost,949,106,0.175070263155506,0.28504863565252614,0.02365073189139366,0.06013569235801697,0.8773584961891174,0.002387940068729222
qsar-biodeg,ExtraTrees,949,106,0.1830849342071642,0.2935513168412483,0.026864785701036453,0.06755170971155167,0.8584905862808228,0.002247859025374055
qsar-biodeg,LightGBM,949,106,0.16821094480912013,0.2808137009882382,0.023435579612851143,0.0732586532831192,0.8962264060974121,0.002303191926330328
qsar-biodeg,LinearModel,949,106,0.18464274126233934,0.29293987954743145,0.038566336035728455,0.10975072532892227,0.8584905862808228,0.002260622917674482
qsar-biodeg,NeuralNetFastAI,949,106,0.1691437369204054,0.26863053859964714,0.027716681361198425,0.07701929658651352,0.8773584961891174,0.002128830994479358
qsar-biodeg,NeuralNetTorch,949,106,0.18279819360496252,0.29780942300760177,0.028311043977737427,0.05279209464788437,0.8773584961891174,0.002235227031633258
qsar-biodeg,RandomForest,949,106,0.1689058687790784,0.2762147377968996,0.022364618256688118,0.05291437357664108,0.8773584961891174,0.002113119000568986
qsar-biodeg,XGBoost,949,106,0.1754528944507976,0.2909045510158018,0.022132456302642822,0.10241018235683441,0.8867924809455872,0.002314024022780359
ringnorm,CatBoost,6660,740,0.0311350331065756,0.058737923729811174,0.005768157541751862,0.01452166773378849,0.9837837815284729,0.003647934994660318
ringnorm,ExtraTrees,6660,740,0.033663055252221935,0.05774357078143373,0.005394402891397476,0.01026854570955038,0.9783783555030823,0.003742236993275583
ringnorm,LightGBM,6660,740,0.03098783660281931,0.16922178447059064,0.003929957747459412,0.009540569968521595,0.9824324250221252,0.0037152949953451753
ringnorm,LinearModel,6660,740,0.30979473462507756,0.46338741710864956,0.016847532242536545,0.03200356662273407,0.7770270109176636,0.0038524350384250283
ringnorm,NeuralNetFastAI,6660,740,0.03439167215058317,0.17015532363058286,0.005591651890426874,0.014274634420871735,0.9770269989967346,0.0037743709981441498
ringnorm,NeuralNetTorch,6660,740,0.03050741799858653,0.05213037124728504,0.005608323961496353,0.00821126252412796,0.9770269989967346,0.003557628020644188
ringnorm,RandomForest,6660,740,0.0561607520859573,0.09927167898899715,0.008089100942015648,0.013258786872029305,0.9662162065505981,0.0036900609266012907
ringnorm,XGBoost,6660,740,0.034355495104589254,0.06476139410140676,0.006359770428389311,0.016056867316365242,0.9824324250221252,0.003916305955499411
rmftsa_ladata,CatBoost,457,51,0.15060504733598803,0.2613273474151644,0.038284026086330414,0.09869507700204849,0.9019607901573181,0.0018795679789036512
rmftsa_ladata,ExtraTrees,457,51,0.1462446495060286,0.2306497854137357,0.04043103754520416,0.10346365720033646,0.8627451062202454,0.0018925339682027698
rmftsa_ladata,LightGBM,457,51,0.16265481967632786,0.24922254847171854,0.047030702233314514,0.09313425421714783,0.8823529481887817,0.001836532959714532
rmftsa_ladata,LinearModel,457,51,0.10832335577120858,0.18152881342698746,0.04027625545859337,0.07202568650245667,0.9411764740943909,0.0018467939225956798
rmftsa_ladata,NeuralNetFastAI,457,51,0.10149209735451205,0.16751909360342807,0.04090103507041931,0.10244583338499069,0.9607843160629272,0.001810541027225554
rmftsa_ladata,NeuralNetTorch,457,51,0.13310401060712976,0.22225914205188518,0.03265038877725601,0.10502297431230545,0.9019607901573181,0.0018438720144331455
rmftsa_ladata,RandomForest,457,51,0.15412990200228238,0.24887816346108022,0.036542169749736786,0.08390678465366364,0.8823529481887817,0.0018659279448911548
rmftsa_ladata,XGBoost,457,51,0.16722565995768726,0.2647121633142416,0.05963551625609398,0.07496084272861481,0.8823529481887817,0.0020285469945520163
spambase,CatBoost,4140,461,0.08156200824602709,0.3216411443378129,0.024873264133930206,0.032640933990478516,0.9479392766952515,0.00320687098428607
spambase,ExtraTrees,4140,461,0.08824806158322762,0.3376184800488189,0.024587687104940414,0.027992725372314453,0.9479392766952515,0.002970158006064594
spambase,LightGBM,4140,461,0.08455832051167919,0.3220272658991267,0.026834603399038315,0.04747064784169197,0.9392624497413635,0.002999100019223988
spambase,LinearModel,4140,461,0.10330509245517781,0.35923067916687346,0.02447749674320221,0.030736563727259636,0.9305856823921204,0.003417989006265998
spambase,NeuralNetFastAI,4140,461,0.09178421224238975,0.17043682807562713,0.01662786677479744,0.031937286257743835,0.9414316415786743,0.003087052027694881
spambase,NeuralNetTorch,4140,461,0.09063328650016664,0.33722860603558985,0.02269769459962845,0.02858445979654789,0.9327548742294312,0.003355700056999922
spambase,RandomForest,4140,461,0.0898195191167609,0.3322619320051514,0.02674384042620659,0.031851042062044144,0.9370932579040527,0.0032227779738605022
spambase,XGBoost,4140,461,0.09098463684461686,0.3291087134447315,0.03259143978357315,0.04305216670036316,0.9305856823921204,0.0033115330152213573
sylvine,CatBoost,4611,513,0.08655500742595028,0.31200228385384743,0.017636843025684357,0.020776694640517235,0.9415204524993896,0.0032404839294031262
sylvine,ExtraTrees,4611,513,0.09078212820800322,0.1622089323371185,0.013819538988173008,0.03301297873258591,0.9376218318939209,0.0035557200899347663
sylvine,LightGBM,4611,513,0.08746225826506014,0.15419031669107805,0.01373293437063694,0.026739921420812607,0.9395711421966553,0.003412959980778396
sylvine,LinearModel,4611,513,0.15361917018263707,0.4285677086839504,0.015341612510383129,0.03120744600892067,0.8947368264198303,0.0033717170590534806
sylvine,NeuralNetFastAI,4611,513,0.09794651699674663,0.16947540076293527,0.017281828448176384,0.03264783322811127,0.9356725215911865,0.0032810989068821073
sylvine,NeuralNetTorch,4611,513,0.10154986319728747,0.33569716546733597,0.016619758680462837,0.03477029129862785,0.9337232112884521,0.003400102024897933
sylvine,RandomForest,4611,513,0.1095753762022845,0.18752239846393143,0.01544111967086792,0.027407510206103325,0.9259259104728699,0.0034027009969577193
sylvine,XGBoost,4611,513,0.08805855487566595,0.15583270663094215,0.012921729125082493,0.027926577255129814,0.9395711421966553,0.0035296500427648425
tokyo1,CatBoost,863,96,0.07068872704457681,0.11276815258410311,0.021680381149053574,0.040364429354667664,0.9166666865348816,0.0021655410528182983
tokyo1,ExtraTrees,863,96,0.07575835206574148,0.12138591936598775,0.020106099545955658,0.07245857268571854,0.9375,0.0020740670152008533
tokyo1,LightGBM,863,96,0.09465139976817905,0.14713222993174094,0.02864542417228222,0.053819313645362854,0.9375,0.00218711094930768
tokyo1,LinearModel,863,96,0.12263072381111902,0.1886549462511654,0.03455770015716553,0.06792521476745605,0.90625,0.002146239043213427
tokyo1,NeuralNetFastAI,863,96,0.08835713882149658,0.1297242589964717,0.01616337150335312,0.04323683679103851,0.9270833134651184,0.0022034510038793087
tokyo1,NeuralNetTorch,863,96,0.07333796502566588,0.11829370571198845,0.020602740347385406,0.04397840052843094,0.9479166865348816,0.00219755491707474
tokyo1,RandomForest,863,96,0.0792601531514418,0.12055342090388349,0.026467448100447655,0.05914108082652092,0.9166666865348816,0.002101779100485146
tokyo1,XGBoost,863,96,0.09453435333510979,0.14396659007391674,0.02848285622894764,0.05443592742085457,0.9166666865348816,0.002127713058143854
twonorm,CatBoost,6660,740,0.031876149856542114,0.055154619076336904,0.005964095704257488,0.012992930598556995,0.9770269989967346,0.0039658439345657825
twonorm,ExtraTrees,6660,740,0.03155792693286934,0.05724814392770945,0.009011698886752129,0.014822897501289845,0.9797297120094299,0.003848777967505157
twonorm,LightGBM,6660,740,0.03308025438954421,0.05688419554096668,0.007013052701950073,0.015087676234543324,0.9797297120094299,0.0038166720187291503
twonorm,LinearModel,6660,740,0.02931308571615044,0.0545919262873432,0.00850016437470913,0.012397549115121365,0.9810810685157776,0.003663556999526918
twonorm,NeuralNetFastAI,6660,740,0.03168720599595091,0.05655064242392001,0.010151310823857784,0.011502538807690144,0.9783783555030823,0.003776357974857092
twonorm,NeuralNetTorch,6660,740,0.030004633851134603,0.05647127571264896,0.008679023943841457,0.01220652274787426,0.9797297120094299,0.0037367010954767466
twonorm,RandomForest,6660,740,0.03275229216072855,0.06007141068275882,0.008509359322488308,0.013786531053483486,0.9797297120094299,0.0038028579438105226
twonorm,XGBoost,6660,740,0.03542937674773646,0.06083364335813832,0.007578767370432615,0.013704383745789528,0.9770269989967346,0.003884177072905004
visualizing_soil,CatBoost,7776,865,0.0,0.0,0.0,1.0000000116860974e-07,1.0,0.003408805001527071
visualizing_soil,ExtraTrees,7776,865,0.0,0.0,0.0,1.0000000116860974e-07,1.0,0.002882057917304337
visualizing_soil,LightGBM,7776,865,0.0,0.0,0.0,1.0000000116860974e-07,1.0,0.0032583429710939527
visualizing_soil,LinearModel,7776,865,0.0,0.0,0.0,1.0000000116860974e-07,1.0,0.0029450770234689116
visualizing_soil,NeuralNetFastAI,7776,865,0.0,0.0,0.0,1.0000000116860974e-07,1.0,0.0033154020784422755
visualizing_soil,NeuralNetTorch,7776,865,0.0,0.0,0.0,1.0000000116860974e-07,1.0,0.002937519922852516
visualizing_soil,RandomForest,7776,865,0.0,0.0,0.0,1.0000000116860974e-07,1.0,0.002690124907530844
visualizing_soil,XGBoost,7776,865,0.0,0.0,0.0,1.0000000116860974e-07,1.0,0.0033522360026836395
wilt,CatBoost,4355,484,0.032046270268890814,0.054926525719351534,0.007487916387617588,0.01070983987301588,0.9793388247489929,0.0029634350212290883
wilt,ExtraTrees,4355,484,0.031163208960624134,0.0542054518500983,0.006049037910997868,0.01160523947328329,0.9814049601554871,0.002809835015796125
wilt,LightGBM,4355,484,0.030023528430634883,0.0564925115736338,0.004760270938277245,0.013432028703391552,0.9814049601554871,0.003033395973034203
wilt,LinearModel,4355,484,0.029411194977365777,0.04778879766832059,0.008555103093385696,0.011234507896006107,0.9793388247489929,0.002907231915742159
wilt,NeuralNetFastAI,4355,484,0.021859828936009254,0.03466353463314941,0.005640610121190548,0.012442311272025108,0.9855371713638306,0.0028463100316002965
wilt,NeuralNetTorch,4355,484,0.025619928444438375,0.04057636702522463,0.006739481817930937,0.01370781660079956,0.9834710955619812,0.002879542065784335
wilt,RandomForest,4355,484,0.0342452103609878,0.055845943191056895,0.007256129290908575,0.014212831854820251,0.9772727489471436,0.002913536038249731
wilt,XGBoost,4355,484,0.03688499569880536,0.060028899401728224,0.008968252688646317,0.019245941191911697,0.9752066135406494,0.0030364899430423975
wind,CatBoost,5916,658,0.18227735683710133,0.2932341441467176,0.017964385449886322,0.04280583932995796,0.8632218837738037,0.003939302987419069
wind,ExtraTrees,5916,658,0.18724956661176825,0.4282602060588267,0.015746958553791046,0.037646789103746414,0.8738601803779602,0.003906906000338495
wind,LightGBM,5916,658,0.18003888479947178,0.288183557239121,0.018159613013267517,0.0445442721247673,0.8708206415176392,0.004006269038654864
wind,LinearModel,5916,658,0.19761245783530235,0.4418641771445044,0.01628798618912697,0.031180184334516525,0.8586626052856445,0.0037951080594211817
wind,NeuralNetFastAI,5916,658,0.17468236365322215,0.2812268179520545,0.01723898947238922,0.0333816334605217,0.8784194588661194,0.003946640994399786
wind,NeuralNetTorch,5916,658,0.17445099335368883,0.2814449310924736,0.01498240977525711,0.035799458622932434,0.8814589381217957,0.003932334948331118
wind,RandomForest,5916,658,0.191105017526772,0.3107212357057748,0.011070415377616882,0.0375242605805397,0.8647416234016418,0.003938544075936079
wind,XGBoost,5916,658,0.18147080218294476,0.2953882541540771,0.01902875304222107,0.04449367895722389,0.8768997192382812,0.0039033819921314716
