dataset,model,cal_size,test_size,ETS_brier,ETS_logloss,ETS_kuiper,ETS_ece-15,ETS_accuracy,ETS_time
2dplanes,CatBoost,36691,4077,0.09557302075393065,0.15222850905388177,0.005903234705328941,0.011474385857582092,0.9256806373596191,0.07731555902864784
2dplanes,ExtraTrees,36691,4077,0.0948389586826589,0.15227761783708915,0.005816571414470673,0.01022307574748993,0.9256806373596191,0.06636648904532194
2dplanes,LightGBM,36691,4077,0.09521477880591829,0.15318088087554949,0.005113505758345127,0.01202847994863987,0.9298503994941711,0.057629271992482245
2dplanes,LinearModel,36691,4077,0.23356884624160812,0.36682689761416903,0.012428482994437218,0.02244919165968895,0.8403237462043762,0.05712767201475799
2dplanes,NeuralNetFastAI,36691,4077,0.09418669392023336,0.1506874334908385,0.003838068339973688,0.006824558600783348,0.9332842826843262,0.050077558029443026
2dplanes,NeuralNetTorch,36691,4077,0.09473409574432314,0.1523156931158469,0.006919626612216234,0.010306626558303833,0.9315673112869263,0.06678416894283146
2dplanes,RandomForest,36691,4077,0.09558035340347179,0.15416729567239149,0.0057494970969855785,0.01571769081056118,0.9271523356437683,0.06288214400410652
2dplanes,XGBoost,36691,4077,0.0954480812480354,0.15281292684666217,0.005445943213999271,0.013167266733944416,0.9276428818702698,0.05754830699879676
APSFailure,CatBoost,68400,7600,0.007906073617463268,0.015610362086236593,0.001917778979986906,0.0028102484066039324,0.9952631592750549,0.14398710301611573
APSFailure,ExtraTrees,68400,7600,0.009589972003546623,0.018891561099343472,0.0029450736474245787,0.0024725282564759254,0.9940789341926575,0.2793682269984856
APSFailure,LightGBM,68400,7600,0.007862839339644554,0.015738504034483024,0.0017112140776589513,0.0017467672005295753,0.9951315522193909,0.14186095795594156
APSFailure,LinearModel,68400,7600,0.011450513617595411,0.02177202114630148,0.0012132894480600953,0.0032931738533079624,0.99289470911026,0.12279466399922967
APSFailure,NeuralNetFastAI,68400,7600,0.009734005950879672,0.018258946705141686,0.002337941899895668,0.004076207987964153,0.9934210777282715,0.14390046789776534
APSFailure,NeuralNetTorch,68400,7600,0.01084973480362826,0.021105466277899335,0.0022416249848902225,0.004097715951502323,0.9931579232215881,0.13640651991590858
APSFailure,RandomForest,68400,7600,0.008468765717838894,0.016965988579517085,0.0028555765748023987,0.0030066710896790028,0.9951315522193909,0.2809798059752211
APSFailure,XGBoost,68400,7600,0.007693010383042786,0.015284735705235008,0.0018949011573567986,0.0024770020972937346,0.9952631592750549,0.13168856594711542
Amazon_employee_access,CatBoost,29492,3277,0.07197038440030067,0.13447716773310747,0.0050738356076180935,0.01304036844521761,0.9545316100120544,0.0460326389875263
Amazon_employee_access,ExtraTrees,29492,3277,0.08110785464584411,0.15051245249426315,0.01010238379240036,0.014588583260774612,0.9469026327133179,0.05922624992672354
Amazon_employee_access,LightGBM,29492,3277,0.0790376170562454,0.1507220456434684,0.003437486942857504,0.008478041738271713,0.9499542117118835,0.11367347801569849
Amazon_employee_access,LinearModel,29492,3277,0.08389908400296246,0.15655007034071083,0.005998754408210516,0.008884596638381481,0.9453768730163574,0.039864122052676976
Amazon_employee_access,NeuralNetFastAI,29492,3277,0.08369644878041364,0.15632021606057317,0.008397046476602554,0.015311329625546932,0.9481232762336731,0.056629115948453546
Amazon_employee_access,NeuralNetTorch,29492,3277,0.08514150985449029,0.1598314233172296,0.008900294080376625,0.014033813960850239,0.9465975165367126,0.06231440091505647
Amazon_employee_access,RandomForest,29492,3277,0.07728274081476802,0.14367637328730434,0.008598396554589272,0.015589665621519089,0.9478181004524231,0.0646641090279445
Amazon_employee_access,XGBoost,29492,3277,0.07552224375404279,0.14408214509188363,0.0053036510944366455,0.010387985035777092,0.951785147190094,0.05979249509982765
Australian,CatBoost,621,69,0.17592263069132408,0.2907139981616477,0.05100765824317932,0.0644533783197403,0.8695651888847351,0.004014441045001149
Australian,ExtraTrees,621,69,0.17223898459808182,0.29118773016506877,0.06196114793419838,0.09472201019525528,0.8550724387168884,0.004484715987928212
Australian,LightGBM,621,69,0.17532065085777257,0.31762167431883553,0.06171493977308273,0.09173355251550674,0.8695651888847351,0.004053151002153754
Australian,LinearModel,621,69,0.17017468716600465,0.2917773558633588,0.05918435379862785,0.12702862918376923,0.9130434989929199,0.01123840594664216
Australian,NeuralNetFastAI,621,69,0.1579817972993381,0.2802727352148544,0.06431520730257034,0.09245079755783081,0.8985507488250732,0.011551009956747293
Australian,NeuralNetTorch,621,69,0.16383331141089766,0.2795281534702477,0.03672540560364723,0.11898310482501984,0.8840579986572266,0.006655073957517743
Australian,RandomForest,621,69,0.16838670032550507,0.3012477526085468,0.05242559686303139,0.08925926685333252,0.8550724387168884,0.006693310919217765
Australian,XGBoost,621,69,0.15065466527124724,0.26462814817038677,0.050626300275325775,0.1025230661034584,0.8840579986572266,0.004595136968418956
Bioresponse,CatBoost,3375,376,0.27727775955179607,0.435337677354437,0.021771438419818878,0.06825267523527145,0.8164893388748169,0.009447167976759374
Bioresponse,ExtraTrees,3375,376,0.28356480638837833,0.4342391839058454,0.018455911427736282,0.03915878012776375,0.7952127456665039,0.016565866069868207
Bioresponse,LightGBM,3375,376,0.2766681520089457,0.4327362875741219,0.024341437965631485,0.05773197486996651,0.8218085169792175,0.009493218967691064
Bioresponse,LinearModel,3375,376,0.3682036398264893,0.5526934572190374,0.050540633499622345,0.07128006964921951,0.7473404407501221,0.01987290207762271
Bioresponse,NeuralNetFastAI,3375,376,0.2867051827645989,0.4428100956606007,0.021079331636428833,0.06903822720050812,0.7792553305625916,0.01415460801217705
Bioresponse,NeuralNetTorch,3375,376,0.2918169083402408,0.4499259665050261,0.02037874609231949,0.057867757976055145,0.7952127456665039,0.01286037394311279
Bioresponse,RandomForest,3375,376,0.28084461158845264,0.4351393077251432,0.024151913821697235,0.055289376527071,0.811170220375061,0.016171931056305766
Bioresponse,XGBoost,3375,376,0.2752124731412288,0.43196380342769614,0.02584553137421608,0.052155639976263046,0.8164893388748169,0.00942866294644773
Click_prediction_small,CatBoost,35953,3995,0.25339692920261614,0.4118328728689109,0.008455535396933556,0.011560116894543171,0.8362953662872314,0.048051603022031486
Click_prediction_small,ExtraTrees,35953,3995,0.26023635405969453,0.4209615551120329,0.007042183540761471,0.007908317260444164,0.8342928886413574,0.09305559797212481
Click_prediction_small,LightGBM,35953,3995,0.2580591519473345,0.41887395506270986,0.007619813084602356,0.010558267123997211,0.8367959856987,0.04738970007747412
Click_prediction_small,LinearModel,35953,3995,0.26143474729096744,0.42448493434893353,0.022713560611009598,0.02383272722363472,0.8365457057952881,0.1351951389806345
Click_prediction_small,NeuralNetFastAI,35953,3995,0.25827662651604283,0.4200665410879835,0.005732293240725994,0.007136334199458361,0.8375469446182251,0.07720362895634025
Click_prediction_small,NeuralNetTorch,35953,3995,0.25974249219276063,0.4188369104386477,0.008333511650562286,0.010174804367125034,0.8345431685447693,0.10112676292192191
Click_prediction_small,RandomForest,35953,3995,0.25915689669658476,0.41833700685356606,0.0048914458602666855,0.009224701672792435,0.8342928886413574,0.07695985701866448
Click_prediction_small,XGBoost,35953,3995,0.25794854421354907,0.417173657491699,0.00847017765045166,0.013150726445019245,0.8347935080528259,0.06899932795204222
GAMETES_Epistasis_2-Way_1000atts_0_4H_EDM-1_EDM-1_1,CatBoost,1440,160,0.4087963982681589,0.5993143378254079,0.08420169353485107,0.15139774978160858,0.737500011920929,0.0068491019774228334
GAMETES_Epistasis_2-Way_1000atts_0_4H_EDM-1_EDM-1_1,ExtraTrees,1440,160,0.5042880033002968,0.6974392246251238,0.07507222890853882,0.04339584708213806,0.4375,0.008209158084355295
GAMETES_Epistasis_2-Way_1000atts_0_4H_EDM-1_EDM-1_1,LightGBM,1440,160,0.5123654197961209,0.705543011785332,0.08488383889198303,0.04394838586449623,0.39375001192092896,0.015946893952786922
GAMETES_Epistasis_2-Way_1000atts_0_4H_EDM-1_EDM-1_1,LinearModel,1440,160,0.5005625497888392,0.6937097997465929,0.03536327928304672,3.010531327163335e-05,0.48124998807907104,0.01011410600040108
GAMETES_Epistasis_2-Way_1000atts_0_4H_EDM-1_EDM-1_1,NeuralNetFastAI,1440,160,0.4927202892570313,0.6858593461656463,0.05971750617027283,0.008916530758142471,0.5874999761581421,0.011599914054386318
GAMETES_Epistasis_2-Way_1000atts_0_4H_EDM-1_EDM-1_1,NeuralNetTorch,1440,160,0.5029763049433245,0.696125488940123,0.053105369210243225,0.001150655560195446,0.46875,0.011514354031533003
GAMETES_Epistasis_2-Way_1000atts_0_4H_EDM-1_EDM-1_1,RandomForest,1440,160,0.5072633868366114,0.7004338690603455,0.04711261764168739,0.03818071261048317,0.4437499940395355,0.026961309951730072
GAMETES_Epistasis_2-Way_1000atts_0_4H_EDM-1_EDM-1_1,XGBoost,1440,160,0.5024267755359535,0.695592865630408,0.03533416986465454,0.04378940910100937,0.4937500059604645,0.011243588058277965
GAMETES_Epistasis_2-Way_20atts_0_1H_EDM-1_1,CatBoost,1440,160,0.4154370505810959,0.6063045347398536,0.04771410673856735,0.08341579884290695,0.699999988079071,0.009981380891986191
GAMETES_Epistasis_2-Way_20atts_0_1H_EDM-1_1,ExtraTrees,1440,160,0.4676594011101917,0.6601454534938027,0.04498901963233948,0.05518769845366478,0.6000000238418579,0.011878436896950006
GAMETES_Epistasis_2-Way_20atts_0_1H_EDM-1_1,LightGBM,1440,160,0.4380088752044843,0.6292117414269646,0.058742403984069824,0.1175854429602623,0.668749988079071,0.006403728970326483
GAMETES_Epistasis_2-Way_20atts_0_1H_EDM-1_1,LinearModel,1440,160,0.5,0.6931471805599454,0.25,0.0,0.5,0.014657423016615212
GAMETES_Epistasis_2-Way_20atts_0_1H_EDM-1_1,NeuralNetFastAI,1440,160,0.41030820437410026,0.5995037644861527,0.04939982667565346,0.0860375240445137,0.699999988079071,0.007106135017238557
GAMETES_Epistasis_2-Way_20atts_0_1H_EDM-1_1,NeuralNetTorch,1440,160,0.41375306954049806,0.6072703034805254,0.05279158428311348,0.08324640244245529,0.699999988079071,0.0108095119940117
GAMETES_Epistasis_2-Way_20atts_0_1H_EDM-1_1,RandomForest,1440,160,0.47642575481771,0.6694524943899527,0.04005266726016998,0.061507850885391235,0.612500011920929,0.012204112950712442
GAMETES_Epistasis_2-Way_20atts_0_1H_EDM-1_1,XGBoost,1440,160,0.4434572131387961,0.6352852993551308,0.04031820595264435,0.054190926253795624,0.6625000238418579,0.01763293205294758
GAMETES_Epistasis_2-Way_20atts_0_4H_EDM-1_1,CatBoost,1440,160,0.30472818064973645,0.4574704600865189,0.04259772598743439,0.10383789986371994,0.7562500238418579,0.006669713067822158
GAMETES_Epistasis_2-Way_20atts_0_4H_EDM-1_1,ExtraTrees,1440,160,0.3984740389592055,0.59048008596194,0.04611782729625702,0.11844826489686966,0.699999988079071,0.011419641086831689
GAMETES_Epistasis_2-Way_20atts_0_4H_EDM-1_1,LightGBM,1440,160,0.33965173782595587,0.5064318698626774,0.06504800170660019,0.1527392715215683,0.731249988079071,0.005612384993582964
GAMETES_Epistasis_2-Way_20atts_0_4H_EDM-1_1,LinearModel,1440,160,0.5,0.6931471805599453,0.25,0.0,0.5,0.013486525975167751
GAMETES_Epistasis_2-Way_20atts_0_4H_EDM-1_1,NeuralNetFastAI,1440,160,0.2855450068581633,0.434931510605354,0.037356987595558167,0.024990033358335495,0.793749988079071,0.005670059006661177
GAMETES_Epistasis_2-Way_20atts_0_4H_EDM-1_1,NeuralNetTorch,1440,160,0.30253228173030733,0.4630850074736025,0.042604103684425354,0.09673699736595154,0.7875000238418579,0.015700443065725267
GAMETES_Epistasis_2-Way_20atts_0_4H_EDM-1_1,RandomForest,1440,160,0.39523355248095454,0.5862298061023911,0.04331699758768082,0.09739601612091064,0.699999988079071,0.010599836008623242
GAMETES_Epistasis_2-Way_20atts_0_4H_EDM-1_1,XGBoost,1440,160,0.354481548371436,0.528329297826814,0.061515502631664276,0.14502327144145966,0.731249988079071,0.005931242019869387
GAMETES_Epistasis_3-Way_20atts_0_2H_EDM-1_1,CatBoost,1440,160,0.40506878228141885,0.5847591489605972,0.05637684464454651,0.12802201509475708,0.643750011920929,0.00630135799292475
GAMETES_Epistasis_3-Way_20atts_0_2H_EDM-1_1,ExtraTrees,1440,160,0.487629275670456,0.6807331188246774,0.032203614711761475,0.04817938059568405,0.5562499761581421,0.02106284094043076
GAMETES_Epistasis_3-Way_20atts_0_2H_EDM-1_1,LightGBM,1440,160,0.4856238882088665,0.6785653712085115,0.04383118450641632,0.03538643941283226,0.574999988079071,0.01070545194670558
GAMETES_Epistasis_3-Way_20atts_0_2H_EDM-1_1,LinearModel,1440,160,0.49951118742140554,0.6926591107200549,0.038806185126304626,0.01415692362934351,0.512499988079071,0.022025741985999048
GAMETES_Epistasis_3-Way_20atts_0_2H_EDM-1_1,NeuralNetFastAI,1440,160,0.3955758079495092,0.5661231079596648,0.04719942808151245,0.08451952040195465,0.65625,0.007796752033755183
GAMETES_Epistasis_3-Way_20atts_0_2H_EDM-1_1,NeuralNetTorch,1440,160,0.42560118897164034,0.6131022936320345,0.04464917629957199,0.08874742686748505,0.6312500238418579,0.01800779195036739
GAMETES_Epistasis_3-Way_20atts_0_2H_EDM-1_1,RandomForest,1440,160,0.49218767150918,0.6851129537688596,0.04829341173171997,0.10172097384929657,0.543749988079071,0.020221112063154578
GAMETES_Epistasis_3-Way_20atts_0_2H_EDM-1_1,XGBoost,1440,160,0.48830058907223,0.6812556793494793,0.056848376989364624,0.08308309316635132,0.5687500238418579,0.01484195003286004
GAMETES_Heterogeneity_20atts_1600_Het_0_4_0_2_50_EDM-2_001,CatBoost,1440,160,0.4171859397624531,0.5899233712328451,0.06808741390705109,0.14595109224319458,0.6499999761581421,0.00556897500064224
GAMETES_Heterogeneity_20atts_1600_Het_0_4_0_2_50_EDM-2_001,ExtraTrees,1440,160,0.49716785038640426,0.6984089297810764,0.06600794941186905,0.13605652749538422,0.6187499761581421,0.012917028972879052
GAMETES_Heterogeneity_20atts_1600_Het_0_4_0_2_50_EDM-2_001,LightGBM,1440,160,0.46354155344522996,0.6549668927752271,0.07034317404031754,0.10473030805587769,0.6187499761581421,0.01594819303136319
GAMETES_Heterogeneity_20atts_1600_Het_0_4_0_2_50_EDM-2_001,LinearModel,1440,160,0.5,0.6931471805599453,0.25,0.0,0.5,0.014108268078416586
GAMETES_Heterogeneity_20atts_1600_Het_0_4_0_2_50_EDM-2_001,NeuralNetFastAI,1440,160,0.45927751542274764,0.6475537145307781,0.08735975623130798,0.15558922290802002,0.612500011920929,0.00744455901440233
GAMETES_Heterogeneity_20atts_1600_Het_0_4_0_2_50_EDM-2_001,NeuralNetTorch,1440,160,0.4514515101125031,0.6420070430622014,0.07523911446332932,0.1506437510251999,0.6312500238418579,0.011687661055475473
GAMETES_Heterogeneity_20atts_1600_Het_0_4_0_2_50_EDM-2_001,RandomForest,1440,160,0.4978341861668845,0.6983265080051219,0.06204616278409958,0.11922004073858261,0.606249988079071,0.013628741027787328
GAMETES_Heterogeneity_20atts_1600_Het_0_4_0_2_50_EDM-2_001,XGBoost,1440,160,0.45581192659248887,0.6491035473233107,0.04962848871946335,0.10754770040512085,0.6499999761581421,0.014772315043956041
GAMETES_Heterogeneity_20atts_1600_Het_0_4_0_2_75_EDM-2_001,CatBoost,1440,160,0.3752418817670281,0.5540314273300765,0.04491491615772247,0.10330706834793091,0.6937500238418579,0.007647278951480985
GAMETES_Heterogeneity_20atts_1600_Het_0_4_0_2_75_EDM-2_001,ExtraTrees,1440,160,0.4171640692831076,0.6063606068886163,0.03680213540792465,0.0764944776892662,0.668749988079071,0.011681657982990146
GAMETES_Heterogeneity_20atts_1600_Het_0_4_0_2_75_EDM-2_001,LightGBM,1440,160,0.38730092374101627,0.5728152999488341,0.03719069063663483,0.10269863903522491,0.699999988079071,0.008661315077915788
GAMETES_Heterogeneity_20atts_1600_Het_0_4_0_2_75_EDM-2_001,LinearModel,1440,160,0.5,0.6931471805599453,0.25,0.0,0.5,0.013492856058292091
GAMETES_Heterogeneity_20atts_1600_Het_0_4_0_2_75_EDM-2_001,NeuralNetFastAI,1440,160,0.3804811303097376,0.562886275721663,0.07051075249910355,0.12107711285352707,0.699999988079071,0.0063515580259263515
GAMETES_Heterogeneity_20atts_1600_Het_0_4_0_2_75_EDM-2_001,NeuralNetTorch,1440,160,0.34837420603035396,0.5236954961292175,0.04917952045798302,0.07892684638500214,0.737500011920929,0.01531860395334661
GAMETES_Heterogeneity_20atts_1600_Het_0_4_0_2_75_EDM-2_001,RandomForest,1440,160,0.4057459621944536,0.5946094153426713,0.03970111906528473,0.0592353455722332,0.699999988079071,0.012212365050800145
GAMETES_Heterogeneity_20atts_1600_Het_0_4_0_2_75_EDM-2_001,XGBoost,1440,160,0.3899608751112358,0.5754239400057392,0.03685960918664932,0.09039043635129929,0.6937500238418579,0.010248331003822386
Internet-Advertisements,CatBoost,2951,328,0.046868592102917904,0.09810910553463066,0.02183431386947632,0.020594902336597443,0.9756097793579102,0.011785035952925682
Internet-Advertisements,ExtraTrees,2951,328,0.033456712192296456,0.07560797920936571,0.01375523116439581,0.02201567217707634,0.9786585569381714,0.012261363095603883
Internet-Advertisements,LightGBM,2951,328,0.04797012119938679,0.09890078058695952,0.021455764770507812,0.020958619192242622,0.9695122241973877,0.02096966200042516
Internet-Advertisements,LinearModel,2951,328,0.062374243534740414,0.12826946288348948,0.01268890593200922,0.030257077887654305,0.9603658318519592,0.01734187302645296
Internet-Advertisements,NeuralNetFastAI,2951,328,0.05298197987145092,0.10701481424096636,0.01259555108845234,0.02618570253252983,0.9603658318519592,0.012281290022656322
Internet-Advertisements,NeuralNetTorch,2951,328,0.05283366179764568,0.11348225355531165,0.011379733681678772,0.028830328956246376,0.9664633870124817,0.009114822023548186
Internet-Advertisements,RandomForest,2951,328,0.03867532014582066,0.08259782458217765,0.017142534255981445,0.01894734986126423,0.9725610017776489,0.01769468397833407
Internet-Advertisements,XGBoost,2951,328,0.05066703834973059,0.10367677335072886,0.014791499823331833,0.018187908455729485,0.9695122241973877,0.009673758060671389
OVA_Colon,CatBoost,1390,155,0.07515343124340683,0.17216503252866758,0.02361372858285904,0.03430568426847458,0.9612902998924255,0.0062921009957790375
OVA_Colon,ExtraTrees,1390,155,0.07020041712312701,0.15486304817215385,0.024851161986589432,0.03530516102910042,0.9612902998924255,0.009387228055857122
OVA_Colon,LightGBM,1390,155,0.06646416450382962,0.15116434276158341,0.023130159825086594,0.028290387243032455,0.9677419066429138,0.006069150986149907
OVA_Colon,LinearModel,1390,155,0.06622965957812878,0.16552986650795853,0.012407392263412476,0.026477035135030746,0.9677419066429138,0.017405812977813184
OVA_Colon,NeuralNetFastAI,1390,155,0.07439712776766644,0.18755719616151673,0.015997037291526794,0.03526206314563751,0.9612902998924255,0.00674913905095309
OVA_Colon,NeuralNetTorch,1390,155,0.07118760912768748,0.16150718856016036,0.021968312561511993,0.03734782338142395,0.9677419066429138,0.006956930039450526
OVA_Colon,RandomForest,1390,155,0.08096768826186229,0.18087461414941952,0.021364867687225342,0.03858150914311409,0.948387086391449,0.01207377400714904
OVA_Colon,XGBoost,1390,155,0.07282837742672323,0.1675949485697586,0.020836686715483665,0.03550205007195473,0.9612902998924255,0.006302402005530894
OVA_Endometrium,CatBoost,1390,155,0.05995545096789789,0.11825404542341532,0.02585691213607788,0.0307962317019701,0.9612902998924255,0.008550510043278337
OVA_Endometrium,ExtraTrees,1390,155,0.05958012134224739,0.11190030154352562,0.024670880287885666,0.03569170460104942,0.9612902998924255,0.005431814002804458
OVA_Endometrium,LightGBM,1390,155,0.054964037171258084,0.1099457156125367,0.025992102921009064,0.04461953043937683,0.9612902998924255,0.006949092028662562
OVA_Endometrium,LinearModel,1390,155,0.040663960790939195,0.0746855492286878,0.015466290526092052,0.02268141321837902,0.9677419066429138,0.007049719104543328
OVA_Endometrium,NeuralNetFastAI,1390,155,0.04411034542219497,0.0819794893993329,0.010780547745525837,0.02203192375600338,0.9677419066429138,0.006780344061553478
OVA_Endometrium,NeuralNetTorch,1390,155,0.04512508674798288,0.08850022936797189,0.015506153926253319,0.026228372007608414,0.9677419066429138,0.006423839018680155
OVA_Endometrium,RandomForest,1390,155,0.060911669450207866,0.11720914731530811,0.02320500835776329,0.0469709075987339,0.9612902998924255,0.004822278977371752
OVA_Endometrium,XGBoost,1390,155,0.05509561227965063,0.11071529808426737,0.023791145533323288,0.0367325022816658,0.9612902998924255,0.006513627013191581
OVA_Kidney,CatBoost,1390,155,0.01378138106060955,0.04228722648376146,0.007894158363342285,0.012944321148097515,0.9935483932495117,0.007977236993610859
OVA_Kidney,ExtraTrees,1390,155,0.01644938058185202,0.05619157298508283,0.00813535787165165,0.01648302935063839,0.9935483932495117,0.012704688007943332
OVA_Kidney,LightGBM,1390,155,0.013617391506105768,0.04055825994097583,0.009819833561778069,0.01322285644710064,0.9935483932495117,0.006850176956504583
OVA_Kidney,LinearModel,1390,155,0.014052305399278762,0.04699090457605691,0.014412176795303822,0.014265580102801323,0.9935483932495117,0.008749690954573452
OVA_Kidney,NeuralNetFastAI,1390,155,0.017783566398408873,0.04702616382833345,0.017924431711435318,0.02536948397755623,0.9935483932495117,0.006534846965223551
OVA_Kidney,NeuralNetTorch,1390,155,0.015001995628669397,0.04422278893161164,0.012284818105399609,0.01649213209748268,0.9935483932495117,0.005605554091744125
OVA_Kidney,RandomForest,1390,155,0.016490156198645942,0.05126241409739665,0.00886516273021698,0.020159995183348656,0.9935483932495117,0.015872503048740327
OVA_Kidney,XGBoost,1390,155,0.01407577582921176,0.0473733972824309,0.01525173056870699,0.018880080431699753,0.9935483932495117,0.008572322083637118
OVA_Lung,CatBoost,1390,155,0.016913004428597812,0.049589983982332275,0.008640576153993607,0.010068375617265701,0.9870967864990234,0.017008709022775292
OVA_Lung,ExtraTrees,1390,155,0.04079498584287616,0.10378025652207216,0.02821098454296589,0.03518914431333542,0.9870967864990234,0.007190975011326373
OVA_Lung,LightGBM,1390,155,0.02083686326745202,0.05897882869179164,0.013368286192417145,0.016913773491978645,0.9870967864990234,0.007067429949529469
OVA_Lung,LinearModel,1390,155,0.025826580168198613,0.06872902883188711,0.01173737458884716,0.015554223209619522,0.9870967864990234,0.012929289950989187
OVA_Lung,NeuralNetFastAI,1390,155,0.03980538002208346,0.07542973711991328,0.01055289525538683,0.019250137731432915,0.9741935729980469,0.00811331591103226
OVA_Lung,NeuralNetTorch,1390,155,0.024086367778203343,0.06915526464209235,0.02076314389705658,0.024962667375802994,0.9870967864990234,0.0063570080092176795
OVA_Lung,RandomForest,1390,155,0.07183712757806338,0.14276924637640526,0.0408756323158741,0.06510060280561447,0.9354838728904724,0.00639759108889848
OVA_Lung,XGBoost,1390,155,0.016251937895126342,0.048825767038189256,0.009738984517753124,0.010351737029850483,0.9935483932495117,0.005622121971100569
OVA_Ovary,CatBoost,1390,155,0.11578556182616263,0.19194996211960147,0.0390644446015358,0.06433199346065521,0.9225806593894958,0.005595493013970554
OVA_Ovary,ExtraTrees,1390,155,0.1298657704574184,0.19261613842618064,0.051167599856853485,0.06739946454763412,0.896774172782898,0.009017874952405691
OVA_Ovary,LightGBM,1390,155,0.10710365434982562,0.17543153661227598,0.04008474573493004,0.06416832655668259,0.9225806593894958,0.005440020002424717
OVA_Ovary,LinearModel,1390,155,0.11157746608030142,0.1946737800519603,0.026351245120167732,0.06508070975542068,0.9290322661399841,0.006508423946797848
OVA_Ovary,NeuralNetFastAI,1390,155,0.11843270732099892,0.18665622706089507,0.03665235638618469,0.0694042518734932,0.9161290526390076,0.0059490150306373835
OVA_Ovary,NeuralNetTorch,1390,155,0.09717772581914406,0.15917056320188175,0.026784732937812805,0.06805149465799332,0.9290322661399841,0.008478763047605753
OVA_Ovary,RandomForest,1390,155,0.13239380790251495,0.1918122751284995,0.05702821910381317,0.08495347201824188,0.8838709592819214,0.006721521960571408
OVA_Ovary,XGBoost,1390,155,0.10775821336842216,0.19151519912457424,0.03382451459765434,0.06889139115810394,0.9290322661399841,0.0060436229687184095
OVA_Prostate,CatBoost,1390,155,0.02285038368295454,0.04228806427661989,0.006296449340879917,0.013937867246568203,0.9870967864990234,0.006468835053965449
OVA_Prostate,ExtraTrees,1390,155,0.020845690512700348,0.0463551602062117,0.0064217709004879,0.012039843015372753,0.9870967864990234,0.008389040012843907
OVA_Prostate,LightGBM,1390,155,0.01341330147997388,0.035143964663034835,0.006406236439943314,0.00855343509465456,0.9935483932495117,0.007654263987205923
OVA_Prostate,LinearModel,1390,155,0.01730084484117996,0.18414591265458666,0.012344982475042343,0.016221243888139725,0.9935483932495117,0.011499744025059044
OVA_Prostate,NeuralNetFastAI,1390,155,0.017159425004614818,0.06461788857720398,0.008842602372169495,0.01431371085345745,0.9935483932495117,0.010818840004503727
OVA_Prostate,NeuralNetTorch,1390,155,0.012540126580775291,0.029154245627579848,0.00786612555384636,0.009107271209359169,0.9935483932495117,0.006045359070412815
OVA_Prostate,RandomForest,1390,155,0.023229771635461513,0.05013129406426614,0.006414366886019707,0.013204194605350494,0.9870967864990234,0.013854683027602732
OVA_Prostate,XGBoost,1390,155,0.025617572133698165,0.07593447316436679,0.006446404382586479,0.011448011733591557,0.9870967864990234,0.012097397935576737
PhishingWebsites,CatBoost,9949,1106,0.04903792456447653,0.08637769188949784,0.010049127042293549,0.019495336338877678,0.9629294872283936,0.018985052010975778
PhishingWebsites,ExtraTrees,9949,1106,0.05881111482455626,0.10179401373817719,0.017081722617149353,0.019837448373436928,0.9647377729415894,0.03145328594837338
PhishingWebsites,LightGBM,9949,1106,0.04730739528901382,0.07998833417816587,0.010026685893535614,0.017155762761831284,0.9683544039726257,0.02104287699330598
PhishingWebsites,LinearModel,9949,1106,0.09407111622107824,0.15286130166889603,0.007538294419646263,0.018922530114650726,0.9358047246932983,0.020981364999897778
PhishingWebsites,NeuralNetFastAI,9949,1106,0.04945905537948253,0.08315275588676695,0.008836235851049423,0.01692226156592369,0.965641975402832,0.030410710955038667
PhishingWebsites,NeuralNetTorch,9949,1106,0.04929873197906585,0.08281177747763546,0.011332848109304905,0.018398495391011238,0.9647377729415894,0.027660203049890697
PhishingWebsites,RandomForest,9949,1106,0.05817728272476965,0.10145188568213355,0.01666438579559326,0.017013661563396454,0.9638336300849915,0.026890050969086587
PhishingWebsites,XGBoost,9949,1106,0.04837662114522176,0.08560759087640295,0.010257542133331299,0.01671491377055645,0.965641975402832,0.021278171916492283
Run_or_walk_information,CatBoost,79729,8859,0.009194544142754885,0.017901036655006468,0.0026528281159698963,0.004593148827552795,0.9942431449890137,0.17853350704535842
Run_or_walk_information,ExtraTrees,79729,8859,0.011570668721154448,0.021704680310040428,0.001422941335476935,0.002806600648909807,0.9928885698318481,0.20878444495610893
Run_or_walk_information,LightGBM,79729,8859,0.008443337897012768,0.016259253852685004,0.0020141485147178173,0.002170515712350607,0.9943560361862183,0.1378300730139017
Run_or_walk_information,LinearModel,79729,8859,0.2802501184042776,0.42242611575305833,0.06917676329612732,0.12521937489509583,0.7234450578689575,0.2862918550381437
Run_or_walk_information,NeuralNetFastAI,79729,8859,0.013158743659283679,0.025508322395322778,0.0018152028787881136,0.0028489213436841965,0.9916468858718872,0.11786892800591886
Run_or_walk_information,NeuralNetTorch,79729,8859,0.010688225801786595,0.020860858193316238,0.003194911405444145,0.004643597174435854,0.9936787486076355,0.1625694939866662
Run_or_walk_information,RandomForest,79729,8859,0.012980204604670148,0.024023234891438216,0.001952703925780952,0.0032520084641873837,0.9922112822532654,0.2706849650712684
Run_or_walk_information,XGBoost,79729,8859,0.009962816612991194,0.018837299916072085,0.0026250863447785378,0.0047210282646119595,0.9933401346206665,0.13989208394195884
Satellite,CatBoost,4590,510,0.016096191498354243,0.03175089840217768,0.0074157328344881535,0.011912879534065723,0.9901960492134094,0.01623750408180058
Satellite,ExtraTrees,4590,510,0.01673154987147313,0.02837545197547888,0.0070887356996536255,0.008538380265235901,0.9901960492134094,0.01031128701288253
Satellite,LightGBM,4590,510,0.01668423813042379,0.031755710614141675,0.007493006065487862,0.011957276612520218,0.9901960492134094,0.014594095991924405
Satellite,LinearModel,4590,510,0.014686402422549587,0.02660184869577213,0.005484219174832106,0.00893861148506403,0.9921568632125854,0.010881553986109793
Satellite,NeuralNetFastAI,4590,510,0.013161663633105176,0.025009539094900904,0.004794552456587553,0.008372334763407707,0.9921568632125854,0.014898146968334913
Satellite,NeuralNetTorch,4590,510,0.01836444534004529,0.03681155785927743,0.008418960496783257,0.010399374179542065,0.9882352948188782,0.016309225000441074
Satellite,RandomForest,4590,510,0.014428269272422873,0.026946172086583706,0.006051579024642706,0.008416382595896721,0.9882352948188782,0.022927909973077476
Satellite,XGBoost,4590,510,0.016019014009782145,0.03149608023086489,0.007341848686337471,0.010293882340192795,0.9901960492134094,0.014705326990224421
SpeedDating,CatBoost,7540,838,0.17631282036290885,0.29086480066834397,0.016771312803030014,0.028043372556567192,0.8818615674972534,0.016802047030068934
SpeedDating,ExtraTrees,7540,838,0.1936383990052813,0.3115823416277283,0.014772377908229828,0.02661006525158882,0.8651551604270935,0.018770864000543952
SpeedDating,LightGBM,7540,838,0.17645311129547905,0.2907436210498737,0.01994297467172146,0.03504159301519394,0.8890214562416077,0.015595150995068252
SpeedDating,LinearModel,7540,838,0.1900673798861009,0.31309236489402703,0.0322096049785614,0.045542359352111816,0.879474937915802,0.03536115901079029
SpeedDating,NeuralNetFastAI,7540,838,0.18745614303060848,0.30728905702577786,0.02332703396677971,0.030374698340892792,0.8758949637413025,0.04022116796113551
SpeedDating,NeuralNetTorch,7540,838,0.18857444168048407,0.30801619756263315,0.022151652723550797,0.03301467001438141,0.8735083341598511,0.024614215013571084
SpeedDating,RandomForest,7540,838,0.1941069445603474,0.3150451947122461,0.0214448943734169,0.03277252987027168,0.8723150491714478,0.01941449590958655
SpeedDating,XGBoost,7540,838,0.17565802780881426,0.28965105643811245,0.018341701477766037,0.0300417672842741,0.8854415416717529,0.015836006961762905
Titanic,CatBoost,1980,221,0.2532787994144387,0.4093495629952192,0.06527237594127655,0.05208442360162735,0.8325791954994202,0.00692405307199806
Titanic,ExtraTrees,1980,221,0.26416726545605257,0.43110677857295104,0.07287842780351639,0.0743241161108017,0.8325791954994202,0.006603703950531781
Titanic,LightGBM,1980,221,0.2534096912766823,0.4102274457987506,0.0661892518401146,0.05320752039551735,0.8325791954994202,0.00672249891795218
Titanic,LinearModel,1980,221,0.2797424659405578,0.45423297548282615,0.0617750808596611,0.0579652339220047,0.8325791954994202,0.008902312954887748
Titanic,NeuralNetFastAI,1980,221,0.2533549704338454,0.40833871538994665,0.06668563932180405,0.055340319871902466,0.8325791954994202,0.011427473975345492
Titanic,NeuralNetTorch,1980,221,0.2538763027824568,0.4101298956713278,0.06569670885801315,0.05055145546793938,0.8325791954994202,0.005762250977568328
Titanic,RandomForest,1980,221,0.25857043142554914,0.4221338818229119,0.06842692196369171,0.05784856528043747,0.8325791954994202,0.007766232010908425
Titanic,XGBoost,1980,221,0.2532726346703299,0.40922173889832686,0.06720546633005142,0.05248897522687912,0.8325791954994202,0.007792075979523361
ada,CatBoost,3732,415,0.17009608075658134,0.26739422606625024,0.0128982774913311,0.03126836195588112,0.8867470026016235,0.009796001017093658
ada,ExtraTrees,3732,415,0.19417106430319148,0.30439875110460896,0.01714373752474785,0.04719417914748192,0.8578312993049622,0.01489956199657172
ada,LightGBM,3732,415,0.17167899046492757,0.2742222511324944,0.01633811742067337,0.04384731128811836,0.8819277286529541,0.010739112040027976
ada,LinearModel,3732,415,0.19707376638132873,0.3115191828013624,0.015313368290662766,0.047508448362350464,0.8602409362792969,0.011367283063009381
ada,NeuralNetFastAI,3732,415,0.18520031894224723,0.2942782055849143,0.01744484342634678,0.04576760157942772,0.87469881772995,0.026909725973382592
ada,NeuralNetTorch,3732,415,0.18475788755296982,0.2887879364697086,0.014141976833343506,0.03505528345704079,0.8722891807556152,0.02632913994602859
ada,RandomForest,3732,415,0.18239124905801474,0.2892291105130742,0.018130220472812653,0.040435392409563065,0.8722891807556152,0.013820181018672884
ada,XGBoost,3732,415,0.1697249136091379,0.26861255315715593,0.009999506175518036,0.025200851261615753,0.8819277286529541,0.009354650974273682
adult,CatBoost,43957,4885,0.17122683008328862,0.27074457663533497,0.004850078374147415,0.008470597676932812,0.8769702911376953,0.07556520099751651
adult,ExtraTrees,43957,4885,0.19012830210013398,0.30046248102156636,0.008388188667595387,0.016700876876711845,0.863459587097168,0.10741098504513502
adult,LightGBM,43957,4885,0.17078454085955594,0.26907546549074923,0.005205961875617504,0.01468717586249113,0.8771750330924988,0.06624115398153663
adult,LinearModel,43957,4885,0.2032692094712599,0.31929326704092603,0.00729312002658844,0.011258265934884548,0.8538382649421692,0.07756565499585122
adult,NeuralNetFastAI,43957,4885,0.1892683336152213,0.2979651923332255,0.007596265524625778,0.008457650430500507,0.8653019666671753,0.08872681797947735
adult,NeuralNetTorch,43957,4885,0.19115205910709132,0.3008448294569007,0.003519974648952484,0.006262810435146093,0.8642783761024475,0.0750311550218612
adult,RandomForest,43957,4885,0.18732976681226005,0.2944177481347538,0.010837775655090809,0.011905708350241184,0.8614124655723572,0.1263032410060987
adult,XGBoost,43957,4885,0.1702036798652387,0.2681990188785887,0.005797277204692364,0.0119535056874156,0.8763561844825745,0.06568468909244984
ailerons,CatBoost,12375,1375,0.1591777452137962,0.2598602305360916,0.008161857724189758,0.0283015388995409,0.8894545435905457,0.02471336896996945
ailerons,ExtraTrees,12375,1375,0.1683014216970932,0.27499391814058943,0.007254462689161301,0.0162139181047678,0.8807272911071777,0.02695965301245451
ailerons,LightGBM,12375,1375,0.15840191421405694,0.2572687566979467,0.007525768131017685,0.0156214265152812,0.8923636078834534,0.023712203023023903
ailerons,LinearModel,12375,1375,0.16970615776860945,0.2762226238469019,0.00844382680952549,0.017178021371364594,0.8843636512756348,0.021301659988239408
ailerons,NeuralNetFastAI,12375,1375,0.16647361130431496,0.26973499927930944,0.006619129329919815,0.023975955322384834,0.8814545273780823,0.029586203047074378
ailerons,NeuralNetTorch,12375,1375,0.1645731806809839,0.2670839995979629,0.0075450073927640915,0.014377978630363941,0.8814545273780823,0.024668321944773197
ailerons,RandomForest,12375,1375,0.16357181176008667,0.27027923010437355,0.008326875045895576,0.03172919154167175,0.8821818232536316,0.04028874891810119
ailerons,XGBoost,12375,1375,0.15894169434481487,0.25786138813597503,0.006313364952802658,0.020815685391426086,0.8872727155685425,0.02457763801794499
arcene,CatBoost,90,10,0.3936679227404187,0.6259637642048628,0.1565588414669037,0.23843491077423096,0.699999988079071,0.006645918940193951
arcene,ExtraTrees,90,10,0.28558696591974336,0.48420644124403267,0.10947132855653763,0.27003782987594604,0.8999999761581421,0.005151952034793794
arcene,LightGBM,90,10,0.37486311491064045,0.5767480311802904,0.127168208360672,0.20856167376041412,0.699999988079071,0.003176226979121566
arcene,LinearModel,90,10,0.28660629538613003,0.4357195165056395,0.11150291562080383,0.2625591456890106,0.699999988079071,0.009755405015312135
arcene,NeuralNetFastAI,90,10,0.3380217715441679,0.5652216784432255,0.1396028995513916,0.26480546593666077,0.800000011920929,0.004903952009044588
arcene,NeuralNetTorch,90,10,0.3097955759565415,0.6535254776007127,0.13225942850112915,0.23303385078907013,0.800000011920929,0.0034256300423294306
arcene,RandomForest,90,10,0.37389118798746773,0.5946490221274934,0.09556059539318085,0.2777402997016907,0.800000011920929,0.0050351821118965745
arcene,XGBoost,90,10,0.36995872004934593,0.5615799791312577,0.09883721172809601,0.20756301283836365,0.800000011920929,0.003261258010752499
arsenic-female-bladder,CatBoost,503,56,0.19651830271075418,0.31676862244449905,0.023772435262799263,0.07969175279140472,0.875,0.004374073003418744
arsenic-female-bladder,ExtraTrees,503,56,0.2090195247155875,0.3337750712726126,0.04109606146812439,0.11018259078264236,0.875,0.0037650209851562977
arsenic-female-bladder,LightGBM,503,56,0.21105345613288223,0.33908470567668664,0.04145181179046631,0.09061581641435623,0.875,0.004617293016053736
arsenic-female-bladder,LinearModel,503,56,0.23680325055798074,0.36989570995389176,0.04479363560676575,0.05321868881583214,0.8392857313156128,0.00429483805783093
arsenic-female-bladder,NeuralNetFastAI,503,56,0.23030402527170044,0.34131728349176804,0.07057853043079376,0.10165534913539886,0.8035714030265808,0.011225181980989873
arsenic-female-bladder,NeuralNetTorch,503,56,0.18326257492739703,0.30562863542552876,0.04919716715812683,0.07229966670274734,0.875,0.012416700017638505
arsenic-female-bladder,RandomForest,503,56,0.22444423897717344,0.36784551404802424,0.053283389657735825,0.13624714314937592,0.8571428656578064,0.012317027081735432
arsenic-female-bladder,XGBoost,503,56,0.21078479387147406,0.3437097567107975,0.03140619024634361,0.09209536761045456,0.8571428656578064,0.004082503030076623
autoUniv-au1-1000,CatBoost,900,100,0.36096335726959294,0.5512675068444644,0.04643568396568298,0.08692266047000885,0.7799999713897705,0.008209454012103379
autoUniv-au1-1000,ExtraTrees,900,100,0.3608895990103808,0.5523973365351814,0.03637900948524475,0.09427082538604736,0.7699999809265137,0.0077909380197525024
autoUniv-au1-1000,LightGBM,900,100,0.3553249830619219,0.5472101845829942,0.0482487753033638,0.12183698266744614,0.7799999713897705,0.007220037980005145
autoUniv-au1-1000,LinearModel,900,100,0.3872659289428442,0.5855182256796584,0.08553583920001984,0.13457006216049194,0.7400000095367432,0.012069935095496476
autoUniv-au1-1000,NeuralNetFastAI,900,100,0.3508159271442044,0.5384132459708251,0.047678690403699875,0.0958099290728569,0.7799999713897705,0.0073128140065819025
autoUniv-au1-1000,NeuralNetTorch,900,100,0.35675598826361765,0.5394679156210755,0.07020581513643265,0.07324375957250595,0.7300000190734863,0.01284650107845664
autoUniv-au1-1000,RandomForest,900,100,0.375427509911828,0.5681363664683622,0.049789607524871826,0.14498670399188995,0.7200000286102295,0.007870439905673265
autoUniv-au1-1000,XGBoost,900,100,0.36609274393869917,0.555077321469623,0.04990715533494949,0.12907327711582184,0.7599999904632568,0.008267141063697636
bank-marketing,CatBoost,40689,4522,0.11767984485011408,0.1884720266271989,0.007267717272043228,0.014041737653315067,0.9104378819465637,0.06950353900901973
bank-marketing,ExtraTrees,40689,4522,0.12644005212787998,0.20102461600781396,0.01035203505307436,0.01669362373650074,0.9049093127250671,0.06136848498135805
bank-marketing,LightGBM,40689,4522,0.11965930882620264,0.19035235790219865,0.00741664320230484,0.01454920694231987,0.9128704071044922,0.07002128707244992
bank-marketing,LinearModel,40689,4522,0.14313032697907574,0.23416208069797723,0.009854046627879143,0.021966418251395226,0.8984962701797485,0.06992798997089267
bank-marketing,NeuralNetFastAI,40689,4522,0.1202068285427527,0.19131806961345993,0.005015190690755844,0.008106661029160023,0.9106590151786804,0.08347796194721013
bank-marketing,NeuralNetTorch,40689,4522,0.12015690409845944,0.19067293433716187,0.005476835183799267,0.013699404895305634,0.9108801484107971,0.07059262599796057
bank-marketing,RandomForest,40689,4522,0.12551526427565923,0.19927794126729728,0.008820805698633194,0.013876613229513168,0.9044670462608337,0.060617621056735516
bank-marketing,XGBoost,40689,4522,0.12016390261258587,0.19292696320849653,0.009594650939106941,0.017390955239534378,0.9082264304161072,0.06998049502726644
bank32nh,CatBoost,7372,820,0.2679612216123425,0.41074757103620096,0.017884038388729095,0.0409858375787735,0.7939024567604065,0.01658771396614611
bank32nh,ExtraTrees,7372,820,0.270117012690882,0.41488383358106884,0.023974252864718437,0.04894205182790756,0.790243923664093,0.021322307991795242
bank32nh,LightGBM,7372,820,0.26708245207060116,0.4103582002962577,0.01705724373459816,0.03542733192443848,0.79756098985672,0.016211602021940053
bank32nh,LinearModel,7372,820,0.2684964420431264,0.4153053022727553,0.020015381276607513,0.05286756157875061,0.792682945728302,0.01614688290283084
bank32nh,NeuralNetFastAI,7372,820,0.2550550428583441,0.3951668859334313,0.019896283745765686,0.04717041924595833,0.8109756112098694,0.03584069898352027
bank32nh,NeuralNetTorch,7372,820,0.26127130302620694,0.4030270548812945,0.013215184211730957,0.02656511217355728,0.8048780560493469,0.015798381995409727
bank32nh,RandomForest,7372,820,0.2835251039571699,0.4333827716372378,0.01782364211976528,0.035647112876176834,0.790243923664093,0.017784736934117973
bank32nh,XGBoost,7372,820,0.27140666921190887,0.41726749690765763,0.017356008291244507,0.03612867742776871,0.8036585450172424,0.01553617906756699
bank8FM,CatBoost,7372,820,0.0748880566144454,0.12189717544346164,0.010432003065943718,0.021205101162195206,0.9475609660148621,0.012027587974444032
bank8FM,ExtraTrees,7372,820,0.08106165628143948,0.13033036498867503,0.018574625253677368,0.02621755376458168,0.9402438998222351,0.024212743970565498
bank8FM,LightGBM,7372,820,0.07569652669551838,0.12212284095972263,0.010339540429413319,0.025222048163414,0.9487804770469666,0.011630460969172418
bank8FM,LinearModel,7372,820,0.08185057984892662,0.13402968129830478,0.00878571905195713,0.013202316127717495,0.9451219439506531,0.013857700978405774
bank8FM,NeuralNetFastAI,7372,820,0.07611710578285982,0.11892118719986922,0.008564041927456856,0.02138447016477585,0.9487804770469666,0.014084800030104816
bank8FM,NeuralNetTorch,7372,820,0.07958309524622743,0.12416554447074896,0.012996872887015343,0.019030801951885223,0.9451219439506531,0.01799757801927626
bank8FM,RandomForest,7372,820,0.07853248680484494,0.1329564837590951,0.010714536532759666,0.03104061260819435,0.9439024329185486,0.017308255075477064
bank8FM,XGBoost,7372,820,0.07735665773903233,0.1289645908632774,0.012214915826916695,0.023448927327990532,0.9475609660148621,0.016467480920255184
blood-transfusion-service-center,CatBoost,673,75,0.32388289264407677,0.49038900440290406,0.07309725135564804,0.11608517169952393,0.746666669845581,0.007110557984560728
blood-transfusion-service-center,ExtraTrees,673,75,0.3166591944046762,0.47830850500529826,0.05623868107795715,0.08307673782110214,0.7733333110809326,0.006918476079590619
blood-transfusion-service-center,LightGBM,673,75,0.3169473746332894,0.4793912245811426,0.0623721182346344,0.10827644169330597,0.7333333492279053,0.007650588057003915
blood-transfusion-service-center,LinearModel,673,75,0.3116374339048663,0.46725204514366275,0.06565803289413452,0.07608017325401306,0.746666669845581,0.005981266964226961
blood-transfusion-service-center,NeuralNetFastAI,673,75,0.3149003084488224,0.472255250928366,0.06123755872249603,0.10860418528318405,0.7599999904632568,0.006000863038934767
blood-transfusion-service-center,NeuralNetTorch,673,75,0.31724983801578593,0.4790792376734751,0.07273144274950027,0.11879530549049377,0.7333333492279053,0.006307331961579621
blood-transfusion-service-center,RandomForest,673,75,0.31787542870219987,0.482017061095123,0.05551891028881073,0.11099018901586533,0.7733333110809326,0.014167361077852547
blood-transfusion-service-center,XGBoost,673,75,0.3304117756354679,0.5036418285874271,0.04200836271047592,0.09718280285596848,0.746666669845581,0.007180114043876529
boston_corrected,CatBoost,455,51,0.16922011368276937,0.2823551357806859,0.08738940954208374,0.12624844908714294,0.8823529481887817,0.004219811991788447
boston_corrected,ExtraTrees,455,51,0.14087778657737945,0.2430096982081822,0.08666089177131653,0.13989917933940887,0.9215686321258545,0.004939739010296762
boston_corrected,LightGBM,455,51,0.16378670592556743,0.27215212820923984,0.08931656181812286,0.11041826754808426,0.9215686321258545,0.0035186479799449444
boston_corrected,LinearModel,455,51,0.17764469618746787,0.28371207477436233,0.0873526930809021,0.12898120284080505,0.8823529481887817,0.005375136970542371
boston_corrected,NeuralNetFastAI,455,51,0.15164382958362518,0.25124975937022803,0.11679729074239731,0.14374293386936188,0.8823529481887817,0.005728445947170258
boston_corrected,NeuralNetTorch,455,51,0.1705336115584525,0.2742192459623681,0.08700086921453476,0.15163418650627136,0.9019607901573181,0.0033452589996159077
boston_corrected,RandomForest,455,51,0.1663242180333753,0.27518429282309287,0.07734076678752899,0.13832387328147888,0.8823529481887817,0.006255296058952808
boston_corrected,XGBoost,455,51,0.19530263990538368,0.31427228105859,0.08423320949077606,0.17692269384860992,0.8823529481887817,0.0041937719797715545
churn,CatBoost,4500,500,0.08552535274184431,0.18032639790101376,0.016909698024392128,0.027210388332605362,0.949999988079071,0.014197885990142822
churn,ExtraTrees,4500,500,0.08383861917615891,0.17717027646827785,0.015675531700253487,0.025499148294329643,0.9539999961853027,0.014986677910201252
churn,LightGBM,4500,500,0.09060782509623476,0.18787873005890196,0.015818754211068153,0.0345173142850399,0.9459999799728394,0.014114748919382691
churn,LinearModel,4500,500,0.20793930937497196,0.3346548278960663,0.03263428807258606,0.07447531819343567,0.8460000157356262,0.012705893954262137
churn,NeuralNetFastAI,4500,500,0.07760476816444985,0.16736106917575455,0.011458713561296463,0.026323655620217323,0.9580000042915344,0.012810084037482738
churn,NeuralNetTorch,4500,500,0.08793919291749182,0.1845734528301767,0.019951514899730682,0.03581051900982857,0.9559999704360962,0.012674705940298736
churn,RandomForest,4500,500,0.09827830354396809,0.1962668026256257,0.01564852148294449,0.02355899289250374,0.9399999976158142,0.011981060029938817
churn,XGBoost,4500,500,0.0878634883980412,0.18534889345738076,0.015063991770148277,0.040468502789735794,0.9520000219345093,0.013445024960674345
climate-model-simulation-crashes,CatBoost,486,54,0.07936966170135532,0.1625455392353172,0.03808266296982765,0.05586131662130356,0.9629629850387573,0.0037678610533475876
climate-model-simulation-crashes,ExtraTrees,486,54,0.08315911968160826,0.2017941609083593,0.04962785542011261,0.07423976063728333,0.9629629850387573,0.004618922946974635
climate-model-simulation-crashes,LightGBM,486,54,0.07165728173629134,0.1922002596567369,0.051244836300611496,0.06232570484280586,0.9629629850387573,0.004717864096164703
climate-model-simulation-crashes,LinearModel,486,54,0.09714347653279687,0.22927004414852087,0.05806969851255417,0.07138042151927948,0.9444444179534912,0.005605418002232909
climate-model-simulation-crashes,NeuralNetFastAI,486,54,0.09617285628644764,0.2797422041599657,0.053614504635334015,0.06132415682077408,0.9444444179534912,0.004563570953905582
climate-model-simulation-crashes,NeuralNetTorch,486,54,0.11293278581319453,0.2873029226744043,0.05815145745873451,0.08567062765359879,0.9074074029922485,0.0044730870286002755
climate-model-simulation-crashes,RandomForest,486,54,0.11592026544543321,0.22742823801293924,0.07777272164821625,0.09619186073541641,0.9259259104728699,0.003919654060155153
climate-model-simulation-crashes,XGBoost,486,54,0.07910943717433108,0.17722155927002725,0.05592239648103714,0.06424563378095627,0.9444444179534912,0.0039099910063669086
colleges_usnews,CatBoost,1171,131,0.3756357206616751,0.5460278532298641,0.05689510330557823,0.1308864951133728,0.7099236845970154,0.00509592704474926
colleges_usnews,ExtraTrees,1171,131,0.37288527229548957,0.5458187940324816,0.06191866099834442,0.1449151635169983,0.7022900581359863,0.01335971406660974
colleges_usnews,LightGBM,1171,131,0.3867069988437695,0.5605101673853568,0.07463948428630829,0.1354467123746872,0.7022900581359863,0.004847413976676762
colleges_usnews,LinearModel,1171,131,0.3935560569668612,0.5684332340028844,0.0632479265332222,0.1313868761062622,0.6717557311058044,0.013994671986438334
colleges_usnews,NeuralNetFastAI,1171,131,0.3978134542906804,0.5714320803204844,0.07629252970218658,0.13361403346061707,0.6793892979621887,0.006099245976656675
colleges_usnews,NeuralNetTorch,1171,131,0.38938629152897214,0.5592022190606738,0.07875600457191467,0.15312010049819946,0.6870229244232178,0.005710065015591681
colleges_usnews,RandomForest,1171,131,0.3695928778599949,0.5574168297766339,0.05834723263978958,0.13116858899593353,0.7022900581359863,0.007884922088123858
colleges_usnews,XGBoost,1171,131,0.394464337837847,0.5681042398615398,0.07812191545963287,0.13272149860858917,0.694656491279602,0.005409803939983249
cpu_act,CatBoost,7372,820,0.06542487665429732,0.11301851818820138,0.014901308342814445,0.027537047863006592,0.9585365653038025,0.016940091969445348
cpu_act,ExtraTrees,7372,820,0.07624296684190966,0.12757215257356014,0.013345669955015182,0.025528131052851677,0.9512194991111755,0.02405528910458088
cpu_act,LightGBM,7372,820,0.06702332215037421,0.11418660603878555,0.01566547527909279,0.029720060527324677,0.962195098400116,0.015270016039721668
cpu_act,LinearModel,7372,820,0.08403975462608383,0.1435105245972201,0.016193585470318794,0.030202653259038925,0.9439024329185486,0.03432432399131358
cpu_act,NeuralNetFastAI,7372,820,0.0705467433420399,0.12069211903339264,0.016490276902914047,0.034927476197481155,0.949999988079071,0.03130447899457067
cpu_act,NeuralNetTorch,7372,820,0.07418878846733477,0.1269638982848936,0.016421886160969734,0.035547077655792236,0.957317054271698,0.019774202024564147
cpu_act,RandomForest,7372,820,0.07354602592486964,0.12675013833672616,0.011852473020553589,0.024127651005983353,0.954878032207489,0.023388052941299975
cpu_act,XGBoost,7372,820,0.06521882377357585,0.11334558030974698,0.018094561994075775,0.031932514160871506,0.9560975432395935,0.015678792027756572
cpu_small,CatBoost,7372,820,0.09593746130584323,0.15510394032274963,0.013003047555685043,0.03287452459335327,0.9365853667259216,0.016265681013464928
cpu_small,ExtraTrees,7372,820,0.10418457639312562,0.16593590110694945,0.011343006044626236,0.024054158478975296,0.9256097674369812,0.027211225940845907
cpu_small,LightGBM,7372,820,0.09642810031669585,0.15677998719007477,0.012743525207042694,0.03401172533631325,0.9341463446617126,0.01555726898368448
cpu_small,LinearModel,7372,820,0.12642976576112686,0.20125397349917354,0.011527910828590393,0.024544749408960342,0.9073171019554138,0.02040084800682962
cpu_small,NeuralNetFastAI,7372,820,0.10888967579829746,0.17044928764078732,0.00845366157591343,0.03198802098631859,0.9219512343406677,0.014284436008892953
cpu_small,NeuralNetTorch,7372,820,0.10350338404294085,0.16536271226823648,0.012124419212341309,0.027496429160237312,0.9207317233085632,0.018636664026416838
cpu_small,RandomForest,7372,820,0.10187914978137738,0.16423406440336277,0.009941261261701584,0.028474975377321243,0.9341463446617126,0.026073102024383843
cpu_small,XGBoost,7372,820,0.09848276988545944,0.1602654598484405,0.014671744778752327,0.03558637574315071,0.9365853667259216,0.01615040097385645
credit-g,CatBoost,900,100,0.27452523789499694,0.4248132322383424,0.048438910394907,0.12587298452854156,0.8199999928474426,0.009370650048367679
credit-g,ExtraTrees,900,100,0.2941400090954033,0.45081923031183935,0.05807526409626007,0.12424570322036743,0.800000011920929,0.00768596597481519
credit-g,LightGBM,900,100,0.2865823480376485,0.4447847609708745,0.044969722628593445,0.08074928820133209,0.800000011920929,0.014145355904474854
credit-g,LinearModel,900,100,0.30751513757795584,0.47110914839174284,0.05997370928525925,0.09042230248451233,0.7900000214576721,0.005985857918858528
credit-g,NeuralNetFastAI,900,100,0.29488082288364686,0.4492719441029525,0.04440984129905701,0.08567043393850327,0.800000011920929,0.013786363997496665
credit-g,NeuralNetTorch,900,100,0.29408647465718285,0.45472745497105754,0.062435150146484375,0.10222041606903076,0.7599999904632568,0.012096868944354355
credit-g,RandomForest,900,100,0.27206474827958116,0.42320905898004413,0.054993823170661926,0.09300224483013153,0.7900000214576721,0.007238044054247439
credit-g,XGBoost,900,100,0.2931382904974351,0.4461670718499768,0.04197101294994354,0.08003976941108704,0.7699999809265137,0.01389693794772029
cylinder-bands,CatBoost,486,54,0.19853658713027098,0.3181511408628193,0.07135125249624252,0.1339944303035736,0.8333333134651184,0.004303014953620732
cylinder-bands,ExtraTrees,486,54,0.19069059070871114,0.3168539427861555,0.07431422173976898,0.14672791957855225,0.8518518805503845,0.008263364084996283
cylinder-bands,LightGBM,486,54,0.2000650576645895,0.32573649974133934,0.07972654700279236,0.13884606957435608,0.8518518805503845,0.0046279969392344356
cylinder-bands,LinearModel,486,54,0.27034496233474586,0.4221232750936425,0.06474129855632782,0.14309541881084442,0.8148148059844971,0.012197145028039813
cylinder-bands,NeuralNetFastAI,486,54,0.2314211205274848,0.3810844965402814,0.07760006189346313,0.14232237637043,0.8703703880310059,0.010837776004336774
cylinder-bands,NeuralNetTorch,486,54,0.20871568297941961,0.3478249616392133,0.09317439794540405,0.13611017167568207,0.8888888955116272,0.012994981021620333
cylinder-bands,RandomForest,486,54,0.18132959922912265,0.3032852984170874,0.05568752437829971,0.11723557114601135,0.9074074029922485,0.008237092988565564
cylinder-bands,XGBoost,486,54,0.17794993505280926,0.30246553364601697,0.06007641181349754,0.13614244759082794,0.8518518805503845,0.004213963984511793
delta_ailerons,CatBoost,6416,713,0.08993590881727243,0.17924948538237903,0.010773923248052597,0.022727737203240395,0.9453015327453613,0.012941514025442302
delta_ailerons,ExtraTrees,6416,713,0.09291115295783413,0.19115305323179704,0.013337780721485615,0.02649601548910141,0.9453015327453613,0.017085224040783942
delta_ailerons,LightGBM,6416,713,0.09124360609920532,0.1842319618078437,0.010680269449949265,0.02449057810008526,0.9424964785575867,0.010573870036751032
delta_ailerons,LinearModel,6416,713,0.11079526155367105,0.21662583764618315,0.010946120135486126,0.029031815007328987,0.9382889270782471,0.016025156946852803
delta_ailerons,NeuralNetFastAI,6416,713,0.10153506339392832,0.2009012815530707,0.010631758719682693,0.024614175781607628,0.9424964785575867,0.030245612957514822
delta_ailerons,NeuralNetTorch,6416,713,0.10064121964021318,0.19856849746383695,0.012288830243051052,0.025032183155417442,0.9438990354537964,0.011876423028297722
delta_ailerons,RandomForest,6416,713,0.09318133291992119,0.182839924940692,0.011445346288383007,0.020717207342386246,0.9438990354537964,0.01590626104734838
delta_ailerons,XGBoost,6416,713,0.09182431963772626,0.185599210332813,0.012622215785086155,0.02596312202513218,0.946704089641571,0.016108833020552993
delta_elevators,CatBoost,8565,952,0.17665305516192056,0.2967096273419579,0.011857336387038231,0.018227389082312584,0.8855041861534119,0.015305488021112978
delta_elevators,ExtraTrees,8565,952,0.17965973124956003,0.2995951661349535,0.010639694519340992,0.026035498827695847,0.8792017102241516,0.030325663974508643
delta_elevators,LightGBM,8565,952,0.17500479624846776,0.293944011584027,0.01336822658777237,0.03119572438299656,0.8897058963775635,0.01575278106611222
delta_elevators,LinearModel,8565,952,0.1799638718529868,0.30926203758614557,0.015643231570720673,0.031174082309007645,0.881302535533905,0.023240251000970602
delta_elevators,NeuralNetFastAI,8565,952,0.17797225093042607,0.2991972079526409,0.0088738352060318,0.01967967115342617,0.8771008253097534,0.02217147604096681
delta_elevators,NeuralNetTorch,8565,952,0.17635373796379375,0.295573255045116,0.01058075949549675,0.0217313040047884,0.8771008253097534,0.022015477064996958
delta_elevators,RandomForest,8565,952,0.18337932542852967,0.30443017480939194,0.013189462944865227,0.04088708385825157,0.8728991746902466,0.030334625975228846
delta_elevators,XGBoost,8565,952,0.17655025386066048,0.2955776195309839,0.010122504085302353,0.023713059723377228,0.8823529481887817,0.015768343931995332
diabetes,CatBoost,691,77,0.2488430429431006,0.39405035674152694,0.045537374913692474,0.11459437012672424,0.8311688303947449,0.004603128996677697
diabetes,ExtraTrees,691,77,0.23472472322655005,0.3729479133283565,0.055559732019901276,0.10702452808618546,0.8571428656578064,0.006708964938297868
diabetes,LightGBM,691,77,0.24534476537921798,0.3896373483341222,0.0378170907497406,0.08925339579582214,0.8311688303947449,0.005110958940349519
diabetes,LinearModel,691,77,0.22536882743088352,0.3662261213115249,0.05982369929552078,0.11673776805400848,0.8311688303947449,0.004310381948016584
diabetes,NeuralNetFastAI,691,77,0.2399962885517291,0.381687494417264,0.05983741953969002,0.10827641189098358,0.8181818127632141,0.012911519035696983
diabetes,NeuralNetTorch,691,77,0.24414186286556394,0.3818171362675422,0.04614537954330444,0.12828218936920166,0.8311688303947449,0.012438460951671004
diabetes,RandomForest,691,77,0.24151767393136622,0.38431765138641916,0.0484427735209465,0.12450159341096878,0.8311688303947449,0.006952550960704684
diabetes,XGBoost,691,77,0.25972738439211784,0.4122728078391056,0.0465564951300621,0.1571383774280548,0.8051947951316833,0.004018947947770357
dresses-sales,CatBoost,450,50,0.4776183044873694,0.6706211033390886,0.07183617353439331,0.0699562057852745,0.6000000238418579,0.007630098960362375
dresses-sales,ExtraTrees,450,50,0.5088343728669183,0.7038724744496204,0.10575957596302032,0.1451423615217209,0.5799999833106995,0.0063437739154323936
dresses-sales,LightGBM,450,50,0.4890047030528517,0.6845691237026119,0.0708596333861351,0.16842900216579437,0.6000000238418579,0.004726768005639315
dresses-sales,LinearModel,450,50,0.48427879333670015,0.6793511227313199,0.10453030467033386,0.1555294543504715,0.6600000262260437,0.013499450986273587
dresses-sales,NeuralNetFastAI,450,50,0.48527806836628934,0.6836003187633355,0.09510661661624908,0.19686268270015717,0.6800000071525574,0.004407802945934236
dresses-sales,NeuralNetTorch,450,50,0.4829858710110058,0.6786911917266698,0.09011037647724152,0.09805890172719955,0.6200000047683716,0.01379667199216783
dresses-sales,RandomForest,450,50,0.5101289809137151,0.7057249392287879,0.08572803437709808,0.16462105512619019,0.5799999833106995,0.00717491190880537
dresses-sales,XGBoost,450,50,0.49877249259397927,0.6953798004991247,0.068662129342556,0.11725237965583801,0.6000000238418579,0.004616215010173619
eeg-eye-state,CatBoost,13482,1498,0.06175696575401833,0.10754654027160454,0.012539221905171871,0.012005767785012722,0.9586114883422852,0.03172764100600034
eeg-eye-state,ExtraTrees,13482,1498,0.08485081529199641,0.1409708329896456,0.025423657149076462,0.027560275048017502,0.9419225454330444,0.0632702810689807
eeg-eye-state,LightGBM,13482,1498,0.06853154168309084,0.1165202670447209,0.016015274450182915,0.016890546306967735,0.9552736878395081,0.051835109014064074
eeg-eye-state,LinearModel,13482,1498,0.44813021979229395,0.6384901002904656,0.020506247878074646,0.04427556321024895,0.6321762204170227,0.0386397490510717
eeg-eye-state,NeuralNetFastAI,13482,1498,0.25349740863700865,0.4004754038593445,0.04985160008072853,0.08604342490434647,0.8204272389411926,0.031535214046016335
eeg-eye-state,NeuralNetTorch,13482,1498,0.02608022122858605,0.04757243786760972,0.0032900087535381317,0.010501556098461151,0.9813084006309509,0.02632770489435643
eeg-eye-state,RandomForest,13482,1498,0.09712566354646995,0.16444751283912934,0.024217922240495682,0.02378365956246853,0.9345794320106506,0.0483972990186885
eeg-eye-state,XGBoost,13482,1498,0.07181510718545399,0.12266984384767242,0.01481674611568451,0.014669189229607582,0.9539386034011841,0.05223785701673478
electricity,CatBoost,40780,4532,0.08093864349044398,0.14003570316072292,0.0037672240287065506,0.011911599896848202,0.9477052092552185,0.132236433099024
electricity,ExtraTrees,40780,4532,0.13694311694844052,0.2263240933533911,0.003932327032089233,0.01091031450778246,0.908428966999054,0.10878823592793196
electricity,LightGBM,40780,4532,0.08145363257311006,0.14264320598241242,0.0059528835117816925,0.012893014587461948,0.9485878348350525,0.13057591603137553
electricity,LinearModel,40780,4532,0.3286723396791734,0.4945233428455293,0.006368059664964676,0.010313764214515686,0.7561782598495483,0.08215921302326024
electricity,NeuralNetFastAI,40780,4532,0.22017696389151045,0.34601908037521106,0.01595938950777054,0.02193176932632923,0.843777596950531,0.14841833501122892
electricity,NeuralNetTorch,40780,4532,0.18444281057864953,0.2970960756273332,0.015879176557064056,0.02497190423309803,0.8718005418777466,0.143872897955589
electricity,RandomForest,40780,4532,0.10549050192939188,0.17964761101050633,0.003008452709764242,0.008886389434337616,0.9298322796821594,0.11821685696486384
electricity,XGBoost,40780,4532,0.07951860216165695,0.13951473854388127,0.005328511819243431,0.010893073864281178,0.948808491230011,0.133364854962565
fri_c0_1000_5,CatBoost,900,100,0.12285662155964155,0.19852440317287962,0.059994690120220184,0.10992832481861115,0.9100000262260437,0.004626936046406627
fri_c0_1000_5,ExtraTrees,900,100,0.14057931686730746,0.22097234682203648,0.05362360179424286,0.0919693261384964,0.8899999856948853,0.007053657085634768
fri_c0_1000_5,LightGBM,900,100,0.11570458630405517,0.1821493998677795,0.03751830384135246,0.06681378930807114,0.9100000262260437,0.005045047029852867
fri_c0_1000_5,LinearModel,900,100,0.20580645072653014,0.35167950829274686,0.06387808918952942,0.1182413250207901,0.8899999856948853,0.0066327640088275075
fri_c0_1000_5,NeuralNetFastAI,900,100,0.09805054423389983,0.1559940306009354,0.041466519236564636,0.08346105366945267,0.9399999976158142,0.0117508249823004
fri_c0_1000_5,NeuralNetTorch,900,100,0.09905978313097887,0.15412515182804765,0.02808874100446701,0.08518722653388977,0.9100000262260437,0.006420272053219378
fri_c0_1000_5,RandomForest,900,100,0.1260980607876157,0.21407953888101652,0.04508277773857117,0.07166671752929688,0.9300000071525574,0.007102697039954364
fri_c0_1000_5,XGBoost,900,100,0.1373249585463225,0.22291364561124816,0.043726176023483276,0.09235569834709167,0.8799999952316284,0.005375599954277277
fri_c0_500_5,CatBoost,450,50,0.20370430450225702,0.30917012412662087,0.07742459326982498,0.14689910411834717,0.8399999737739563,0.004644820000976324
fri_c0_500_5,ExtraTrees,450,50,0.24920812218467894,0.38563837382316335,0.0912056565284729,0.12684915959835052,0.800000011920929,0.00767446297686547
fri_c0_500_5,LightGBM,450,50,0.2016547658131814,0.30699257374416644,0.07401958107948303,0.1351616531610489,0.8600000143051147,0.005338098970241845
fri_c0_500_5,LinearModel,450,50,0.28270386463273595,0.4238224946629137,0.03848928213119507,0.1288071572780609,0.7799999713897705,0.005701590096578002
fri_c0_500_5,NeuralNetFastAI,450,50,0.2027200194330588,0.29508509101021463,0.08023737370967865,0.10556497424840927,0.8399999737739563,0.003473717952147126
fri_c0_500_5,NeuralNetTorch,450,50,0.20246243200130148,0.29715663469336834,0.07654935121536255,0.13160616159439087,0.8600000143051147,0.004894162993878126
fri_c0_500_5,RandomForest,450,50,0.2598604543872692,0.38127079973335987,0.08290553092956543,0.14103065431118011,0.7799999713897705,0.005406797979958355
fri_c0_500_5,XGBoost,450,50,0.22211943460027864,0.3443796989459071,0.06972193717956543,0.12495677173137665,0.800000011920929,0.004616189049556851
fri_c1_1000_50,CatBoost,900,100,0.11989316515414665,0.20637641517515184,0.020725518465042114,0.07354976236820221,0.8999999761581421,0.005903184995986521
fri_c1_1000_50,ExtraTrees,900,100,0.11588822226864012,0.2049282169817938,0.024798937141895294,0.07728385925292969,0.9300000071525574,0.006820294074714184
fri_c1_1000_50,LightGBM,900,100,0.13698265197386036,0.21677098332952988,0.02881808951497078,0.07247298955917358,0.8700000047683716,0.004862533998675644
fri_c1_1000_50,LinearModel,900,100,0.4106751042060731,0.5972498411897081,0.047846123576164246,0.07850910723209381,0.6700000166893005,0.006115570082329214
fri_c1_1000_50,NeuralNetFastAI,900,100,0.1482450645535633,0.25892148106102364,0.053188733756542206,0.10714805126190186,0.8999999761581421,0.006929030059836805
fri_c1_1000_50,NeuralNetTorch,900,100,0.23016342741490603,0.363354785332129,0.04823097959160805,0.10573416203260422,0.8399999737739563,0.00530792202334851
fri_c1_1000_50,RandomForest,900,100,0.15463158174194633,0.26523138545159325,0.028065215796232224,0.07859398424625397,0.9100000262260437,0.0060661149909719825
fri_c1_1000_50,XGBoost,900,100,0.12354162428559753,0.20577525930048324,0.02971053123474121,0.08596247434616089,0.8999999761581421,0.006003496004268527
fri_c2_1000_25,CatBoost,900,100,0.12441347913654567,0.21313975984135386,0.03216543048620224,0.05843232199549675,0.9200000166893005,0.005002463003620505
fri_c2_1000_25,ExtraTrees,900,100,0.14561516804389402,0.25409509893801974,0.025340966880321503,0.06541948765516281,0.8799999952316284,0.006963171996176243
fri_c2_1000_25,LightGBM,900,100,0.14244417639117007,0.24322549116373637,0.03010232374072075,0.05808928236365318,0.8899999856948853,0.005104840034618974
fri_c2_1000_25,LinearModel,900,100,0.3596595055886094,0.5339959350038257,0.05569244921207428,0.1277116984128952,0.699999988079071,0.005878547090105712
fri_c2_1000_25,NeuralNetFastAI,900,100,0.13117772055800703,0.22542921050104422,0.034383103251457214,0.06815765798091888,0.8899999856948853,0.005316396011039615
fri_c2_1000_25,NeuralNetTorch,900,100,0.1318755010404068,0.22504718471990873,0.020429212599992752,0.05451168864965439,0.8999999761581421,0.005333538982085884
fri_c2_1000_25,RandomForest,900,100,0.15403914676798897,0.28801343727010403,0.03508428856730461,0.08203081786632538,0.8899999856948853,0.00589208398014307
fri_c2_1000_25,XGBoost,900,100,0.1395809835077357,0.23790429713619582,0.028542160987854004,0.07647401094436646,0.8899999856948853,0.005052331951446831
fri_c2_500_50,CatBoost,450,50,0.18993886272384206,0.29799232669117204,0.05435449257493019,0.1552639901638031,0.8399999737739563,0.0036521729780361056
fri_c2_500_50,ExtraTrees,450,50,0.21636561795420342,0.33395781965071913,0.05542167276144028,0.12410873174667358,0.8199999928474426,0.010527270962484181
fri_c2_500_50,LightGBM,450,50,0.1818960067868187,0.2778080078552765,0.05424559861421585,0.11674470454454422,0.8799999952316284,0.00362040800973773
fri_c2_500_50,LinearModel,450,50,0.3803347848870093,0.5563676597224625,0.06985463201999664,0.17360644042491913,0.699999988079071,0.011858275975100696
fri_c2_500_50,NeuralNetFastAI,450,50,0.21049360425632627,0.36471470358292274,0.0717354565858841,0.1622876226902008,0.8799999952316284,0.00570101710036397
fri_c2_500_50,NeuralNetTorch,450,50,0.2686046024432861,0.4363158817090089,0.06498004496097565,0.1415826380252838,0.800000011920929,0.00554875994566828
fri_c2_500_50,RandomForest,450,50,0.2210597949383225,0.34362111877333973,0.05367770791053772,0.11045321077108383,0.8199999928474426,0.003970396006479859
fri_c2_500_50,XGBoost,450,50,0.23223296258505266,0.3573794284123214,0.05775228515267372,0.1279323697090149,0.8399999737739563,0.005664080032147467
fri_c3_1000_10,CatBoost,900,100,0.10653165685750848,0.18258308051053276,0.03280287981033325,0.060037367045879364,0.9300000071525574,0.004397215088829398
fri_c3_1000_10,ExtraTrees,900,100,0.09325560764417691,0.1713152774106725,0.02394903264939785,0.04954363778233528,0.949999988079071,0.009538623970001936
fri_c3_1000_10,LightGBM,900,100,0.1115681129699969,0.1830844995548657,0.021974248811602592,0.082547128200531,0.9200000166893005,0.005365241086110473
fri_c3_1000_10,LinearModel,900,100,0.3827964490249221,0.5641697410880065,0.044932156801223755,0.14122051000595093,0.7200000286102295,0.004825104959309101
fri_c3_1000_10,NeuralNetFastAI,900,100,0.08549202820235906,0.1438815589411009,0.04059154540300369,0.06460648775100708,0.9399999976158142,0.004972781054675579
fri_c3_1000_10,NeuralNetTorch,900,100,0.09296460004450856,0.1678503149178465,0.029907699674367905,0.06594095379114151,0.949999988079071,0.010151086957193911
fri_c3_1000_10,RandomForest,900,100,0.11405452079401077,0.21316378784302956,0.023784033954143524,0.08807037025690079,0.9399999976158142,0.008015430066734552
fri_c3_1000_10,XGBoost,900,100,0.10206443696150544,0.18779080928466604,0.03547632694244385,0.08818009495735168,0.9399999976158142,0.00495689595118165
fri_c3_1000_25,CatBoost,900,100,0.10957190785359801,0.16688419419002037,0.030119139701128006,0.06251752376556396,0.9100000262260437,0.00481980899348855
fri_c3_1000_25,ExtraTrees,900,100,0.1016639420335053,0.15798760943569273,0.025597503408789635,0.061162643134593964,0.9200000166893005,0.007190693984739482
fri_c3_1000_25,LightGBM,900,100,0.08039662357992157,0.13527349169420075,0.02140914276242256,0.06849808245897293,0.9599999785423279,0.004360983031801879
fri_c3_1000_25,LinearModel,900,100,0.4298269118232632,0.6132267964208522,0.04746545851230621,0.11347182840108871,0.6499999761581421,0.014240677002817392
fri_c3_1000_25,NeuralNetFastAI,900,100,0.08063155098947494,0.1384548460639275,0.0243438258767128,0.05208880826830864,0.9599999785423279,0.013120469986461103
fri_c3_1000_25,NeuralNetTorch,900,100,0.07939196568343868,0.15352276375619314,0.034655965864658356,0.07733370363712311,0.9399999976158142,0.009217144921422005
fri_c3_1000_25,RandomForest,900,100,0.1346019187113123,0.20825612524688505,0.027216792106628418,0.07696249336004257,0.9100000262260437,0.006386733031831682
fri_c3_1000_25,XGBoost,900,100,0.09893443320869523,0.16383427615257543,0.02396097593009472,0.06406159698963165,0.9300000071525574,0.004222391988150775
fri_c3_500_10,CatBoost,450,50,0.20270425551433488,0.33131444874222654,0.061077434569597244,0.13519173860549927,0.8600000143051147,0.004164891084656119
fri_c3_500_10,ExtraTrees,450,50,0.24306992563159138,0.43286655736783897,0.08352130651473999,0.14232870936393738,0.8600000143051147,0.00792612403165549
fri_c3_500_10,LightGBM,450,50,0.2533108803629496,0.41000761965807386,0.07641927897930145,0.14287889003753662,0.800000011920929,0.005591983092017472
fri_c3_500_10,LinearModel,450,50,0.39965724343339354,0.5866322911797114,0.07818277925252914,0.17260125279426575,0.7400000095367432,0.004579377011395991
fri_c3_500_10,NeuralNetFastAI,450,50,0.22051913051883354,0.36176373477228635,0.05987374857068062,0.15004582703113556,0.8399999737739563,0.008021778077818453
fri_c3_500_10,NeuralNetTorch,450,50,0.1810122702944914,0.2875784509014298,0.05895525589585304,0.0973820835351944,0.8999999761581421,0.005033561959862709
fri_c3_500_10,RandomForest,450,50,0.22317811675168778,0.38183266129984333,0.06931159645318985,0.13878627121448517,0.8399999737739563,0.004848300013691187
fri_c3_500_10,XGBoost,450,50,0.20219805766540744,0.3365375301586976,0.05709071084856987,0.10879384726285934,0.8600000143051147,0.003829405060969293
fri_c3_500_50,CatBoost,450,50,0.21003953976390405,0.3328704396253777,0.06622964888811111,0.17608071863651276,0.8399999737739563,0.0043922619661316276
fri_c3_500_50,ExtraTrees,450,50,0.19274140697103193,0.3099692464685184,0.05698198080062866,0.15213607251644135,0.8199999928474426,0.005914031993597746
fri_c3_500_50,LightGBM,450,50,0.18738414453836277,0.31801440576287143,0.040151968598365784,0.10891137272119522,0.8799999952316284,0.004255487001501024
fri_c3_500_50,LinearModel,450,50,0.4362669773711157,0.6205970998874227,0.11327262222766876,0.21070316433906555,0.5600000023841858,0.0069523240672424436
fri_c3_500_50,NeuralNetFastAI,450,50,0.4328259296886816,0.6195278326142598,0.09155076742172241,0.11998263746500015,0.6800000071525574,0.0111424271017313
fri_c3_500_50,NeuralNetTorch,450,50,0.4086942377326243,0.5966590322242139,0.11773459613323212,0.12079328298568726,0.6800000071525574,0.012875276966951787
fri_c3_500_50,RandomForest,450,50,0.19282239346607874,0.30971977924916183,0.04072640836238861,0.10797703266143799,0.8600000143051147,0.004976446973159909
fri_c3_500_50,XGBoost,450,50,0.17313532503105045,0.30040643709566067,0.044891178607940674,0.1350170522928238,0.8799999952316284,0.003918797010555863
fri_c4_500_100,CatBoost,450,50,0.16516054868267338,0.2522326173487423,0.06006104499101639,0.134225532412529,0.8999999761581421,0.004215013002976775
fri_c4_500_100,ExtraTrees,450,50,0.1582456701723422,0.24073444423485668,0.06620354950428009,0.0916765108704567,0.8399999737739563,0.008669798029586673
fri_c4_500_100,LightGBM,450,50,0.1543113472104215,0.24626287030618058,0.05219564586877823,0.11477639526128769,0.8999999761581421,0.005281963036395609
fri_c4_500_100,LinearModel,450,50,0.46098404326957476,0.6529173991963362,0.07793957740068436,0.15115563571453094,0.6000000238418579,0.007791580981574953
fri_c4_500_100,NeuralNetFastAI,450,50,0.4485671571200435,0.6399428267222873,0.07634004950523376,0.1443667709827423,0.5799999833106995,0.014032887993380427
fri_c4_500_100,NeuralNetTorch,450,50,0.4422402052462089,0.6334821179077967,0.09924396872520447,0.11764264851808548,0.7200000286102295,0.010404567001387477
fri_c4_500_100,RandomForest,450,50,0.1723591750822473,0.2640951053835001,0.04809926450252533,0.10922576487064362,0.8799999952316284,0.008458949043415487
fri_c4_500_100,XGBoost,450,50,0.15142330854672492,0.23441568763437293,0.0567554235458374,0.056786131113767624,0.8799999952316284,0.011976698995567858
fried,CatBoost,36691,4077,0.09242413029823715,0.1459872923704596,0.007770578842610121,0.012130439281463623,0.9308314919471741,0.07183962897397578
fried,ExtraTrees,36691,4077,0.11405971990079025,0.17889372840411571,0.008627534843981266,0.01584661938250065,0.9200392365455627,0.13098569796420634
fried,LightGBM,36691,4077,0.09333720315701843,0.1478657849788384,0.00686307717114687,0.013541347347199917,0.9293597936630249,0.0642117930110544
fried,LinearModel,36691,4077,0.23251665345076575,0.37512500728498677,0.00934273935854435,0.022928697988390923,0.8400784730911255,0.0832251199753955
fried,NeuralNetFastAI,36691,4077,0.09089332061812415,0.14452119501139735,0.007527157198637724,0.011344024911522865,0.9347559213638306,0.05662926798686385
fried,NeuralNetTorch,36691,4077,0.09076495480646102,0.14426451814537816,0.007095373701304197,0.01128371525555849,0.9354918003082275,0.07223907194565982
fried,RandomForest,36691,4077,0.11548797338920036,0.1822873943196872,0.00854418333619833,0.015601461753249168,0.9151336550712585,0.08795672503765672
fried,XGBoost,36691,4077,0.09456734926467457,0.15082615763016263,0.00774455675855279,0.012559175491333008,0.9335295557975769,0.0633501400006935
gina,CatBoost,2837,316,0.06028989678846823,0.1037389992468463,0.009446687996387482,0.027064668014645576,0.9620253443717957,0.007293818984180689
gina,ExtraTrees,2837,316,0.09410647874792835,0.16103295500363357,0.01359282061457634,0.03732743486762047,0.9430379867553711,0.01295881497208029
gina,LightGBM,2837,316,0.06334061487921407,0.11129584352120404,0.00968526303768158,0.027833998203277588,0.9588607549667358,0.016856298898346722
gina,LinearModel,2837,316,0.22368316644230485,0.361236338474557,0.04609270766377449,0.0826965719461441,0.8481012582778931,0.02194275101646781
gina,NeuralNetFastAI,2837,316,0.058304556047785956,0.109195162326284,0.03402893990278244,0.05717785283923149,0.9683544039726257,0.012291157967410982
gina,NeuralNetTorch,2837,316,0.057392823164266964,0.11145858882277897,0.031502529978752136,0.05403156578540802,0.9778481125831604,0.012215389986522496
gina,RandomForest,2837,316,0.0914425110022378,0.15652933133158087,0.011928699910640717,0.031804438680410385,0.9430379867553711,0.014259645948186517
gina,XGBoost,2837,316,0.06831034009061684,0.1199055774017229,0.009952407330274582,0.023756155744194984,0.9556962251663208,0.01937772799283266
hill-valley,CatBoost,1090,122,0.4791800349007481,0.6719536254073409,0.05258762836456299,0.061342958360910416,0.5819672346115112,0.017034212942235172
hill-valley,ExtraTrees,1090,122,0.4659426839232302,0.6583990111449461,0.04153934121131897,0.07591144740581512,0.5819672346115112,0.01635565795004368
hill-valley,LightGBM,1090,122,0.45214686908287577,0.6436106098501895,0.04698922485113144,0.08229391276836395,0.6065573692321777,0.006035227910615504
hill-valley,LinearModel,1090,122,0.13728544865869882,0.23783441190330135,0.04892624542117119,0.07533915340900421,0.9098360538482666,0.009669905062764883
hill-valley,NeuralNetFastAI,1090,122,0.27098317411658646,0.41450447717211825,0.14564310014247894,0.16020195186138153,0.9098360538482666,0.012023228104226291
hill-valley,NeuralNetTorch,1090,122,0.1262152181864062,0.20837464532324954,0.020579492673277855,0.054278649389743805,0.9098360538482666,0.009237500024028122
hill-valley,RandomForest,1090,122,0.4674479861427252,0.6599479409557516,0.05371652916073799,0.08707393705844879,0.631147563457489,0.016427466995082796
hill-valley,XGBoost,1090,122,0.47545783822467436,0.6681241138460777,0.03507153317332268,0.04638000205159187,0.5983606576919556,0.014122609980404377
hiva_agnostic,CatBoost,3806,423,0.06065451791680966,0.1317136382556333,0.008193397894501686,0.017089156433939934,0.9669030904769897,0.011679301969707012
hiva_agnostic,ExtraTrees,3806,423,0.061948463344489786,0.13895483771825462,0.01249766070395708,0.015094157308340073,0.9669030904769897,0.009099359973333776
hiva_agnostic,LightGBM,3806,423,0.06257073872170008,0.13688060464950158,0.009663842618465424,0.017424311488866806,0.9669030904769897,0.024486555950716138
hiva_agnostic,LinearModel,3806,423,0.07862429965062952,0.1591232449468519,0.038546252995729446,0.03328339383006096,0.9503546357154846,0.018078056978993118
hiva_agnostic,NeuralNetFastAI,3806,423,0.07313112794638424,0.15008485030617677,0.02859078347682953,0.022824741899967194,0.9503546357154846,0.021328669041395187
hiva_agnostic,NeuralNetTorch,3806,423,0.07321972456872619,0.15356748016320473,0.02973192185163498,0.031681109219789505,0.9550827145576477,0.010036256979219615
hiva_agnostic,RandomForest,3806,423,0.06191375918008985,0.13503722707410412,0.011223359033465385,0.015397710725665092,0.9669030904769897,0.008455842034891248
hiva_agnostic,XGBoost,3806,423,0.06050755843752733,0.1315417270979288,0.0105108842253685,0.017568787559866905,0.9692671298980713,0.010585370007902384
houses,CatBoost,18576,2064,0.01658349617064531,0.031121348197424074,0.004535959102213383,0.008986893109977245,0.9903100728988647,0.03546666691545397
houses,ExtraTrees,18576,2064,0.01568954574655348,0.028529016481701336,0.0036922867875546217,0.0072944266721606255,0.9898256063461304,0.0454601279925555
houses,LightGBM,18576,2064,0.018072300517930132,0.03234197500096937,0.004750391934067011,0.009204565547406673,0.9864341020584106,0.03460727899800986
houses,LinearModel,18576,2064,0.046665756556428864,0.08888827284711771,0.01168118230998516,0.028091806918382645,0.9685077667236328,0.033956496976315975
houses,NeuralNetFastAI,18576,2064,0.017964795165498777,0.03211207581037666,0.0049637239426374435,0.007261962164193392,0.9864341020584106,0.03266365500167012
houses,NeuralNetTorch,18576,2064,0.018425768227683114,0.0324875230515469,0.0032177395187318325,0.00622368510812521,0.9874030947685242,0.05948351405095309
houses,RandomForest,18576,2064,0.018988001227813744,0.03317995876183736,0.0035837113391608,0.006873949896544218,0.9883720874786377,0.034399494994431734
houses,XGBoost,18576,2064,0.01802070121568561,0.03232966088608535,0.004565258976072073,0.007766405586153269,0.9893410801887512,0.033836217946372926
ilpd,CatBoost,524,59,0.3691495209709038,0.539437113078265,0.051975637674331665,0.09954532235860825,0.7118644118309021,0.004082072991877794
ilpd,ExtraTrees,524,59,0.3541456972288599,0.513185984979067,0.0455804243683815,0.11624353379011154,0.7288135886192322,0.003986216965131462
ilpd,LightGBM,524,59,0.36218872882868713,0.5284773764723648,0.07237066328525543,0.1887606382369995,0.7288135886192322,0.003971361904405057
ilpd,LinearModel,524,59,0.405154811797825,0.6033351672242798,0.08176395297050476,0.1775408685207367,0.6440678238868713,0.011244850000366569
ilpd,NeuralNetFastAI,524,59,0.35574889552003347,0.5088744187211818,0.07308495789766312,0.12716306746006012,0.6440678238868713,0.004368194960989058
ilpd,NeuralNetTorch,524,59,0.37635885908292266,0.5456269121493393,0.06777499616146088,0.13050734996795654,0.6440678238868713,0.01122319488786161
ilpd,RandomForest,524,59,0.36381741987646865,0.5286875763167709,0.040439873933792114,0.06814885884523392,0.694915235042572,0.006973613053560257
ilpd,XGBoost,524,59,0.37184462552119035,0.5403256913590668,0.0566137358546257,0.11808885633945465,0.7288135886192322,0.004426628001965582
jasmine,CatBoost,2685,299,0.2643117213694643,0.4038290860855246,0.025808041915297508,0.07565146684646606,0.8060200810432434,0.007741024950519204
jasmine,ExtraTrees,2685,299,0.27168747662428583,0.4093949118168195,0.018376857042312622,0.039576128125190735,0.8160535097122192,0.014195462921634316
jasmine,LightGBM,2685,299,0.258996073791709,0.40010105358995596,0.023224160075187683,0.07466789335012436,0.8127090334892273,0.008037026971578598
jasmine,LinearModel,2685,299,0.2981968549284363,0.45344915254344964,0.0472312793135643,0.06579272449016571,0.7926421165466309,0.01769544603303075
jasmine,NeuralNetFastAI,2685,299,0.2831755583998586,0.43004869583339816,0.03148717060685158,0.07161910831928253,0.8060200810432434,0.01726560399401933
jasmine,NeuralNetTorch,2685,299,0.28450926210663835,0.42935465900549413,0.03632373362779617,0.060177553445100784,0.7993311285972595,0.007301650010049343
jasmine,RandomForest,2685,299,0.26144167048087613,0.3944174197631009,0.037233635783195496,0.09213268011808395,0.8260869383811951,0.013977164984680712
jasmine,XGBoost,2685,299,0.257569679425043,0.3959147023108279,0.01958874613046646,0.03895644098520279,0.8260869383811951,0.00795173505321145
jm1,CatBoost,9796,1089,0.2644044079762514,0.41812233146328837,0.011199157685041428,0.027922654524445534,0.8163452744483948,0.019192908075638115
jm1,ExtraTrees,9796,1089,0.26173162055418875,0.4117005145566102,0.011250272393226624,0.02638338692486286,0.8172635436058044,0.027085570036433637
jm1,LightGBM,9796,1089,0.2642325279912563,0.4183957085744672,0.01209130510687828,0.02715997025370598,0.8200183510780334,0.017547240015119314
jm1,LinearModel,9796,1089,0.2798204301767395,0.4418536965623134,0.012979559600353241,0.02987467497587204,0.8163452744483948,0.02326807996723801
jm1,NeuralNetFastAI,9796,1089,0.26907699534080454,0.42961682823501407,0.01756861060857773,0.034839216619729996,0.8236914873123169,0.047415798995643854
jm1,NeuralNetTorch,9796,1089,0.27546206845000637,0.43457257606151345,0.017556019127368927,0.035200368613004684,0.8154270052909851,0.02126933098770678
jm1,RandomForest,9796,1089,0.2627220493124664,0.4144166440961916,0.015181772410869598,0.018465908244252205,0.8227731585502625,0.026457461062818766
jm1,XGBoost,9796,1089,0.2641114003282521,0.41726739401767154,0.010132026858627796,0.02301846258342266,0.8200183510780334,0.019822757923975587
kc1,CatBoost,1898,211,0.1811604768245303,0.3062351604004165,0.026555586606264114,0.049056436866521835,0.8720378875732422,0.006378261954523623
kc1,ExtraTrees,1898,211,0.18578886298546676,0.31027395456641305,0.037457581609487534,0.05045945569872856,0.8720378875732422,0.016311432933434844
kc1,LightGBM,1898,211,0.19085334501351728,0.316439556805579,0.016988135874271393,0.02933908998966217,0.8767772316932678,0.006686273030936718
kc1,LinearModel,1898,211,0.21090168554862124,0.34287573266816185,0.027692239731550217,0.06466902792453766,0.8530805706977844,0.006630730931647122
kc1,NeuralNetFastAI,1898,211,0.18975559630814426,0.31594194701877004,0.03114762157201767,0.046233538538217545,0.8720378875732422,0.0064752280013635755
kc1,NeuralNetTorch,1898,211,0.21191990293150914,0.3393869097679459,0.018996156752109528,0.04971889406442642,0.8483412265777588,0.008916283957660198
kc1,RandomForest,1898,211,0.1863835301023769,0.30919020003615616,0.03587073087692261,0.04672609642148018,0.8672986030578613,0.01622395101003349
kc1,XGBoost,1898,211,0.20031536367049768,0.3315239525413758,0.023287730291485786,0.04685863107442856,0.8767772316932678,0.016529361018911004
kc2,CatBoost,469,53,0.24772616500662337,0.37162829705739886,0.07699503004550934,0.1455741673707962,0.7735849022865295,0.0058103150222450495
kc2,ExtraTrees,469,53,0.27574324422825536,0.42701027413136367,0.08713622391223907,0.1401536911725998,0.7924528121948242,0.004691980895586312
kc2,LightGBM,469,53,0.22930727689843503,0.3445832318151026,0.08687175810337067,0.15188372135162354,0.7924528121948242,0.005809861933812499
kc2,LinearModel,469,53,0.2517364629976702,0.38178091102507067,0.07552820444107056,0.1691908985376358,0.8113207817077637,0.011406527948565781
kc2,NeuralNetFastAI,469,53,0.2507678483182592,0.37274638368615437,0.07284700870513916,0.1152576357126236,0.7924528121948242,0.0038521629758179188
kc2,NeuralNetTorch,469,53,0.2546798478896804,0.38797526686972916,0.06356454640626907,0.12256739288568497,0.7735849022865295,0.004240953945554793
kc2,RandomForest,469,53,0.23692119639014445,0.3532545305444203,0.0660843551158905,0.13009972870349884,0.7735849022865295,0.011469240998849273
kc2,XGBoost,469,53,0.23672525758847568,0.36172128942030557,0.07181471586227417,0.15443620085716248,0.7924528121948242,0.004463281016796827
kdd_el_nino-small,CatBoost,703,79,0.09621762449150077,0.14888630929244806,0.03367019072175026,0.08340944349765778,0.9240506291389465,0.004310413030907512
kdd_el_nino-small,ExtraTrees,703,79,0.10705782187118655,0.16292616854444156,0.027105016633868217,0.06323135644197464,0.9367088675498962,0.0060448149451985955
kdd_el_nino-small,LightGBM,703,79,0.10372503251859741,0.16243410398874586,0.034723855555057526,0.0851057767868042,0.9240506291389465,0.004345098044723272
kdd_el_nino-small,LinearModel,703,79,0.10063559896484127,0.15611020075336188,0.03242415189743042,0.07346437871456146,0.9113923907279968,0.010243876022286713
kdd_el_nino-small,NeuralNetFastAI,703,79,0.09842919480251715,0.17529887151254653,0.017517223954200745,0.04917909577488899,0.949367105960846,0.004462672979570925
kdd_el_nino-small,NeuralNetTorch,703,79,0.12369229147127525,0.20254087130249604,0.036521464586257935,0.07717612385749817,0.9113923907279968,0.004706462030299008
kdd_el_nino-small,RandomForest,703,79,0.09845759093142904,0.14672856716268404,0.024820398539304733,0.06378033012151718,0.9367088675498962,0.005164176924154162
kdd_el_nino-small,XGBoost,703,79,0.10362928908521767,0.16935285448315376,0.03100764937698841,0.07946967333555222,0.9367088675498962,0.00402119301725179
kdd_internet_usage,CatBoost,9097,1011,0.14980077772497302,0.23717650191562278,0.008835313841700554,0.02330924943089485,0.9010880589485168,0.018865586956962943
kdd_internet_usage,ExtraTrees,9097,1011,0.16103145653646234,0.2536279283987685,0.020458415150642395,0.03466520085930824,0.8832838535308838,0.04396707401610911
kdd_internet_usage,LightGBM,9097,1011,0.1497244216512646,0.2359049617949124,0.012454034760594368,0.02225540578365326,0.8941642045974731,0.016349643003195524
kdd_internet_usage,LinearModel,9097,1011,0.16845532503630517,0.27388454518279964,0.01367998868227005,0.031393732875585556,0.8793274164199829,0.024323081015609205
kdd_internet_usage,NeuralNetFastAI,9097,1011,0.15272468051986132,0.23551926691277553,0.01911388523876667,0.022067273035645485,0.8872403502464294,0.023344247951172292
kdd_internet_usage,NeuralNetTorch,9097,1011,0.1514569472469986,0.23616790492234976,0.016826316714286804,0.029044372960925102,0.8902077078819275,0.01651589502580464
kdd_internet_usage,RandomForest,9097,1011,0.16037414287861557,0.2520017554101501,0.017019476741552353,0.03243269771337509,0.888229489326477,0.02706387103535235
kdd_internet_usage,XGBoost,9097,1011,0.14917022660660018,0.2366613226568459,0.01036896463483572,0.02484087087213993,0.8981207013130188,0.016732032992877066
kick,CatBoost,65684,7299,0.16127816739963033,0.2845875252259368,0.004453776404261589,0.007798861246556044,0.9034114480018616,0.09625708300154656
kick,ExtraTrees,65684,7299,0.1695109955043336,0.29789868936478575,0.006764124147593975,0.015014463104307652,0.8980682492256165,0.12711355497594923
kick,LightGBM,65684,7299,0.1646055976632435,0.2911877724515939,0.004654549993574619,0.008650004863739014,0.9020413756370544,0.1286725449608639
kick,LinearModel,65684,7299,0.1713010495954839,0.30155104835230484,0.007735928520560265,0.011134662665426731,0.897794246673584,0.1281221570679918
kick,NeuralNetFastAI,65684,7299,0.16364808034092115,0.2886082860987361,0.0035868771374225616,0.009550502523779869,0.9023153781890869,0.11484219296835363
kick,NeuralNetTorch,65684,7299,0.1636610937936616,0.2890906660563682,0.0037233009934425354,0.008072261698544025,0.9028633832931519,0.09410368802491575
kick,RandomForest,65684,7299,0.17054052239619966,0.29887111452664195,0.012301250360906124,0.01495475322008133,0.9003973007202148,0.1416005470091477
kick,XGBoost,65684,7299,0.16176641991334176,0.2857875002810527,0.0035143643617630005,0.0076935007236897945,0.903685450553894,0.12478529394138604
kin8nm,CatBoost,7372,820,0.14591495690434853,0.23410613512890727,0.01711428165435791,0.04035649076104164,0.8939024209976196,0.01621902803890407
kin8nm,ExtraTrees,7372,820,0.2139543807224703,0.3394455729227624,0.020144689828157425,0.050804223865270615,0.8500000238418579,0.02367704000789672
kin8nm,LightGBM,7372,820,0.152113783490473,0.24326992430804312,0.014452338218688965,0.034267205744981766,0.8902438879013062,0.015817321022041142
kin8nm,LinearModel,7372,820,0.35618713496834226,0.534115770349149,0.023120999336242676,0.038680270314216614,0.7292683124542236,0.019475133973173797
kin8nm,NeuralNetFastAI,7372,820,0.12843058389935907,0.20328160113966576,0.01412290707230568,0.03181232139468193,0.9036585092544556,0.0139660919085145
kin8nm,NeuralNetTorch,7372,820,0.12781670894422603,0.20123081025038422,0.014893725514411926,0.033629581332206726,0.9134146571159363,0.01732621097471565
kin8nm,RandomForest,7372,820,0.21247509159927527,0.33584577990145237,0.017394065856933594,0.03920532390475273,0.8487805128097534,0.024139089975506067
kin8nm,XGBoost,7372,820,0.1765878541566626,0.2861985614815791,0.018804848194122314,0.03367473930120468,0.8817073106765747,0.017645918997004628
madeline,CatBoost,2826,314,0.19254478909685274,0.32597978488851603,0.021177904680371284,0.05017814785242081,0.8694267272949219,0.00783024006523192
madeline,ExtraTrees,2826,314,0.22115715293151947,0.3662115124486755,0.02583279460668564,0.04505583271384239,0.8471337556838989,0.01723751809913665
madeline,LightGBM,2826,314,0.21293215329066945,0.3569704563988036,0.025521133095026016,0.041360653936862946,0.8662420511245728,0.010246848920360208
madeline,LinearModel,2826,314,0.48275248956571876,0.6755477933703596,0.02444026991724968,0.027657009661197662,0.5891719460487366,0.02567626698873937
madeline,NeuralNetFastAI,2826,314,0.385192528541341,0.5692025473105455,0.050356701016426086,0.08886434882879257,0.7165604829788208,0.019599533989094198
madeline,NeuralNetTorch,2826,314,0.3581642445892156,0.5376862312151486,0.052217647433280945,0.08592964708805084,0.7484076619148254,0.023187521961517632
madeline,RandomForest,2826,314,0.23153089625385395,0.38555525338694424,0.025061585009098053,0.05552783980965614,0.8503184914588928,0.014888648060150445
madeline,XGBoost,2826,314,0.21712457561694098,0.3631100930289942,0.024395117536187172,0.04625330865383148,0.8662420511245728,0.010897843982093036
madelon,CatBoost,2340,260,0.18867536138670588,0.31808705336168075,0.02517598494887352,0.05770561471581459,0.8692307472229004,0.006209347979165614
madelon,ExtraTrees,2340,260,0.2118610510352721,0.3517572696684384,0.0399312786757946,0.0566951222717762,0.8730769157409668,0.017248651012778282
madelon,LightGBM,2340,260,0.19214430357072204,0.32877782240233216,0.04861380532383919,0.09662327915430069,0.8884615302085876,0.008191782049834728
madelon,LinearModel,2340,260,0.48651088736029874,0.6795974064078881,0.03416690602898598,0.0379180982708931,0.5884615182876587,0.019070019014179707
madelon,NeuralNetFastAI,2340,260,0.39996946079789975,0.5885001592427406,0.07784802466630936,0.1367713361978531,0.7230769395828247,0.02298520295880735
madelon,NeuralNetTorch,2340,260,0.42813526022006876,0.6185641787674117,0.06963351368904114,0.13196276128292084,0.6846153736114502,0.014146729023195803
madelon,RandomForest,2340,260,0.21639669295815178,0.3590415199001762,0.03339598700404167,0.07901951670646667,0.8500000238418579,0.013304920983500779
madelon,XGBoost,2340,260,0.1986478197082894,0.3342687638460049,0.03382574021816254,0.061643775552511215,0.8807692527770996,0.010477436007931828
mammography,CatBoost,10064,1119,0.02098225612809535,0.048289096527697035,0.0023676890414208174,0.004529842175543308,0.9883824586868286,0.019907842972315848
mammography,ExtraTrees,10064,1119,0.02558776138863574,0.057196334148756175,0.0049124304205179214,0.010162744671106339,0.9865951538085938,0.017598437960259616
mammography,LightGBM,10064,1119,0.022813115919199038,0.04989926249972669,0.0034102308563888073,0.006139954086393118,0.9874888062477112,0.0195968400221318
mammography,LinearModel,10064,1119,0.03033841710860872,0.07799380752680875,0.007815975695848465,0.010038272477686405,0.9803395867347717,0.017466317978687584
mammography,NeuralNetFastAI,10064,1119,0.0244216114664225,0.055218001787113474,0.004381672013550997,0.009425007738173008,0.9848078489303589,0.017804719042032957
mammography,NeuralNetTorch,10064,1119,0.025203996805666228,0.054795782306929046,0.003429268253967166,0.009801964275538921,0.9857015013694763,0.021674431976862252
mammography,RandomForest,10064,1119,0.02611459860666207,0.05656078470515451,0.004677747376263142,0.009646938182413578,0.9874888062477112,0.028015875024721026
mammography,XGBoost,10064,1119,0.022180835000724885,0.05007109949559824,0.004236816428601742,0.006698164623230696,0.9883824586868286,0.02810566790867597
mc1,CatBoost,8519,947,0.008635421681507827,0.017588979094542097,0.002862413413822651,0.0049310168251395226,0.9947201609611511,0.01933856902178377
mc1,ExtraTrees,8519,947,0.008554564511486137,0.018889271401951593,0.0029239049181342125,0.004376365337520838,0.9947201609611511,0.01347915199585259
mc1,LightGBM,8519,947,0.007028675216966986,0.015234311116414136,0.002778504742309451,0.004758430644869804,0.9947201609611511,0.02034453907981515
mc1,LinearModel,8519,947,0.011390398273393632,0.03137679621935337,0.0037890784442424774,0.002612366806715727,0.9926082491874695,0.020774233038537204
mc1,NeuralNetFastAI,8519,947,0.01053063913849952,0.026212341547749634,0.003654866013675928,0.0025224711280316114,0.9947201609611511,0.018179952981881797
mc1,NeuralNetTorch,8519,947,0.011597469956909917,0.029337108601382868,0.004559206776320934,0.003907680977135897,0.9926082491874695,0.01993541605770588
mc1,RandomForest,8519,947,0.010407613639549016,0.021495046692575615,0.002502880524843931,0.004138051066547632,0.9947201609611511,0.034479822032153606
mc1,XGBoost,8519,947,0.007926302061473546,0.015568749518013979,0.001908496138639748,0.004251324106007814,0.9947201609611511,0.015595338074490428
meta,CatBoost,475,53,0.09259035039947937,0.15537738655899952,0.0445144958794117,0.07762555032968521,0.9622641801834106,0.004637231002561748
meta,ExtraTrees,475,53,0.13196053738192312,0.21854556326857075,0.07303815335035324,0.12732990086078644,0.8867924809455872,0.0044089959701523185
meta,LightGBM,475,53,0.10072279074524222,0.16134125994387086,0.04324847832322121,0.09871959686279297,0.9433962106704712,0.005368035985156894
meta,LinearModel,475,53,0.08656582951928599,0.15057515996098889,0.04573579877614975,0.07438267022371292,0.9622641801834106,0.0036100299330428243
meta,NeuralNetFastAI,475,53,0.11950152748437345,0.1895573551225597,0.08104389905929565,0.10773017257452011,0.8679245114326477,0.009288068977184594
meta,NeuralNetTorch,475,53,0.08180515035618426,0.13502058178606477,0.057641997933387756,0.07684368640184402,0.9622641801834106,0.009743542992509902
meta,RandomForest,475,53,0.12307344409931635,0.2050593219696621,0.08860188722610474,0.12957152724266052,0.9245283007621765,0.004702592035755515
meta,XGBoost,475,53,0.09822089013635839,0.170134344744123,0.065085269510746,0.09266489744186401,0.9433962106704712,0.003948204917833209
mozilla4,CatBoost,13990,1555,0.06838265655004516,0.12212774599900314,0.009535051882266998,0.01503725815564394,0.9536977410316467,0.02273127797525376
mozilla4,ExtraTrees,13990,1555,0.0683224631351964,0.12228752418821259,0.004595903679728508,0.011445270851254463,0.9549839496612549,0.03135493502486497
mozilla4,LightGBM,13990,1555,0.06617653246682577,0.12349567156968827,0.012680791318416595,0.02030467987060547,0.9569131731987,0.026017836993560195
mozilla4,LinearModel,13990,1555,0.11476030710326078,0.20226563688294835,0.009668393060564995,0.016115060076117516,0.9318327903747559,0.02254490798804909
mozilla4,NeuralNetFastAI,13990,1555,0.11554891414866904,0.20829006938366607,0.014667140319943428,0.0172268133610487,0.9266880750656128,0.03414555999916047
mozilla4,NeuralNetTorch,13990,1555,0.09038385772084559,0.15862242712060015,0.01220991462469101,0.019587021321058273,0.9408360123634338,0.02846982900518924
mozilla4,RandomForest,13990,1555,0.06787700285094826,0.11737771069256857,0.00588610302656889,0.014186148531734943,0.9536977410316467,0.03312365396413952
mozilla4,XGBoost,13990,1555,0.067960087753091,0.12163804951407552,0.009754762053489685,0.02237858809530735,0.9549839496612549,0.022943149087950587
no2,CatBoost,450,50,0.4374344443258859,0.625003753867905,0.07102476060390472,0.13945138454437256,0.6200000047683716,0.004079260979779065
no2,ExtraTrees,450,50,0.43259636407652524,0.6193689757432216,0.08087845146656036,0.18130110204219818,0.6200000047683716,0.006610474083572626
no2,LightGBM,450,50,0.4292304393905075,0.6166346049785861,0.05017803609371185,0.12267014384269714,0.6600000262260437,0.00602080300450325
no2,LinearModel,450,50,0.4788468037071468,0.6713163953503241,0.13180840015411377,0.1655678153038025,0.5199999809265137,0.013835720950737596
no2,NeuralNetFastAI,450,50,0.4325711038669216,0.6210695759551421,0.07439073920249939,0.1560065895318985,0.6200000047683716,0.011251099989749491
no2,NeuralNetTorch,450,50,0.4429092473555247,0.6338079486978198,0.05468246340751648,0.09882307797670364,0.6600000262260437,0.012194901006296277
no2,RandomForest,450,50,0.42690977835406296,0.6122311663034818,0.06577406823635101,0.1953323632478714,0.6000000238418579,0.014898092020303011
no2,XGBoost,450,50,0.42608517097002035,0.6125682574044217,0.04598194360733032,0.11333690583705902,0.6000000238418579,0.005873501067981124
nomao,CatBoost,31018,3447,0.038076856125354226,0.06827050503411948,0.004068297334015369,0.008381227031350136,0.975921094417572,0.05424854997545481
nomao,ExtraTrees,31018,3447,0.05064300315133873,0.09231676807364285,0.006148054730147123,0.009570627473294735,0.9663475751876831,0.08026167401112616
nomao,LightGBM,31018,3447,0.03798032745594368,0.0674763750836327,0.003535824129357934,0.0051546283066272736,0.975921094417572,0.05376765108667314
nomao,LinearModel,31018,3447,0.07320562907849265,0.1252026433254614,0.004587383940815926,0.006548969075083733,0.9503916501998901,0.04619127104524523
nomao,NeuralNetFastAI,31018,3447,0.052731244123655804,0.09265087953975845,0.005254508927464485,0.010070834308862686,0.967798113822937,0.10346909891813993
nomao,NeuralNetTorch,31018,3447,0.05213710090398964,0.09482572790673204,0.005632471293210983,0.01553263608366251,0.9654772281646729,0.04702770395670086
nomao,RandomForest,31018,3447,0.04753711726333757,0.08769815178817415,0.006769586354494095,0.007676849141716957,0.9704090356826782,0.07875646697357297
nomao,XGBoost,31018,3447,0.03813175912394188,0.06753645383756259,0.00458893459290266,0.006685077678412199,0.9756309986114502,0.05376755504403263
numerai28_6,CatBoost,86688,9632,0.49910303908318493,0.6922497630133506,0.007933124899864197,0.0030810439493507147,0.5154692530632019,0.2470085839740932
numerai28_6,ExtraTrees,86688,9632,0.4990275946895074,0.6921727076091406,0.004877910017967224,0.005006428342312574,0.516299843788147,0.16785292699933052
numerai28_6,LightGBM,86688,9632,0.49907503733639547,0.6922194476655336,0.008038803935050964,0.002773336134850979,0.5129776000976562,0.16697765805292875
numerai28_6,LinearModel,86688,9632,0.4990845963372965,0.6922308895101139,0.005710446275770664,0.0012634609593078494,0.5201411843299866,0.21084345201961696
numerai28_6,NeuralNetFastAI,86688,9632,0.4989039977508764,0.6920508288294844,0.006524436175823212,0.002000410109758377,0.519518256187439,0.16549698100425303
numerai28_6,NeuralNetTorch,86688,9632,0.4987856474732399,0.6919316214188086,0.004364430904388428,0.0031816826667636633,0.5228405594825745,0.35959169804118574
numerai28_6,RandomForest,86688,9632,0.4992287182903491,0.6923740619150834,0.006468296051025391,0.0017689461819827557,0.5134966969490051,0.2341655669733882
numerai28_6,XGBoost,86688,9632,0.499142416583469,0.692289297526598,0.007576197385787964,0.004564642906188965,0.5131852030754089,0.18837608594913036
ozone-level-8hr,CatBoost,2280,254,0.08153567124132904,0.14212254596820692,0.02270376868546009,0.03882279619574547,0.9448819160461426,0.010812019929289818
ozone-level-8hr,ExtraTrees,2280,254,0.0737029376485013,0.1271160878903086,0.015107806771993637,0.02749183215200901,0.9448819160461426,0.007052705972455442
ozone-level-8hr,LightGBM,2280,254,0.07871344864084683,0.13139461905184738,0.01626165583729744,0.04438577964901924,0.9448819160461426,0.00721693504601717
ozone-level-8hr,LinearModel,2280,254,0.07678501245267676,0.12302110508752698,0.022955942898988724,0.039727017283439636,0.9370078444480896,0.016074588987976313
ozone-level-8hr,NeuralNetFastAI,2280,254,0.07717091971029685,0.12488696980558711,0.02295563742518425,0.03764752671122551,0.9409449100494385,0.014001364004798234
ozone-level-8hr,NeuralNetTorch,2280,254,0.07116700117664933,0.12450129120730331,0.020864035934209824,0.04011271893978119,0.9448819160461426,0.007111267070285976
ozone-level-8hr,RandomForest,2280,254,0.0751228687783758,0.1290674655479374,0.017101015895605087,0.026692606508731842,0.9488189220428467,0.006182480021379888
ozone-level-8hr,XGBoost,2280,254,0.08148756154956102,0.14309311734567695,0.02297859638929367,0.05315396934747696,0.9488189220428467,0.006836310029029846
parity5_plus_5,CatBoost,1011,113,1.5019250163025818e-19,4.0418669357151116e-11,7.320516588749104e-12,1.0000000116860974e-07,1.0,0.013863859931007028
parity5_plus_5,ExtraTrees,1011,113,0.04695349771238073,0.08482999302143128,0.01723542995750904,0.035954590886831284,0.9646017551422119,0.01237183902412653
parity5_plus_5,LightGBM,1011,113,7.766976450715679e-25,5.862370569302162e-14,5.862331968605958e-14,1.0000000116860974e-07,1.0,0.012437383062206209
parity5_plus_5,LinearModel,1011,113,0.5,0.6931471805599452,0.25221237540245056,0.0044247787445783615,0.4955752193927765,0.009885717066936195
parity5_plus_5,NeuralNetFastAI,1011,113,5.807176460704872e-14,1.2392295135918533e-07,6.19399926904407e-08,1.542322252134909e-07,1.0,0.011561721912585199
parity5_plus_5,NeuralNetTorch,1011,113,1.8433139421858442e-24,1.1104588242009996e-13,7.1260203564402e-18,1.0000000116860974e-07,1.0,0.013430555001832545
parity5_plus_5,RandomForest,1011,113,0.05660061432624973,0.10212304798567098,0.02259371057152748,0.04093537852168083,0.9557521939277649,0.012445087893866003
parity5_plus_5,XGBoost,1011,113,1.5366651161626253e-13,3.4999045589789325e-08,5.960464477539063e-08,1.280455563801297e-07,1.0,0.007095029926858842
pbcseq,CatBoost,1750,195,0.19033561516592093,0.3236590808254018,0.0407441221177578,0.07277942448854446,0.8820512890815735,0.007478278013877571
pbcseq,ExtraTrees,1750,195,0.23526582474414365,0.38264238736489764,0.03051111474633217,0.06343092769384384,0.8410256505012512,0.011324128019623458
pbcseq,LightGBM,1750,195,0.19916629155070006,0.33620372332969517,0.03843957558274269,0.07565665990114212,0.8871794939041138,0.007182195084169507
pbcseq,LinearModel,1750,195,0.3965026184283575,0.5761644854178419,0.047781333327293396,0.10564757138490677,0.6666666865348816,0.017805212060920894
pbcseq,NeuralNetFastAI,1750,195,0.2921944617264365,0.45608822537686394,0.041967637836933136,0.0789317861199379,0.7897436022758484,0.015278984908945858
pbcseq,NeuralNetTorch,1750,195,0.2986300569310112,0.4707694259699829,0.06770400702953339,0.1390591412782669,0.8051282167434692,0.017925153020769358
pbcseq,RandomForest,1750,195,0.24001580244471232,0.3960171543706536,0.05131722241640091,0.09441055357456207,0.8717948794364929,0.01083667401690036
pbcseq,XGBoost,1750,195,0.18861584619420954,0.32642660756936276,0.04349534586071968,0.08073022216558456,0.892307698726654,0.015199508052319288
pc1,CatBoost,998,111,0.08155914382388592,0.16509341593359536,0.0190565325319767,0.032212406396865845,0.954954981803894,0.00506365904584527
pc1,ExtraTrees,998,111,0.08234583084926331,0.1627567811813746,0.015117958188056946,0.03653732314705849,0.954954981803894,0.005033585010096431
pc1,LightGBM,998,111,0.08530243000891886,0.17398273810717713,0.020120304077863693,0.039859868586063385,0.954954981803894,0.006035667029209435
pc1,LinearModel,998,111,0.0947494673858677,0.1878394448667284,0.022245530039072037,0.028529580682516098,0.9459459185600281,0.004816262982785702
pc1,NeuralNetFastAI,998,111,0.09202536353437102,0.1728918997115524,0.03218500316143036,0.05748746171593666,0.954954981803894,0.005785037996247411
pc1,NeuralNetTorch,998,111,0.09275862348514996,0.17084567305210538,0.02290300466120243,0.035524774342775345,0.9459459185600281,0.007359856041148305
pc1,RandomForest,998,111,0.07804137833265397,0.155357211404809,0.01945183053612709,0.027133021503686905,0.954954981803894,0.02002817706670612
pc1,XGBoost,998,111,0.08285336318872343,0.15923447866798676,0.01808343082666397,0.0320320799946785,0.954954981803894,0.005761568900197744
pc2,CatBoost,5030,559,0.006222727831984173,0.014859160800242325,0.004773937631398439,0.00514173274859786,0.9964221715927124,0.013790765078738332
pc2,ExtraTrees,5030,559,0.006639693799471352,0.014733707464570783,0.002929052570834756,0.0006497158319689333,0.9964221715927124,0.014399945037439466
pc2,LightGBM,5030,559,0.006507688045420577,0.014583091115142825,0.0038057507481426,0.0008292059064842761,0.9964221715927124,0.012635680963285267
pc2,LinearModel,5030,559,0.006717192354965245,0.01578471579397032,0.0032772289123386145,0.0006303760455921292,0.9964221715927124,0.029961213003844023
pc2,NeuralNetFastAI,5030,559,0.006613036741265879,0.01634943772971613,0.005555139854550362,0.002732526743784547,0.9964221715927124,0.013182266033254564
pc2,NeuralNetTorch,5030,559,0.006788535786091386,0.01565671183160783,0.003397928085178137,1.738090031722095e-05,0.9964221715927124,0.028263018932193518
pc2,RandomForest,5030,559,0.0067261754482771125,0.015278171258812152,0.003269870299845934,0.0004849005490541458,0.9964221715927124,0.016720275045372546
pc2,XGBoost,5030,559,0.00547619309002162,0.011580958909688842,0.003199139842763543,0.003441104432567954,0.9964221715927124,0.014610896003432572
pc3,CatBoost,1406,157,0.17013471822332832,0.27982015137241356,0.038992028683423996,0.06320720911026001,0.8917197585105896,0.005535069038160145
pc3,ExtraTrees,1406,157,0.16354847459504962,0.2626287065551533,0.03391941636800766,0.049125444144010544,0.8917197585105896,0.009074833011254668
pc3,LightGBM,1406,157,0.1675523511492566,0.28104430464055447,0.026472724974155426,0.06031687185168266,0.8980891704559326,0.0060245710192248225
pc3,LinearModel,1406,157,0.2030975427928026,0.34528503137700317,0.05428637936711311,0.09838304668664932,0.8726114630699158,0.005713113001547754
pc3,NeuralNetFastAI,1406,157,0.1773922387179384,0.2893919832376071,0.03797997534275055,0.06327126920223236,0.8980891704559326,0.005785237066447735
pc3,NeuralNetTorch,1406,157,0.1773658739462888,0.301042526890751,0.039680711925029755,0.0680072233080864,0.8980891704559326,0.009968875907361507
pc3,RandomForest,1406,157,0.16681421803909566,0.2783853588552323,0.027741851285099983,0.06546146422624588,0.8853503465652466,0.007915041060186923
pc3,XGBoost,1406,157,0.1782873278097267,0.2864302368680774,0.03840871900320053,0.0618758462369442,0.8789808750152588,0.005629430990666151
pc4,CatBoost,1312,146,0.1152666730551195,0.182837271945901,0.025846848264336586,0.0629228949546814,0.9109588861465454,0.007128082099370658
pc4,ExtraTrees,1312,146,0.12340473938452354,0.20188758391928288,0.021394528448581696,0.04109170660376549,0.9041095972061157,0.007562686922028661
pc4,LightGBM,1312,146,0.1182030874471057,0.19168332985311043,0.025320734828710556,0.05341474711894989,0.9109588861465454,0.0064960409654304385
pc4,LinearModel,1312,146,0.12041574932280893,0.201968145240193,0.04630156606435776,0.06538692116737366,0.9041095972061157,0.013281060033477843
pc4,NeuralNetFastAI,1312,146,0.11687412537290218,0.19722369536722753,0.029799848794937134,0.041454821825027466,0.9383561611175537,0.0065347859635949135
pc4,NeuralNetTorch,1312,146,0.14317169631579998,0.22213406344570527,0.048956528306007385,0.07187143713235855,0.8835616707801819,0.008279279107227921
pc4,RandomForest,1312,146,0.11988958308230047,0.18336049305581792,0.023857533931732178,0.05106455087661743,0.9109588861465454,0.005996520980261266
pc4,XGBoost,1312,146,0.1234288429470465,0.20324601589445213,0.027560271322727203,0.05829924717545509,0.9109588861465454,0.006487602950073779
philippine,CatBoost,5248,584,0.3177621389539071,0.47682537338033604,0.023324573412537575,0.052290577441453934,0.7654109597206116,0.014915567939169705
philippine,ExtraTrees,5248,584,0.3163604515279155,0.4754335823989997,0.022858034819364548,0.037437740713357925,0.767123281955719,0.017722410964779556
philippine,LightGBM,5248,584,0.30107951936912175,0.4561594888377831,0.0229252390563488,0.03428603336215019,0.7808219194412231,0.012076798942871392
philippine,LinearModel,5248,584,0.3730288038551688,0.5560980964354337,0.023867111653089523,0.05080601945519447,0.7226027250289917,0.016030991915613413
philippine,NeuralNetFastAI,5248,584,0.36826633788029695,0.5439567313412442,0.028392553329467773,0.05574798956513405,0.732876718044281,0.02922656189184636
philippine,NeuralNetTorch,5248,584,0.36236042585140826,0.5403792927365139,0.02507210150361061,0.06266597658395767,0.7294520735740662,0.013699454953894019
philippine,RandomForest,5248,584,0.3214809322447701,0.4856386226868433,0.016588252037763596,0.04228232055902481,0.7619863152503967,0.017539622960612178
philippine,XGBoost,5248,584,0.3004623105383091,0.45770773759027655,0.023874089121818542,0.047825075685977936,0.789383590221405,0.014364897971972823
phoneme,CatBoost,4863,541,0.13458462627680826,0.21878016910123688,0.012841477990150452,0.034325819462537766,0.8964880108833313,0.012013219995424151
phoneme,ExtraTrees,4863,541,0.12303782582854991,0.20189209060758212,0.00967923179268837,0.02385203167796135,0.9094269871711731,0.02001690596807748
phoneme,LightGBM,4863,541,0.13301964036829786,0.21770495624145297,0.013470826670527458,0.025942958891391754,0.905730128288269,0.027970922994427383
phoneme,LinearModel,4863,541,0.3261347421448354,0.4888305931026633,0.027252094820141792,0.06831344962120056,0.7504621148109436,0.017980953096412122
phoneme,NeuralNetFastAI,4863,541,0.15644717105025294,0.2514935041955983,0.016927268356084824,0.03710807114839554,0.8853974342346191,0.025674780015833676
phoneme,NeuralNetTorch,4863,541,0.1409440348279604,0.23756762154594055,0.024574972689151764,0.04059440270066261,0.9001848697662354,0.029741422040387988
phoneme,RandomForest,4863,541,0.131650903701458,0.21797200199203923,0.012945521622896194,0.040800295770168304,0.9075785875320435,0.01930021191947162
phoneme,XGBoost,4863,541,0.13078095208430895,0.2167663631854097,0.018833264708518982,0.04915803298354149,0.9094269871711731,0.012003937037661672
pm10,CatBoost,450,50,0.4333962651622556,0.6254331073199336,0.09251049906015396,0.1452111303806305,0.7400000095367432,0.0038172630593180656
pm10,ExtraTrees,450,50,0.44980759630585154,0.6421210649246789,0.08522255718708038,0.15149453282356262,0.6399999856948853,0.004621544969268143
pm10,LightGBM,450,50,0.4310631080561727,0.6232936749284237,0.094392329454422,0.15300950407981873,0.6800000071525574,0.007180601940490305
pm10,LinearModel,450,50,0.5,0.6931471805599453,0.2499999850988388,0.019999999552965164,0.47999998927116394,0.009955873945727944
pm10,NeuralNetFastAI,450,50,0.5014185431740371,0.6942073911592341,0.06723194569349289,0.0778670385479927,0.5,0.01239090389572084
pm10,NeuralNetTorch,450,50,0.49560680068390495,0.6878947214457053,0.07335738837718964,0.08992821723222733,0.5400000214576721,0.01133334101177752
pm10,RandomForest,450,50,0.42792750132569296,0.6204356905498326,0.0802762508392334,0.16131599247455597,0.7200000286102295,0.013695282046683133
pm10,XGBoost,450,50,0.44793471661157924,0.6406703673899611,0.0912843868136406,0.1770196408033371,0.6600000262260437,0.007754681049846113
pollen,CatBoost,3463,385,0.4997892054699534,0.6929350505573908,0.035286374390125275,0.005872449837625027,0.4961038827896118,0.011033150018192828
pollen,ExtraTrees,3463,385,0.5,0.6931471805599453,0.2493506371974945,0.0012987012742087245,0.501298725605011,0.01997205801308155
pollen,LightGBM,3463,385,0.5010856787644989,0.6942383778030156,0.03470337390899658,0.006922838743776083,0.5376623272895813,0.033868315047584474
pollen,LinearModel,3463,385,0.5,0.6931471805599453,0.2493506371974945,0.0012987012742087245,0.501298725605011,0.02190592500846833
pollen,NeuralNetFastAI,3463,385,0.4996458762449241,0.6927996437953103,0.03786756843328476,0.00771879218518734,0.5194805264472961,0.016233630012720823
pollen,NeuralNetTorch,3463,385,0.4999145747936505,0.6930622594982092,0.01984529197216034,0.0036003082059323788,0.5090909004211426,0.034154320950619876
pollen,RandomForest,3463,385,0.49982807016364944,0.692975238732721,0.031904637813568115,0.0012566196965053678,0.4935064911842346,0.021319083985872567
pollen,XGBoost,3463,385,0.5008253406019041,0.6939727384065482,0.029181748628616333,0.0037138883490115404,0.48831167817115784,0.011785245966166258
puma32H,CatBoost,7372,820,0.13173999849347748,0.21769365557194886,0.013711119070649147,0.05157644674181938,0.9073171019554138,0.016857567010447383
puma32H,ExtraTrees,7372,820,0.14277056833441926,0.22485932558609126,0.012208878993988037,0.024701829999685287,0.8963414430618286,0.017958802985958755
puma32H,LightGBM,7372,820,0.1436512156785647,0.23016805134367832,0.012104839086532593,0.03099844604730606,0.8902438879013062,0.015996866044588387
puma32H,LinearModel,7372,820,0.467893801622594,0.6610404862280274,0.02897980809211731,0.055964864790439606,0.6414633989334106,0.04059292690362781
puma32H,NeuralNetFastAI,7372,820,0.10590115621838574,0.17505990783327918,0.012359850108623505,0.027807136997580528,0.9268292784690857,0.013893202994950116
puma32H,NeuralNetTorch,7372,820,0.10943408788903466,0.1841846112531629,0.01840713620185852,0.02891288697719574,0.9243902564048767,0.019115584902465343
puma32H,RandomForest,7372,820,0.15042159124718538,0.2397271280747402,0.013527676463127136,0.039933908730745316,0.8878048658370972,0.01430177700240165
puma32H,XGBoost,7372,820,0.14313844751851382,0.2368857685282214,0.01814800500869751,0.042666468769311905,0.8963414430618286,0.015904117026366293
puma8NH,CatBoost,7372,820,0.23020944094750387,0.3653827016283607,0.01848839968442917,0.047357719391584396,0.8402438759803772,0.014312959974631667
puma8NH,ExtraTrees,7372,820,0.2261415170261693,0.3576262052181969,0.01839551329612732,0.03863394632935524,0.8439024686813354,0.016780860954895616
puma8NH,LightGBM,7372,820,0.2314487382504474,0.3684636749653232,0.019208084791898727,0.04141279682517052,0.8414633870124817,0.01420092605985701
puma8NH,LinearModel,7372,820,0.2678438271159112,0.4355072185554368,0.031010985374450684,0.037261806428432465,0.8256097435951233,0.028651962988078594
puma8NH,NeuralNetFastAI,7372,820,0.22666706370945325,0.3595411395720201,0.01971163973212242,0.05939021334052086,0.8439024686813354,0.012572053004987538
puma8NH,NeuralNetTorch,7372,820,0.2248986164371893,0.3559892100474313,0.016009457409381866,0.050134237855672836,0.8426828980445862,0.01618537202011794
puma8NH,RandomForest,7372,820,0.22604818098648305,0.3575093467934722,0.01791723072528839,0.034464944154024124,0.8414633870124817,0.013485784991644323
puma8NH,XGBoost,7372,820,0.22972653952741742,0.3676196048288596,0.022373033687472343,0.04015970230102539,0.8414633870124817,0.013945542043074965
qsar-biodeg,CatBoost,949,106,0.17416501531174589,0.28629027603136403,0.021908629685640335,0.05758510157465935,0.8773584961891174,0.004687490058131516
qsar-biodeg,ExtraTrees,949,106,0.18010914107721845,0.29105091837586894,0.031461477279663086,0.08127754926681519,0.8773584961891174,0.008523690979927778
qsar-biodeg,LightGBM,949,106,0.1657116560618954,0.27620701132373804,0.019817018881440163,0.06605096906423569,0.8962264060974121,0.018248207052238286
qsar-biodeg,LinearModel,949,106,0.18063977061644543,0.2883890156289508,0.03433660790324211,0.11368855088949203,0.8679245114326477,0.007019570097327232
qsar-biodeg,NeuralNetFastAI,949,106,0.16761464570822426,0.26773152855394783,0.024052944034337997,0.09984911233186722,0.8584905862808228,0.006978602963499725
qsar-biodeg,NeuralNetTorch,949,106,0.18191750261680414,0.2988342354172192,0.02933267503976822,0.06534729897975922,0.8773584961891174,0.01383288693614304
qsar-biodeg,RandomForest,949,106,0.16846582741660396,0.2744964870444783,0.02407805435359478,0.0832342654466629,0.8773584961891174,0.008312958991155028
qsar-biodeg,XGBoost,949,106,0.1727126097107285,0.2894109593056462,0.021542061120271683,0.08065591752529144,0.8867924809455872,0.005085141980089247
ringnorm,CatBoost,6660,740,0.03362928822885256,0.061315862750715745,0.009628967382013798,0.020343463867902756,0.9810810685157776,0.013910560985095799
ringnorm,ExtraTrees,6660,740,0.035024349726630155,0.06426154884581291,0.010921858251094818,0.016988104209303856,0.9756757020950317,0.03210411802865565
ringnorm,LightGBM,6660,740,0.031046803121516857,0.05968992957683189,0.004752574488520622,0.011864874511957169,0.9824324250221252,0.016820385004393756
ringnorm,LinearModel,6660,740,0.32400241474736874,0.4962969940697521,0.04554254561662674,0.09138305485248566,0.7729730010032654,0.02190608996897936
ringnorm,NeuralNetFastAI,6660,740,0.03377007599042461,0.06195664740910922,0.006119099911302328,0.017869334667921066,0.9783783555030823,0.01630823197774589
ringnorm,NeuralNetTorch,6660,740,0.030513018366981535,0.055375629614655676,0.007744103670120239,0.011276787146925926,0.9797297120094299,0.015291001996956766
ringnorm,RandomForest,6660,740,0.06621665493979563,0.11119160542726458,0.025425171479582787,0.030405830591917038,0.954054057598114,0.022696617990732193
ringnorm,XGBoost,6660,740,0.03603045049686728,0.06598538018364464,0.009124414063990116,0.017019644379615784,0.9783783555030823,0.01267728500533849
rmftsa_ladata,CatBoost,457,51,0.13985642386146893,0.23750484844166037,0.03791169822216034,0.08936838805675507,0.9215686321258545,0.00404393405187875
rmftsa_ladata,ExtraTrees,457,51,0.13298524810532467,0.21369192997988748,0.04241609573364258,0.12855803966522217,0.9215686321258545,0.004417867981828749
rmftsa_ladata,LightGBM,457,51,0.1355636893628365,0.22513876252639428,0.03426142409443855,0.10274546593427658,0.9019607901573181,0.004159511066973209
rmftsa_ladata,LinearModel,457,51,0.10773669887887832,0.18805374524427573,0.04044971242547035,0.09987590461969376,0.9411764740943909,0.005223390995524824
rmftsa_ladata,NeuralNetFastAI,457,51,0.10370367288974391,0.1849318283821136,0.04589163511991501,0.12397843599319458,0.9607843160629272,0.0039025559090077877
rmftsa_ladata,NeuralNetTorch,457,51,0.13319468959467196,0.24377971975984183,0.04063837230205536,0.11367886513471603,0.9215686321258545,0.0071064470103010535
rmftsa_ladata,RandomForest,457,51,0.1476551022350589,0.2338304246845598,0.0266248881816864,0.08082222938537598,0.8823529481887817,0.0057943230494856834
rmftsa_ladata,XGBoost,457,51,0.13309144728918765,0.23499160340786085,0.04524824023246765,0.10583740472793579,0.9215686321258545,0.003934931010007858
spambase,CatBoost,4140,461,0.08027124275052493,0.14564616399813274,0.024537140503525734,0.0346684493124485,0.952277660369873,0.01176890090573579
spambase,ExtraTrees,4140,461,0.08951276829514523,0.1589317291881569,0.024665668606758118,0.03279528766870499,0.9479392766952515,0.017137840972281992
spambase,LightGBM,4140,461,0.08578846106009165,0.1504840994961074,0.02919606678187847,0.042849913239479065,0.9392624497413635,0.00931037892587483
spambase,LinearModel,4140,461,0.10482382073865158,0.18445307509486503,0.02575630322098732,0.035334743559360504,0.9262472987174988,0.04433572804555297
spambase,NeuralNetFastAI,4140,461,0.0916897555421918,0.16785523867713725,0.01392926461994648,0.02276046946644783,0.9370932579040527,0.02215198997873813
spambase,NeuralNetTorch,4140,461,0.08774868252919236,0.1587623804137429,0.021319007501006126,0.02467445656657219,0.9392624497413635,0.011860303930006921
spambase,RandomForest,4140,461,0.09294707543146172,0.1571010830819753,0.0318305529654026,0.03569230064749718,0.9392624497413635,0.01623734994791448
spambase,XGBoost,4140,461,0.0898572605998287,0.15518270192139808,0.031847577542066574,0.044757355004549026,0.9305856823921204,0.0097968690097332
sylvine,CatBoost,4611,513,0.09057901491179926,0.15852961855354572,0.027666570618748665,0.030487140640616417,0.9376218318939209,0.011523586930707097
sylvine,ExtraTrees,4611,513,0.09418293175813044,0.16496589543952297,0.03271260857582092,0.03983718901872635,0.9415204524993896,0.01260137208737433
sylvine,LightGBM,4611,513,0.08955306591076367,0.16027637367754302,0.030237525701522827,0.03205948323011398,0.9415204524993896,0.009424827061593533
sylvine,LinearModel,4611,513,0.1542632715898294,0.2680772183982877,0.01766955479979515,0.03801686689257622,0.892787516117096,0.016122814966365695
sylvine,NeuralNetFastAI,4611,513,0.09877484565688915,0.16890687663858459,0.02379429340362549,0.03256816416978836,0.9376218318939209,0.016305446974001825
sylvine,NeuralNetTorch,4611,513,0.10008496278772389,0.1744016313675311,0.01721266843378544,0.030108021572232246,0.9298245906829834,0.01382751006167382
sylvine,RandomForest,4611,513,0.11180427154967182,0.19340641209786102,0.023690059781074524,0.0316241979598999,0.9278752207756042,0.012553986976854503
sylvine,XGBoost,4611,513,0.09083317235550345,0.16066074669094038,0.024358704686164856,0.030832048505544662,0.9376218318939209,0.009549453970976174
tokyo1,CatBoost,863,96,0.07833375877816616,0.12858124962597475,0.02446550875902176,0.07120043784379959,0.9166666865348816,0.005006431019864976
tokyo1,ExtraTrees,863,96,0.07866108093929335,0.12580642303399217,0.02070757932960987,0.076739601790905,0.9375,0.0068840449675917625
tokyo1,LightGBM,863,96,0.09920000506453415,0.15395204312180702,0.027224261313676834,0.08175426721572876,0.9166666865348816,0.004880273016169667
tokyo1,LinearModel,863,96,0.1277401139181972,0.20102481824208626,0.03767542541027069,0.08808312565088272,0.90625,0.004852248006500304
tokyo1,NeuralNetFastAI,863,96,0.08826479919059545,0.14356714079266017,0.01881956122815609,0.05909976363182068,0.9270833134651184,0.004851827980019152
tokyo1,NeuralNetTorch,863,96,0.06881394306725021,0.11621385140599139,0.019905846565961838,0.056032296270132065,0.9583333134651184,0.007801788044162095
tokyo1,RandomForest,863,96,0.08102396131580951,0.12469802087031667,0.02732168883085251,0.0714295506477356,0.9270833134651184,0.005956766079179943
tokyo1,XGBoost,863,96,0.09582884908212812,0.15028920032187273,0.02766851708292961,0.08373106271028519,0.9166666865348816,0.004215976921841502
twonorm,CatBoost,6660,740,0.03229172831914573,0.05647110423025471,0.0072524938732385635,0.012025163508951664,0.9770269989967346,0.013436672976240516
twonorm,ExtraTrees,6660,740,0.033159708232327334,0.05922686430839884,0.011021433398127556,0.017482921481132507,0.9797297120094299,0.035059590940363705
twonorm,LightGBM,6660,740,0.03356493602492328,0.0578567436159326,0.007780777756124735,0.01664075069129467,0.9797297120094299,0.014095783932134509
twonorm,LinearModel,6660,740,0.029303672585908828,0.05424610734882572,0.008574185892939568,0.014059681445360184,0.9810810685157776,0.016575902001932263
twonorm,NeuralNetFastAI,6660,740,0.030639660318935242,0.054261068265897015,0.009487578645348549,0.012116567231714725,0.9783783555030823,0.016821037977933884
twonorm,NeuralNetTorch,6660,740,0.030711083074254773,0.05518391813711464,0.009928734973073006,0.014102360233664513,0.9797297120094299,0.01662519504316151
twonorm,RandomForest,6660,740,0.03128570159002184,0.058708860455488565,0.007158190943300724,0.01471702940762043,0.9783783555030823,0.026234962977468967
twonorm,XGBoost,6660,740,0.03532809696108415,0.06148739724252692,0.008355382829904556,0.015390544198453426,0.9770269989967346,0.01350720995105803
visualizing_soil,CatBoost,7776,865,4.1981973400585e-08,7.545399975208113e-06,5.62627565159346e-06,7.5348748396208975e-06,1.0,0.020981307025067508
visualizing_soil,ExtraTrees,7776,865,1.5164009997029557e-05,9.76360014772678e-05,9.363889694213867e-05,9.37263248488307e-05,1.0,0.022186169982887805
visualizing_soil,LightGBM,7776,865,8.330566661352115e-06,0.0016292036282136281,0.0008145514293573797,0.0016270984197035432,1.0,0.021140059921890497
visualizing_soil,LinearModel,7776,865,0.00052732741682245,0.0007524024872207286,0.0005520982085727155,0.0005540154525078833,1.0,0.03978040802758187
visualizing_soil,NeuralNetFastAI,7776,865,5.500101961689412e-06,5.916722908979316e-05,5.770799907622859e-05,5.784431050415151e-05,1.0,0.019000109983608127
visualizing_soil,NeuralNetTorch,7776,865,2.9351359504072793e-10,5.978045408342994e-07,6.556510925292969e-07,6.965592547203414e-07,1.0,0.03344011295121163
visualizing_soil,RandomForest,7776,865,0.0001592216760751249,0.000564933743997105,0.0004521766968537122,0.0005174520192667842,1.0,0.021097874967381358
visualizing_soil,XGBoost,7776,865,1.68899379527065e-51,0.0,1.3973525007673314e-27,1.0000000116860974e-07,1.0,0.014532062923535705
wilt,CatBoost,4355,484,0.03138134520302103,0.056086946022784516,0.007970910519361496,0.011697010137140751,0.9814049601554871,0.009467076975852251
wilt,ExtraTrees,4355,484,0.03317559688706128,0.05681254375342111,0.010839112102985382,0.01576370745897293,0.9772727489471436,0.01408755301963538
wilt,LightGBM,4355,484,0.030665443395323764,0.05628317427308843,0.005851272027939558,0.015053379349410534,0.9772727489471436,0.009900664910674095
wilt,LinearModel,4355,484,0.03533421801389988,0.05481817797386936,0.01507512666285038,0.018870338797569275,0.9731404781341553,0.009935009060427547
wilt,NeuralNetFastAI,4355,484,0.02263029671997797,0.037371390203117354,0.00861764419823885,0.009364573284983635,0.9834710955619812,0.021911373012699187
wilt,NeuralNetTorch,4355,484,0.024462399342838406,0.03853854174685778,0.004914458841085434,0.017173970118165016,0.9814049601554871,0.009246914996765554
wilt,RandomForest,4355,484,0.03455338148719625,0.05824019308393629,0.009650631807744503,0.012207766994833946,0.9793388247489929,0.01510607695672661
wilt,XGBoost,4355,484,0.036794238921934945,0.06506536672676151,0.011088603176176548,0.022955946624279022,0.9752066135406494,0.012468409026041627
wind,CatBoost,5916,658,0.1805009002225076,0.29286907826720016,0.01761334389448166,0.03554658591747284,0.8632218837738037,0.013853842974640429
wind,ExtraTrees,5916,658,0.18743274174350724,0.3038808323198232,0.016307055950164795,0.03946186229586601,0.8647416234016418,0.024333753040991724
wind,LightGBM,5916,658,0.17812760535666738,0.28666551523380523,0.017216607928276062,0.03937475010752678,0.8738601803779602,0.012585432035848498
wind,LinearModel,5916,658,0.1983728095460005,0.3177779448165485,0.017056111246347427,0.03728529438376427,0.8556231260299683,0.012169579975306988
wind,NeuralNetFastAI,5916,658,0.17478190397049187,0.28186447715364027,0.019409053027629852,0.03384452313184738,0.8814589381217957,0.013785104034468532
wind,NeuralNetTorch,5916,658,0.1755030764889871,0.28383991940524667,0.01771647483110428,0.033112864941358566,0.8784194588661194,0.013222577050328255
wind,RandomForest,5916,658,0.1904778110776963,0.311904308686332,0.012464694678783417,0.03683996945619583,0.8708206415176392,0.0240555020282045
wind,XGBoost,5916,658,0.18147878178615595,0.2946572492211158,0.01906784623861313,0.03737958148121834,0.8708206415176392,0.013816166087053716
