dataset,model,cal_size,test_size,Hist-quantile_brier,Hist-quantile_logloss,Hist-quantile_kuiper,Hist-quantile_ece-15,Hist-quantile_accuracy,Hist-quantile_time
2dplanes,CatBoost,36691,4077,0.1093794567832506,0.1726739146336592,0.018769780173897743,0.00524368230253458,0.9259259104728699,0.006795375607907772
2dplanes,ExtraTrees,36691,4077,0.10821053711153826,0.1718870575185572,0.00912747997790575,0.011911154724657536,0.9249448180198669,0.0035643083974719048
2dplanes,LightGBM,36691,4077,0.10649753074395402,0.1695224258241456,0.020221460610628128,0.003913386259227991,0.9286239743232727,0.003247719258069992
2dplanes,LinearModel,36691,4077,0.2345434251529797,0.3677316182141108,0.027394630014896393,0.01539123710244894,0.8408143520355225,0.0031552286818623543
2dplanes,NeuralNetFastAI,36691,4077,0.10258786977808726,0.1630654689829171,0.03195160627365112,0.009970463812351227,0.9330390095710754,0.0031060203909873962
2dplanes,NeuralNetTorch,36691,4077,0.10465227937524188,0.16831017598812448,0.025943228974938393,0.006118001416325569,0.9320578575134277,0.003019382245838642
2dplanes,RandomForest,36691,4077,0.10786802857046372,0.17362467158140177,0.019349975511431694,0.006397028919309378,0.9269070625305176,0.0028117643669247627
2dplanes,XGBoost,36691,4077,0.10822861802689995,0.1715867524333334,0.018813971430063248,0.004601881839334965,0.9276428818702698,0.002906760200858116
APSFailure,CatBoost,68400,7600,0.029624899485491723,0.05915224943113274,0.012895121239125729,0.00025682782870717347,0.9819737076759338,0.006669003516435623
APSFailure,ExtraTrees,68400,7600,0.029373069792010327,0.048046722505114124,0.012460602447390556,0.0009587736567482352,0.9819737076759338,0.0037771882489323616
APSFailure,LightGBM,68400,7600,0.029876045052773786,0.04967218460745916,0.01166397426277399,0.00048628466902300715,0.9819737076759338,0.005698452703654766
APSFailure,LinearModel,68400,7600,0.03000130599113717,0.05043039318961746,0.011181287467479706,0.0006843644077889621,0.9819737076759338,0.0052607301622629166
APSFailure,NeuralNetFastAI,68400,7600,0.029816516412382397,0.059691454406227314,0.013626212254166603,0.0002782283700071275,0.9819737076759338,0.0053136032074689865
APSFailure,NeuralNetTorch,68400,7600,0.03010178567651946,0.06071397351566614,0.01338459923863411,0.0011574917007237673,0.9819737076759338,0.0055710626766085625
APSFailure,RandomForest,68400,7600,0.02883780950249607,0.04698251078585976,0.013781797140836716,0.0029239116702228785,0.9819737076759338,0.003489164635539055
APSFailure,XGBoost,68400,7600,0.029198611808625118,0.04744291489196781,0.013441557995975018,0.0015036237891763449,0.9819737076759338,0.005728220567107201
Amazon_employee_access,CatBoost,29492,3277,0.08345063550240181,0.1471575492690565,0.02100575529038906,0.005913663189858198,0.9423252940177917,0.002654748037457466
Amazon_employee_access,ExtraTrees,29492,3277,0.08529218337900488,0.15541252857856241,0.020736362785100937,0.005084052681922913,0.9423252940177917,0.0028100116178393364
Amazon_employee_access,LightGBM,29492,3277,0.08687665856934303,0.15978221226139055,0.02019258216023445,0.003739746520295739,0.9423252940177917,0.0025821207091212273
Amazon_employee_access,LinearModel,29492,3277,0.08853216829820405,0.16202290794059265,0.022247232496738434,0.0028729974292218685,0.9423252940177917,0.002582625485956669
Amazon_employee_access,NeuralNetFastAI,29492,3277,0.08714488638204923,0.15939263206836954,0.019777286797761917,0.003000294789671898,0.9423252940177917,0.0026241252198815346
Amazon_employee_access,NeuralNetTorch,29492,3277,0.08940875887544175,0.16494712048574744,0.022279564291238785,0.010346558876335621,0.9423252940177917,0.0027519967406988144
Amazon_employee_access,RandomForest,29492,3277,0.08300400881237965,0.1500472839020002,0.022488772869110107,0.009114908054471016,0.9423252940177917,0.002591067925095558
Amazon_employee_access,XGBoost,29492,3277,0.08514164220498813,0.15508854638377365,0.019860895350575447,0.0010811889078468084,0.9423252940177917,0.0026952913030982018
Australian,CatBoost,621,69,0.1743055596802156,0.2951784400005343,0.057622842490673065,0.056046538054943085,0.8985507488250732,0.0003987383097410202
Australian,ExtraTrees,621,69,0.17692765386473716,0.3166979533706107,0.058238156139850616,0.08668249845504761,0.9275362491607666,0.00039082951843738556
Australian,LightGBM,621,69,0.1913826142864936,2.74607413320075,0.07059373706579208,0.07267152518033981,0.8550724387168884,0.00040449295192956924
Australian,LinearModel,621,69,0.18523911920582622,0.30582543828132697,0.0591040700674057,0.06003684550523758,0.8695651888847351,0.00039056409150362015
Australian,NeuralNetFastAI,621,69,0.149867387975731,1.4864023230036882,0.060816820710897446,0.06695043295621872,0.9275362491607666,0.0003823172301054001
Australian,NeuralNetTorch,621,69,0.17044621187498268,0.29431818432238277,0.0574018657207489,0.06855186820030212,0.8695651888847351,0.0004195794463157654
Australian,RandomForest,621,69,0.1699411715806657,0.30424067170102004,0.05895797535777092,0.08099162578582764,0.8550724387168884,0.00037987250834703445
Australian,XGBoost,621,69,0.16068144086177674,1.4843122100116986,0.048804786056280136,0.04592612013220787,0.8985507488250732,0.00042757485061883926
Bioresponse,CatBoost,3375,376,0.2810448704203873,0.4411118508530936,0.03219648450613022,0.03501279652118683,0.8058510422706604,0.0006487611681222916
Bioresponse,ExtraTrees,3375,376,0.28897493669893576,0.4452666515280251,0.034227002412080765,0.05947024002671242,0.8031914830207825,0.0006189579144120216
Bioresponse,LightGBM,3375,376,0.2797453502985881,0.4345660610684916,0.03866312652826309,0.046005621552467346,0.8058510422706604,0.0006217146292328835
Bioresponse,LinearModel,3375,376,0.3664675521836377,0.5503831932652589,0.03649018704891205,0.060188744217157364,0.7367021441459656,0.0006291056051850319
Bioresponse,NeuralNetFastAI,3375,376,0.28959025213826006,0.44510835862904663,0.036156535148620605,0.04368750378489494,0.7792553305625916,0.0006504757329821587
Bioresponse,NeuralNetTorch,3375,376,0.2927265637722309,0.454832054189807,0.028537213802337646,0.04500783234834671,0.7872340679168701,0.0006435858085751534
Bioresponse,RandomForest,3375,376,0.285708691827565,0.44448562718556583,0.03610692545771599,0.06890737265348434,0.8164893388748169,0.0006201965734362602
Bioresponse,XGBoost,3375,376,0.2780590395368247,0.43686010122631264,0.033640556037425995,0.030291635543107986,0.8031914830207825,0.0006072698161005974
Click_prediction_small,CatBoost,35953,3995,0.2574853874103084,0.4169063465049885,0.008514132350683212,0.009612634778022766,0.8315394520759583,0.0031290678307414055
Click_prediction_small,ExtraTrees,35953,3995,0.26311269356691064,0.42462752174970264,0.01177942007780075,0.007409117184579372,0.8315394520759583,0.003282143734395504
Click_prediction_small,LightGBM,35953,3995,0.26206324161778716,0.42363867550352347,0.010481913574039936,0.00554543174803257,0.8315394520759583,0.0032963287085294724
Click_prediction_small,LinearModel,35953,3995,0.2631875278331472,0.42591136859128415,0.011853446252644062,0.016151925548911095,0.8315394520759583,0.003360535018146038
Click_prediction_small,NeuralNetFastAI,35953,3995,0.26234416312661535,0.42482923999659167,0.006657101213932037,0.00825404655188322,0.8315394520759583,0.0032558608800172806
Click_prediction_small,NeuralNetTorch,35953,3995,0.26163229415934885,0.42095684234019454,0.011400450021028519,0.005409256089478731,0.8315394520759583,0.0032392675057053566
Click_prediction_small,RandomForest,35953,3995,0.261175174087455,0.4209214681091753,0.013971144333481789,0.004499902483075857,0.8315394520759583,0.0032211029902100563
Click_prediction_small,XGBoost,35953,3995,0.26038995262967757,0.4202785782704432,0.010931257158517838,0.008801951073110104,0.8315394520759583,0.0030267173424363136
GAMETES_Epistasis_2-Way_1000atts_0_4H_EDM-1_EDM-1_1,CatBoost,1440,160,0.4002240143620088,0.59026656786053,0.07532091438770294,0.11526069790124893,0.7437499761581421,0.0005068574100732803
GAMETES_Epistasis_2-Way_1000atts_0_4H_EDM-1_EDM-1_1,ExtraTrees,1440,160,0.49812282986111117,0.691283855083622,0.06957465410232544,0.01519097201526165,0.53125,0.0004788404330611229
GAMETES_Epistasis_2-Way_1000atts_0_4H_EDM-1_EDM-1_1,LightGBM,1440,160,0.5194179205246914,0.7127100848563117,0.08424477279186249,0.13732638955116272,0.4124999940395355,0.0004526078701019287
GAMETES_Epistasis_2-Way_1000atts_0_4H_EDM-1_EDM-1_1,LinearModel,1440,160,0.5020083235070814,0.6951686303950828,0.053255170583724976,0.0390649251639843,0.5249999761581421,0.00047714635729789734
GAMETES_Epistasis_2-Way_1000atts_0_4H_EDM-1_EDM-1_1,NeuralNetFastAI,1440,160,0.5012514467592593,0.6944137099660959,0.07799479365348816,0.0481770820915699,0.4937500059604645,0.0004635835066437721
GAMETES_Epistasis_2-Way_1000atts_0_4H_EDM-1_EDM-1_1,NeuralNetTorch,1440,160,0.5019332320601851,0.6950941727614024,0.06085068732500076,0.02287326380610466,0.5,0.00045281369239091873
GAMETES_Epistasis_2-Way_1000atts_0_4H_EDM-1_EDM-1_1,RandomForest,1440,160,0.5093707802854939,0.7025408018187678,0.06059028208255768,0.07304687798023224,0.4437499940395355,0.00046306662261486053
GAMETES_Epistasis_2-Way_1000atts_0_4H_EDM-1_EDM-1_1,XGBoost,1440,160,0.503097229985076,0.6962848717280515,0.05685102939605713,0.047505561262369156,0.5,0.0004729432985186577
GAMETES_Epistasis_2-Way_20atts_0_1H_EDM-1_1,CatBoost,1440,160,0.4168089313271605,0.6079503859186314,0.07200519740581512,0.05442708358168602,0.699999988079071,0.0004632333293557167
GAMETES_Epistasis_2-Way_20atts_0_1H_EDM-1_1,ExtraTrees,1440,160,0.46328125,0.6558277902421719,0.06510414928197861,0.04939236119389534,0.612500011920929,0.0004916414618492126
GAMETES_Epistasis_2-Way_20atts_0_1H_EDM-1_1,LightGBM,1440,160,0.4476086275077161,0.6407990598511952,0.06024305149912834,0.09153645485639572,0.6812499761581421,0.00044959038496017456
GAMETES_Epistasis_2-Way_20atts_0_1H_EDM-1_1,LinearModel,1440,160,0.500754726080247,0.6939182288763088,0.06571179628372192,0.01310763880610466,0.518750011920929,0.00046297255903482437
GAMETES_Epistasis_2-Way_20atts_0_1H_EDM-1_1,NeuralNetFastAI,1440,160,0.4190725067515432,0.6107205996391057,0.046831607818603516,0.06566840410232544,0.699999988079071,0.00045590847730636597
GAMETES_Epistasis_2-Way_20atts_0_1H_EDM-1_1,NeuralNetTorch,1440,160,0.40661590952932103,0.5950553679431565,0.07048610597848892,0.08667534589767456,0.699999988079071,0.0004662247374653816
GAMETES_Epistasis_2-Way_20atts_0_1H_EDM-1_1,RandomForest,1440,160,0.47837396315586417,0.6710627054681007,0.0926649272441864,0.04379340261220932,0.6000000238418579,0.0004553813487291336
GAMETES_Epistasis_2-Way_20atts_0_1H_EDM-1_1,XGBoost,1440,160,0.44205608603395063,0.6324500559017852,0.0425347164273262,0.04262152686715126,0.6625000238418579,0.0004558134824037552
GAMETES_Epistasis_2-Way_20atts_0_4H_EDM-1_1,CatBoost,1440,160,0.30558388792438274,0.4633510146709511,0.038932301104068756,0.07434895634651184,0.75,0.0004802783951163292
GAMETES_Epistasis_2-Way_20atts_0_4H_EDM-1_1,ExtraTrees,1440,160,0.3961015866126544,0.5813411627029561,0.03784722089767456,0.0583767369389534,0.6875,0.00048703979700803757
GAMETES_Epistasis_2-Way_20atts_0_4H_EDM-1_1,LightGBM,1440,160,0.3043842833719136,0.4664133401632755,0.05169270187616348,0.0740017369389534,0.7749999761581421,0.0004616398364305496
GAMETES_Epistasis_2-Way_20atts_0_4H_EDM-1_1,LinearModel,1440,160,0.5198893229166666,0.7139324428707312,0.06341145932674408,0.07447917014360428,0.5062500238418579,0.000477486290037632
GAMETES_Epistasis_2-Way_20atts_0_4H_EDM-1_1,NeuralNetFastAI,1440,160,0.2912091290509259,0.4429402863520938,0.0822482705116272,0.056640625,0.793749988079071,0.00047373585402965546
GAMETES_Epistasis_2-Way_20atts_0_4H_EDM-1_1,NeuralNetTorch,1440,160,0.3046875,0.4696511988665805,0.03515625,0.04453124850988388,0.793749988079071,0.0004929788410663605
GAMETES_Epistasis_2-Way_20atts_0_4H_EDM-1_1,RandomForest,1440,160,0.3986370322145062,0.5851368932323093,0.036414943635463715,0.06106770783662796,0.6937500238418579,0.00046221353113651276
GAMETES_Epistasis_2-Way_20atts_0_4H_EDM-1_1,XGBoost,1440,160,0.340942684220679,0.5193012647656579,0.030078131705522537,0.08042534440755844,0.731249988079071,0.00047438405454158783
GAMETES_Epistasis_3-Way_20atts_0_2H_EDM-1_1,CatBoost,1440,160,0.3922309027777777,0.5677908679189759,0.04652779549360275,0.08220486342906952,0.643750011920929,0.0005021700635552406
GAMETES_Epistasis_3-Way_20atts_0_2H_EDM-1_1,ExtraTrees,1440,160,0.4891579518483534,0.6822411459787294,0.050069600343704224,0.031980689615011215,0.5625,0.0004690391942858696
GAMETES_Epistasis_3-Way_20atts_0_2H_EDM-1_1,LightGBM,1440,160,0.4925220630787037,0.6857158118973095,0.05798611044883728,0.0479600690305233,0.574999988079071,0.00047282036393880844
GAMETES_Epistasis_3-Way_20atts_0_2H_EDM-1_1,LinearModel,1440,160,0.5012779706790123,0.6944330533095728,0.050043411552906036,0.02361111156642437,0.512499988079071,0.00046392902731895447
GAMETES_Epistasis_3-Way_20atts_0_2H_EDM-1_1,NeuralNetFastAI,1440,160,0.40215326003086427,0.5736042101888303,0.04930555075407028,0.09262152761220932,0.637499988079071,0.0004806453362107277
GAMETES_Epistasis_3-Way_20atts_0_2H_EDM-1_1,NeuralNetTorch,1440,160,0.43721908757716044,0.6245954254914982,0.04531249403953552,0.07560764253139496,0.6312500238418579,0.0004903236404061317
GAMETES_Epistasis_3-Way_20atts_0_2H_EDM-1_1,RandomForest,1440,160,0.4989951051311728,0.6924345352789036,0.05499134957790375,0.08754340559244156,0.5687500238418579,0.0004650549963116646
GAMETES_Epistasis_3-Way_20atts_0_2H_EDM-1_1,XGBoost,1440,160,0.49896375868055554,0.6923848900704208,0.08606772124767303,0.07382812350988388,0.543749988079071,0.00047839246690273285
GAMETES_Heterogeneity_20atts_1600_Het_0_4_0_2_50_EDM-2_001,CatBoost,1440,160,0.42055905189043213,0.5946606245299344,0.06540798395872116,0.08884548395872116,0.6499999761581421,0.0004964973777532578
GAMETES_Heterogeneity_20atts_1600_Het_0_4_0_2_50_EDM-2_001,ExtraTrees,1440,160,0.5039689429012346,0.7014121380847232,0.0772569328546524,0.10121528059244156,0.59375,0.0004897378385066986
GAMETES_Heterogeneity_20atts_1600_Het_0_4_0_2_50_EDM-2_001,LightGBM,1440,160,0.4614975163966049,0.6543408917536057,0.07686631381511688,0.07591145485639572,0.6312500238418579,0.0004930272698402405
GAMETES_Heterogeneity_20atts_1600_Het_0_4_0_2_50_EDM-2_001,LinearModel,1440,160,0.5096275800540123,0.7028216978803214,0.07326389849185944,0.09058159589767456,0.4312500059604645,0.0004786606878042221
GAMETES_Heterogeneity_20atts_1600_Het_0_4_0_2_50_EDM-2_001,NeuralNetFastAI,1440,160,0.4522069106867284,0.6327914864642855,0.08684895932674408,0.12313368171453476,0.606249988079071,0.00046591367572546005
GAMETES_Heterogeneity_20atts_1600_Het_0_4_0_2_50_EDM-2_001,NeuralNetTorch,1440,160,0.4454131703317901,0.6287950993322611,0.06601561605930328,0.10473090410232544,0.6499999761581421,0.00047171488404273987
GAMETES_Heterogeneity_20atts_1600_Het_0_4_0_2_50_EDM-2_001,RandomForest,1440,160,0.48447386188271613,0.6784775836022627,0.059071172028779984,0.11562500149011612,0.612500011920929,0.00045987870544195175
GAMETES_Heterogeneity_20atts_1600_Het_0_4_0_2_50_EDM-2_001,XGBoost,1440,160,0.4639250578703704,0.6591929653985524,0.06657984107732773,0.09522569179534912,0.6499999761581421,0.00048360228538513184
GAMETES_Heterogeneity_20atts_1600_Het_0_4_0_2_75_EDM-2_001,CatBoost,1440,160,0.3778338396990741,0.5528464781701283,0.04787326976656914,0.0944010391831398,0.6812499761581421,0.0004720548167824745
GAMETES_Heterogeneity_20atts_1600_Het_0_4_0_2_75_EDM-2_001,ExtraTrees,1440,160,0.41504810474537035,0.6027946915535172,0.04479168727993965,0.07738715410232544,0.668749988079071,0.0004856325685977936
GAMETES_Heterogeneity_20atts_1600_Het_0_4_0_2_75_EDM-2_001,LightGBM,1440,160,0.38324170524691353,0.5675046275918791,0.059244826436042786,0.04010416567325592,0.7124999761581421,0.00048660673201084137
GAMETES_Heterogeneity_20atts_1600_Het_0_4_0_2_75_EDM-2_001,LinearModel,1440,160,0.49361436631944444,0.6867558564182039,0.04921874403953552,0.009678819216787815,0.543749988079071,0.0004762159660458565
GAMETES_Heterogeneity_20atts_1600_Het_0_4_0_2_75_EDM-2_001,NeuralNetFastAI,1440,160,0.38301022376543203,0.5659471523458949,0.0557725727558136,0.06440972536802292,0.706250011920929,0.0004659416154026985
GAMETES_Heterogeneity_20atts_1600_Het_0_4_0_2_75_EDM-2_001,NeuralNetTorch,1440,160,0.35677505304783946,0.5350109581786684,0.06710068881511688,0.09414062649011612,0.7250000238418579,0.00047279614955186844
GAMETES_Heterogeneity_20atts_1600_Het_0_4_0_2_75_EDM-2_001,RandomForest,1440,160,0.4059094087577161,0.5932771525822343,0.051866333931684494,0.07105034589767456,0.6937500238418579,0.0004639429971575737
GAMETES_Heterogeneity_20atts_1600_Het_0_4_0_2_75_EDM-2_001,XGBoost,1440,160,0.3964626736111111,0.5789733113052294,0.03229166567325592,0.05225694552063942,0.699999988079071,0.00047478172928094864
Internet-Advertisements,CatBoost,2951,328,0.07691098080148193,0.1287800003729759,0.03610998019576073,0.017077399417757988,0.9390243887901306,0.0006070882081985474
Internet-Advertisements,ExtraTrees,2951,328,0.06374427434062518,0.11219632393232712,0.025744076818227768,0.006361180450767279,0.9542682766914368,0.0005382895469665527
Internet-Advertisements,LightGBM,2951,328,0.08400664655313099,0.13395737119134987,0.039892520755529404,0.017908906564116478,0.9329268336296082,0.0006230240687727928
Internet-Advertisements,LinearModel,2951,328,0.09619818433724574,0.17275694539901462,0.03854421153664589,0.010878198780119419,0.9329268336296082,0.0006031626835465431
Internet-Advertisements,NeuralNetFastAI,2951,328,0.08666040508459982,0.15170116569147868,0.0368071012198925,0.00739625096321106,0.9390243887901306,0.0005920957773923874
Internet-Advertisements,NeuralNetTorch,2951,328,0.08493970754128684,0.1454887241197189,0.03997519984841347,0.01432405412197113,0.9359756112098694,0.0006339186802506447
Internet-Advertisements,RandomForest,2951,328,0.07038166389582397,0.1233452384666647,0.028732936829328537,0.008291908539831638,0.9481707215309143,0.0005389433354139328
Internet-Advertisements,XGBoost,2951,328,0.08133188099084401,0.13451371084979385,0.03579387813806534,0.015621636062860489,0.9390243887901306,0.0006254296749830246
OVA_Colon,CatBoost,1390,155,0.08658805144327332,0.7268084975764526,0.028127161785960197,0.03170106187462807,0.9548386931419373,0.00046091899275779724
OVA_Colon,ExtraTrees,1390,155,0.0686700581516685,0.1534517926530601,0.031422603875398636,0.03430028259754181,0.9677419066429138,0.0004461510106921196
OVA_Colon,LightGBM,1390,155,0.0799991985988837,0.1851575417846056,0.03179393708705902,0.03857040777802467,0.9612902998924255,0.0004558674991130829
OVA_Colon,LinearModel,1390,155,0.09830096560649995,0.18794878037925322,0.020348088815808296,0.011955414898693562,0.9419354796409607,0.0004346417263150215
OVA_Colon,NeuralNetFastAI,1390,155,0.07343772695930051,0.16880861880252523,0.03202599287033081,0.03323274478316307,0.9677419066429138,0.0004540029913187027
OVA_Colon,NeuralNetTorch,1390,155,0.09142250367726243,0.19018529131940656,0.023532141000032425,0.031190508976578712,0.948387086391449,0.0004861336201429367
OVA_Colon,RandomForest,1390,155,0.08627149800234075,1.2279698820464549,0.019633349031209946,0.019076310098171234,0.948387086391449,0.00047496985644102097
OVA_Colon,XGBoost,1390,155,0.08131022921150076,1.7694214760354268,0.01659083366394043,0.019468441605567932,0.9548386931419373,0.0005105175077915192
OVA_Endometrium,CatBoost,1390,155,0.06639608248420989,0.10992725761535364,0.02506382204592228,0.01726612262427807,0.9612902998924255,0.000494612380862236
OVA_Endometrium,ExtraTrees,1390,155,0.06200574003549539,0.6425417484414783,0.022975169122219086,0.008169003762304783,0.9612902998924255,0.000492975115776062
OVA_Endometrium,LightGBM,1390,155,0.06870879253895561,0.11292235060111343,0.030540738254785538,0.023624900728464127,0.9612902998924255,0.00048427190631628036
OVA_Endometrium,LinearModel,1390,155,0.046950084397555054,0.07412572948732146,0.02334647998213768,0.010768081061542034,0.9612902998924255,0.00046822428703308105
OVA_Endometrium,NeuralNetFastAI,1390,155,0.05744643551809748,0.0929073250015896,0.023671384900808334,0.008586610667407513,0.9612902998924255,0.0004698988050222397
OVA_Endometrium,NeuralNetTorch,1390,155,0.06251396191007277,0.10986521292165777,0.025388719514012337,0.012299777008593082,0.9612902998924255,0.0004768380895256996
OVA_Endometrium,RandomForest,1390,155,0.06750602303026458,0.6555434310590323,0.026549082249403,0.013367319479584694,0.9612902998924255,0.00048127584159374237
OVA_Endometrium,XGBoost,1390,155,0.06948525078699587,0.11402831050611412,0.02989092469215393,0.02383223921060562,0.9612902998924255,0.0004809210076928139
OVA_Kidney,CatBoost,1390,155,0.04947182657679843,0.09056763941503598,0.01986539736390114,0.01550250593572855,0.9677419066429138,0.0004990985617041588
OVA_Kidney,ExtraTrees,1390,155,0.06716694529722801,0.11269125007170017,0.02882339432835579,0.017624787986278534,0.948387086391449,0.0004655569791793823
OVA_Kidney,LightGBM,1390,155,0.06318780668201572,0.10390726789446614,0.02798793464899063,0.023857107385993004,0.948387086391449,0.0004768325015902519
OVA_Kidney,LinearModel,1390,155,0.07937660865848131,0.12485955987949754,0.02613135054707527,0.025594636797904968,0.9354838728904724,0.0004670117050409317
OVA_Kidney,NeuralNetFastAI,1390,155,0.08491178744171059,0.1267318904888206,0.027709444984793663,0.014249313622713089,0.9419354796409607,0.0004657907411456108
OVA_Kidney,NeuralNetTorch,1390,155,0.14063120355421396,0.20542913513465827,0.053144581615924835,0.052819740027189255,0.8774193525314331,0.00046082399785518646
OVA_Kidney,RandomForest,1390,155,0.06705590273661785,0.11422537114194223,0.02585286647081375,0.018565846607089043,0.948387086391449,0.0005033630877733231
OVA_Kidney,XGBoost,1390,155,0.05831094944873353,0.09783362377885971,0.027291717007756233,0.01520309317857027,0.9548386931419373,0.0004737982526421547
OVA_Lung,CatBoost,1390,155,0.05236955944643218,0.6305319503099659,0.02255748212337494,0.005337713286280632,0.9677419066429138,0.0004912642762064934
OVA_Lung,ExtraTrees,1390,155,0.04486243448963271,0.0891097074778226,0.020608030259609222,0.007612006738781929,0.9741935729980469,0.0004883650690317154
OVA_Lung,LightGBM,1390,155,0.07295955762658382,0.12331247641160165,0.023903457447886467,0.014202859252691269,0.948387086391449,0.0004611872136592865
OVA_Lung,LinearModel,1390,155,0.05878557963885921,0.10833277738175917,0.019122766330838203,0.005078296177089214,0.9612902998924255,0.00047654472291469574
OVA_Lung,NeuralNetFastAI,1390,155,0.04489782970560196,0.6165206421701944,0.020608030259609222,0.009422066621482372,0.9741935729980469,0.0004633776843547821
OVA_Lung,NeuralNetTorch,1390,155,0.05184931655511052,0.09903066618797562,0.023300092667341232,0.0038988550659269094,0.9677419066429138,0.00047512631863355637
OVA_Lung,RandomForest,1390,155,0.0593056861078786,0.6404704036964043,0.018565792590379715,0.005337692331522703,0.9612902998924255,0.0004730289801955223
OVA_Lung,XGBoost,1390,155,0.04578271010483328,0.6203554644268084,0.022278953343629837,0.008540196344256401,0.9741935729980469,0.0004627620801329613
OVA_Ovary,CatBoost,1390,155,0.10577359416713553,0.16375446277917222,0.03508934751152992,0.036249734461307526,0.9225806593894958,0.0004787696525454521
OVA_Ovary,ExtraTrees,1390,155,0.13139839486034752,0.19366826548247368,0.04362960904836655,0.06372711807489395,0.896774172782898,0.0004984661936759949
OVA_Ovary,LightGBM,1390,155,0.10819582904110688,0.16783397649658646,0.032629381865262985,0.03852405026555061,0.9225806593894958,0.00045978277921676636
OVA_Ovary,LinearModel,1390,155,0.11044910184639477,0.1713939542189026,0.0329078733921051,0.025806475430727005,0.9225806593894958,0.0004817573353648186
OVA_Ovary,NeuralNetFastAI,1390,155,0.1193232835407237,0.18145587298828525,0.02622416615486145,0.029705293476581573,0.9096774458885193,0.0004903068765997887
OVA_Ovary,NeuralNetTorch,1390,155,0.11183352227477707,0.17053918369145418,0.04274773597717285,0.027987951412796974,0.9225806593894958,0.0004664408043026924
OVA_Ovary,RandomForest,1390,155,0.10814507363707548,0.15859267581546865,0.0337897390127182,0.058110956102609634,0.9096774458885193,0.0004732329398393631
OVA_Ovary,XGBoost,1390,155,0.11622853956333655,0.18671212606578835,0.038152702152729034,0.04056623578071594,0.9161290526390076,0.0004789866507053375
OVA_Prostate,CatBoost,1390,155,0.03798574507764408,0.05170355407553053,0.022139709442853928,0.013506706804037094,0.9548386931419373,0.0004518842324614525
OVA_Prostate,ExtraTrees,1390,155,0.04585149703398108,0.06431226892391019,0.025342309847474098,0.0065445187501609325,0.9548386931419373,0.0004909215494990349
OVA_Prostate,LightGBM,1390,155,0.030284280350145507,0.04027126030887876,0.025017408654093742,0.02213980257511139,0.9548386931419373,0.00046062562614679337
OVA_Prostate,LinearModel,1390,155,0.05595582944180742,0.07837890619771798,0.03165467828512192,0.0066373590379953384,0.9548386931419373,0.00048335641622543335
OVA_Prostate,NeuralNetFastAI,1390,155,0.10473177271596508,0.1507834333865125,0.07700163125991821,0.061313606798648834,0.9548386931419373,0.0004726750776171684
OVA_Prostate,NeuralNetTorch,1390,155,0.040552899986810276,0.055514318664414454,0.022139709442853928,0.010629008524119854,0.9548386931419373,0.00046271923929452896
OVA_Prostate,RandomForest,1390,155,0.06821192384685892,0.0975338445507198,0.04246924817562103,0.020654520019888878,0.9548386931419373,0.0004406636580824852
OVA_Prostate,XGBoost,1390,155,0.056050391296048864,0.07352841111869686,0.03439205884933472,0.026699844747781754,0.9548386931419373,0.0004606470465660095
PhishingWebsites,CatBoost,9949,1106,0.06856796937030081,0.1099567878991808,0.006845775060355663,0.005139518529176712,0.9448462724685669,0.0013096816837787628
PhishingWebsites,ExtraTrees,9949,1106,0.06689851641394164,0.10947160379794209,0.009982133284211159,0.00883340835571289,0.943942129611969,0.0012011220678687096
PhishingWebsites,LightGBM,9949,1106,0.06890323549100971,0.11393460643291131,0.00618734210729599,0.0063573624938726425,0.9457504749298096,0.0011967029422521591
PhishingWebsites,LinearModel,9949,1106,0.0982840843710935,0.15906415707576663,0.00889422744512558,0.014233423396945,0.9303797483444214,0.00123685784637928
PhishingWebsites,NeuralNetFastAI,9949,1106,0.06663777648264403,0.10000750496705758,0.009430608712136745,0.0064514209516346455,0.9403254985809326,0.0012038592249155045
PhishingWebsites,NeuralNetTorch,9949,1106,0.06734813743449317,0.10147765008763833,0.005810633301734924,0.0026866509579122066,0.9421338438987732,0.0011829240247607231
PhishingWebsites,RandomForest,9949,1106,0.0720844136587484,0.11957833290082355,0.009234296157956123,0.010909894481301308,0.9394213557243347,0.0012224400416016579
PhishingWebsites,XGBoost,9949,1106,0.06948417315440913,0.11080449545561205,0.006379811093211174,0.004010088741779327,0.9448462724685669,0.0011785691604018211
Run_or_walk_information,CatBoost,79729,8859,0.012500180084663772,0.0293452099646439,0.0019514933228492737,0.0017895626369863749,0.9935658574104309,0.006805163808166981
Run_or_walk_information,ExtraTrees,79729,8859,0.013546507634705421,0.03068937124286505,0.002064070664346218,0.002474500797688961,0.9930014610290527,0.00487696286290884
Run_or_walk_information,LightGBM,79729,8859,0.01082032507115401,0.026048646606535497,0.00211049010977149,0.0025726414751261473,0.9944689273834229,0.006026138551533222
Run_or_walk_information,LinearModel,79729,8859,0.2379255452881627,0.35997174566223433,0.023333191871643066,0.008059718646109104,0.8211987614631653,0.0061265286058187485
Run_or_walk_information,NeuralNetFastAI,79729,8859,0.01630599750795342,0.03636318714674013,0.0028590112924575806,0.0025274078361690044,0.9915340542793274,0.0056186579167842865
Run_or_walk_information,NeuralNetTorch,79729,8859,0.013562270310178074,0.0325411330227176,0.003449925221502781,0.004917650483548641,0.9931143522262573,0.005452688783407211
Run_or_walk_information,RandomForest,79729,8859,0.015016767954781993,0.03322938797539301,0.002896491438150406,0.0025747232139110565,0.9922112822532654,0.004691057838499546
Run_or_walk_information,XGBoost,79729,8859,0.012739739693292295,0.02954324745374313,0.002270840108394623,0.002577844774350524,0.9934529662132263,0.0058692442253232
Satellite,CatBoost,4590,510,0.022031542716146175,0.03494366537747017,0.009304113686084747,0.0072152516804635525,0.9862744808197021,0.0007756194099783897
Satellite,ExtraTrees,4590,510,0.022501950025552057,0.03564132752244402,0.01023971289396286,0.00297758006490767,0.9862744808197021,0.0006268927827477455
Satellite,LightGBM,4590,510,0.02247767766359158,0.035694869371784205,0.008945278823375702,0.003823403036221862,0.9862744808197021,0.0007283613085746765
Satellite,LinearModel,4590,510,0.0238493639347509,0.04132480333215214,0.009701400995254517,0.001713083009235561,0.9862744808197021,0.0007290476933121681
Satellite,NeuralNetFastAI,4590,510,0.023534791145539146,0.03941409575950706,0.009949170053005219,0.0005084418808110058,0.9862744808197021,0.0007336698472499847
Satellite,NeuralNetTorch,4590,510,0.02172731918556174,0.032811751344646735,0.0105301383882761,0.0055919610895216465,0.9862744808197021,0.000749305821955204
Satellite,RandomForest,4590,510,0.02344785748259461,0.039317032030786986,0.008609466254711151,0.00026204768801108,0.9862744808197021,0.0005359482020139694
Satellite,XGBoost,4590,510,0.02158917827440435,0.03274104388625204,0.009576577693223953,0.0047071934677660465,0.9862744808197021,0.0007236367091536522
SpeedDating,CatBoost,7540,838,0.18333995751044743,0.29915779167085604,0.027343425899744034,0.03167513757944107,0.8830549120903015,0.0009827977046370506
SpeedDating,ExtraTrees,7540,838,0.20047635303106523,0.31976795706211486,0.029593953862786293,0.02124231681227684,0.8651551604270935,0.0009621018543839455
SpeedDating,LightGBM,7540,838,0.17989241042260662,0.2951372659681418,0.027875207364559174,0.03288111835718155,0.8866348266601562,0.0009642569348216057
SpeedDating,LinearModel,7540,838,0.1926676673151022,0.31636009922590996,0.028270859271287918,0.03404436632990837,0.8782815933227539,0.0010029468685388565
SpeedDating,NeuralNetFastAI,7540,838,0.19547229783907863,0.3165295468336786,0.030901219695806503,0.02474471926689148,0.8723150491714478,0.0009701065719127655
SpeedDating,NeuralNetTorch,7540,838,0.19020436844400204,0.30951897757059205,0.030269749462604523,0.025874730199575424,0.8711217045783997,0.0009835036471486092
SpeedDating,RandomForest,7540,838,0.19431160313857201,0.3164016638362491,0.02981077879667282,0.027189912274479866,0.8711217045783997,0.0010016178712248802
SpeedDating,XGBoost,7540,838,0.18081951954937706,0.2961092089480686,0.02823604643344879,0.02476371079683304,0.8830549120903015,0.000981820747256279
Titanic,CatBoost,1980,221,0.2727762072646048,0.4331414306678358,0.05778288096189499,0.058912210166454315,0.8325791954994202,0.0005335826426744461
Titanic,ExtraTrees,1980,221,0.2661296912633811,0.4292460242190953,0.08169933408498764,0.07918552309274673,0.8280543088912964,0.0004978030920028687
Titanic,LightGBM,1980,221,0.27785222573132884,0.4406218569574592,0.0718633309006691,0.07703547179698944,0.8325791954994202,0.0005065863952040672
Titanic,LinearModel,1980,221,0.26409763941617703,0.42978636728343367,0.0651308223605156,0.06441877037286758,0.8280543088912964,0.0005065444856882095
Titanic,NeuralNetFastAI,1980,221,0.2731494290393357,0.4341652428685207,0.06289447098970413,0.058939117938280106,0.8325791954994202,0.0004971474409103394
Titanic,NeuralNetTorch,1980,221,0.2542341418789993,0.4098545517222765,0.07206468284130096,0.04654073715209961,0.8325791954994202,0.0005057426169514656
Titanic,RandomForest,1980,221,0.25987882850627947,0.4211879284544129,0.07184971123933792,0.05937200039625168,0.8325791954994202,0.000504801981151104
Titanic,XGBoost,1980,221,0.27253757367291476,0.4326702970028844,0.05597968399524689,0.055078744888305664,0.8325791954994202,0.0005147801712155342
ada,CatBoost,3732,415,0.1729632330840604,0.27458072752079116,0.01939985156059265,0.025250732898712158,0.8843373656272888,0.0006630225107073784
ada,ExtraTrees,3732,415,0.19731292891332697,0.3129104142151856,0.031648311764001846,0.024861223995685577,0.8554216623306274,0.0006476463750004768
ada,LightGBM,3732,415,0.17433588379970608,0.28241918873312466,0.016318349167704582,0.028071904554963112,0.8843373656272888,0.0006759064272046089
ada,LinearModel,3732,415,0.19988215644763999,0.31445953023619805,0.02047869935631752,0.021010538563132286,0.8554216623306274,0.0006788792088627815
ada,NeuralNetFastAI,3732,415,0.18533205866769475,0.29632064665905306,0.025181684643030167,0.01575753279030323,0.8698795437812805,0.0006834892556071281
ada,NeuralNetTorch,3732,415,0.19103048428545408,0.29845056036991197,0.02367001213133335,0.015035755932331085,0.8626505732536316,0.0006647594273090363
ada,RandomForest,3732,415,0.18645546648020203,0.2953737122350586,0.025233376771211624,0.008779214695096016,0.8674699068069458,0.0006884001195430756
ada,XGBoost,3732,415,0.16945646549074328,0.2738011722816933,0.01688685081899166,0.02163710445165634,0.8867470026016235,0.0006508603692054749
adult,CatBoost,43957,4885,0.1748360226749158,0.278605960255144,0.025093622505664825,0.007188320159912109,0.8771750330924988,0.0036558127030730247
adult,ExtraTrees,43957,4885,0.19289102365375121,0.30627046855826395,0.02083991840481758,0.011024970561265945,0.8642783761024475,0.0037685399875044823
adult,LightGBM,43957,4885,0.1745705490285129,0.277672133927858,0.018065260723233223,0.008909144438803196,0.8771750330924988,0.0036966782063245773
adult,LinearModel,43957,4885,0.20592557583638563,0.3225793879423981,0.021161869168281555,0.0049598864279687405,0.8532241582870483,0.003925478085875511
adult,NeuralNetFastAI,43957,4885,0.19261708014675472,0.30454690814656227,0.017205696552991867,0.008408661000430584,0.8650972247123718,0.003501276485621929
adult,NeuralNetTorch,43957,4885,0.194296836701074,0.30642877620552245,0.025944437831640244,0.007375640328973532,0.8628454208374023,0.003692219965159893
adult,RandomForest,43957,4885,0.18952427321609008,0.29951709281194466,0.02307998761534691,0.008699316531419754,0.8632548451423645,0.0035853423178195953
adult,XGBoost,43957,4885,0.1746331963503912,0.276925119396371,0.021025922149419785,0.00752596277743578,0.8761515021324158,0.0036431532353162766
ailerons,CatBoost,12375,1375,0.16097613436953184,0.26303256607208064,0.02501070499420166,0.008649610914289951,0.8894545435905457,0.0013309558853507042
ailerons,ExtraTrees,12375,1375,0.17021487691652548,0.39421537092660114,0.028058059513568878,0.010920831002295017,0.8799999952316284,0.0013186652213335037
ailerons,LightGBM,12375,1375,0.1589579131210463,0.31583505393779104,0.019508376717567444,0.010537057183682919,0.8909090757369995,0.0013892510905861855
ailerons,LinearModel,12375,1375,0.16948447828663704,0.27950858048834104,0.0196360033005476,0.008522655814886093,0.8836363554000854,0.001361359842121601
ailerons,NeuralNetFastAI,12375,1375,0.16901015503448638,0.27260878745537087,0.02259848639369011,0.010896995663642883,0.8792726993560791,0.001336115412414074
ailerons,NeuralNetTorch,12375,1375,0.16748803375049423,0.27191600296971813,0.018543245270848274,0.009686936624348164,0.8836363554000854,0.0013370411470532417
ailerons,RandomForest,12375,1375,0.16407635991757255,0.3300668731607341,0.02732618898153305,0.022005422040820122,0.8807272911071777,0.0014060717076063156
ailerons,XGBoost,12375,1375,0.15930122180385187,0.25922086095493324,0.024935614317655563,0.007144330535084009,0.8909090757369995,0.0013942355290055275
arcene,CatBoost,90,10,0.5308641975308642,9.22178775058286,0.17777779698371887,0.2777777314186096,0.699999988079071,0.0003645503893494606
arcene,ExtraTrees,90,10,0.37530864197530867,8.991529241283457,0.13333334028720856,0.19999997317790985,0.699999988079071,0.0003306400030851364
arcene,LightGBM,90,10,0.4716049382716049,9.109864592995775,0.15555556118488312,0.18888883292675018,0.699999988079071,0.0003622863441705704
arcene,LinearModel,90,10,0.43950617283950616,9.083158314470872,0.10000000894069672,0.2888888418674469,0.699999988079071,0.0003310423344373703
arcene,NeuralNetFastAI,90,10,0.3827160493827161,9.00488238054591,0.111111119389534,0.21111105382442474,0.699999988079071,0.0003308793529868126
arcene,NeuralNetTorch,90,10,0.32592592592592595,8.907619131965154,0.111111119389534,0.2222221940755844,0.699999988079071,0.00034042634069919586
arcene,RandomForest,90,10,0.42716049382716054,9.047490820076998,0.10000000149011612,0.21111108362674713,0.699999988079071,0.0003316858783364296
arcene,XGBoost,90,10,0.3802469135802469,0.5571150997856475,0.08888889104127884,0.111111119389534,0.699999988079071,0.00032867398113012314
arsenic-female-bladder,CatBoost,503,56,0.2192309551271489,0.34148694722090994,0.04891457408666611,0.05770304426550865,0.8392857313156128,0.00040617305785417557
arsenic-female-bladder,ExtraTrees,503,56,0.21572194760257044,0.37314037042903775,0.06773108243942261,0.08997897058725357,0.875,0.0003738347440958023
arsenic-female-bladder,LightGBM,503,56,0.220965947163179,0.3666689745823356,0.04930674284696579,0.07812324911355972,0.8571428656578064,0.0003817938268184662
arsenic-female-bladder,LinearModel,503,56,0.24297569066842423,0.3809492791345138,0.06291316449642181,0.061008382588624954,0.8571428656578064,0.00037031155079603195
arsenic-female-bladder,NeuralNetFastAI,503,56,0.21972704454330752,0.33865286840469316,0.05115548521280289,0.05164562165737152,0.8392857313156128,0.00038271304219961166
arsenic-female-bladder,NeuralNetTorch,503,56,0.19330008238589552,0.31670042880106614,0.04940476268529892,0.007226892746984959,0.875,0.00038724299520254135
arsenic-female-bladder,RandomForest,503,56,0.2169617836883741,0.34991105681829077,0.04958685487508774,0.0892152190208435,0.8571428656578064,0.00038132816553115845
arsenic-female-bladder,XGBoost,503,56,0.2077810787059922,0.3392103911900827,0.06615545600652695,0.06324227154254913,0.8571428656578064,0.000387667678296566
autoUniv-au1-1000,CatBoost,900,100,0.3760493827160494,0.568878176480061,0.07288890331983566,0.11866666376590729,0.699999988079071,0.00041356589645147324
autoUniv-au1-1000,ExtraTrees,900,100,0.35917283950617285,0.5394682915289608,0.062222227454185486,0.07277777791023254,0.7599999904632568,0.0004230700433254242
autoUniv-au1-1000,LightGBM,900,100,0.35025968841284366,0.5343984574776882,0.05392153561115265,0.0940089151263237,0.7200000286102295,0.0004162779077887535
autoUniv-au1-1000,LinearModel,900,100,0.38163703703703705,0.5747452677259992,0.07644443213939667,0.08633333444595337,0.7400000095367432,0.00042286794632673264
autoUniv-au1-1000,NeuralNetFastAI,900,100,0.3534419753086419,0.5405266464643853,0.04766666516661644,0.07422222197055817,0.7599999904632568,0.00041023828089237213
autoUniv-au1-1000,NeuralNetTorch,900,100,0.3569802455683076,0.5393295050866507,0.04286213219165802,0.03887229785323143,0.7599999904632568,0.00042140111327171326
autoUniv-au1-1000,RandomForest,900,100,0.389083950617284,0.5791304537414207,0.06066666170954704,0.13788889348506927,0.7300000190734863,0.00042065978050231934
autoUniv-au1-1000,XGBoost,900,100,0.3778024691358024,0.565950824584522,0.07222222536802292,0.09355555474758148,0.6899999976158142,0.00041737593710422516
bank-marketing,CatBoost,40689,4522,0.12127051167607411,0.1913423174738924,0.018480580300092697,0.0028133364394307137,0.9139761328697205,0.00359418336302042
bank-marketing,ExtraTrees,40689,4522,0.12947312431295896,0.20522916197541352,0.021317318081855774,0.003525335807353258,0.9066784381866455,0.003217841498553753
bank-marketing,LightGBM,40689,4522,0.12309941149191594,0.19492172173703512,0.019137971103191376,0.0024996038991957903,0.9122070074081421,0.0033060675486922264
bank-marketing,LinearModel,40689,4522,0.14240593269373303,0.22978767170791578,0.020227208733558655,0.003756098449230194,0.899601936340332,0.003605402074754238
bank-marketing,NeuralNetFastAI,40689,4522,0.12245932079178415,0.19451248073522073,0.019293734803795815,0.004450500477105379,0.9119858741760254,0.0035803914070129395
bank-marketing,NeuralNetTorch,40689,4522,0.12373837572166017,0.1948895797100084,0.019147755578160286,0.004538907203823328,0.9113224148750305,0.0034111402928829193
bank-marketing,RandomForest,40689,4522,0.1287787161363036,0.20395323756492695,0.01843085139989853,0.006644935812801123,0.9071207642555237,0.003412727266550064
bank-marketing,XGBoost,40689,4522,0.12199148568716611,0.19402161675274132,0.01935003697872162,0.003577682888135314,0.9133126735687256,0.0034115221351385117
bank32nh,CatBoost,7372,820,0.27184345354427797,0.41683508713146994,0.024892490357160568,0.03426847234368324,0.7939024567604065,0.0010028546676039696
bank32nh,ExtraTrees,7372,820,0.2717186073111188,0.4195068054868553,0.02265278622508049,0.028667237609624863,0.79756098985672,0.0009857360273599625
bank32nh,LightGBM,7372,820,0.2692110250626924,0.4172164599574064,0.026179099455475807,0.026414746418595314,0.7939024567604065,0.000943480059504509
bank32nh,LinearModel,7372,820,0.2690665827254857,0.410355244072183,0.022135557606816292,0.03469599038362503,0.800000011920929,0.0009804647415876389
bank32nh,NeuralNetFastAI,7372,820,0.25427319218009575,0.3958449933711642,0.022202730178833008,0.024537047371268272,0.8097561001777649,0.0009897556155920029
bank32nh,NeuralNetTorch,7372,820,0.2649323134850462,0.41163229244328153,0.020011909306049347,0.03204238787293434,0.8048780560493469,0.0009447028860449791
bank32nh,RandomForest,7372,820,0.2858925843742032,0.4389028970237697,0.028729232028126717,0.03446970880031586,0.792682945728302,0.0009572096168994904
bank32nh,XGBoost,7372,820,0.2744801971773203,0.5216344120219195,0.021980490535497665,0.03340673819184303,0.795121967792511,0.0009980825707316399
bank8FM,CatBoost,7372,820,0.08165611574244354,0.13187235661870494,0.010048976168036461,0.007874726317822933,0.9475609660148621,0.0009450381621718407
bank8FM,ExtraTrees,7372,820,0.08346201732389896,0.13390255181599006,0.013561906293034554,0.009041287004947662,0.9451219439506531,0.0009515164420008659
bank8FM,LightGBM,7372,820,0.08098361696617892,0.12778966403225264,0.008884074166417122,0.005960241425782442,0.9463414549827576,0.0009530698880553246
bank8FM,LinearModel,7372,820,0.08642926522127664,0.14407461721673573,0.011016976088285446,0.007978903129696846,0.9463414549827576,0.0009506354108452797
bank8FM,NeuralNetFastAI,7372,820,0.07889888647601885,0.1201104586000653,0.014730118215084076,0.006747904233634472,0.9463414549827576,0.0009447801858186722
bank8FM,NeuralNetTorch,7372,820,0.08169195330618252,0.12443906697562297,0.007636412978172302,0.007558717392385006,0.9439024329185486,0.0009329933673143387
bank8FM,RandomForest,7372,820,0.08592361475422756,0.13827939316828908,0.006986135616898537,0.007214513141661882,0.9439024329185486,0.0009550908580422401
bank8FM,XGBoost,7372,820,0.08408459227687702,0.13733388105187666,0.008083194494247437,0.009281209670007229,0.9463414549827576,0.0009461529552936554
blood-transfusion-service-center,CatBoost,673,75,0.3365885377586231,0.5147467620144209,0.062156155705451965,0.10773847997188568,0.7599999904632568,0.000390409491956234
blood-transfusion-service-center,ExtraTrees,673,75,0.3413372018182085,0.5250610857408985,0.06886743009090424,0.12287972122430801,0.7599999904632568,0.00039638765156269073
blood-transfusion-service-center,LightGBM,673,75,0.32179077425510705,0.49246423909031317,0.07703619450330734,0.0492662750184536,0.7599999904632568,0.0003840196877717972
blood-transfusion-service-center,LinearModel,673,75,0.3286477523815964,0.49306613805610716,0.04908157140016556,0.06625406444072723,0.746666669845581,0.00041147973388433456
blood-transfusion-service-center,NeuralNetFastAI,673,75,0.32865683846429167,0.4939863457002687,0.06865672022104263,0.11014047265052795,0.746666669845581,0.0004028109833598137
blood-transfusion-service-center,NeuralNetTorch,673,75,0.31853850716390464,0.4758889787015689,0.06887733936309814,0.08483872562646866,0.7333333492279053,0.000416826456785202
blood-transfusion-service-center,RandomForest,673,75,0.3310208280500097,0.5201007162828349,0.08108867704868317,0.10542874038219452,0.7866666913032532,0.0003905743360519409
blood-transfusion-service-center,XGBoost,673,75,0.34466616313905923,0.5212868098596533,0.059303492307662964,0.08940928429365158,0.746666669845581,0.0004338175058364868
boston_corrected,CatBoost,455,51,0.18352871620771344,0.30112079911469,0.09043290466070175,0.08763854205608368,0.9019607901573181,0.0003799842670559883
boston_corrected,ExtraTrees,455,51,0.16010979733208128,0.25793616452647156,0.0922895073890686,0.10682012140750885,0.8235294222831726,0.0003752494230866432
boston_corrected,LightGBM,455,51,0.16398600832197333,0.26982605386439745,0.10217869281768799,0.10005684942007065,0.9215686321258545,0.00036421045660972595
boston_corrected,LinearModel,455,51,0.1871022226249131,0.29337330767659164,0.09235578775405884,0.09346406161785126,0.7843137383460999,0.0003629392012953758
boston_corrected,NeuralNetFastAI,455,51,0.147412495955931,0.2521757407233221,0.10291750729084015,0.126958429813385,0.9607843160629272,0.00036000367254018784
boston_corrected,NeuralNetTorch,455,51,0.20730599336749797,0.3091625214204567,0.10190397500991821,0.13006536662578583,0.7843137383460999,0.0003804219886660576
boston_corrected,RandomForest,455,51,0.17783508801312772,0.2863484663359605,0.09352092444896698,0.08830160647630692,0.8235294222831726,0.0003633955493569374
boston_corrected,XGBoost,455,51,0.2216395376559455,0.3361104661262632,0.09150327742099762,0.08550725877285004,0.843137264251709,0.0003634793683886528
churn,CatBoost,4500,500,0.0924864,0.1926245066195191,0.021208887919783592,0.018933333456516266,0.949999988079071,0.0007066484540700912
churn,ExtraTrees,4500,500,0.09877885198783026,0.19502709088227743,0.02841060608625412,0.012176113203167915,0.9419999718666077,0.0007135262712836266
churn,LightGBM,4500,500,0.1017695012345679,0.2034102603377534,0.019395556300878525,0.01967555470764637,0.9440000057220459,0.0007081003859639168
churn,LinearModel,4500,500,0.18059194074074075,0.2991776388827546,0.02654222398996353,0.02005777694284916,0.8679999709129333,0.0007555587217211723
churn,NeuralNetFastAI,4500,500,0.10799061728395062,0.2011222081205585,0.03870667144656181,0.012742222286760807,0.9340000152587891,0.0007447246462106705
churn,NeuralNetTorch,4500,500,0.102426587654321,0.2013571589606536,0.02262222394347191,0.015075556002557278,0.9419999718666077,0.0006947824731469154
churn,RandomForest,4500,500,0.10559670123456792,0.2042442380728642,0.023844443261623383,0.012191111221909523,0.9380000233650208,0.0007072705775499344
churn,XGBoost,4500,500,0.09587634567901235,0.1939578616120352,0.018897779285907745,0.019902221858501434,0.9480000138282776,0.0007547792047262192
climate-model-simulation-crashes,CatBoost,486,54,0.08977818420137015,1.703027696621969,0.044233448803424835,0.03932028263807297,0.9444444179534912,0.0003958847373723984
climate-model-simulation-crashes,ExtraTrees,486,54,0.08797842880538459,1.7024410114094228,0.045304227620363235,0.04001316428184509,0.9444444179534912,0.0003678649663925171
climate-model-simulation-crashes,LightGBM,486,54,0.10917604633186102,1.7304224058781996,0.06324012577533722,0.0647517517209053,0.9259259104728699,0.00037938542664051056
climate-model-simulation-crashes,LinearModel,486,54,0.10562198235303193,1.7308927837377561,0.06509832292795181,0.05640583112835884,0.9259259104728699,0.00036712177097797394
climate-model-simulation-crashes,NeuralNetFastAI,486,54,0.13430725023695544,1.7582419284788993,0.07287731021642685,0.07892409712076187,0.9074074029922485,0.00037031248211860657
climate-model-simulation-crashes,NeuralNetTorch,486,54,0.10758056056889877,1.729235138517329,0.061980366706848145,0.05706721544265747,0.9259259104728699,0.0003996239975094795
climate-model-simulation-crashes,RandomForest,486,54,0.12820468323383774,1.7602288226915026,0.06887756288051605,0.05489412695169449,0.8888888955116272,0.0003703571856021881
climate-model-simulation-crashes,XGBoost,486,54,0.1200142944554995,1.742774981112571,0.0634920746088028,0.06311406940221786,0.9074074029922485,0.0003833658993244171
colleges_usnews,CatBoost,1171,131,0.3794647440247434,0.5539266257966345,0.05930028483271599,0.07912738621234894,0.7022900581359863,0.00046774744987487793
colleges_usnews,ExtraTrees,1171,131,0.365387570820681,0.5356285943905387,0.06542550027370453,0.0962902158498764,0.7175572514533997,0.0004478674381971359
colleges_usnews,LightGBM,1171,131,0.3914456166646107,0.5691992990124627,0.06440485268831253,0.11624015867710114,0.6564885377883911,0.00042886659502983093
colleges_usnews,LinearModel,1171,131,0.39718361784056844,0.5739091787604418,0.06897260248661041,0.12597861886024475,0.6641221642494202,0.0004619620740413666
colleges_usnews,NeuralNetFastAI,1171,131,0.40756667124618007,0.5868656820318207,0.07879434525966644,0.11106933653354645,0.6488549709320068,0.00043052248656749725
colleges_usnews,NeuralNetTorch,1171,131,0.3837232963612075,0.5580997999745148,0.0815545991063118,0.12443149089813232,0.7633587718009949,0.00044629815965890884
colleges_usnews,RandomForest,1171,131,0.36969586185680264,0.5563695274228165,0.05442927032709122,0.0908883810043335,0.694656491279602,0.0004563182592391968
colleges_usnews,XGBoost,1171,131,0.40382280129909565,0.5796203805506903,0.07721563428640366,0.13599435985088348,0.6793892979621887,0.00044879037886857986
cpu_act,CatBoost,7372,820,0.07000876832611366,0.12014172918977245,0.015066022053360939,0.025073664262890816,0.959756076335907,0.00096910260617733
cpu_act,ExtraTrees,7372,820,0.07838513197826885,0.13298884073696524,0.012684792280197144,0.022589825093746185,0.9536585211753845,0.0009178277105093002
cpu_act,LightGBM,7372,820,0.07444443132261447,0.12476232334454126,0.015623653307557106,0.02331141009926796,0.9560975432395935,0.0009799571707844734
cpu_act,LinearModel,7372,820,0.0929951595265526,0.15628537953337127,0.01076049916446209,0.016775334253907204,0.9426829218864441,0.0009690625593066216
cpu_act,NeuralNetFastAI,7372,820,0.07629536672523742,0.13123040652336632,0.016715755686163902,0.022811681032180786,0.954878032207489,0.0009447624906897545
cpu_act,NeuralNetTorch,7372,820,0.07480237588543727,0.13151849218265557,0.021703017875552177,0.03709504008293152,0.9609755873680115,0.0009150169789791107
cpu_act,RandomForest,7372,820,0.0766994382303705,0.13360909927614367,0.01721823774278164,0.02773052081465721,0.9560975432395935,0.0008713742718100548
cpu_act,XGBoost,7372,820,0.07335856795951169,0.12278615875920187,0.015684891492128372,0.025239132344722748,0.957317054271698,0.0009593665599822998
cpu_small,CatBoost,7372,820,0.10304029258467776,0.16543116558121973,0.00833802204579115,0.010480864904820919,0.9317073225975037,0.0009282566606998444
cpu_small,ExtraTrees,7372,820,0.1075293961313205,0.17472828380482872,0.01376367174088955,0.014306707307696342,0.9292683005332947,0.0008973199874162674
cpu_small,LightGBM,7372,820,0.09665793725700697,0.1559502035592894,0.01847636140882969,0.017705293372273445,0.9378048777580261,0.0009665181860327721
cpu_small,LinearModel,7372,820,0.13054437124052395,0.20849337858482808,0.016068778932094574,0.015433560125529766,0.9073171019554138,0.0009597707539796829
cpu_small,NeuralNetFastAI,7372,820,0.11157158957868576,0.17564235343416396,0.016745544970035553,0.009802279062569141,0.9231707453727722,0.0009366506710648537
cpu_small,NeuralNetTorch,7372,820,0.11123088448104165,0.17519344341105628,0.01469370536506176,0.017637457698583603,0.9207317233085632,0.0009641470387578011
cpu_small,RandomForest,7372,820,0.10778014960817987,0.17471638079374224,0.012092143297195435,0.010824752040207386,0.9268292784690857,0.0008998289704322815
cpu_small,XGBoost,7372,820,0.09927773456305136,0.16114244879974995,0.01628553494811058,0.017190681770443916,0.9365853667259216,0.000937923789024353
credit-g,CatBoost,900,100,0.2885283950617284,0.4415255042482284,0.04388890415430069,0.029111111536622047,0.8199999928474426,0.0004306817427277565
credit-g,ExtraTrees,900,100,0.2742271604938272,0.43631849910207715,0.04666668176651001,0.0828888863325119,0.8299999833106995,0.0004330892115831375
credit-g,LightGBM,900,100,0.2852641975308641,0.43998575288894626,0.033111147582530975,0.0555555559694767,0.800000011920929,0.00040610041469335556
credit-g,LinearModel,900,100,0.3102839506172839,0.48025122128333,0.061555489897727966,0.08744444698095322,0.7900000214576721,0.00042356643825769424
credit-g,NeuralNetFastAI,900,100,0.30619753086419754,0.46244440220581423,0.032333314418792725,0.03400000184774399,0.7699999809265137,0.00040729623287916183
credit-g,NeuralNetTorch,900,100,0.3002098765432099,0.4604169127305213,0.0587778240442276,0.09655555337667465,0.75,0.0004230355843901634
credit-g,RandomForest,900,100,0.27712592592592594,0.4283401883416403,0.050666674971580505,0.07844444364309311,0.7900000214576721,0.00040708575397729874
credit-g,XGBoost,900,100,0.2903111111111111,0.44329599555964777,0.045222193002700806,0.058888889849185944,0.7699999809265137,0.00042681116610765457
cylinder-bands,CatBoost,486,54,0.1962601611254227,0.33649908835194253,0.049634672701358795,0.07279856503009796,0.8703703880310059,0.0003700964152812958
cylinder-bands,ExtraTrees,486,54,0.17265448515321977,0.29124264020872237,0.045634925365448,0.04827256128191948,0.8888888955116272,0.0003770729526877403
cylinder-bands,LightGBM,486,54,0.18383165616649783,0.3067601678817652,0.04526487737894058,0.062413398176431656,0.8888888955116272,0.0003672884777188301
cylinder-bands,LinearModel,486,54,0.2788720765139011,0.44962905018200855,0.04362717270851135,0.1170792505145073,0.8148148059844971,0.00036334898322820663
cylinder-bands,NeuralNetFastAI,486,54,0.24271505930099432,0.39352954836868304,0.06471244990825653,0.089718759059906,0.8518518805503845,0.0004890793934464455
cylinder-bands,NeuralNetTorch,486,54,0.21740996844378968,0.35666839850546606,0.06802721321582794,0.09532471746206284,0.8518518805503845,0.0003688270226120949
cylinder-bands,RandomForest,486,54,0.1722687496357828,0.2932115301742789,0.049729179590940475,0.04557981714606285,0.9074074029922485,0.00036767683923244476
cylinder-bands,XGBoost,486,54,0.18124036431150947,0.31857796522910137,0.05700424313545227,0.08643551170825958,0.9074074029922485,0.0003839656710624695
delta_ailerons,CatBoost,6416,713,0.09997390095198974,0.19691769591245858,0.015028469264507294,0.024088183417916298,0.9424964785575867,0.0009259702637791634
delta_ailerons,ExtraTrees,6416,713,0.10537457640879137,0.2017072816064923,0.02550734207034111,0.009895996190607548,0.9354838728904724,0.0008821720257401466
delta_ailerons,LightGBM,6416,713,0.10061530652382564,0.19817974719711245,0.01413729228079319,0.02327294647693634,0.9410939812660217,0.0008576381951570511
delta_ailerons,LinearModel,6416,713,0.12944701219929397,0.24257346450621411,0.012194538488984108,0.027400346472859383,0.9214586019515991,0.0008711991831660271
delta_ailerons,NeuralNetFastAI,6416,713,0.12754531706092134,0.2327153060206925,0.018536807969212532,0.013369335792958736,0.9200561046600342,0.0008263159543275833
delta_ailerons,NeuralNetTorch,6416,713,0.12063476138349044,0.22025952949409683,0.021870911121368408,0.015719827264547348,0.9228611588478088,0.0008519738912582397
delta_ailerons,RandomForest,6416,713,0.10554203084886221,0.19867701287129844,0.014778465032577515,0.00935878325253725,0.9326788187026978,0.0008735461160540581
delta_ailerons,XGBoost,6416,713,0.1044482408205425,0.31566292726799733,0.016323626041412354,0.021207137033343315,0.9382889270782471,0.0008530179038643837
delta_elevators,CatBoost,8565,952,0.18098423213910494,0.30350240591917726,0.012204855680465698,0.01174797210842371,0.8834033608436584,0.0011225249618291855
delta_elevators,ExtraTrees,8565,952,0.17935758901148907,0.30189596456058465,0.016289085149765015,0.011905472725629807,0.8844537734985352,0.0010985229164361954
delta_elevators,LightGBM,8565,952,0.17410284704476017,0.29619397739814485,0.020232349634170532,0.01377488300204277,0.8928571343421936,0.001056816428899765
delta_elevators,LinearModel,8565,952,0.18238688946520493,0.3095030663854323,0.015346100553870201,0.015415830537676811,0.881302535533905,0.0010190661996603012
delta_elevators,NeuralNetFastAI,8565,952,0.1835788607263318,0.3068087579841094,0.009738534688949585,0.011687999591231346,0.8771008253097534,0.0010503185912966728
delta_elevators,NeuralNetTorch,8565,952,0.1789059460513717,0.30014310513895615,0.01253574714064598,0.01061198953539133,0.8834033608436584,0.001032722182571888
delta_elevators,RandomForest,8565,952,0.18420219590739653,0.30109540529244866,0.009375251829624176,0.011310282163321972,0.8760504126548767,0.0010714773088693619
delta_elevators,XGBoost,8565,952,0.17951020727228983,0.2994304640368266,0.012377964332699776,0.01127523835748434,0.8834033608436584,0.0010458733886480331
diabetes,CatBoost,691,77,0.25462646110450476,0.3977959213454096,0.05220823734998703,0.07535093277692795,0.8441558480262756,0.000406607985496521
diabetes,ExtraTrees,691,77,0.23759655336369195,0.373702660356029,0.051585063338279724,0.06119760125875473,0.8051947951316833,0.0004040403291583061
diabetes,LightGBM,691,77,0.2453048732320365,0.3878570318136726,0.039071276783943176,0.052579931914806366,0.8181818127632141,0.00041294656693935394
diabetes,LinearModel,691,77,0.22574105282955534,0.36260645688942184,0.0635368749499321,0.0919482409954071,0.8571428656578064,0.00040870532393455505
diabetes,NeuralNetFastAI,691,77,0.23502257350884717,0.3697410957219723,0.05175982788205147,0.08793746680021286,0.8441558480262756,0.00040830299258232117
diabetes,NeuralNetTorch,691,77,0.2507783666190745,0.38698948348567036,0.041708849370479584,0.06871112436056137,0.8181818127632141,0.0003914050757884979
diabetes,RandomForest,691,77,0.24954758004190275,0.394440872652456,0.04357987642288208,0.0836150273680687,0.8311688303947449,0.00039656367152929306
diabetes,XGBoost,691,77,0.25596094335756,0.3992407270843118,0.03679210692644119,0.06871657818555832,0.8051947951316833,0.00039285607635974884
dresses-sales,CatBoost,450,50,0.47205925925925923,0.6651113955656348,0.08133333921432495,0.1128888875246048,0.6399999856948853,0.00037086475640535355
dresses-sales,ExtraTrees,450,50,0.5365530864197531,0.7339930316266654,0.16800005733966827,0.1631111055612564,0.5199999809265137,0.0003826431930065155
dresses-sales,LightGBM,450,50,0.4997530864197532,0.6994149600079175,0.11733337491750717,0.11822222173213959,0.5799999833106995,0.0003785109147429466
dresses-sales,LinearModel,450,50,0.4706172839506173,0.6657994999575844,0.10222224146127701,0.12133333086967468,0.6399999856948853,0.0003653327003121376
dresses-sales,NeuralNetFastAI,450,50,0.5216592592592592,0.7270701353206696,0.08711114525794983,0.18266665935516357,0.6399999856948853,0.0003683231770992279
dresses-sales,NeuralNetTorch,450,50,0.48077037037037035,0.677846337679794,0.11111113429069519,0.1666666716337204,0.6399999856948853,0.00039575155824422836
dresses-sales,RandomForest,450,50,0.5264,0.722527971574786,0.12844443321228027,0.15511110424995422,0.5799999833106995,0.00036681629717350006
dresses-sales,XGBoost,450,50,0.49601975308641977,0.6908456979841593,0.110222227871418,0.1080000028014183,0.5400000214576721,0.0003755493089556694
eeg-eye-state,CatBoost,13482,1498,0.07524736378010598,0.12317828807052852,0.027210364118218422,0.0036557151470333338,0.9359145760536194,0.0015263631939888
eeg-eye-state,ExtraTrees,13482,1498,0.0871913495341672,0.1429091182462525,0.02622082084417343,0.011821269989013672,0.9245660901069641,0.0014361701905727386
eeg-eye-state,LightGBM,13482,1498,0.07721289764016703,0.12662725756665177,0.02770954929292202,0.007971558719873428,0.9359145760536194,0.0013806689530611038
eeg-eye-state,LinearModel,13482,1498,0.4475577153769039,0.6385493755827089,0.027404576539993286,0.02366255596280098,0.6415220499038696,0.0015458585694432259
eeg-eye-state,NeuralNetFastAI,13482,1498,0.2553987074555982,0.4016356213592956,0.04429595172405243,0.07534769922494888,0.8124165534973145,0.0015187794342637062
eeg-eye-state,NeuralNetTorch,13482,1498,0.07232113815911274,0.10432015282160381,0.03704097494482994,0.005660473369061947,0.9265687465667725,0.0014074044302105904
eeg-eye-state,RandomForest,13482,1498,0.10034196463187274,0.1669491295940981,0.02368495799601078,0.008010818623006344,0.9232309460639954,0.001347358338534832
eeg-eye-state,XGBoost,13482,1498,0.08035274233229013,0.13143461063882197,0.026925118640065193,0.004598223604261875,0.9339118599891663,0.0013982504606246948
electricity,CatBoost,40780,4532,0.08647326645537845,0.14807077081968034,0.005869220942258835,0.008046750910580158,0.9435127973556519,0.0038156257942318916
electricity,ExtraTrees,40780,4532,0.1399599707827029,0.23082989878325288,0.013237331062555313,0.005826027598232031,0.906222403049469,0.003287636674940586
electricity,LightGBM,40780,4532,0.0853170998191242,0.14878294497270383,0.008783764205873013,0.012274331413209438,0.946601927280426,0.003327582962810993
electricity,LinearModel,40780,4532,0.33081195493977084,0.4985372647490719,0.024392392486333847,0.01576273888349533,0.7550750374794006,0.003492024727165699
electricity,NeuralNetFastAI,40780,4532,0.22118043497011924,0.3468980018739164,0.011840763501822948,0.012876555323600769,0.8448808193206787,0.0033822311088442802
electricity,NeuralNetTorch,40780,4532,0.1883556343276074,0.3039823490916444,0.01731218211352825,0.022373350337147713,0.8720211982727051,0.0032069040462374687
electricity,RandomForest,40780,4532,0.11042333408664735,0.18686200349986104,0.004376523662358522,0.003923175390809774,0.9269638061523438,0.0032150205224752426
electricity,XGBoost,40780,4532,0.08464039995098067,0.1466259391295606,0.0055472771637141705,0.006591839250177145,0.9446160793304443,0.003229806199669838
fri_c0_1000_5,CatBoost,900,100,0.11840493827160493,0.18464120280841417,0.07444445043802261,0.06044449284672737,0.9100000262260437,0.0004221182316541672
fri_c0_1000_5,ExtraTrees,900,100,0.14909382716049385,0.2215136209460047,0.06511111557483673,0.05122226104140282,0.8799999952316284,0.00042192917317152023
fri_c0_1000_5,LightGBM,900,100,0.12182716049382718,0.18670750742570838,0.04133332893252373,0.049777813255786896,0.8999999761581421,0.0004065604880452156
fri_c0_1000_5,LinearModel,900,100,0.20210864197530867,0.3412702003606287,0.06344445794820786,0.056888893246650696,0.8899999856948853,0.0004078596830368042
fri_c0_1000_5,NeuralNetFastAI,900,100,0.09345185185185184,0.15567441064301912,0.04366668313741684,0.048666708171367645,0.9399999976158142,0.000411459244787693
fri_c0_1000_5,NeuralNetTorch,900,100,0.11718271604938271,0.17659480233282704,0.029666682705283165,0.03388893976807594,0.9100000262260437,0.00041727256029844284
fri_c0_1000_5,RandomForest,900,100,0.13124349235176458,0.2118357226872451,0.05189502239227295,0.050307758152484894,0.9300000071525574,0.0004071556031703949
fri_c0_1000_5,XGBoost,900,100,0.1386938271604938,0.21599399007850842,0.042666688561439514,0.053222253918647766,0.8899999856948853,0.0004113130271434784
fri_c0_500_5,CatBoost,450,50,0.21453827160493824,2.0040508555220895,0.07288889586925507,0.07777775824069977,0.8399999737739563,0.0003646211698651314
fri_c0_500_5,ExtraTrees,450,50,0.25483698939713145,2.0439719333317408,0.08666670322418213,0.10342378914356232,0.800000011920929,0.0003727078437805176
fri_c0_500_5,LightGBM,450,50,0.18480987654320988,0.27629183552865066,0.08266666531562805,0.07733337581157684,0.8799999952316284,0.0003780759871006012
fri_c0_500_5,LinearModel,450,50,0.32801975308641973,0.5171908655103086,0.08044443279504776,0.116444431245327,0.7799999713897705,0.0003742510452866554
fri_c0_500_5,NeuralNetFastAI,450,50,0.20819753086419757,0.30542760092086657,0.054666668176651,0.06844442337751389,0.8199999928474426,0.0003622984513640404
fri_c0_500_5,NeuralNetTorch,450,50,0.17686913580246913,0.28310143130453835,0.06088889762759209,0.07111109793186188,0.8600000143051147,0.00036389194428920746
fri_c0_500_5,RandomForest,450,50,0.25451851851851853,3.742048741828388,0.08222222328186035,0.08399997651576996,0.800000011920929,0.00040678493678569794
fri_c0_500_5,XGBoost,450,50,0.2468543209876543,0.3699540446759675,0.07688889652490616,0.08577777445316315,0.800000011920929,0.0003796173259615898
fri_c1_1000_50,CatBoost,900,100,0.1262395061728395,1.0368178330550029,0.02499999664723873,0.029444433748722076,0.9100000262260437,0.00044758617877960205
fri_c1_1000_50,ExtraTrees,900,100,0.1316948315230182,0.2199922577766017,0.018022462725639343,0.023578017950057983,0.9100000262260437,0.00040438398718833923
fri_c1_1000_50,LightGBM,900,100,0.13132592592592596,0.21625277695369227,0.028555577620863914,0.026999985799193382,0.9100000262260437,0.0004034964367747307
fri_c1_1000_50,LinearModel,900,100,0.41205925925925924,0.5989229873186765,0.06355555355548859,0.059333331882953644,0.6499999761581421,0.00040408503264188766
fri_c1_1000_50,NeuralNetFastAI,900,100,0.14573580246913578,0.2515491192884125,0.03966667503118515,0.05122222378849983,0.8999999761581421,0.0004125898703932762
fri_c1_1000_50,NeuralNetTorch,900,100,0.24179506172839507,0.3729385077705776,0.05466668680310249,0.06477778404951096,0.8399999737739563,0.0004072459414601326
fri_c1_1000_50,RandomForest,900,100,0.1857111111111111,0.30310086117385576,0.035333335399627686,0.04944445192813873,0.8799999952316284,0.000409821979701519
fri_c1_1000_50,XGBoost,900,100,0.10370617283950619,0.18197018149721458,0.026666652411222458,0.04788887873291969,0.9200000166893005,0.0004075039178133011
fri_c2_1000_25,CatBoost,900,100,0.1266246913580247,1.0419496886119293,0.04100000113248825,0.05144442990422249,0.9200000166893005,0.00041754916310310364
fri_c2_1000_25,ExtraTrees,900,100,0.14510217299947387,1.0805991237767592,0.022527474910020828,0.04726682975888252,0.9200000166893005,0.00043874140828847885
fri_c2_1000_25,LightGBM,900,100,0.1599358024691358,1.091344788494424,0.04466667026281357,0.035555507987737656,0.8899999856948853,0.0004200795665383339
fri_c2_1000_25,LinearModel,900,100,0.3584716049382716,0.5250849806529458,0.056111112236976624,0.06966666877269745,0.7300000190734863,0.0004168860614299774
fri_c2_1000_25,NeuralNetFastAI,900,100,0.12440493827160493,0.2069226329181675,0.019999999552965164,0.025555551052093506,0.9100000262260437,0.0004029674455523491
fri_c2_1000_25,NeuralNetTorch,900,100,0.1382,0.23484558616215823,0.052000001072883606,0.03211107850074768,0.8999999761581421,0.0004397807642817497
fri_c2_1000_25,RandomForest,900,100,0.16040493827160496,1.0917916436767647,0.048555564135313034,0.04133330285549164,0.8899999856948853,0.0004009520635008812
fri_c2_1000_25,XGBoost,900,100,0.13613086419753087,1.0622468379196142,0.03633332997560501,0.04855550453066826,0.9200000166893005,0.0004016561433672905
fri_c2_500_50,CatBoost,450,50,0.20849382716049383,0.3251421584130818,0.04488888382911682,0.07333337515592575,0.8600000143051147,0.00039767101407051086
fri_c2_500_50,ExtraTrees,450,50,0.191346742038012,0.29253662748709436,0.0551111176609993,0.07687178254127502,0.8600000143051147,0.00038079917430877686
fri_c2_500_50,LightGBM,450,50,0.19302716049382718,0.3097374368709902,0.0533333383500576,0.07555555552244186,0.8799999952316284,0.00037177372723817825
fri_c2_500_50,LinearModel,450,50,0.39715555555555554,0.5729827924568591,0.06177777051925659,0.07199999690055847,0.699999988079071,0.00036634411662817
fri_c2_500_50,NeuralNetFastAI,450,50,0.18684444444444445,0.3471209283979637,0.053333330899477005,0.12755554914474487,0.9200000166893005,0.00037127453833818436
fri_c2_500_50,NeuralNetTorch,450,50,0.2720395061728395,0.4436284929857497,0.07688888907432556,0.07022222131490707,0.8199999928474426,0.0003832448273897171
fri_c2_500_50,RandomForest,450,50,0.24003950617283948,0.3615925192022529,0.07466667145490646,0.08266668766736984,0.8199999928474426,0.0003624456003308296
fri_c2_500_50,XGBoost,450,50,0.2359703703703704,0.3585489931286838,0.06399998813867569,0.11466668546199799,0.8399999737739563,0.0003723958507180214
fri_c3_1000_10,CatBoost,900,100,0.11272592592592591,0.1979232792240554,0.03755556792020798,0.05666666850447655,0.9200000166893005,0.0004033651202917099
fri_c3_1000_10,ExtraTrees,900,100,0.10541313743823402,0.1884412549855478,0.03277778998017311,0.03848527371883392,0.9399999976158142,0.0004108734428882599
fri_c3_1000_10,LightGBM,900,100,0.10820987654320988,0.1751069826606852,0.02655554562807083,0.02477782405912876,0.9200000166893005,0.00040455255657434464
fri_c3_1000_10,LinearModel,900,100,0.4023086419753086,0.5876151843722662,0.07211112231016159,0.13766667246818542,0.7200000286102295,0.0004342300817370415
fri_c3_1000_10,NeuralNetFastAI,900,100,0.09504444444444445,0.1558650212818405,0.03155556693673134,0.024777816608548164,0.9300000071525574,0.00040321145206689835
fri_c3_1000_10,NeuralNetTorch,900,100,0.09844444444444445,0.17455355224684188,0.0260000042617321,0.028888896107673645,0.9300000071525574,0.00041245296597480774
fri_c3_1000_10,RandomForest,900,100,0.12788148148148148,0.221338846078999,0.023000024259090424,0.03133333846926689,0.9200000166893005,0.0004029488191008568
fri_c3_1000_10,XGBoost,900,100,0.12737037037037038,0.20958821327150415,0.04977778345346451,0.08100003749132156,0.8999999761581421,0.00041025038808584213
fri_c3_1000_25,CatBoost,900,100,0.11355802469135803,0.1744208842758544,0.03711111098527908,0.05766669660806656,0.8999999761581421,0.00041655730456113815
fri_c3_1000_25,ExtraTrees,900,100,0.10939753086419754,0.16983854809844023,0.025999994948506355,0.031777817755937576,0.9100000262260437,0.0004185084253549576
fri_c3_1000_25,LightGBM,900,100,0.09495308641975309,0.14890584023477327,0.03288888558745384,0.025555582717061043,0.9100000262260437,0.0004406282678246498
fri_c3_1000_25,LinearModel,900,100,0.4267802469135802,0.6120180121473399,0.06555554270744324,0.06666667014360428,0.6499999761581421,0.00041192397475242615
fri_c3_1000_25,NeuralNetFastAI,900,100,0.08383456790123457,0.13904044144258493,0.031333327293395996,0.0332222543656826,0.9399999976158142,0.0004105865955352783
fri_c3_1000_25,NeuralNetTorch,900,100,0.06784938271604939,0.1390897253801943,0.03344444930553436,0.05322222039103508,0.9599999785423279,0.0004094494506716728
fri_c3_1000_25,RandomForest,900,100,0.15381680050689808,0.23583083781934355,0.042666658759117126,0.057141318917274475,0.8799999952316284,0.00041966047137975693
fri_c3_1000_25,XGBoost,900,100,0.10426172839506172,0.17122582127503613,0.02133334055542946,0.025111136958003044,0.9200000166893005,0.0004051942378282547
fri_c3_500_10,CatBoost,450,50,0.21153580246913584,1.9988932956677439,0.07599999755620956,0.10088888555765152,0.8600000143051147,0.00036268215626478195
fri_c3_500_10,ExtraTrees,450,50,0.2385777777777778,2.059745643550767,0.07644444704055786,0.09866666793823242,0.8600000143051147,0.00037795398384332657
fri_c3_500_10,LightGBM,450,50,0.22783209876543212,2.029195384523481,0.048444442451000214,0.07288888841867447,0.8399999737739563,0.00036445073783397675
fri_c3_500_10,LinearModel,450,50,0.387279012345679,0.5683891704608967,0.06311112642288208,0.1697777807712555,0.6399999856948853,0.00037457793951034546
fri_c3_500_10,NeuralNetFastAI,450,50,0.20772345679012347,1.989817291153152,0.06800000369548798,0.06844442337751389,0.8399999737739563,0.0003626905381679535
fri_c3_500_10,NeuralNetTorch,450,50,0.1629432098765432,0.23502250170602035,0.03999999538064003,0.032444510608911514,0.8799999952316284,0.0003642626106739044
fri_c3_500_10,RandomForest,450,50,0.20068796004574202,1.9874938457537004,0.060038648545742035,0.07292753458023071,0.8399999737739563,0.0003978004679083824
fri_c3_500_10,XGBoost,450,50,0.2054716049382716,0.33508314642848047,0.06977776437997818,0.07999996095895767,0.8600000143051147,0.0003645448014140129
fri_c3_500_50,CatBoost,450,50,0.22087901234567903,2.0086702500791973,0.04800000041723251,0.07111109793186188,0.8399999737739563,0.0003607003018260002
fri_c3_500_50,ExtraTrees,450,50,0.2343355685613095,0.3717651589446945,0.07824642211198807,0.12921282649040222,0.8199999928474426,0.0003644665703177452
fri_c3_500_50,LightGBM,450,50,0.1875358024691358,0.3178230644688439,0.06488888710737228,0.05688890069723129,0.8799999952316284,0.00036397669464349747
fri_c3_500_50,LinearModel,450,50,0.4104296296296297,0.5932614985102317,0.13022221624851227,0.0568888895213604,0.6399999856948853,0.0003650914877653122
fri_c3_500_50,NeuralNetFastAI,450,50,0.4233679012345679,0.6074372739933722,0.09600003063678741,0.162222221493721,0.6600000262260437,0.0003731017932295799
fri_c3_500_50,NeuralNetTorch,450,50,0.399446913580247,0.5855412553285114,0.08844444155693054,0.12977777421474457,0.7200000286102295,0.00036585424095392227
fri_c3_500_50,RandomForest,450,50,0.1823802469135802,0.29123798832480946,0.03066667541861534,0.026222238317131996,0.8799999952316284,0.00036308635026216507
fri_c3_500_50,XGBoost,450,50,0.18409876543209877,0.31043725052926097,0.04800000414252281,0.07555554807186127,0.8799999952316284,0.000373312272131443
fri_c4_500_100,CatBoost,450,50,0.15273086419753085,0.22671674799832367,0.05022222176194191,0.0488889254629612,0.8799999952316284,0.00036775320768356323
fri_c4_500_100,ExtraTrees,450,50,0.1979851851851852,0.2847054985179414,0.06844443827867508,0.1088889092206955,0.8399999737739563,0.0003998633474111557
fri_c4_500_100,LightGBM,450,50,0.15089382716049385,0.24341574712933903,0.04044447839260101,0.03244445100426674,0.8999999761581421,0.000363348051905632
fri_c4_500_100,LinearModel,450,50,0.44464197530864197,0.6332131208450917,0.1159999817609787,0.08177778124809265,0.6000000238418579,0.000365682877600193
fri_c4_500_100,NeuralNetFastAI,450,50,0.4298271604938272,0.6192661982169059,0.08622222393751144,0.09600000083446503,0.6200000047683716,0.0003646994009613991
fri_c4_500_100,NeuralNetTorch,450,50,0.4361481481481481,0.6277732859191086,0.1115555539727211,0.14666666090488434,0.7200000286102295,0.00036657415330410004
fri_c4_500_100,RandomForest,450,50,0.1752493827160494,0.2677792727991363,0.043999992311000824,0.024888932704925537,0.8799999952316284,0.0003797309473156929
fri_c4_500_100,XGBoost,450,50,0.15247407407407404,0.23109201380782277,0.060444433242082596,0.04311114177107811,0.8799999952316284,0.0003650858998298645
fried,CatBoost,36691,4077,0.09990624038676335,0.1562446992914804,0.025182010605931282,0.006937510333955288,0.9315673112869263,0.003096379339694977
fried,ExtraTrees,36691,4077,0.1170558830014861,0.1836013236453085,0.023714005947113037,0.011082709766924381,0.9185675978660583,0.0030413279309868813
fried,LightGBM,36691,4077,0.10001424336932258,0.15562884485019904,0.025101223960518837,0.007948842830955982,0.9308314919471741,0.0029411017894744873
fried,LinearModel,36691,4077,0.23455609721356466,0.37136641511327095,0.026774104684591293,0.011999874375760555,0.839587926864624,0.0029482413083314896
fried,NeuralNetFastAI,36691,4077,0.09803182979738895,0.1551617728085422,0.023501042276620865,0.007315618451684713,0.9340201020240784,0.0031110895797610283
fried,NeuralNetTorch,36691,4077,0.09803752195988827,0.15633806466060643,0.02236289530992508,0.006212953012436628,0.9350012540817261,0.002793709747493267
fried,RandomForest,36691,4077,0.12121685587053702,0.18988663884308352,0.025455428287386894,0.009037328884005547,0.9151336550712585,0.0029358258470892906
fried,XGBoost,36691,4077,0.09813032858190592,0.1550479930242496,0.023567069321870804,0.0073714479804039,0.9340201020240784,0.0029162606224417686
gina,CatBoost,2837,316,0.0633754384342562,0.10872638020811305,0.00985225010663271,0.005376825109124184,0.9620253443717957,0.0005761496722698212
gina,ExtraTrees,2837,316,0.09408617016912305,0.15962302168867365,0.020809240639209747,0.01250766683369875,0.9430379867553711,0.0005849674344062805
gina,LightGBM,2837,316,0.06959629099290074,0.12245276249174919,0.015286355279386044,0.005420153960585594,0.9588607549667358,0.0005595684051513672
gina,LinearModel,2837,316,0.23172715770108498,0.37233667402734943,0.05355529487133026,0.07250002026557922,0.844936728477478,0.0005616704002022743
gina,NeuralNetFastAI,2837,316,0.05560320599616959,0.11243136262606512,0.030699338763952255,0.04730144515633583,0.9746835231781006,0.0005384450778365135
gina,NeuralNetTorch,2837,316,0.07089631942807585,0.1314234878524081,0.04077451676130295,0.043446339666843414,0.9620253443717957,0.0005620671436190605
gina,RandomForest,2837,316,0.09531371115956361,0.16594332326227254,0.017349738627672195,0.007971202954649925,0.9398733973503113,0.0005942406132817268
gina,XGBoost,2837,316,0.0772372708488732,0.13328214223895263,0.01230874378234148,0.009014478884637356,0.952531635761261,0.0005739051848649979
hill-valley,CatBoost,1090,122,0.484876629177374,0.6781437401743675,0.046978726983070374,0.09610351920127869,0.5819672346115112,0.00043936632573604584
hill-valley,ExtraTrees,1090,122,0.474847782262951,0.6676180643723353,0.0741187110543251,0.07849713414907455,0.5983606576919556,0.0004421919584274292
hill-valley,LightGBM,1090,122,0.462401292140176,0.6538831053082634,0.059275999665260315,0.07345615327358246,0.5655737519264221,0.0004512229934334755
hill-valley,LinearModel,1090,122,0.1485192641233213,0.2488272366961819,0.06008421257138252,0.05489548295736313,0.9098360538482666,0.00042558368295431137
hill-valley,NeuralNetFastAI,1090,122,0.2300476997989626,0.36775668219485264,0.08632875978946686,0.15724168717861176,0.9016393423080444,0.0004263864830136299
hill-valley,NeuralNetTorch,1090,122,0.14544644224626452,0.23508719004744816,0.0497819259762764,0.04263797774910927,0.9016393423080444,0.00042824726551771164
hill-valley,RandomForest,1090,122,0.4689271803808031,0.6616881359557315,0.03985559940338135,0.05469243600964546,0.5983606576919556,0.0004399539902806282
hill-valley,XGBoost,1090,122,0.4767313715128538,0.6693584402435944,0.05511801689863205,0.056982871145009995,0.5819672346115112,0.0004253555089235306
hiva_agnostic,CatBoost,3806,423,0.06490101287902272,0.3314762826404215,0.011779576539993286,0.007070041261613369,0.9645389914512634,0.0006923303008079529
hiva_agnostic,ExtraTrees,3806,423,0.06732821306925656,0.14404863450537103,0.012564919888973236,0.014053587801754475,0.9645389914512634,0.0006952909752726555
hiva_agnostic,LightGBM,3806,423,0.06686211584810033,0.14353515527300925,0.015686260536313057,0.01224355399608612,0.9645389914512634,0.0006494550034403801
hiva_agnostic,LinearModel,3806,423,0.06497615900643687,0.1389045009174202,0.01365697756409645,0.004045332316309214,0.9645389914512634,0.000675552524626255
hiva_agnostic,NeuralNetFastAI,3806,423,0.06873551938943956,0.14992437182314955,0.016861140727996826,0.01512912567704916,0.9645389914512634,0.0006396882236003876
hiva_agnostic,NeuralNetTorch,3806,423,0.07002556195313121,0.15433551220651942,0.019353073090314865,0.018549837172031403,0.9645389914512634,0.0006507588550448418
hiva_agnostic,RandomForest,3806,423,0.0675122644431898,0.14615722570147158,0.017919745296239853,0.015029856003820896,0.9645389914512634,0.0006849151104688644
hiva_agnostic,XGBoost,3806,423,0.06481999582920281,0.13599638849033469,0.012758789584040642,0.006224982440471649,0.9645389914512634,0.0006597451865673065
houses,CatBoost,18576,2064,0.0432179218374338,0.063243706397205,0.007795225828886032,0.0036702032666653395,0.9665697813034058,0.001903260126709938
houses,ExtraTrees,18576,2064,0.06324388960490644,0.13148810916591278,0.029716938734054565,0.0006277076900005341,0.9665697813034058,0.0012660874053835869
houses,LightGBM,18576,2064,0.04042273459483857,0.060743500825138075,0.007183216977864504,0.003925550729036331,0.9685077667236328,0.0018001934513449669
houses,LinearModel,18576,2064,0.048597267219748774,0.11843419329654153,0.006155736278742552,0.004016497638076544,0.9651162624359131,0.0017374437302350998
houses,NeuralNetFastAI,18576,2064,0.04441694824595432,0.10574386800747841,0.0054076858796179295,0.0031900545582175255,0.9660852551460266,0.001856301911175251
houses,NeuralNetTorch,18576,2064,0.04671631484874558,0.07025243260285326,0.007004593499004841,0.0008462755940854549,0.9656007885932922,0.0017795907333493233
houses,RandomForest,18576,2064,0.0444732642377517,0.06498859803079242,0.00663196574896574,0.0033959096763283014,0.9656007885932922,0.0014593526721000671
houses,XGBoost,18576,2064,0.04383881504887744,0.06466610622665127,0.005808218382298946,0.0017908463487401605,0.9670542478561401,0.0018408335745334625
ilpd,CatBoost,524,59,0.36852882169255596,0.5368780208521798,0.0618680939078331,0.06048436835408211,0.694915235042572,0.0003980416804552078
ilpd,ExtraTrees,524,59,0.36818122680372584,0.528871813931139,0.07427863031625748,0.14238272607326508,0.6440678238868713,0.0003996221348643303
ilpd,LightGBM,524,59,0.35090790526417676,0.510128222706856,0.04432855546474457,0.08001034706830978,0.7457627058029175,0.0003926781937479973
ilpd,LinearModel,524,59,0.3856142808805557,0.545997757942346,0.1036628782749176,0.14630021154880524,0.6440678238868713,0.0003979932516813278
ilpd,NeuralNetFastAI,524,59,0.3802822774868765,0.5317537713027215,0.08167082071304321,0.1408083587884903,0.694915235042572,0.0003748033195734024
ilpd,NeuralNetTorch,524,59,0.3800870780871505,0.5497340782684081,0.07317163050174713,0.1374012976884842,0.6440678238868713,0.00038190092891454697
ilpd,RandomForest,524,59,0.39999707321399375,0.5682627465851104,0.07857125252485275,0.09194731712341309,0.6610169410705566,0.00037638284265995026
ilpd,XGBoost,524,59,0.3781353920316944,0.5331805242665038,0.06309806555509567,0.09556347131729126,0.6440678238868713,0.00037783849984407425
jasmine,CatBoost,2685,299,0.2716853499324193,0.4150894585846542,0.03669464588165283,0.04580860584974289,0.8093645572662354,0.0005796020850539207
jasmine,ExtraTrees,2685,299,0.26772377426212335,0.4060762919958111,0.036884505301713943,0.0278853178024292,0.8193979859352112,0.0005670655518770218
jasmine,LightGBM,2685,299,0.26573750059906975,0.40592546261721385,0.034595705568790436,0.03376053646206856,0.8227424621582031,0.0005703456699848175
jasmine,LinearModel,2685,299,0.28535558110082054,0.43687589288331985,0.025677606463432312,0.028610726818442345,0.8060200810432434,0.0005681393668055534
jasmine,NeuralNetFastAI,2685,299,0.290386458865088,0.44888516251341315,0.026940952986478806,0.051424767822027206,0.8093645572662354,0.0005822042003273964
jasmine,NeuralNetTorch,2685,299,0.28809913947765436,0.4319189998279557,0.027287354692816734,0.04006507247686386,0.8026756048202515,0.0005558421835303307
jasmine,RandomForest,2685,299,0.26198324768089754,0.3981947849277434,0.04393122345209122,0.07218165695667267,0.8193979859352112,0.0005561588332056999
jasmine,XGBoost,2685,299,0.25891933396683586,0.4025072613103543,0.040017303079366684,0.0213164072483778,0.8260869383811951,0.0005928836762905121
jm1,CatBoost,9796,1089,0.2693730664407402,0.42317504385147037,0.025690801441669464,0.013623761013150215,0.8117539286613464,0.0012492602691054344
jm1,ExtraTrees,9796,1089,0.264882790486161,0.41795805517299406,0.024947114288806915,0.011105055920779705,0.8191000819206238,0.0011995788663625717
jm1,LightGBM,9796,1089,0.2687265668199418,0.4223109019396242,0.025987133383750916,0.018006252124905586,0.8163452744483948,0.0012249285355210304
jm1,LinearModel,9796,1089,0.2839672590132392,0.44718440566020123,0.025371305644512177,0.019751878455281258,0.8062442541122437,0.001209481619298458
jm1,NeuralNetFastAI,9796,1089,0.27448435292073214,0.43600462120285216,0.03186170011758804,0.03359200060367584,0.8209366202354431,0.0012325868010520935
jm1,NeuralNetTorch,9796,1089,0.27790832480449124,0.438229597636961,0.022547375410795212,0.024917474016547203,0.8117539286613464,0.0012114057317376137
jm1,RandomForest,9796,1089,0.2669060325062573,0.4209908095049705,0.028413541615009308,0.021327469497919083,0.8181818127632141,0.0012290170416235924
jm1,XGBoost,9796,1089,0.2677517533730885,0.4218321480590494,0.0218513086438179,0.016438445076346397,0.8163452744483948,0.0012186430394649506
kc1,CatBoost,1898,211,0.18923507868995496,0.3125966314341043,0.027937136590480804,0.02904932014644146,0.8815165758132935,0.0005166186019778252
kc1,ExtraTrees,1898,211,0.19144707938571148,0.314951127769806,0.027748413383960724,0.030567994341254234,0.8767772316932678,0.0005003679543733597
kc1,LightGBM,1898,211,0.19826023363223605,0.32261116932855033,0.024993762373924255,0.021819191053509712,0.8672986030578613,0.0005219262093305588
kc1,LinearModel,1898,211,0.22001272204517416,0.3580232122716728,0.04813984036445618,0.03112954832613468,0.8530805706977844,0.0005352795124053955
kc1,NeuralNetFastAI,1898,211,0.19695247479164638,0.3239432460713244,0.03499636799097061,0.046196628361940384,0.8815165758132935,0.0005012322217226028
kc1,NeuralNetTorch,1898,211,0.21188989906309733,0.3376068472537777,0.028666457161307335,0.023188631981611252,0.8483412265777588,0.00048656854778528214
kc1,RandomForest,1898,211,0.18772796443324852,0.3115330161872831,0.026654452085494995,0.03181067854166031,0.8767772316932678,0.0004890449345111847
kc1,XGBoost,1898,211,0.2070196767379659,0.331169852868987,0.030057385563850403,0.012295776978135109,0.8578199148178101,0.0004915622994303703
kc2,CatBoost,469,53,0.2581985325832796,0.3874436517953597,0.05941389501094818,0.10010329633951187,0.7924528121948242,0.0003840094432234764
kc2,ExtraTrees,469,53,0.2739532590422089,0.4021035929709698,0.06302690505981445,0.09809226542711258,0.7735849022865295,0.0003673918545246124
kc2,LightGBM,469,53,0.1898497840738529,0.2899401035005205,0.06342833489179611,0.08327488601207733,0.8301886916160583,0.00037926528602838516
kc2,LinearModel,469,53,0.2695635450466799,0.3896482220376879,0.05700521916151047,0.10387307405471802,0.7735849022865295,0.00036261044442653656
kc2,NeuralNetFastAI,469,53,0.2352639885285065,0.3528932900129252,0.06864713132381439,0.0707186907529831,0.8113207817077637,0.00037428829818964005
kc2,NeuralNetTorch,469,53,0.2600993677520999,0.44573204656567345,0.05539010465145111,0.11369599401950836,0.8113207817077637,0.00039832480251789093
kc2,RandomForest,469,53,0.2314102074228273,0.33473466443530436,0.06101967394351959,0.0751401036977768,0.8113207817077637,0.0003674440085887909
kc2,XGBoost,469,53,0.24286182939433024,0.36623529918571257,0.08149337768554688,0.0878683477640152,0.8301886916160583,0.00036767497658729553
kdd_el_nino-small,CatBoost,703,79,0.08428425121187866,0.1255263827752491,0.039059679955244064,0.03142913430929184,0.8987341523170471,0.00038510560989379883
kdd_el_nino-small,ExtraTrees,703,79,0.09088096538788835,0.14793034301066113,0.028871966525912285,0.02629983238875866,0.9367088675498962,0.0004169819876551628
kdd_el_nino-small,LightGBM,703,79,0.13046783054232997,0.206463298834979,0.05189873278141022,0.04651449993252754,0.8860759735107422,0.0003851335495710373
kdd_el_nino-small,LinearModel,703,79,0.12345770007560326,0.18980086778209762,0.04773959890007973,0.037378739565610886,0.8860759735107422,0.00039530545473098755
kdd_el_nino-small,NeuralNetFastAI,703,79,0.13658222262285222,0.2189582878262928,0.05009041726589203,0.016160203143954277,0.8860759735107422,0.00039959512650966644
kdd_el_nino-small,NeuralNetTorch,703,79,0.14074084831942013,0.2512856259096227,0.06003616750240326,0.043144892901182175,0.9113923907279968,0.00041578616946935654
kdd_el_nino-small,RandomForest,703,79,0.10286804583071463,0.16301406448290817,0.03608996048569679,0.017978426069021225,0.9240506291389465,0.00038301385939121246
kdd_el_nino-small,XGBoost,703,79,0.08784286289778505,0.13731059841867832,0.045931294560432434,0.022723713889718056,0.9113923907279968,0.0003956258296966553
kdd_internet_usage,CatBoost,9097,1011,0.1503800243327146,0.23858265784281157,0.026012718677520752,0.013163398951292038,0.8862512111663818,0.0011155959218740463
kdd_internet_usage,ExtraTrees,9097,1011,0.166709394579995,0.260181874224311,0.02833535522222519,0.020348697900772095,0.8743817806243896,0.0010870834812521935
kdd_internet_usage,LightGBM,9097,1011,0.15589065191250517,0.24288966845496215,0.026127956807613373,0.01268638577312231,0.8803164958953857,0.0011214055120944977
kdd_internet_usage,LinearModel,9097,1011,0.16906905968683683,0.27680125227873814,0.018567105755209923,0.017965378239750862,0.8743817806243896,0.0011046137660741806
kdd_internet_usage,NeuralNetFastAI,9097,1011,0.15478167578306432,0.24087365735339378,0.030524160712957382,0.011731958948075771,0.882294774055481,0.0011047003790736198
kdd_internet_usage,NeuralNetTorch,9097,1011,0.15522573483811591,0.24189806092683866,0.025330159813165665,0.015924179926514626,0.8842729926109314,0.0011081518605351448
kdd_internet_usage,RandomForest,9097,1011,0.1610041006445383,0.25199033292686823,0.024118132889270782,0.019185952842235565,0.8783382773399353,0.001095426268875599
kdd_internet_usage,XGBoost,9097,1011,0.15706055872726096,0.24656840782529155,0.024338098242878914,0.013130742125213146,0.8803164958953857,0.0010871244594454765
kick,CatBoost,65684,7299,0.17867486052988305,0.3061696299520457,0.016164138913154602,0.004614025820046663,0.8769694566726685,0.006088373251259327
kick,ExtraTrees,65684,7299,0.1831822758503028,0.3132161344316934,0.015516309067606926,0.008609729818999767,0.8769694566726685,0.005208825692534447
kick,LightGBM,65684,7299,0.18119971505917598,0.3103674431814461,0.017724379897117615,0.003251869697123766,0.8769694566726685,0.005326775833964348
kick,LinearModel,65684,7299,0.1834353706403459,0.31503052140628945,0.010658025741577148,0.004400470294058323,0.8769694566726685,0.005104183219373226
kick,NeuralNetFastAI,65684,7299,0.17937535423682793,0.3076386686807225,0.01765378937125206,0.0052673774771392345,0.8769694566726685,0.005398586392402649
kick,NeuralNetTorch,65684,7299,0.1809166451869135,0.3094290292432056,0.01786860078573227,0.004721153061836958,0.8769694566726685,0.005161057226359844
kick,RandomForest,65684,7299,0.18133981042931138,0.31004103598518734,0.011934608221054077,0.00454957690089941,0.8769694566726685,0.005281039513647556
kick,XGBoost,65684,7299,0.1789600997665663,0.30641003857085886,0.016438007354736328,0.002569162752479315,0.8777914643287659,0.004986301995813847
kin8nm,CatBoost,7372,820,0.15621958164628,0.25073030737989993,0.0359201654791832,0.020321547985076904,0.8902438879013062,0.0009082918986678123
kin8nm,ExtraTrees,7372,820,0.2156098287762204,0.33787705642966664,0.029177138581871986,0.03925539553165436,0.8524390459060669,0.0008956063538789749
kin8nm,LightGBM,7372,820,0.15434126953979796,0.24663133319976652,0.03173542767763138,0.01861240342259407,0.8914633989334106,0.0009140018373727798
kin8nm,LinearModel,7372,820,0.35586585874518095,0.5337655455087589,0.026984818279743195,0.03217503800988197,0.7317073345184326,0.0009471150115132332
kin8nm,NeuralNetFastAI,7372,820,0.13447304558187026,0.21206736369431922,0.030323997139930725,0.026975087821483612,0.9012194871902466,0.0008940743282437325
kin8nm,NeuralNetTorch,7372,820,0.13204125168068565,0.20766660923715663,0.02506040781736374,0.02045040763914585,0.9048780202865601,0.000883989967405796
kin8nm,RandomForest,7372,820,0.2125197185381272,0.33696800472095517,0.0336712971329689,0.030962133780121803,0.8451219797134399,0.0009259693324565887
kin8nm,XGBoost,7372,820,0.17974243214848684,0.2887650406524229,0.03248834237456322,0.03748704120516777,0.8817073106765747,0.0008937334641814232
madeline,CatBoost,2826,314,0.19711820129151272,0.34014008715666105,0.02380710281431675,0.04745049774646759,0.8662420511245728,0.0005663270130753517
madeline,ExtraTrees,2826,314,0.22611062329426637,0.37032927738490634,0.029645457863807678,0.0394725538790226,0.843949019908905,0.0005589956417679787
madeline,LightGBM,2826,314,0.21302199119809623,0.36169015695126816,0.026963867247104645,0.03135637193918228,0.8630573153495789,0.0005527567118406296
madeline,LinearModel,2826,314,0.4886936539234852,0.6816358059088888,0.04435187578201294,0.04668211191892624,0.5828025341033936,0.0005804263055324554
madeline,NeuralNetFastAI,2826,314,0.3844898172983857,0.56827236766794,0.07213909924030304,0.06810168921947479,0.7038216590881348,0.0005761496722698212
madeline,NeuralNetTorch,2826,314,0.3547994509273188,0.5353393323078052,0.0666450709104538,0.08766429871320724,0.7611464858055115,0.0005553001537919044
madeline,RandomForest,2826,314,0.2426981383917168,0.4013659511448137,0.02789735607802868,0.0449923537671566,0.843949019908905,0.0005676113069057465
madeline,XGBoost,2826,314,0.2185476747047376,0.3665206775310745,0.02604692243039608,0.04608193039894104,0.8694267272949219,0.0005889618769288063
madelon,CatBoost,2340,260,0.19646838843091308,0.32854021370318637,0.0255588386207819,0.04528271034359932,0.8692307472229004,0.0005552889779210091
madelon,ExtraTrees,2340,260,0.21003752591064964,0.35234965960358355,0.02866535075008869,0.045980989933013916,0.8692307472229004,0.000552913174033165
madelon,LightGBM,2340,260,0.20016731569986007,0.33614520502461476,0.028616033494472504,0.05353385955095291,0.8692307472229004,0.0005308743566274643
madelon,LinearModel,2340,260,0.48731645847030464,0.6803667540716073,0.06035502254962921,0.01852399669587612,0.5538461804389954,0.0005355142056941986
madelon,NeuralNetFastAI,2340,260,0.39745654849205136,0.584982229872152,0.0710059106349945,0.11425049602985382,0.7346153855323792,0.0005344804376363754
madelon,NeuralNetTorch,2340,260,0.4324843922970156,0.6225641217078206,0.07057857513427734,0.12052925676107407,0.6961538195610046,0.0005362797528505325
madelon,RandomForest,2340,260,0.21903015897098738,0.35855885568122303,0.0341222882270813,0.029684418812394142,0.8538461327552795,0.0005335882306098938
madelon,XGBoost,2340,260,0.19809954090032983,0.3337933995204363,0.03152531012892723,0.0662064403295517,0.8846153616905212,0.0005228724330663681
mammography,CatBoost,10064,1119,0.039792139954394096,0.07455232124303213,0.012666473165154457,0.0051170652732253075,0.976764976978302,0.0011765677481889725
mammography,ExtraTrees,10064,1119,0.03958324925372248,0.14687670519447166,0.012983289547264576,0.004398657009005547,0.976764976978302,0.0011953795328736305
mammography,LightGBM,10064,1119,0.040420159576221505,0.1478641345994805,0.0162561796605587,0.00740262633189559,0.976764976978302,0.0011794660240411758
mammography,LinearModel,10064,1119,0.04102712124587956,0.1578879221684898,0.013405174016952515,0.008009511977434158,0.976764976978302,0.0011373208835721016
mammography,NeuralNetFastAI,10064,1119,0.03859910192123606,0.07208627430957221,0.012853723019361496,0.00253354012966156,0.976764976978302,0.0011182678863406181
mammography,NeuralNetTorch,10064,1119,0.03926918944463188,0.07388445724449437,0.01583641767501831,0.004768997896462679,0.976764976978302,0.0011850632727146149
mammography,RandomForest,10064,1119,0.0404773635250297,0.149757978137999,0.0136595219373703,0.00637381337583065,0.976764976978302,0.00112240482121706
mammography,XGBoost,10064,1119,0.039391877638882127,0.14509267838383383,0.014745750464498997,0.005204473156481981,0.976764976978302,0.0011285636574029922
mc1,CatBoost,8519,947,0.014044620101847097,0.031043345154051973,0.006287460681051016,0.001431356999091804,0.9926082491874695,0.0010589584708213806
mc1,ExtraTrees,8519,947,0.013968384857217863,0.029932604802819444,0.004451913759112358,3.8351612602127716e-05,0.9926082491874695,0.0010453034192323685
mc1,LightGBM,8519,947,0.013831707884587261,0.02790143719873769,0.005864826496690512,0.0006309326854534447,0.9926082491874695,0.001005927100777626
mc1,LinearModel,8519,947,0.014617953415948268,0.03756176770195053,0.005013360641896725,1.797436925699003e-05,0.9926082491874695,0.0010536033660173416
mc1,NeuralNetFastAI,8519,947,0.014252404598844675,0.11899071877523386,0.0047592842020094395,0.00019202510884497315,0.9926082491874695,0.0010604728013277054
mc1,NeuralNetTorch,8519,947,0.014057952207957594,0.03221161975471206,0.0048063816502690315,0.0005167011404410005,0.9926082491874695,0.0010599838569760323
mc1,RandomForest,8519,947,0.013713788291854432,0.02716869727734172,0.006301094312220812,0.00020429409050848335,0.9926082491874695,0.0008075311779975891
mc1,XGBoost,8519,947,0.013736430167857855,0.027123388092872798,0.006262758746743202,0.0009531756513752043,0.9926082491874695,0.0010473988950252533
meta,CatBoost,475,53,0.12173310472072989,0.17511339868012338,0.05368495732545853,0.04110637307167053,0.8679245114326477,0.0003731073811650276
meta,ExtraTrees,475,53,0.15809837993609147,0.24823580249289912,0.04962030053138733,0.1219724640250206,0.9056603908538818,0.0003892183303833008
meta,LightGBM,475,53,0.12538081093117256,0.17978817713342257,0.0544627383351326,0.0381958968937397,0.8679245114326477,0.00037076883018016815
meta,LinearModel,475,53,0.11591952660784498,0.18005142436440547,0.05777466669678688,0.025542002171278,0.9056603908538818,0.00035648513585329056
meta,NeuralNetFastAI,475,53,0.15517290288774818,0.24224609994839147,0.11268069595098495,0.08912923187017441,0.8679245114326477,0.00036598462611436844
meta,NeuralNetTorch,475,53,0.09279985963653552,0.14953067273303164,0.0475294403731823,0.04154963046312332,0.9433962106704712,0.00035198871046304703
meta,RandomForest,475,53,0.12358318730426594,0.19908828614997148,0.069542795419693,0.10727866739034653,0.9056603908538818,0.0003621736541390419
meta,XGBoost,475,53,0.12235255548817349,0.1783982308303463,0.06602107733488083,0.03771918639540672,0.9056603908538818,0.0003656884655356407
mozilla4,CatBoost,13990,1555,0.07308584556831636,0.13420355734025957,0.019601501524448395,0.008509084582328796,0.9562700986862183,0.001461787149310112
mozilla4,ExtraTrees,13990,1555,0.07495001052967853,0.13685666377957043,0.01906699314713478,0.006198256742209196,0.9549839496612549,0.0013298727571964264
mozilla4,LightGBM,13990,1555,0.07732400304167554,0.13985864099744003,0.01911378651857376,0.007373233325779438,0.9536977410316467,0.0014156671240925789
mozilla4,LinearModel,13990,1555,0.14063586779960136,0.23711683156147267,0.018709279596805573,0.006809661630541086,0.9131832718849182,0.0014769714325666428
mozilla4,NeuralNetFastAI,13990,1555,0.11998121058471797,0.21443470903139109,0.016113484278321266,0.011366410180926323,0.927974283695221,0.0014490317553281784
mozilla4,NeuralNetTorch,13990,1555,0.11454163861877353,0.22005756829701142,0.04525741934776306,0.05402618646621704,0.9382636547088623,0.0014431998133659363
mozilla4,RandomForest,13990,1555,0.08198215185034949,0.1556878590812164,0.021971136331558228,0.01279395166784525,0.9511253833770752,0.0012528961524367332
mozilla4,XGBoost,13990,1555,0.07830588360508153,0.14135496592120145,0.020718522369861603,0.008606544695794582,0.953054666519165,0.0014360100030899048
no2,CatBoost,450,50,0.438065605470576,0.6249004386088189,0.07876729220151901,0.12649691104888916,0.5799999833106995,0.00037498772144317627
no2,ExtraTrees,450,50,0.4081002385066258,0.5926057392769173,0.0568888857960701,0.05272998660802841,0.7400000095367432,0.00036531686782836914
no2,LightGBM,450,50,0.4632296296296296,0.6544469953462191,0.07600000500679016,0.08666666597127914,0.6000000238418579,0.00035528652369976044
no2,LinearModel,450,50,0.4908246913580247,0.6850220460407682,0.15466666221618652,0.18577778339385986,0.5799999833106995,0.0003626001998782158
no2,NeuralNetFastAI,450,50,0.43322469135802477,0.6220170554583043,0.08133335411548615,0.12444444745779037,0.6000000238418579,0.00036199111491441727
no2,NeuralNetTorch,450,50,0.44669629629629626,0.6397318677199292,0.07644444704055786,0.09511110931634903,0.6600000262260437,0.0003648456186056137
no2,RandomForest,450,50,0.43249382716049384,0.6145270865336081,0.09777779877185822,0.1631111055612564,0.5600000023841858,0.000375344417989254
no2,XGBoost,450,50,0.44833580246913585,0.6373021733488673,0.07333333790302277,0.06533333659172058,0.6200000047683716,0.00038866326212882996
nomao,CatBoost,31018,3447,0.04746573940197846,0.08296910540644477,0.003538992255926132,0.0025129166897386312,0.9718595743179321,0.0025635650381445885
nomao,ExtraTrees,31018,3447,0.055391578103586206,0.10271817268638758,0.009362340904772282,0.006228788290172815,0.9675079584121704,0.002155075781047344
nomao,LightGBM,31018,3447,0.04567491509545965,0.08073366492762923,0.00473578879609704,0.0037363513838499784,0.973310112953186,0.002438591793179512
nomao,LinearModel,31018,3447,0.08302995828773634,0.1404557538377706,0.005558614153414965,0.0028960388153791428,0.9472004771232605,0.002561780624091625
nomao,NeuralNetFastAI,31018,3447,0.05989986218371311,0.10370680325169025,0.0036435453221201897,0.00434047169983387,0.964026689529419,0.0024724407121539116
nomao,NeuralNetTorch,31018,3447,0.05774604633557556,0.10027340033183897,0.004064306616783142,0.005416864063590765,0.9654772281646729,0.0025470582768321037
nomao,RandomForest,31018,3447,0.05389857133148499,0.09912278977333235,0.007456525694578886,0.004426018800586462,0.9680882096290588,0.0021966109052300453
nomao,XGBoost,31018,3447,0.04820942089258518,0.08329086635685536,0.0034195617772638798,0.0022340042050927877,0.9712793827056885,0.002542254514992237
numerai28_6,CatBoost,86688,9632,0.4990295629606602,0.6921755192428294,0.02855302393436432,0.001459235791116953,0.5150539875030518,0.00752311572432518
numerai28_6,ExtraTrees,86688,9632,0.49921475776584584,0.6923622765127084,0.03237171471118927,0.005168374627828598,0.5165074467658997,0.006589634343981743
numerai28_6,LightGBM,86688,9632,0.49926795251547673,0.6924151899879648,0.04468858242034912,0.003533940529450774,0.5137042999267578,0.006570684723556042
numerai28_6,LinearModel,86688,9632,0.49910868651211177,0.6922553736529453,0.025530124083161354,0.0021013906225562096,0.519518256187439,0.006574748083949089
numerai28_6,NeuralNetFastAI,86688,9632,0.49889118983298775,0.6920377029451921,0.02513521909713745,0.0038831408601254225,0.5191029906272888,0.006527155637741089
numerai28_6,NeuralNetTorch,86688,9632,0.4987427504976662,0.6918895848941768,0.03440660238265991,0.00309636234305799,0.5230481624603271,0.0063072675839066505
numerai28_6,RandomForest,86688,9632,0.49948018590723,0.6926272232760946,0.037058260291814804,0.004815161693841219,0.5123546719551086,0.006348435766994953
numerai28_6,XGBoost,86688,9632,0.49913239605625226,0.6922787863912778,0.03589776158332825,0.0037150669377297163,0.5192068219184875,0.006523153744637966
ozone-level-8hr,CatBoost,2280,254,0.08432152352147115,0.13816493717707318,0.023673851042985916,0.009600816294550896,0.9370078444480896,0.0005342373624444008
ozone-level-8hr,ExtraTrees,2280,254,0.08603408644849597,0.13684925324357042,0.032765571027994156,0.011634032242000103,0.9370078444480896,0.0004999060183763504
ozone-level-8hr,LightGBM,2280,254,0.08695543510662275,0.13836192287147595,0.029493022710084915,0.0066480617970228195,0.9370078444480896,0.0005256105214357376
ozone-level-8hr,LinearModel,2280,254,0.0824626838542689,0.1307039133210005,0.03180687874555588,0.017612967640161514,0.9370078444480896,0.000521673820912838
ozone-level-8hr,NeuralNetFastAI,2280,254,0.07911580304539495,0.1272698743272886,0.028957730159163475,0.010049774311482906,0.9370078444480896,0.0005198465660214424
ozone-level-8hr,NeuralNetTorch,2280,254,0.07555262309662816,0.12567011420368804,0.031426992267370224,0.013641427271068096,0.9370078444480896,0.0005186907947063446
ozone-level-8hr,RandomForest,2280,254,0.08169355713326693,0.13497406477126536,0.02681654877960682,0.01104262750595808,0.9370078444480896,0.0005074767395853996
ozone-level-8hr,XGBoost,2280,254,0.08068198516838744,0.13616693444779845,0.02859511226415634,0.009850872680544853,0.9370078444480896,0.0005249874666333199
parity5_plus_5,CatBoost,1011,113,0.000249845364804596,0.0032184588056715954,0.0031543374061584473,0.0031543897930532694,1.0,0.0003974549472332001
parity5_plus_5,ExtraTrees,1011,113,0.05490276298889488,0.08754970736920677,0.020557913929224014,0.025527793914079666,0.9646017551422119,0.0004178667441010475
parity5_plus_5,LightGBM,1011,113,0.0004719301335197924,0.006079311077379681,0.005958139896392822,0.005958202760666609,1.0,0.0004090210422873497
parity5_plus_5,LinearModel,1011,113,0.4844868030943404,0.6774050325549521,0.048891618847846985,0.04909176379442215,0.5486725568771362,0.0004272414371371269
parity5_plus_5,NeuralNetFastAI,1011,113,0.00019432417262579688,0.0025032457377445745,0.0024533867835998535,0.002453436376526952,1.0,0.0004088897258043289
parity5_plus_5,NeuralNetTorch,1011,113,0.00027760596089399555,0.0035760653396351063,0.003504812717437744,0.003504866501316428,1.0,0.0004040626809000969
parity5_plus_5,RandomForest,1011,113,0.08398984071665959,0.1450157925411603,0.030341098085045815,0.03834081441164017,0.9469026327133179,0.0004235152155160904
parity5_plus_5,XGBoost,1011,113,0.00016656357653639732,0.002145639203781064,0.0021029114723205566,0.0021029599010944366,1.0,0.0004094047471880913
pbcseq,CatBoost,1750,195,0.20511045525902669,0.3396814982615196,0.03396337106823921,0.05998534709215164,0.8820512890815735,0.0004937369376420975
pbcseq,ExtraTrees,1750,195,0.23853382084888794,0.38309250949532114,0.04363369196653366,0.0427715890109539,0.8410256505012512,0.0004626307636499405
pbcseq,LightGBM,1750,195,0.20253739403453688,0.33667386333793997,0.05221978574991226,0.07495971024036407,0.8871794939041138,0.00048462022095918655
pbcseq,LinearModel,1750,195,0.40990677132391423,0.5949771101208946,0.05230768024921417,0.07091575115919113,0.6666666865348816,0.00045989733189344406
pbcseq,NeuralNetFastAI,1750,195,0.29797844060701206,0.4634051264570094,0.031238127499818802,0.0336117222905159,0.7897436022758484,0.0004939651116728783
pbcseq,NeuralNetTorch,1750,195,0.30833029827315533,0.4806012482865695,0.07038833945989609,0.10722344368696213,0.7897436022758484,0.00046146009117364883
pbcseq,RandomForest,1750,195,0.24653692253749515,0.405238555197425,0.07272347807884216,0.10495791584253311,0.8717948794364929,0.0004655541852116585
pbcseq,XGBoost,1750,195,0.19209846153846158,0.3282019170855072,0.03791942819952965,0.06558241695165634,0.8974359035491943,0.0004627229645848274
pc1,CatBoost,998,111,0.09844174385588526,0.18092245099159043,0.023063061758875847,0.03293653205037117,0.9369369149208069,0.00041472911834716797
pc1,ExtraTrees,998,111,0.09778294327385237,0.9212308167240071,0.016486484557390213,0.01092542801052332,0.9369369149208069,0.0004112226888537407
pc1,LightGBM,998,111,0.10442186407861147,1.6999335022855233,0.030605897307395935,0.04238114878535271,0.9369369149208069,0.0004166625440120697
pc1,LinearModel,998,111,0.10847033700367034,0.19366581493656493,0.026786785572767258,0.008588618598878384,0.9369369149208069,0.00041254330426454544
pc1,NeuralNetFastAI,998,111,0.11615514669858105,0.21452804688380386,0.042315948754549026,0.057323653250932693,0.9369369149208069,0.0004242546856403351
pc1,NeuralNetTorch,998,111,0.10235344545647575,0.9259262251912279,0.025525523349642754,0.019399341195821762,0.9369369149208069,0.0004056403413414955
pc1,RandomForest,998,111,0.09385055233389548,0.17623246115405886,0.02270270325243473,0.016094746068120003,0.9369369149208069,0.0003995560109615326
pc1,XGBoost,998,111,0.09722956569196554,0.16980102138391115,0.022072073072195053,0.011112318374216557,0.9369369149208069,0.00040649715811014175
pc2,CatBoost,5030,559,0.006928021696972346,0.016871151914759307,0.0033790497109293938,0.0005297937314026058,0.9964221715927124,0.0007496597245335579
pc2,ExtraTrees,5030,559,0.006934391989726449,0.017047253016208262,0.003378654830157757,0.0007112957537174225,0.9964221715927124,0.0006262278184294701
pc2,LightGBM,5030,559,0.006940204008615969,0.01663240056825121,0.003464236157014966,0.0007656653760932386,0.9964221715927124,0.0007230760529637337
pc2,LinearModel,5030,559,0.006944957787489373,0.01743845273823914,0.0034995749592781067,0.0002369603025726974,0.9964221715927124,0.0007424866780638695
pc2,NeuralNetFastAI,5030,559,0.0069512060960314715,0.017629056372356403,0.003378654597327113,0.0012888778001070023,0.9964221715927124,0.0007469579577445984
pc2,NeuralNetTorch,5030,559,0.006884961959465257,0.01644241538687452,0.0034642359241843224,0.0005898106028325856,0.9964221715927124,0.0007783900946378708
pc2,RandomForest,5030,559,0.00693346866775572,0.01692018945719287,0.003464010078459978,0.0010622015688568354,0.9964221715927124,0.0006477832794189453
pc2,XGBoost,5030,559,0.006916072393439346,0.01591536667073275,0.0034853490069508553,0.000681022647768259,0.9964221715927124,0.0007468350231647491
pc3,CatBoost,1406,157,0.1732327252913316,0.2823054049091309,0.04020417854189873,0.047353170812129974,0.8980891704559326,0.00045073777437210083
pc3,ExtraTrees,1406,157,0.16371184503742658,0.26358237764797965,0.038620248436927795,0.054230500012636185,0.8980891704559326,0.0004313969984650612
pc3,LightGBM,1406,157,0.17263817893379685,0.8074566845283047,0.04282423108816147,0.04188298061490059,0.8980891704559326,0.000433528795838356
pc3,LinearModel,1406,157,0.1832475183339832,0.3106118428712791,0.045670147985219955,0.06207156181335449,0.8980891704559326,0.0004376797005534172
pc3,NeuralNetFastAI,1406,157,0.17984973921885786,0.8235661748117199,0.04019967094063759,0.05107962712645531,0.8980891704559326,0.0004660803824663162
pc3,NeuralNetTorch,1406,157,0.19528003586764361,0.33634336555867533,0.05230674147605896,0.084107406437397,0.8980891704559326,0.0004341593012213707
pc3,RandomForest,1406,157,0.1741761915394622,0.28618496474215005,0.04237249493598938,0.051981907337903976,0.8980891704559326,0.00045862793922424316
pc3,XGBoost,1406,157,0.17827555859744265,0.2836129143387388,0.05145231634378433,0.05889073759317398,0.8980891704559326,0.00045804306864738464
pc4,CatBoost,1312,146,0.14716519796854505,0.22684181751456195,0.038595713675022125,0.04366730526089668,0.9041095972061157,0.0004391400143504143
pc4,ExtraTrees,1312,146,0.1345864721531789,0.21521437609208147,0.02438770979642868,0.023858575150370598,0.8972602486610413,0.0004231072962284088
pc4,LightGBM,1312,146,0.12686961344690742,0.20417818313782504,0.03382830321788788,0.029408201575279236,0.9246575236320496,0.000436343252658844
pc4,LinearModel,1312,146,0.13082409468512352,0.21560372925782456,0.03303452208638191,0.023769782856106758,0.9109588861465454,0.00042511429637670517
pc4,NeuralNetFastAI,1312,146,0.13008407803315136,0.21510091064649112,0.02975958026945591,0.0327397845685482,0.9178082346916199,0.0004344424232840538
pc4,NeuralNetTorch,1312,146,0.13375812808676416,0.20886514571349338,0.03862582519650459,0.03036477603018284,0.9109588861465454,0.0004285108298063278
pc4,RandomForest,1312,146,0.13515495949842954,0.20653573308504253,0.028642594814300537,0.019060658290982246,0.9041095972061157,0.00044203735888004303
pc4,XGBoost,1312,146,0.1375723835851469,0.21171771716606178,0.031237035989761353,0.021032722666859627,0.9041095972061157,0.00044256169348955154
philippine,CatBoost,5248,584,0.3205113890185489,0.47667449760163666,0.02115461602807045,0.04349212348461151,0.7705479264259338,0.0008470872417092323
philippine,ExtraTrees,5248,584,0.3181227607237095,0.47816807293013247,0.024597108364105225,0.024083901196718216,0.767123281955719,0.000799114815890789
philippine,LightGBM,5248,584,0.30176814536684815,0.45547396780873106,0.019040733575820923,0.012684074230492115,0.7756849527359009,0.0007788399234414101
philippine,LinearModel,5248,584,0.3788199564319452,0.5647259782368865,0.025354981422424316,0.05342152714729309,0.7191780805587769,0.0008192714303731918
philippine,NeuralNetFastAI,5248,584,0.3659715643265005,0.5407054233087218,0.026871129870414734,0.05605759844183922,0.7345890402793884,0.0008175531402230263
philippine,NeuralNetTorch,5248,584,0.36501559298861413,0.544274233127679,0.02979211136698723,0.055283136665821075,0.7294520735740662,0.0008024536073207855
philippine,RandomForest,5248,584,0.32212127186648754,0.48721845268882025,0.023038944229483604,0.02296585775911808,0.7602739930152893,0.000785524956882
philippine,XGBoost,5248,584,0.3007467719040257,0.4584571573647249,0.025226429104804993,0.02517514117062092,0.7791095972061157,0.000830930657684803
phoneme,CatBoost,4863,541,0.14370035935989964,0.22790292656454952,0.03135482966899872,0.02890552207827568,0.8927911520004272,0.0007594246417284012
phoneme,ExtraTrees,4863,541,0.12780113267043403,0.2095284635932549,0.024401798844337463,0.01142943650484085,0.9094269871711731,0.000700121745467186
phoneme,LightGBM,4863,541,0.13907492634285384,0.22549419285805766,0.020941250026226044,0.008458919823169708,0.9038817286491394,0.0007453104481101036
phoneme,LinearModel,4863,541,0.3245881208655388,0.48614193171121695,0.028668582439422607,0.03828752040863037,0.7634010910987854,0.0007624290883541107
phoneme,NeuralNetFastAI,4863,541,0.16198339814974036,0.2606324627653357,0.028057333081960678,0.018026748672127724,0.8853974342346191,0.0007554804906249046
phoneme,NeuralNetTorch,4863,541,0.15131550559310203,0.24735576227359563,0.02457346022129059,0.01693851128220558,0.8946395516395569,0.0007580090314149857
phoneme,RandomForest,4863,541,0.13988243588139795,0.22858565994334248,0.027868501842021942,0.018096555024385452,0.905730128288269,0.0007002744823694229
phoneme,XGBoost,4863,541,0.13585630127537726,0.22468621971048824,0.017932802438735962,0.026036618277430534,0.9112753868103027,0.0007372377440333366
pm10,CatBoost,450,50,0.43225301411640593,0.6269686866398684,0.09521566331386566,0.17910097539424896,0.7599999904632568,0.00036312825977802277
pm10,ExtraTrees,450,50,0.46838827340831124,0.6613849908271728,0.07632847130298615,0.03661132976412773,0.6000000238418579,0.0003677858039736748
pm10,LightGBM,450,50,0.40553086419753087,0.5968288045174793,0.09155553579330444,0.15466666221618652,0.7200000286102295,0.0003780759871006012
pm10,LinearModel,450,50,0.47970370370370374,0.6725901092885975,0.07733334600925446,0.08666666597127914,0.6000000238418579,0.00036898721009492874
pm10,NeuralNetFastAI,450,50,0.5174123456790123,0.7116407309154584,0.07866671681404114,0.09244444221258163,0.5400000214576721,0.00035600271075963974
pm10,NeuralNetTorch,450,50,0.5175111111111111,0.711388735245495,0.12666666507720947,0.14533333480358124,0.5400000214576721,0.0003675827756524086
pm10,RandomForest,450,50,0.4385312547135585,0.631601431486165,0.12084183841943741,0.16678589582443237,0.7400000095367432,0.000354166142642498
pm10,XGBoost,450,50,0.4985876543209876,0.6948714261874478,0.07466667145490646,0.17555555701255798,0.5199999809265137,0.00036082416772842407
pollen,CatBoost,3463,385,0.5010164956573214,0.6941698475897154,0.055245816707611084,0.015287148766219616,0.5038961172103882,0.000668567605316639
pollen,ExtraTrees,3463,385,0.5012887893550165,0.6944385711945874,0.03693917393684387,0.006700628902763128,0.4987013041973114,0.0006635142490267754
pollen,LightGBM,3463,385,0.502537883094815,0.6957000325962663,0.044674940407276154,0.019777998328208923,0.48051947355270386,0.0006529930979013443
pollen,LinearModel,3463,385,0.5034743474927466,0.6966362283309925,0.04446692764759064,0.020586667582392693,0.5038961172103882,0.0006519649177789688
pollen,NeuralNetFastAI,3463,385,0.5011003771069873,0.6942549407466637,0.05834574997425079,0.04342098534107208,0.48571428656578064,0.000668882392346859
pollen,NeuralNetTorch,3463,385,0.5045617379722954,0.6977298931631318,0.064106285572052,0.04597317427396774,0.4987013041973114,0.000658075325191021
pollen,RandomForest,3463,385,0.5011427579745494,0.6942902609546205,0.04440617561340332,0.0016431770054623485,0.4753246605396271,0.000631013885140419
pollen,XGBoost,3463,385,0.5044311134511863,0.6975917446991148,0.041015058755874634,0.03671742603182793,0.48571428656578064,0.0006499979645013809
puma32H,CatBoost,7372,820,0.1338175258663824,0.21240388491010845,0.018180161714553833,0.013095304369926453,0.9073171019554138,0.0010162442922592163
puma32H,ExtraTrees,7372,820,0.1450198561477228,0.22597006348387916,0.02458713948726654,0.01819341816008091,0.8963414430618286,0.0009921686723828316
puma32H,LightGBM,7372,820,0.14841140265871527,0.23210191397515167,0.020511627197265625,0.012731261551380157,0.8914633989334106,0.0009589986875653267
puma32H,LinearModel,7372,820,0.46501226663127115,0.6578114989551794,0.03958864137530327,0.0324488990008831,0.6353658437728882,0.0009749215096235275
puma32H,NeuralNetFastAI,7372,820,0.1129432024682252,0.18440626144486577,0.015817251056432724,0.014324718154966831,0.9243902564048767,0.0009791851043701172
puma32H,NeuralNetTorch,7372,820,0.11741655305681488,0.19212042841537408,0.020132698118686676,0.02408081479370594,0.9243902564048767,0.0009442456066608429
puma32H,RandomForest,7372,820,0.15770478565143822,0.24788403711516396,0.021342292428016663,0.013449205085635185,0.8878048658370972,0.000982026569545269
puma32H,XGBoost,7372,820,0.14821730145432374,0.2362501108051856,0.016783591359853745,0.020472094416618347,0.8963414430618286,0.0009694956243038177
puma8NH,CatBoost,7372,820,0.22849606985874157,0.3615237075805296,0.01758616417646408,0.016258716583251953,0.8390243649482727,0.000979248434305191
puma8NH,ExtraTrees,7372,820,0.2324055561559991,0.36547058571782365,0.017129413783550262,0.03066191077232361,0.8378048539161682,0.001009676605463028
puma8NH,LightGBM,7372,820,0.23501242535067096,0.3694069070207801,0.028160177171230316,0.015998128801584244,0.8353658318519592,0.0009727310389280319
puma8NH,LinearModel,7372,820,0.2537608745514746,0.3927371734030686,0.014320584014058113,0.028292570263147354,0.8256097435951233,0.0009926632046699524
puma8NH,NeuralNetFastAI,7372,820,0.23188320832608644,0.3631939259173601,0.021284379065036774,0.02514607086777687,0.8329268097877502,0.0009740861132740974
puma8NH,NeuralNetTorch,7372,820,0.22767282805326367,0.3570364718433116,0.02071237564086914,0.033234771341085434,0.8390243649482727,0.0009925179183483124
puma8NH,RandomForest,7372,820,0.2297436284524051,0.36195672770938014,0.016655242070555687,0.026143426075577736,0.8390243649482727,0.0009509818628430367
puma8NH,XGBoost,7372,820,0.22883554757112465,0.3652883995576454,0.022477395832538605,0.01911526918411255,0.8414633870124817,0.000998200848698616
qsar-biodeg,CatBoost,949,106,0.180601190631532,0.2924553523185019,0.027408145368099213,0.017610769718885422,0.8773584961891174,0.00039408542215824127
qsar-biodeg,ExtraTrees,949,106,0.17115073094992034,0.27597508587520664,0.03912612050771713,0.020461028441786766,0.8773584961891174,0.0004178425297141075
qsar-biodeg,LightGBM,949,106,0.18110224828478413,0.3030205444912587,0.03157895430922508,0.03291850537061691,0.8773584961891174,0.00039829500019550323
qsar-biodeg,LinearModel,949,106,0.1820208863182284,0.2901903435965757,0.03402353450655937,0.07524879276752472,0.8584905862808228,0.00039822328835725784
qsar-biodeg,NeuralNetFastAI,949,106,0.16720420566553296,0.2647415517783987,0.046375375241041183,0.03889687359333038,0.8679245114326477,0.00040460005402565
qsar-biodeg,NeuralNetTorch,949,106,0.19084566098826874,0.3130133623742331,0.028699103742837906,0.04011493921279907,0.8773584961891174,0.00040978286415338516
qsar-biodeg,RandomForest,949,106,0.1685568422344487,0.27305199548700665,0.03217478096485138,0.029263243079185486,0.8773584961891174,0.0004144050180912018
qsar-biodeg,XGBoost,949,106,0.17882851679140918,0.29112580501920354,0.027904674410820007,0.030509836971759796,0.8867924809455872,0.0004071258008480072
ringnorm,CatBoost,6660,740,0.033786507471679134,0.06275840478862921,0.005902518983930349,0.004429439082741737,0.9810810685157776,0.0009349687024950981
ringnorm,ExtraTrees,6660,740,0.03586459665043638,0.06505699149248276,0.006017346866428852,0.0016318982234224677,0.9797297120094299,0.0008886968716979027
ringnorm,LightGBM,6660,740,0.029727243679033306,0.05682600077678086,0.003274895716458559,0.0034575210884213448,0.9837837815284729,0.0008880924433469772
ringnorm,LinearModel,6660,740,0.3113960502991426,0.46528706396669595,0.034696854650974274,0.013239591382443905,0.7756756544113159,0.0009319605305790901
ringnorm,NeuralNetFastAI,6660,740,0.03988530166397223,0.07347050660930297,0.0069373357109725475,0.003970885183662176,0.9770269989967346,0.0008678631857037544
ringnorm,NeuralNetTorch,6660,740,0.03563951704321804,0.06461677439127439,0.006716175004839897,0.001312821637839079,0.9797297120094299,0.0008602133020758629
ringnorm,RandomForest,6660,740,0.06055014705326453,0.10605873266836972,0.006462544202804565,0.006490238942205906,0.9635134935379028,0.0008546384051442146
ringnorm,XGBoost,6660,740,0.038023706686964545,0.06958175644776064,0.0061906552873551846,0.0037902863696217537,0.9783783555030823,0.00088503398001194
rmftsa_ladata,CatBoost,457,51,0.16744478444368482,0.27024575006252977,0.05391684174537659,0.10518136620521545,0.8627451062202454,0.00037286244332790375
rmftsa_ladata,ExtraTrees,457,51,0.18247310779897855,0.2755198533114833,0.0477408841252327,0.08978874981403351,0.8627451062202454,0.0003590565174818039
rmftsa_ladata,LightGBM,457,51,0.17474123220666832,0.2814155498194275,0.06100218743085861,0.09364402294158936,0.8627451062202454,0.0003654537722468376
rmftsa_ladata,LinearModel,457,51,0.1164842339652377,0.19885043897829252,0.06082221120595932,0.07382782548666,0.9411764740943909,0.000364045612514019
rmftsa_ladata,NeuralNetFastAI,457,51,0.08732619197647554,0.17115219942043083,0.043876100331544876,0.0779198631644249,0.9607843160629272,0.00037059560418128967
rmftsa_ladata,NeuralNetTorch,457,51,0.11509556358191717,0.20971591055227967,0.046604156494140625,0.06449747085571289,0.9411764740943909,0.0003684014081954956
rmftsa_ladata,RandomForest,457,51,0.15512461681444964,0.2512612559242108,0.04290992021560669,0.051785558462142944,0.8823529481887817,0.00035181082785129547
rmftsa_ladata,XGBoost,457,51,0.19821489873925718,0.29847114531012925,0.06564363837242126,0.11538312584161758,0.8627451062202454,0.00036360789090394974
spambase,CatBoost,4140,461,0.08272379030189479,0.15168909695270472,0.02523917891085148,0.02557632513344288,0.952277660369873,0.0007118992507457733
spambase,ExtraTrees,4140,461,0.09208954593605016,0.34115465288442715,0.026067258790135384,0.02709866315126419,0.9457700848579407,0.0006572408601641655
spambase,LightGBM,4140,461,0.0827377013635483,0.32069254020231835,0.02048686519265175,0.02358870580792427,0.9501084685325623,0.0006979843601584435
spambase,LinearModel,4140,461,0.10883803280540873,0.19091326947202114,0.0241074338555336,0.024678539484739304,0.9349240660667419,0.0006966041401028633
spambase,NeuralNetFastAI,4140,461,0.10349500027564891,0.19477325533103113,0.029897194355726242,0.018873050808906555,0.9414316415786743,0.0006623603403568268
spambase,NeuralNetTorch,4140,461,0.09458485832481706,0.35036450115887696,0.02336341142654419,0.02288135327398777,0.9457700848579407,0.0006982432678341866
spambase,RandomForest,4140,461,0.090772380722724,0.3345845874785555,0.02477964013814926,0.02917524427175522,0.9457700848579407,0.0006717788055539131
spambase,XGBoost,4140,461,0.09047705687363317,0.15342896297102157,0.02677963674068451,0.029661420732736588,0.9436008930206299,0.0006752600893378258
sylvine,CatBoost,4611,513,0.09580958624112981,0.1722986106167906,0.02432740479707718,0.02351127192378044,0.9454191327095032,0.0007235528901219368
sylvine,ExtraTrees,4611,513,0.09370490464160287,0.4836209854097351,0.022731631994247437,0.022731631994247437,0.9454191327095032,0.0007051527500152588
sylvine,LightGBM,4611,513,0.09930098411996338,0.17142452817699544,0.016208721324801445,0.012259731069207191,0.9395711421966553,0.000725889578461647
sylvine,LinearModel,4611,513,0.16322399836804227,0.27507611788802383,0.028740810230374336,0.020190313458442688,0.892787516117096,0.0007241116836667061
sylvine,NeuralNetFastAI,4611,513,0.10868693689932864,0.17991189895284423,0.022630689665675163,0.015905708074569702,0.9317739009857178,0.0007205745205283165
sylvine,NeuralNetTorch,4611,513,0.1198325023176513,0.20207821042967786,0.024752743542194366,0.021510599181056023,0.9259259104728699,0.0006999894976615906
sylvine,RandomForest,4611,513,0.10938697282600572,0.18836674299308964,0.020546065643429756,0.0268317349255085,0.9317739009857178,0.0007582493126392365
sylvine,XGBoost,4611,513,0.08994566509345987,0.159467094280168,0.014814645051956177,0.012655520811676979,0.9473684430122375,0.0007417956367135048
tokyo1,CatBoost,863,96,0.0652577327139681,0.10487846180241062,0.0325823649764061,0.010869184508919716,0.9479166865348816,0.0004102420061826706
tokyo1,ExtraTrees,863,96,0.06745393293603184,0.11618103314268084,0.03234012424945831,0.023179277777671814,0.9479166865348816,0.0004106340929865837
tokyo1,LightGBM,863,96,0.11443589201984611,0.17269187854809162,0.025314928963780403,0.019843509420752525,0.9166666865348816,0.0003919871523976326
tokyo1,LinearModel,863,96,0.11506926262460837,0.18331235818860317,0.04203004017472267,0.0555068664252758,0.9375,0.00040447898209095
tokyo1,NeuralNetFastAI,863,96,0.08920553905987873,0.1385519949049864,0.03185562789440155,0.027475716546177864,0.9166666865348816,0.00039996858686208725
tokyo1,NeuralNetTorch,863,96,0.08316011538560919,0.13866490630378528,0.02428952418267727,0.034881774336099625,0.9270833134651184,0.0003920160233974457
tokyo1,RandomForest,863,96,0.07086464431055618,0.11717450017887503,0.024830425158143044,0.02403152920305729,0.9479166865348816,0.0003844723105430603
tokyo1,XGBoost,863,96,0.08558859039174789,0.1360680933037748,0.023619184270501137,0.012938043102622032,0.9270833134651184,0.00042119715362787247
twonorm,CatBoost,6660,740,0.0418128196372657,0.07947677087290309,0.004804807715117931,0.0062920995987951756,0.9770269989967346,0.0009386539459228516
twonorm,ExtraTrees,6660,740,0.039309684465407294,0.07484069701603613,0.007149809040129185,0.00470927357673645,0.9783783555030823,0.0009127287194132805
twonorm,LightGBM,6660,740,0.037126626261030936,0.06879474967058256,0.0048738326877355576,0.006718250922858715,0.9797297120094299,0.0008710790425539017
twonorm,LinearModel,6660,740,0.03518982215719493,0.07070423436927709,0.0056915199384093285,0.006868352647870779,0.9810810685157776,0.0009135017171502113
twonorm,NeuralNetFastAI,6660,740,0.0397585983841158,0.07772672226795017,0.008942044340074062,0.00692516565322876,0.9783783555030823,0.0009104087948799133
twonorm,NeuralNetTorch,6660,740,0.03966791846631146,0.07751841395707955,0.004796694964170456,0.005504827480763197,0.9783783555030823,0.0008996045216917992
twonorm,RandomForest,6660,740,0.03945613614605659,0.07426359147535468,0.006949783302843571,0.007227796595543623,0.9783783555030823,0.0008715614676475525
twonorm,XGBoost,6660,740,0.041205132573528,0.07470533384671554,0.0079275444149971,0.005807205103337765,0.9770269989967346,0.0009065289050340652
visualizing_soil,CatBoost,7776,865,0.042771668875601236,0.0592952427022786,0.021359862759709358,0.0011012512259185314,0.9583814740180969,0.0010089771822094917
visualizing_soil,ExtraTrees,7776,865,0.049132947976878616,0.06811272872554376,0.024855490773916245,0.0063584716990590096,0.9445086717605591,0.0007761642336845398
visualizing_soil,LightGBM,7776,865,3.0830325090054474e-07,1.3427205110627842e-05,1.3381242752075195e-05,1.3449414836941287e-05,1.0,0.000887642614543438
visualizing_soil,LinearModel,7776,865,0.08147157700423752,0.15704755150672536,0.03776231408119202,0.005608934443444014,0.9560693502426147,0.0007809065282344818
visualizing_soil,NeuralNetFastAI,7776,865,0.049132947976878616,0.06811272872554376,0.025433525443077087,0.004046333022415638,0.9468207955360413,0.0009173229336738586
visualizing_soil,NeuralNetTorch,7776,865,0.05260115606936416,0.07292068604734685,0.027167629450559616,0.0028902629856020212,0.9445086717605591,0.0008480055257678032
visualizing_soil,RandomForest,7776,865,0.035838150289017344,0.04968222565863191,0.01791909709572792,0.0011561622377485037,0.9653179049491882,0.000728333368897438
visualizing_soil,XGBoost,7776,865,0.045654400482887096,0.06329443199654695,0.024246228858828545,0.003987562842667103,0.9583814740180969,0.0009465422481298447
wilt,CatBoost,4355,484,0.05666789908750016,0.08753598258871738,0.02536574751138687,0.0035220785066485405,0.9483470916748047,0.0006665568798780441
wilt,ExtraTrees,4355,484,0.05700182815963523,0.08427029170604101,0.026148686185479164,0.004457463510334492,0.9442148804664612,0.0005624014884233475
wilt,LightGBM,4355,484,0.060125164357198786,0.09274234146676513,0.026148684322834015,0.007351811043918133,0.942148745059967,0.0006740009412169456
wilt,LinearModel,4355,484,0.046991714906978406,0.06634276783872226,0.022452421486377716,0.0045842332765460014,0.9586777091026306,0.0006716288626194
wilt,NeuralNetFastAI,4355,484,0.05043572251528438,0.07058065957966396,0.023329097777605057,0.0009768337476998568,0.952479362487793,0.0007011787965893745
wilt,NeuralNetTorch,4355,484,0.05279568803742145,0.07368265450536986,0.026641523465514183,0.0031283479183912277,0.9483470916748047,0.000711146742105484
wilt,RandomForest,4355,484,0.054686488630127546,0.08128298258978084,0.025384703651070595,0.0012252366868779063,0.9483470916748047,0.0005811536684632301
wilt,XGBoost,4355,484,0.05500969390930345,0.07730828425824257,0.028214802965521812,0.004954204894602299,0.9442148804664612,0.0006836215034127235
wind,CatBoost,5916,658,0.18428998153645065,0.2987224215549688,0.018332093954086304,0.019216103479266167,0.8708206415176392,0.0008459845557808876
wind,ExtraTrees,5916,658,0.19355927730067465,0.31081552056670414,0.017248496413230896,0.03208647295832634,0.8677811622619629,0.0008064769208431244
wind,LightGBM,5916,658,0.18127473625925458,0.2927491222289787,0.016048744320869446,0.018796266987919807,0.8753799200057983,0.0008183084428310394
wind,LinearModel,5916,658,0.2039646337883694,0.45294180655905286,0.017803743481636047,0.03411482647061348,0.848024308681488,0.0007883748039603233
wind,NeuralNetFastAI,5916,658,0.17852475901794676,0.28595014190068146,0.015325598418712616,0.021495655179023743,0.8753799200057983,0.0007772175595164299
wind,NeuralNetTorch,5916,658,0.17935089717334254,0.28745603635850175,0.015524491667747498,0.02248418889939785,0.8738601803779602,0.0007919343188405037
wind,RandomForest,5916,658,0.1949868861701742,0.3191554216003448,0.020322322845458984,0.0261225663125515,0.8708206415176392,0.0008198730647563934
wind,XGBoost,5916,658,0.18779268584255732,0.30479902070552745,0.018807590007781982,0.027427637949585915,0.869300901889801,0.0007999744266271591
