dataset,model,cal_size,test_size,Hist-uniform_brier,Hist-uniform_logloss,Hist-uniform_kuiper,Hist-uniform_ece-15,Hist-uniform_accuracy,Hist-uniform_time
2dplanes,CatBoost,36691,4077,0.0943996479910876,0.15524967137848034,0.011775454506278038,0.005964185576885939,0.9281334280967712,0.002682279795408249
2dplanes,ExtraTrees,36691,4077,0.09415316108029208,0.15506847357818856,0.011395159177482128,0.004259049892425537,0.9293597936630249,0.001966133713722229
2dplanes,LightGBM,36691,4077,0.0943557173143536,0.15611819418224032,0.013448071666061878,0.004400505684316158,0.9288692474365234,0.001776028424501419
2dplanes,LinearModel,36691,4077,0.2347348470761989,0.37517382595673615,0.010911010205745697,0.013231774792075157,0.8403237462043762,0.0020382925868034363
2dplanes,NeuralNetFastAI,36691,4077,0.09420519249576499,0.15510538857295128,0.013388371095061302,0.004359720274806023,0.9293597936630249,0.0017526838928461075
2dplanes,NeuralNetTorch,36691,4077,0.09461064513707411,0.15937810100111413,0.011907940730452538,0.005334897898137569,0.9291145205497742,0.001771511510014534
2dplanes,RandomForest,36691,4077,0.09446605080777151,0.15917852713716169,0.011003216728568077,0.0062901172786951065,0.9327937364578247,0.0018699169158935547
2dplanes,XGBoost,36691,4077,0.09449967734822533,0.1575049986647894,0.013007371686398983,0.005671321880072355,0.9288692474365234,0.001783754676580429
APSFailure,CatBoost,68400,7600,0.008045936346008406,0.020289694693370927,0.0018383306451141834,0.0014187803026288748,0.9952631592750549,0.0036191754043102264
APSFailure,ExtraTrees,68400,7600,0.009298184672207988,0.019815740971053337,0.0010514343157410622,0.0011676992289721966,0.9939473867416382,0.002650938928127289
APSFailure,LightGBM,68400,7600,0.007809824830601293,0.01902690327399075,0.0015758972149342299,0.0014878178481012583,0.9951315522193909,0.0024973247200250626
APSFailure,LinearModel,68400,7600,0.011538770016636423,0.024652597665438508,0.0016407696530222893,0.003001526929438114,0.99289470911026,0.002788841724395752
APSFailure,NeuralNetFastAI,68400,7600,0.00961449438728771,0.022998108252776095,0.002117264550179243,0.0022121488582342863,0.9944736957550049,0.002565547823905945
APSFailure,NeuralNetTorch,68400,7600,0.011240473834763216,0.024084729209334518,0.002423483645543456,0.0031143028754740953,0.9931579232215881,0.0026467368006706238
APSFailure,RandomForest,68400,7600,0.007841477249143924,0.016186803582663372,0.0013976336922496557,0.002228022553026676,0.9951315522193909,0.002778058871626854
APSFailure,XGBoost,68400,7600,0.00785407950249863,0.020567305285659674,0.002039180137217045,0.001514557865448296,0.9952631592750549,0.002724023535847664
Amazon_employee_access,CatBoost,29492,3277,0.07302874092472957,0.14442208066734372,0.016612350940704346,0.005073106847703457,0.9545316100120544,0.0012648236006498337
Amazon_employee_access,ExtraTrees,29492,3277,0.07952855375626934,0.15251023157768173,0.018526315689086914,0.007904231548309326,0.9484284520149231,0.0013719331473112106
Amazon_employee_access,LightGBM,29492,3277,0.0789374178440582,0.15353424946976285,0.016757458448410034,0.005770277697592974,0.9499542117118835,0.001264834776520729
Amazon_employee_access,LinearModel,29492,3277,0.08450296671090425,0.16249389204042794,0.017514288425445557,0.007593222428113222,0.9469026327133179,0.0013216882944107056
Amazon_employee_access,NeuralNetFastAI,29492,3277,0.08468870418791388,0.16396670758790324,0.020289123058319092,0.007653546053916216,0.9459871649742126,0.0012853443622589111
Amazon_employee_access,NeuralNetTorch,29492,3277,0.08565644959544508,0.16304127999857052,0.017226876690983772,0.012692190706729889,0.9462923407554626,0.0013858340680599213
Amazon_employee_access,RandomForest,29492,3277,0.07578372593013365,0.1463457049884917,0.016848832368850708,0.00940720085054636,0.951785147190094,0.0013914834707975388
Amazon_employee_access,XGBoost,29492,3277,0.07596565768197575,0.1498012095076542,0.018019795417785645,0.0043954309076070786,0.952090322971344,0.001371428370475769
Australian,CatBoost,621,69,0.16657200484320162,0.2826375400956271,0.0556362122297287,0.06653115898370743,0.8840579986572266,0.0002872701734304428
Australian,ExtraTrees,621,69,0.16339093413911954,0.27844619122362596,0.058487072587013245,0.0761995017528534,0.8550724387168884,0.0002559646964073181
Australian,LightGBM,621,69,0.17443231869102452,0.2892142197828495,0.06640733778476715,0.08816129714250565,0.8695651888847351,0.00026789121329784393
Australian,LinearModel,621,69,0.15229712275221913,0.2900453658962473,0.062124721705913544,0.12291046977043152,0.9130434989929199,0.000248173251748085
Australian,NeuralNetFastAI,621,69,0.15703282655696046,0.27609502659845847,0.05743301659822464,0.06924105435609818,0.9130434989929199,0.00026200711727142334
Australian,NeuralNetTorch,621,69,0.18100541216873722,0.3038036135458943,0.05091772973537445,0.06912054866552353,0.8840579986572266,0.0002567097544670105
Australian,RandomForest,621,69,0.15446916559731086,0.26537306899924756,0.05549567937850952,0.06679828464984894,0.8695651888847351,0.00026622042059898376
Australian,XGBoost,621,69,0.1531714221746321,0.25847644732588365,0.035723522305488586,0.05849272757768631,0.9130434989929199,0.00026638805866241455
Bioresponse,CatBoost,3375,376,0.28309681020622174,0.44581785078378305,0.028656668961048126,0.04671287536621094,0.811170220375061,0.0004314389079809189
Bioresponse,ExtraTrees,3375,376,0.2879124472039561,0.44473587118251545,0.04096636176109314,0.04194668307900429,0.792553186416626,0.000401204451918602
Bioresponse,LightGBM,3375,376,0.2792371421029648,0.438923124391216,0.035964399576187134,0.06083293631672859,0.8218085169792175,0.00037647970020771027
Bioresponse,LinearModel,3375,376,0.3672007926094751,0.5523867995687405,0.04431144893169403,0.05958101153373718,0.7446808218955994,0.00039065442979335785
Bioresponse,NeuralNetFastAI,3375,376,0.28309883862711127,0.44100663512165056,0.03249464929103851,0.04877423495054245,0.789893627166748,0.0004070121794939041
Bioresponse,NeuralNetTorch,3375,376,0.29445668808691805,0.4544803648127828,0.034919872879981995,0.03950702026486397,0.7792553305625916,0.00043659284710884094
Bioresponse,RandomForest,3375,376,0.2875235300087188,0.44831030438510355,0.03883093595504761,0.0636238157749176,0.811170220375061,0.0004039295017719269
Bioresponse,XGBoost,3375,376,0.28026451036077965,0.4396659143026213,0.03238368779420853,0.05563916638493538,0.8164893388748169,0.0004117153584957123
Click_prediction_small,CatBoost,35953,3995,0.2559697133480005,0.4171563428882318,0.02978205308318138,0.014722882770001888,0.8362953662872314,0.0016979258507490158
Click_prediction_small,ExtraTrees,35953,3995,0.26307225649275084,0.42602070710608575,0.0671110451221466,0.008667915128171444,0.8332915902137756,0.0017097759991884232
Click_prediction_small,LightGBM,35953,3995,0.25959363376084416,0.42238797038854936,0.0280226431787014,0.009023946709930897,0.8367959856987,0.0018336251378059387
Click_prediction_small,LinearModel,35953,3995,0.26145683131082126,0.4252344375505454,0.045848995447158813,0.013180737383663654,0.8352941274642944,0.0017350874841213226
Click_prediction_small,NeuralNetFastAI,35953,3995,0.2605531857027268,0.42469000965865605,0.017605140805244446,0.007309380918741226,0.8357947468757629,0.0018312614411115646
Click_prediction_small,NeuralNetTorch,35953,3995,0.2602582468279797,0.4207552654826076,0.025730427354574203,0.004186529666185379,0.8345431685447693,0.0017567053437232971
Click_prediction_small,RandomForest,35953,3995,0.2609592070691445,0.4227334977131954,0.02772284857928753,0.006565595045685768,0.8342928886413574,0.0018080063164234161
Click_prediction_small,XGBoost,35953,3995,0.2603701248389958,0.42214023303359716,0.02992396429181099,0.009934986010193825,0.8347935080528259,0.0018461775034666061
GAMETES_Epistasis_2-Way_1000atts_0_4H_EDM-1_EDM-1_1,CatBoost,1440,160,0.42658264789052736,0.6178790507972686,0.11820162832736969,0.1591578722000122,0.737500011920929,0.0003248639404773712
GAMETES_Epistasis_2-Way_1000atts_0_4H_EDM-1_EDM-1_1,ExtraTrees,1440,160,0.5031106947458046,0.6962584701537982,0.10834428668022156,0.00013378840230870992,0.4375,0.0002685561776161194
GAMETES_Epistasis_2-Way_1000atts_0_4H_EDM-1_EDM-1_1,LightGBM,1440,160,0.524852489036736,0.7180845716880075,0.09513592720031738,0.15397951006889343,0.39375001192092896,0.0002932567149400711
GAMETES_Epistasis_2-Way_1000atts_0_4H_EDM-1_EDM-1_1,LinearModel,1440,160,0.5134958727073996,0.7070673712511434,0.0481543131172657,0.06712992489337921,0.48124998807907104,0.0003001522272825241
GAMETES_Epistasis_2-Way_1000atts_0_4H_EDM-1_EDM-1_1,NeuralNetFastAI,1440,160,0.5043673456210737,0.6975229695629876,0.07110971212387085,0.01831204630434513,0.4312500059604645,0.0002987086772918701
GAMETES_Epistasis_2-Way_1000atts_0_4H_EDM-1_EDM-1_1,NeuralNetTorch,1440,160,0.5023273681397461,0.695503375484987,0.05234213173389435,0.02369561232626438,0.5062500238418579,0.0003005601465702057
GAMETES_Epistasis_2-Way_1000atts_0_4H_EDM-1_EDM-1_1,RandomForest,1440,160,0.5087267225963872,0.7018902424081945,0.12565159797668457,0.00986765418201685,0.4437499940395355,0.0002822335809469223
GAMETES_Epistasis_2-Way_1000atts_0_4H_EDM-1_EDM-1_1,XGBoost,1440,160,0.5053241906746918,0.6984922308466303,0.14490115642547607,0.05192146077752113,0.4937500059604645,0.00027438439428806305
GAMETES_Epistasis_2-Way_20atts_0_1H_EDM-1_1,CatBoost,1440,160,0.4135444866491283,0.6038507879787537,0.11165408045053482,0.05407390743494034,0.699999988079071,0.0003021564334630966
GAMETES_Epistasis_2-Way_20atts_0_1H_EDM-1_1,ExtraTrees,1440,160,0.4708101665002323,0.6631939899242735,0.09815352410078049,0.017430203035473824,0.6000000238418579,0.0002838708460330963
GAMETES_Epistasis_2-Way_20atts_0_1H_EDM-1_1,LightGBM,1440,160,0.43662961200847084,0.6268307606830155,0.07750441879034042,0.06464248150587082,0.6499999761581421,0.00029208138585090637
GAMETES_Epistasis_2-Way_20atts_0_1H_EDM-1_1,LinearModel,1440,160,0.49743684715999875,0.6905200371700315,0.10078664869070053,0.009486595168709755,0.512499988079071,0.0002954751253128052
GAMETES_Epistasis_2-Way_20atts_0_1H_EDM-1_1,NeuralNetFastAI,1440,160,0.41231052954034897,0.6018533972190854,0.11704893410205841,0.046986036002635956,0.699999988079071,0.000305740162730217
GAMETES_Epistasis_2-Way_20atts_0_1H_EDM-1_1,NeuralNetTorch,1440,160,0.41308782208620426,0.6020667725119792,0.12613636255264282,0.056239672005176544,0.699999988079071,0.0003160610795021057
GAMETES_Epistasis_2-Way_20atts_0_1H_EDM-1_1,RandomForest,1440,160,0.47779091661069073,0.6706627528181288,0.1413862407207489,0.05751027539372444,0.612500011920929,0.00029874593019485474
GAMETES_Epistasis_2-Way_20atts_0_1H_EDM-1_1,XGBoost,1440,160,0.4418827092917083,0.6322676544124162,0.09373057633638382,0.047043584287166595,0.6625000238418579,0.00031580403447151184
GAMETES_Epistasis_2-Way_20atts_0_4H_EDM-1_1,CatBoost,1440,160,0.28942811439802696,0.4444311596732796,0.03959780931472778,0.02940426766872406,0.7875000238418579,0.00031548552215099335
GAMETES_Epistasis_2-Way_20atts_0_4H_EDM-1_1,ExtraTrees,1440,160,0.37755409252318495,0.5599445570576174,0.031142927706241608,0.039509233087301254,0.706250011920929,0.0003034844994544983
GAMETES_Epistasis_2-Way_20atts_0_4H_EDM-1_1,LightGBM,1440,160,0.3184501501282256,0.48057804255995595,0.04528634995222092,0.07826384902000427,0.762499988079071,0.00027816928923130035
GAMETES_Epistasis_2-Way_20atts_0_4H_EDM-1_1,LinearModel,1440,160,0.5121934868361675,0.7071969192253909,0.09938932210206985,0.0469106025993824,0.48750001192092896,0.000278497114777565
GAMETES_Epistasis_2-Way_20atts_0_4H_EDM-1_1,NeuralNetFastAI,1440,160,0.28531777318654555,0.4382700080047316,0.10832338780164719,0.02516755647957325,0.793749988079071,0.000315668061375618
GAMETES_Epistasis_2-Way_20atts_0_4H_EDM-1_1,NeuralNetTorch,1440,160,0.30429476327991967,0.4619447059142698,0.043312616646289825,0.061599116772413254,0.7875000238418579,0.0003109816461801529
GAMETES_Epistasis_2-Way_20atts_0_4H_EDM-1_1,RandomForest,1440,160,0.37865816390795026,0.5589127792756534,0.0320691242814064,0.043098513036966324,0.706250011920929,0.0002975407987833023
GAMETES_Epistasis_2-Way_20atts_0_4H_EDM-1_1,XGBoost,1440,160,0.3353138473429943,0.5042009916756245,0.027272731065750122,0.07620806246995926,0.7437499761581421,0.00029413215816020966
GAMETES_Epistasis_3-Way_20atts_0_2H_EDM-1_1,CatBoost,1440,160,0.4009793263725361,0.5780175173298165,0.05676940083503723,0.07303417474031448,0.6499999761581421,0.00028836727142333984
GAMETES_Epistasis_3-Way_20atts_0_2H_EDM-1_1,ExtraTrees,1440,160,0.4913024633293099,0.6843825389512357,0.08155766129493713,0.05794651806354523,0.5562499761581421,0.00031031668186187744
GAMETES_Epistasis_3-Way_20atts_0_2H_EDM-1_1,LightGBM,1440,160,0.47938001111975465,0.6719034000426338,0.10090529918670654,0.03529299423098564,0.574999988079071,0.0003026239573955536
GAMETES_Epistasis_3-Way_20atts_0_2H_EDM-1_1,LinearModel,1440,160,0.4992469927136061,0.6923944204787897,0.07252584397792816,0.020275898277759552,0.518750011920929,0.00031766295433044434
GAMETES_Epistasis_3-Way_20atts_0_2H_EDM-1_1,NeuralNetFastAI,1440,160,0.4036903368778213,0.5695689421375205,0.038587410002946854,0.07379615306854248,0.637499988079071,0.00030823424458503723
GAMETES_Epistasis_3-Way_20atts_0_2H_EDM-1_1,NeuralNetTorch,1440,160,0.4349373429401373,0.6219980732597679,0.07603492587804794,0.06874892860651016,0.6312500238418579,0.00031829625368118286
GAMETES_Epistasis_3-Way_20atts_0_2H_EDM-1_1,RandomForest,1440,160,0.4947876715225723,0.688012466657233,0.0492861270904541,0.035242948681116104,0.543749988079071,0.0002750791609287262
GAMETES_Epistasis_3-Way_20atts_0_2H_EDM-1_1,XGBoost,1440,160,0.490617694042393,0.6837363958238789,0.1364862024784088,0.005759429186582565,0.5687500238418579,0.00029310211539268494
GAMETES_Heterogeneity_20atts_1600_Het_0_4_0_2_50_EDM-2_001,CatBoost,1440,160,0.4140798968575547,0.5810581724884971,0.07234755903482437,0.10778571665287018,0.6499999761581421,0.0003281887620687485
GAMETES_Heterogeneity_20atts_1600_Het_0_4_0_2_50_EDM-2_001,ExtraTrees,1440,160,0.4928093371914796,0.6938221302786877,0.055917009711265564,0.11178087443113327,0.6187499761581421,0.0003449786454439163
GAMETES_Heterogeneity_20atts_1600_Het_0_4_0_2_50_EDM-2_001,LightGBM,1440,160,0.46805655384688566,0.6634930441010185,0.06367470324039459,0.083352230489254,0.6187499761581421,0.00029541365802288055
GAMETES_Heterogeneity_20atts_1600_Het_0_4_0_2_50_EDM-2_001,LinearModel,1440,160,0.5048773851758908,0.6980987195799913,0.11251865327358246,0.03112301416695118,0.48750001192092896,0.000291626900434494
GAMETES_Heterogeneity_20atts_1600_Het_0_4_0_2_50_EDM-2_001,NeuralNetFastAI,1440,160,0.4533547552757929,0.6286501108397559,0.08267111331224442,0.13033069670200348,0.612500011920929,0.00031512603163719177
GAMETES_Heterogeneity_20atts_1600_Het_0_4_0_2_50_EDM-2_001,NeuralNetTorch,1440,160,0.456033491659079,0.6396194025959033,0.06505098193883896,0.1187099814414978,0.6312500238418579,0.00029574520885944366
GAMETES_Heterogeneity_20atts_1600_Het_0_4_0_2_50_EDM-2_001,RandomForest,1440,160,0.4819623375757809,0.6781317331207766,0.06078098714351654,0.07622905820608139,0.606249988079071,0.00027831271290779114
GAMETES_Heterogeneity_20atts_1600_Het_0_4_0_2_50_EDM-2_001,XGBoost,1440,160,0.4605066545640243,0.6581938956990914,0.06032942607998848,0.06820616871118546,0.625,0.000309797003865242
GAMETES_Heterogeneity_20atts_1600_Het_0_4_0_2_75_EDM-2_001,CatBoost,1440,160,0.3841121111990916,0.5645877766899414,0.05584781989455223,0.08352059125900269,0.6937500238418579,0.000325176864862442
GAMETES_Heterogeneity_20atts_1600_Het_0_4_0_2_75_EDM-2_001,ExtraTrees,1440,160,0.42701412608853706,0.6162880571520973,0.06387221068143845,0.03814678266644478,0.668749988079071,0.00030572153627872467
GAMETES_Heterogeneity_20atts_1600_Het_0_4_0_2_75_EDM-2_001,LightGBM,1440,160,0.3855428822611446,0.5694201683008753,0.05396651476621628,0.0746871829032898,0.699999988079071,0.000322636216878891
GAMETES_Heterogeneity_20atts_1600_Het_0_4_0_2_75_EDM-2_001,LinearModel,1440,160,0.5040480898429239,0.6972552185386653,0.09909486770629883,0.030391722917556763,0.45625001192092896,0.0002928953617811203
GAMETES_Heterogeneity_20atts_1600_Het_0_4_0_2_75_EDM-2_001,NeuralNetFastAI,1440,160,0.3829988995054305,0.561793881803649,0.05128379911184311,0.07077097147703171,0.699999988079071,0.00031617283821105957
GAMETES_Heterogeneity_20atts_1600_Het_0_4_0_2_75_EDM-2_001,NeuralNetTorch,1440,160,0.35409532156647733,0.5323712971659116,0.07218329608440399,0.09724333137273788,0.737500011920929,0.00031291134655475616
GAMETES_Heterogeneity_20atts_1600_Het_0_4_0_2_75_EDM-2_001,RandomForest,1440,160,0.4052602794848701,0.5929639478146894,0.1101294532418251,0.059597961604595184,0.699999988079071,0.00031481869518756866
GAMETES_Heterogeneity_20atts_1600_Het_0_4_0_2_75_EDM-2_001,XGBoost,1440,160,0.4031018249779832,0.5871009802917093,0.04952070862054825,0.04898269474506378,0.6937500238418579,0.00031781941652297974
Internet-Advertisements,CatBoost,2951,328,0.04581026846136185,0.10241086136334121,0.016698181629180908,0.01680399477481842,0.9756097793579102,0.00040439143776893616
Internet-Advertisements,ExtraTrees,2951,328,0.029479819721157072,0.07445374130758381,0.011242035776376724,0.015327563509345055,0.9847561120986938,0.00037414953112602234
Internet-Advertisements,LightGBM,2951,328,0.04706253827560356,0.11010476535106982,0.018096089363098145,0.016224242746829987,0.9725610017776489,0.0003729388117790222
Internet-Advertisements,LinearModel,2951,328,0.06094009743804348,0.13127892121584314,0.016245365142822266,0.0172030758112669,0.9603658318519592,0.0004310961812734604
Internet-Advertisements,NeuralNetFastAI,2951,328,0.05857652723112591,0.37849380675863187,0.016529325395822525,0.018079232424497604,0.9634146094322205,0.00035536475479602814
Internet-Advertisements,NeuralNetTorch,2951,328,0.048644865418909354,0.10347536543484087,0.01467442512512207,0.009928599931299686,0.9725610017776489,0.00036799535155296326
Internet-Advertisements,RandomForest,2951,328,0.038988377405453696,0.0835367648185066,0.010566234588623047,0.012241002172231674,0.9725610017776489,0.00033796578645706177
Internet-Advertisements,XGBoost,2951,328,0.05829278107033726,0.38294132443567375,0.018073439598083496,0.01476539857685566,0.9664633870124817,0.00035782158374786377
OVA_Colon,CatBoost,1390,155,0.07599374736031944,0.1697784232767915,0.02225160226225853,0.030664144083857536,0.9612902998924255,0.0002837572246789932
OVA_Colon,ExtraTrees,1390,155,0.07028271927621418,0.17073997310821495,0.026900500059127808,0.03574341908097267,0.9677419066429138,0.00029247626662254333
OVA_Colon,LightGBM,1390,155,0.0722228303577509,0.1602546877602857,0.026536885648965836,0.025789529085159302,0.9548386931419373,0.00025617145001888275
OVA_Colon,LinearModel,1390,155,0.06222407686104585,0.1409833678673514,0.01984318532049656,0.010339810512959957,0.9677419066429138,0.0002756621688604355
OVA_Colon,NeuralNetFastAI,1390,155,0.08106475693564782,0.7144397511393248,0.025739438831806183,0.029734132811427116,0.9612902998924255,0.00028399378061294556
OVA_Colon,NeuralNetTorch,1390,155,0.0818380096159529,0.1635008251542799,0.03285267949104309,0.024583665654063225,0.948387086391449,0.000289279967546463
OVA_Colon,RandomForest,1390,155,0.09133212825081248,0.7427465952898012,0.020388036966323853,0.04493967816233635,0.948387086391449,0.0002978350967168808
OVA_Colon,XGBoost,1390,155,0.07981634733553239,0.17510074674019435,0.024318646639585495,0.02721886709332466,0.9548386931419373,0.0002962108701467514
OVA_Endometrium,CatBoost,1390,155,0.04655811437153952,0.10022786527600684,0.016712455078959465,0.006675852462649345,0.9741935729980469,0.000292409211397171
OVA_Endometrium,ExtraTrees,1390,155,0.059112398712807136,0.1135737097405817,0.025290099903941154,0.019285421818494797,0.9612902998924255,0.0002865605056285858
OVA_Endometrium,LightGBM,1390,155,0.045309891805195734,0.0946934609380479,0.019563138484954834,0.011874250136315823,0.9612902998924255,0.0002882126718759537
OVA_Endometrium,LinearModel,1390,155,0.060444562574679894,0.1236406751680904,0.027085455134510994,0.019174549728631973,0.9612902998924255,0.0003004278987646103
OVA_Endometrium,NeuralNetFastAI,1390,155,0.04687705117901744,0.10033718254598979,0.01840949058532715,0.012725680135190487,0.9741935729980469,0.0002952907234430313
OVA_Endometrium,NeuralNetTorch,1390,155,0.04699237502271006,0.0989771596786236,0.015003140084445477,0.012882019393146038,0.9741935729980469,0.00026587583124637604
OVA_Endometrium,RandomForest,1390,155,0.055702425141378,0.1207022857638429,0.018747273832559586,0.02877732925117016,0.9677419066429138,0.000303635373711586
OVA_Endometrium,XGBoost,1390,155,0.05342669719650489,0.10991835499729428,0.01508907601237297,0.01766212470829487,0.9677419066429138,0.00028339214622974396
OVA_Kidney,CatBoost,1390,155,0.012659118592428895,0.03613254023071036,0.011346022598445415,0.011215711943805218,0.9935483932495117,0.0003014504909515381
OVA_Kidney,ExtraTrees,1390,155,0.014839198372241473,0.04612823906086127,0.015567232854664326,0.01551871933043003,0.9935483932495117,0.00029265135526657104
OVA_Kidney,LightGBM,1390,155,0.012608546773176464,0.0343570321191654,0.009064480662345886,0.008939228020608425,0.9935483932495117,0.00029223039746284485
OVA_Kidney,LinearModel,1390,155,0.012675374861147573,0.03613336048981808,0.010567935183644295,0.010452228598296642,0.9935483932495117,0.0002990029752254486
OVA_Kidney,NeuralNetFastAI,1390,155,0.037528680705179646,0.06462204027105341,0.020727436989545822,0.023291895166039467,0.9677419066429138,0.0002921726554632187
OVA_Kidney,NeuralNetTorch,1390,155,0.016532140205701856,0.04046858415060888,0.012392271310091019,0.012292522005736828,0.9935483932495117,0.00029913894832134247
OVA_Kidney,RandomForest,1390,155,0.015251589891240891,0.047287773970942894,0.015609962865710258,0.016261154785752296,0.9935483932495117,0.00030378997325897217
OVA_Kidney,XGBoost,1390,155,0.012721975772962022,0.03748030774559963,0.011910603381693363,0.011790609918534756,0.9935483932495117,0.00030235573649406433
OVA_Lung,CatBoost,1390,155,0.012957087639416099,0.04141413323087345,0.0070039331912994385,0.006235858891159296,0.9935483932495117,0.00029582157731056213
OVA_Lung,ExtraTrees,1390,155,0.023551630623754972,0.05724422724017946,0.008726507425308228,0.004437750671058893,0.9870967864990234,0.0003030449151992798
OVA_Lung,LightGBM,1390,155,0.01860134406720073,0.04719515143534263,0.007807474117726088,0.008793050423264503,0.9870967864990234,0.0002984143793582916
OVA_Lung,LinearModel,1390,155,0.0362674311392286,0.08275060527668744,0.00990744587033987,0.015055584721267223,0.9806451797485352,0.0003047734498977661
OVA_Lung,NeuralNetFastAI,1390,155,0.037931894387458726,0.6262938180043269,0.01312798261642456,0.012720949947834015,0.9806451797485352,0.0002994295209646225
OVA_Lung,NeuralNetTorch,1390,155,0.026648662528952,0.6075161601491463,0.0075446367263793945,0.013294795528054237,0.9870967864990234,0.0002873670309782028
OVA_Lung,RandomForest,1390,155,0.03649665409361584,0.08318712007171242,0.012930055148899555,0.01128140278160572,0.9806451797485352,0.0002838466316461563
OVA_Lung,XGBoost,1390,155,0.012939102435538037,0.04120993374724598,0.007241159677505493,0.006462724879384041,0.9935483932495117,0.0002943649888038635
OVA_Ovary,CatBoost,1390,155,0.10697698262342446,0.1940449100047461,0.024855947121977806,0.04107978567481041,0.9225806593894958,0.00030064769089221954
OVA_Ovary,ExtraTrees,1390,155,0.12506544758564936,0.19265144502353476,0.03683173656463623,0.05445191636681557,0.896774172782898,0.0003016553819179535
OVA_Ovary,LightGBM,1390,155,0.10018032800424133,0.18327930413775448,0.02026604861021042,0.02682456560432911,0.9354838728904724,0.00030457228422164917
OVA_Ovary,LinearModel,1390,155,0.12112764403059345,0.21686000706381026,0.02685604616999626,0.027086665853857994,0.9225806593894958,0.0002739131450653076
OVA_Ovary,NeuralNetFastAI,1390,155,0.11313210061358231,0.19697499248131403,0.034019894897937775,0.07405032962560654,0.9290322661399841,0.00029493682086467743
OVA_Ovary,NeuralNetTorch,1390,155,0.09215335284348304,0.14220910407069265,0.03423366695642471,0.056407682597637177,0.9354838728904724,0.0003030039370059967
OVA_Ovary,RandomForest,1390,155,0.11815367011359042,0.17581133032717505,0.033185746520757675,0.05983302369713783,0.9096774458885193,0.00030157528817653656
OVA_Ovary,XGBoost,1390,155,0.09800186579052442,0.17801050993901577,0.019268879666924477,0.03316502645611763,0.9290322661399841,0.00026574544608592987
OVA_Prostate,CatBoost,1390,155,0.025771963257646902,0.6068229283586654,0.007334467023611069,0.011467373929917812,0.9870967864990234,0.00031023286283016205
OVA_Prostate,ExtraTrees,1390,155,0.0129075149673845,0.5648888184189501,0.007877755910158157,0.007877754047513008,0.9935483932495117,0.0003011859953403473
OVA_Prostate,LightGBM,1390,155,0.024685333186237127,0.5849528483613995,0.00645161047577858,0.01118930522352457,0.9870967864990234,0.0002935566008090973
OVA_Prostate,LinearModel,1390,155,0.012938467919983153,0.5658814506324247,0.0088624507188797,0.008862447924911976,0.9935483932495117,0.0002789292484521866
OVA_Prostate,NeuralNetFastAI,1390,155,0.02470778217344312,0.5845290359713093,0.006451614201068878,0.01161892618983984,0.9870967864990234,0.00029220059514045715
OVA_Prostate,NeuralNetTorch,1390,155,0.012903225806451613,0.5634615990423387,0.00645161047577858,0.006451702676713467,0.9935483932495117,0.00027002207934856415
OVA_Prostate,RandomForest,1390,155,0.02468529023162575,0.5849311243482642,0.006451614201068878,0.011211017146706581,0.9870967864990234,0.000285489484667778
OVA_Prostate,XGBoost,1390,155,0.02468533964338478,0.5849539230751917,0.006451614201068878,0.011188232339918613,0.9870967864990234,0.0003045313060283661
PhishingWebsites,CatBoost,9949,1106,0.04772157026937838,0.09809591733813428,0.012750840745866299,0.01426770444959402,0.9701627492904663,0.0007498078048229218
PhishingWebsites,ExtraTrees,9949,1106,0.057276592871497126,0.10202779995419571,0.011716289445757866,0.011424342170357704,0.9647377729415894,0.0007335711270570755
PhishingWebsites,LightGBM,9949,1106,0.04933938681922608,0.09636542182786355,0.011972891166806221,0.010566167533397675,0.9647377729415894,0.000691145658493042
PhishingWebsites,LinearModel,9949,1106,0.09605172986588291,0.1684964016989992,0.008465677499771118,0.014204307459294796,0.9358047246932983,0.0007240399718284607
PhishingWebsites,NeuralNetFastAI,9949,1106,0.04947241155415216,0.09876712018049459,0.011104165576398373,0.011854133568704128,0.9701627492904663,0.0007393974810838699
PhishingWebsites,NeuralNetTorch,9949,1106,0.04744613362691596,0.09394231274403594,0.013478985987603664,0.011183327063918114,0.9683544039726257,0.0007094163447618484
PhishingWebsites,RandomForest,9949,1106,0.057188360081246184,0.10647680711449034,0.011900130659341812,0.013727894052863121,0.9638336300849915,0.0007220450788736343
PhishingWebsites,XGBoost,9949,1106,0.049240416482520026,0.10377712408388107,0.013144483789801598,0.012179350480437279,0.9692586064338684,0.0007148347795009613
Run_or_walk_information,CatBoost,79729,8859,0.009227673318037043,0.019477486531092467,0.0027750926092267036,0.0029181072022765875,0.9942431449890137,0.004021624103188515
Run_or_walk_information,ExtraTrees,79729,8859,0.011975238768461278,0.024054316662071192,0.0022868812084198,0.002455110428854823,0.9926628470420837,0.0035550259053707123
Run_or_walk_information,LightGBM,79729,8859,0.008703224306288001,0.01893403013649765,0.0025227870792150497,0.002378385979682207,0.9941302537918091,0.003093710169196129
Run_or_walk_information,LinearModel,79729,8859,0.22416153475824843,0.34758433514585296,0.02843409776687622,0.009551002644002438,0.8348572254180908,0.0036024712026119232
Run_or_walk_information,NeuralNetFastAI,79729,8859,0.013455053780440257,0.029991320363851846,0.0035501765087246895,0.0035576787777245045,0.9915340542793274,0.0032801441848278046
Run_or_walk_information,NeuralNetTorch,79729,8859,0.010664647234739715,0.0236491377366953,0.0033216732554137707,0.0039828806184232235,0.9936787486076355,0.0032202862203121185
Run_or_walk_information,RandomForest,79729,8859,0.013028345318430773,0.025598732398489577,0.002339651808142662,0.0028582271188497543,0.9922112822532654,0.003209555521607399
Run_or_walk_information,XGBoost,79729,8859,0.01001443647230373,0.022394753030186444,0.0029289918020367622,0.002741946140304208,0.9934529662132263,0.003203360363841057
Satellite,CatBoost,4590,510,0.015455050661506792,0.04184021991703824,0.006306946277618408,0.004930443130433559,0.9921568632125854,0.00043155252933502197
Satellite,ExtraTrees,4590,510,0.015406097737713141,0.02964135376003867,0.005856150761246681,0.0062513696029782295,0.9882352948188782,0.00042130984365940094
Satellite,LightGBM,4590,510,0.024863002223058546,0.3926546795419193,0.009655982255935669,0.009866083040833473,0.9862744808197021,0.0003924500197172165
Satellite,LinearModel,4590,510,0.01678028635704748,0.0454457659910682,0.006870039273053408,0.007541685830801725,0.9901960492134094,0.00040012039244174957
Satellite,NeuralNetFastAI,4590,510,0.011741987015368492,0.024670425225176373,0.0053444504737854,0.005963059142231941,0.9921568632125854,0.00039855949580669403
Satellite,NeuralNetTorch,4590,510,0.019732997980123262,0.05340796262347498,0.007897168397903442,0.00608090590685606,0.9882352948188782,0.0004848204553127289
Satellite,RandomForest,4590,510,0.014654955538819249,0.02872031212369282,0.006375259254127741,0.007496128790080547,0.9901960492134094,0.0005310885608196259
Satellite,XGBoost,4590,510,0.019667947070882597,0.21875155640456573,0.0078102052211761475,0.006029194686561823,0.9901960492134094,0.00039285607635974884
SpeedDating,CatBoost,7540,838,0.17677816648792893,0.2962065103589537,0.032524339854717255,0.025087587535381317,0.8818615674972534,0.0005819685757160187
SpeedDating,ExtraTrees,7540,838,0.1963412517418385,0.31590650585307567,0.03345508873462677,0.025121668353676796,0.8591885566711426,0.0005622431635856628
SpeedDating,LightGBM,7540,838,0.18037400095620668,0.3043818914179085,0.03299923986196518,0.03205528482794762,0.8890214562416077,0.0005524847656488419
SpeedDating,LinearModel,7540,838,0.18768420354568982,0.31418421437424465,0.026185505092144012,0.02974017895758152,0.879474937915802,0.000566139817237854
SpeedDating,NeuralNetFastAI,7540,838,0.190539452693652,0.3180894612584788,0.027756396681070328,0.02843811921775341,0.8758949637413025,0.0005751326680183411
SpeedDating,NeuralNetTorch,7540,838,0.1873925353339855,0.31059763239203403,0.022680632770061493,0.022375600412487984,0.8735083341598511,0.0006686672568321228
SpeedDating,RandomForest,7540,838,0.19407003598468103,0.31783437772124945,0.03116662986576557,0.03220176696777344,0.8651551604270935,0.0005601122975349426
SpeedDating,XGBoost,7540,838,0.17628672124037348,0.2958675736733768,0.029617058113217354,0.027879690751433372,0.8854415416717529,0.0005062185227870941
Titanic,CatBoost,1980,221,0.25507367334278996,0.41206895316206893,0.06153620034456253,0.05194442346692085,0.8325791954994202,0.00031568482518196106
Titanic,ExtraTrees,1980,221,0.2566544913423599,0.4143671169859516,0.06511738151311874,0.0569625049829483,0.8325791954994202,0.0003077276051044464
Titanic,LightGBM,1980,221,0.25314186883769435,0.40727309594250743,0.06556921452283859,0.04918557405471802,0.8325791954994202,0.00030809827148914337
Titanic,LinearModel,1980,221,0.2587906570897546,0.42262940579289276,0.06824913620948792,0.059754323214292526,0.8280543088912964,0.00031653791666030884
Titanic,NeuralNetFastAI,1980,221,0.25373514668003955,0.4103276857602625,0.06712241470813751,0.05062639340758324,0.8325791954994202,0.00031091831624507904
Titanic,NeuralNetTorch,1980,221,0.2554018866379187,0.411945240068027,0.06442343443632126,0.05425333231687546,0.8325791954994202,0.00030872784554958344
Titanic,RandomForest,1980,221,0.25753388005798356,0.4171433390051317,0.06511738151311874,0.05237656459212303,0.8280543088912964,0.00030726008117198944
Titanic,XGBoost,1980,221,0.25340354689907646,0.40812014041095174,0.06556921452283859,0.05019283667206764,0.8325791954994202,0.000322071835398674
ada,CatBoost,3732,415,0.17155604479924755,0.2754939154662038,0.015620891936123371,0.033128902316093445,0.8867470026016235,0.00041297636926174164
ada,ExtraTrees,3732,415,0.1972883241831847,0.31350419883116165,0.014978882856667042,0.011903085745871067,0.8578312993049622,0.00040634721517562866
ada,LightGBM,3732,415,0.175269793609646,0.29088828823226764,0.015136237256228924,0.03091064654290676,0.8819277286529541,0.0003994721919298172
ada,LinearModel,3732,415,0.1994755264203588,0.3231206157650221,0.013251975178718567,0.020701508969068527,0.8530120253562927,0.00037044845521450043
ada,NeuralNetFastAI,3732,415,0.18712537182474037,0.3042596643514435,0.017376219853758812,0.030581025406718254,0.87469881772995,0.00039078108966350555
ada,NeuralNetTorch,3732,415,0.18574328414653782,0.2966773642750033,0.014026738703250885,0.026723375543951988,0.8722891807556152,0.00040286406874656677
ada,RandomForest,3732,415,0.18514882265407168,0.29721309725087397,0.014600807800889015,0.01631338521838188,0.8626505732536316,0.0004022344946861267
ada,XGBoost,3732,415,0.17374583875274183,0.28303601258318156,0.013970582745969296,0.01936984807252884,0.8819277286529541,0.0003720652312040329
adult,CatBoost,43957,4885,0.17275421601039095,0.2803064346354986,0.011623924598097801,0.006523563992232084,0.8769702911376953,0.002176472917199135
adult,ExtraTrees,43957,4885,0.19174118988995922,0.31003064031164046,0.017080683261156082,0.015325529500842094,0.863459587097168,0.0022615697234869003
adult,LightGBM,43957,4885,0.17339995885386034,0.28224467325676195,0.012082749977707863,0.012384905479848385,0.8771750330924988,0.0021065063774585724
adult,LinearModel,43957,4885,0.2049163475453239,0.32768841948031996,0.01982821896672249,0.008498088456690311,0.8538382649421692,0.0022291243076324463
adult,NeuralNetFastAI,43957,4885,0.19079506036372426,0.30742204038582716,0.01266956701874733,0.011157339438796043,0.8653019666671753,0.0020279884338378906
adult,NeuralNetTorch,43957,4885,0.19300288276895947,0.3094674101263076,0.014862236566841602,0.0074615925550460815,0.8642783761024475,0.0019219964742660522
adult,RandomForest,43957,4885,0.1897133169565447,0.3031828951130783,0.022167326882481575,0.01149712409824133,0.8614124655723572,0.002273343503475189
adult,XGBoost,43957,4885,0.17245369758375598,0.28025290017484794,0.012390288524329662,0.007765955291688442,0.8763561844825745,0.002446504309773445
ailerons,CatBoost,12375,1375,0.16111116177621373,0.27249655537095785,0.012361070141196251,0.017813004553318024,0.8894545435905457,0.0008200220763683319
ailerons,ExtraTrees,12375,1375,0.1686489983086918,0.276430260302223,0.013973372057080269,0.012388336472213268,0.8807272911071777,0.0008307434618473053
ailerons,LightGBM,12375,1375,0.1595391723833383,0.2697360857692452,0.01378331333398819,0.01258526835590601,0.8923636078834534,0.000802215188741684
ailerons,LinearModel,12375,1375,0.17225268705642477,0.28760298281694074,0.016016103327274323,0.017750510945916176,0.8843636512756348,0.000819820910692215
ailerons,NeuralNetFastAI,12375,1375,0.1679225470971782,0.278338231516539,0.015582330524921417,0.014238736592233181,0.8814545273780823,0.0008110757917165756
ailerons,NeuralNetTorch,12375,1375,0.16569582250993756,0.2767774337897821,0.015698164701461792,0.01833372749388218,0.8814545273780823,0.0008028019219636917
ailerons,RandomForest,12375,1375,0.16648375785954472,0.2780845453922725,0.013426221907138824,0.022026535123586655,0.8821818232536316,0.0008211042732000351
ailerons,XGBoost,12375,1375,0.16114650464852084,0.2696036607151224,0.01316431537270546,0.017989885061979294,0.8872727155685425,0.0007516201585531235
arcene,CatBoost,90,10,0.4114890400604686,9.019542289552238,0.1428571492433548,0.2761904299259186,0.699999988079071,0.00023654289543628693
arcene,ExtraTrees,90,10,0.30559354591516197,0.4701716580530677,0.11538461595773697,0.2724002003669739,0.8999999761581421,0.00022377632558345795
arcene,LightGBM,90,10,0.42843301703907766,9.05637224792454,0.10444445163011551,0.30747470259666443,0.699999988079071,0.00021333806216716766
arcene,LinearModel,90,10,0.3332248263888889,0.5145906815200558,0.11666667461395264,0.21979166567325592,0.800000011920929,0.00022437237203121185
arcene,NeuralNetFastAI,90,10,0.37628,8.978705307463319,0.125,0.20799995958805084,0.800000011920929,0.00023209676146507263
arcene,NeuralNetTorch,90,10,0.40816326530612246,17.498139706277954,0.12857145071029663,0.228571355342865,0.800000011920929,0.00021746382117271423
arcene,RandomForest,90,10,0.4127803287981859,9.022691960945867,0.10333333164453506,0.19202376902103424,0.699999988079071,0.00023272819817066193
arcene,XGBoost,90,10,0.3650321239606954,0.5787434821183549,0.10357142239809036,0.2607142925262451,0.800000011920929,0.00022134371101856232
arsenic-female-bladder,CatBoost,503,56,0.22472208940967547,0.3659881957234343,0.04496687650680542,0.04636504128575325,0.8571428656578064,0.0002618357539176941
arsenic-female-bladder,ExtraTrees,503,56,0.24605522639792823,0.3884303681181981,0.055392712354660034,0.07258815318346024,0.8571428656578064,0.00023776665329933167
arsenic-female-bladder,LightGBM,503,56,0.2244062711873622,0.4167992010058847,0.05109983682632446,0.08764885365962982,0.8571428656578064,0.00023944862186908722
arsenic-female-bladder,LinearModel,503,56,0.22215830995454025,0.3565974558638693,0.05502645671367645,0.04214484989643097,0.8571428656578064,0.00024586357176303864
arsenic-female-bladder,NeuralNetFastAI,503,56,0.23630739774082724,0.3617984360385248,0.056743424385786057,0.0791163370013237,0.8035714030265808,0.00023869238793849945
arsenic-female-bladder,NeuralNetTorch,503,56,0.19664917849649013,0.3203180052052036,0.0475117489695549,0.08261140435934067,0.875,0.0002399105578660965
arsenic-female-bladder,RandomForest,503,56,0.24089123445612465,0.4135528401830113,0.06859332323074341,0.11348723620176315,0.8571428656578064,0.00023949332535266876
arsenic-female-bladder,XGBoost,503,56,0.21113935593485644,0.3552255924604123,0.03171329200267792,0.06308069080114365,0.875,0.00024693645536899567
autoUniv-au1-1000,CatBoost,900,100,0.38803655545149174,0.5733333967615161,0.07331962883472443,0.09609804302453995,0.7099999785423279,0.00026362761855125427
autoUniv-au1-1000,ExtraTrees,900,100,0.3715728625986469,0.5663280702904203,0.06803244352340698,0.08851311355829239,0.7699999809265137,0.0002683475613594055
autoUniv-au1-1000,LightGBM,900,100,0.3520799091013862,0.5393827441777728,0.07822215557098389,0.07045932859182358,0.7799999713897705,0.0002389475703239441
autoUniv-au1-1000,LinearModel,900,100,0.3841761816590673,0.5762638790216347,0.06186557188630104,0.08342713117599487,0.7099999785423279,0.00026526860892772675
autoUniv-au1-1000,NeuralNetFastAI,900,100,0.34624320266153796,1.3797560504476214,0.03746575117111206,0.06994146853685379,0.7799999713897705,0.0002619922161102295
autoUniv-au1-1000,NeuralNetTorch,900,100,0.3585185383054917,0.540607679151056,0.04106553643941879,0.04435305297374725,0.7300000190734863,0.00027183257043361664
autoUniv-au1-1000,RandomForest,900,100,0.38328493613563125,0.5678400838374242,0.09585736691951752,0.07870472967624664,0.7099999785423279,0.0002573002129793167
autoUniv-au1-1000,XGBoost,900,100,0.3698346575330811,0.5531209002759166,0.06911968439817429,0.09275761246681213,0.7599999904632568,0.00027420371770858765
bank-marketing,CatBoost,40689,4522,0.11852758872153175,0.1978015595660337,0.010599645785987377,0.005631699226796627,0.9104378819465637,0.0017592664808034897
bank-marketing,ExtraTrees,40689,4522,0.12636816973031895,0.20730321353181247,0.013109011575579643,0.005309251137077808,0.9066784381866455,0.0016524363309144974
bank-marketing,LightGBM,40689,4522,0.12022405866286344,0.19802154893943666,0.01170547679066658,0.0077766189351677895,0.9128704071044922,0.0017747916281223297
bank-marketing,LinearModel,40689,4522,0.14274720523777812,0.23959666678332334,0.01827831380069256,0.006298182997852564,0.8984962701797485,0.0016479678452014923
bank-marketing,NeuralNetFastAI,40689,4522,0.12133441343526548,0.19876067764467076,0.01231185719370842,0.008174983784556389,0.9106590151786804,0.0017957985401153564
bank-marketing,NeuralNetTorch,40689,4522,0.12110504837168368,0.19898599024844466,0.010253401473164558,0.010024427436292171,0.9108801484107971,0.0016347523778676987
bank-marketing,RandomForest,40689,4522,0.12655483085775793,0.24701179615420663,0.01206484530121088,0.010079885832965374,0.9044670462608337,0.0016944520175457
bank-marketing,XGBoost,40689,4522,0.12021871661893306,0.201209484675768,0.011100918054580688,0.006094982847571373,0.9082264304161072,0.0017594844102859497
bank32nh,CatBoost,7372,820,0.27103262721458726,0.4185012950139793,0.021712929010391235,0.03123224340379238,0.792682945728302,0.0006095468997955322
bank32nh,ExtraTrees,7372,820,0.27174155220483165,0.42186396767482365,0.01953098736703396,0.03326079249382019,0.790243923664093,0.0005949884653091431
bank32nh,LightGBM,7372,820,0.26972203141734546,0.4238504618357163,0.02289949171245098,0.042439382523298264,0.79756098985672,0.0005936585366725922
bank32nh,LinearModel,7372,820,0.2680003836645243,0.41402369767932035,0.020999370142817497,0.03579245135188103,0.8060975670814514,0.0005550235509872437
bank32nh,NeuralNetFastAI,7372,820,0.257963942333821,0.40275620901505554,0.022391289472579956,0.035122763365507126,0.8109756112098694,0.0005410443991422653
bank32nh,NeuralNetTorch,7372,820,0.2656337322632368,0.41493871460550746,0.02337944507598877,0.02571403793990612,0.8048780560493469,0.0005711838603019714
bank32nh,RandomForest,7372,820,0.2832462869570047,0.4325477944200007,0.025824416428804398,0.03294806182384491,0.790243923664093,0.0005548913031816483
bank32nh,XGBoost,7372,820,0.2745510781644461,0.4303640508454641,0.020450985059142113,0.037777576595544815,0.8036585450172424,0.000593625009059906
bank8FM,CatBoost,7372,820,0.07424927339301957,0.12951253372333402,0.010929087176918983,0.015274019911885262,0.9475609660148621,0.0004983115941286087
bank8FM,ExtraTrees,7372,820,0.07913448942608532,0.12423840163304231,0.009089269675314426,0.011449575424194336,0.9402438998222351,0.0005345158278942108
bank8FM,LightGBM,7372,820,0.07604948543737786,0.12629374111719793,0.00948035903275013,0.012697354890406132,0.9487804770469666,0.0005521941930055618
bank8FM,LinearModel,7372,820,0.08492141778663813,0.1496984091029486,0.012469634413719177,0.013131317682564259,0.9451219439506531,0.0005035214126110077
bank8FM,NeuralNetFastAI,7372,820,0.07698481317634241,0.12071627005438859,0.010173758491873741,0.01958145946264267,0.9487804770469666,0.0004739183932542801
bank8FM,NeuralNetTorch,7372,820,0.07878324691545754,0.12068010956782012,0.011086375452578068,0.017128733918070793,0.9463414549827576,0.0005376692861318588
bank8FM,RandomForest,7372,820,0.0785780412961199,0.13628395357601178,0.010676790028810501,0.023469295352697372,0.9439024329185486,0.0005477070808410645
bank8FM,XGBoost,7372,820,0.07649195745663658,0.1334358688284153,0.00836188718676567,0.018220052123069763,0.9475609660148621,0.0004951003938913345
blood-transfusion-service-center,CatBoost,673,75,0.33097139549950116,0.5014851974232893,0.0913628339767456,0.10584970563650131,0.746666669845581,0.00024340488016605377
blood-transfusion-service-center,ExtraTrees,673,75,0.356883564666113,1.6648834391737721,0.060421645641326904,0.06484341621398926,0.746666669845581,0.00023268721997737885
blood-transfusion-service-center,LightGBM,673,75,0.3312029127057,0.49595689952192645,0.07364127039909363,0.08562378585338593,0.7333333492279053,0.00023632682859897614
blood-transfusion-service-center,LinearModel,673,75,0.31952119914042126,0.4801792779362633,0.09713289141654968,0.09045621007680893,0.7599999904632568,0.0002483278512954712
blood-transfusion-service-center,NeuralNetFastAI,673,75,0.3417262179270279,0.510706402887036,0.07164067029953003,0.07728741317987442,0.7599999904632568,0.00022926554083824158
blood-transfusion-service-center,NeuralNetTorch,673,75,0.31981493714859915,0.4903381020266399,0.06457898020744324,0.040328897535800934,0.7599999904632568,0.00022845156490802765
blood-transfusion-service-center,RandomForest,673,75,0.3105607214864829,0.4801075229040429,0.08773693442344666,0.07384777069091797,0.7866666913032532,0.00025572627782821655
blood-transfusion-service-center,XGBoost,673,75,0.33848274439861525,0.5140386575136332,0.07171288132667542,0.0671670064330101,0.746666669845581,0.00024691224098205566
boston_corrected,CatBoost,455,51,0.1752679567813356,0.2726017550164088,0.07002947479486465,0.08631059527397156,0.843137264251709,0.00023621320724487305
boston_corrected,ExtraTrees,455,51,0.1579446990338926,0.2555896060143244,0.11608946323394775,0.12489408999681473,0.843137264251709,0.0002304650843143463
boston_corrected,LightGBM,455,51,0.15275894971593507,0.2499425945135693,0.07817170023918152,0.08409818261861801,0.9215686321258545,0.00021957606077194214
boston_corrected,LinearModel,455,51,0.18576098324879758,0.2829328445207147,0.09128797799348831,0.09045152366161346,0.8823529481887817,0.00021930038928985596
boston_corrected,NeuralNetFastAI,455,51,0.15254345778904674,0.24316695668991373,0.11573100090026855,0.13531163334846497,0.8235294222831726,0.00023712962865829468
boston_corrected,NeuralNetTorch,455,51,0.2213651293285541,0.3289423075103504,0.10496412962675095,0.12261270731687546,0.7843137383460999,0.00022535398602485657
boston_corrected,RandomForest,455,51,0.18446242512949299,0.29233392202725766,0.08832868933677673,0.08881836384534836,0.8627451062202454,0.00023845210671424866
boston_corrected,XGBoost,455,51,0.21580864523452037,0.32167844747085766,0.07675587385892868,0.1273358017206192,0.8039215803146362,0.00025578029453754425
churn,CatBoost,4500,500,0.08484120922472585,0.17127760549638582,0.027360934764146805,0.02053295634686947,0.9539999961853027,0.00039651058614254
churn,ExtraTrees,4500,500,0.08296869200631934,0.16857363655418056,0.023470431566238403,0.013585880398750305,0.9520000219345093,0.00040211528539657593
churn,LightGBM,4500,500,0.09061966076345226,0.1825943621887439,0.027304470539093018,0.024761872366070747,0.9459999799728394,0.00040330179035663605
churn,LinearModel,4500,500,0.18482869252405473,0.30135454455180566,0.028171487152576447,0.02559708245098591,0.8500000238418579,0.00041801854968070984
churn,NeuralNetFastAI,4500,500,0.07707826743439893,0.1607552560090662,0.0254147257655859,0.018883898854255676,0.9580000042915344,0.0003666914999485016
churn,NeuralNetTorch,4500,500,0.0852600399342033,0.17464706859039944,0.02535802498459816,0.02606240101158619,0.9520000219345093,0.00038024038076400757
churn,RandomForest,4500,500,0.09900642439270538,0.19205347862142588,0.02728409133851528,0.01708935759961605,0.9399999976158142,0.00039050355553627014
churn,XGBoost,4500,500,0.0861973373041096,0.17268296914558875,0.0273333340883255,0.024479296058416367,0.9520000219345093,0.0003741718828678131
climate-model-simulation-crashes,CatBoost,486,54,0.11095569747925801,1.7592396732189786,0.050297558307647705,0.048063281923532486,0.9259259104728699,0.00022518448531627655
climate-model-simulation-crashes,ExtraTrees,486,54,0.08802558751910829,1.7023636583601847,0.032222580164670944,0.05643901601433754,0.9444444179534912,0.00024471431970596313
climate-model-simulation-crashes,LightGBM,486,54,0.07581059681374817,0.16669130627162912,0.037686318159103394,0.053207866847515106,0.9259259104728699,0.0002417638897895813
climate-model-simulation-crashes,LinearModel,486,54,0.09906711734085236,1.7628712336367707,0.04428169131278992,0.0716075524687767,0.9444444179534912,0.00021707825362682343
climate-model-simulation-crashes,NeuralNetFastAI,486,54,0.08155692729766804,3.2560176390057762,0.028395071625709534,0.056172750890254974,0.9629629850387573,0.00022606924176216125
climate-model-simulation-crashes,NeuralNetTorch,486,54,0.1571707938661785,0.2857803974601204,0.05595237761735916,0.09910858422517776,0.9074074029922485,0.0002231243997812271
climate-model-simulation-crashes,RandomForest,486,54,0.10667144075467005,0.2097397357762592,0.07061207294464111,0.06412461400032043,0.9259259104728699,0.00024737603962421417
climate-model-simulation-crashes,XGBoost,486,54,0.08109058593373836,0.15836571322591908,0.04681885987520218,0.05518389865756035,0.9444444179534912,0.00023213587701320648
colleges_usnews,CatBoost,1171,131,0.3771368955999401,0.5605740731365253,0.05379112437367439,0.0827670618891716,0.7099236845970154,0.00026537850499153137
colleges_usnews,ExtraTrees,1171,131,0.37288164228724807,0.5597425382219565,0.06593921035528183,0.09398458898067474,0.7251908183097839,0.00027213990688323975
colleges_usnews,LightGBM,1171,131,0.3980877522176279,0.571559542273057,0.08092613518238068,0.11890685558319092,0.6564885377883911,0.0002580396831035614
colleges_usnews,LinearModel,1171,131,0.40108866966603934,0.5941160468935405,0.05229739844799042,0.10859162360429764,0.6793892979621887,0.0002845507115125656
colleges_usnews,NeuralNetFastAI,1171,131,0.4036763737538604,0.586171531951878,0.07546040415763855,0.11943470686674118,0.6793892979621887,0.00029517337679862976
colleges_usnews,NeuralNetTorch,1171,131,0.3950046473302083,0.5807417009028021,0.08534783869981766,0.12494820356369019,0.6870229244232178,0.0002581123262643814
colleges_usnews,RandomForest,1171,131,0.36770865820531057,0.5526879573073926,0.050468988716602325,0.058808475732803345,0.7022900581359863,0.00026090629398822784
colleges_usnews,XGBoost,1171,131,0.39125216351600534,0.5831465268024093,0.07571835815906525,0.13726487755775452,0.694656491279602,0.0002646874636411667
cpu_act,CatBoost,7372,820,0.06575138233889923,0.11618889720308398,0.015186785720288754,0.025524552911520004,0.9585365653038025,0.0005082245916128159
cpu_act,ExtraTrees,7372,820,0.07935851777244311,0.13367144287671315,0.013299822807312012,0.02429257705807686,0.9512194991111755,0.0005105119198560715
cpu_act,LightGBM,7372,820,0.06893444931414797,0.12168793480535915,0.015128604136407375,0.03333358094096184,0.9487804770469666,0.000493878498673439
cpu_act,LinearModel,7372,820,0.08613612589269655,0.15629805672950162,0.015404710546135902,0.025859175249934196,0.9439024329185486,0.0005002282559871674
cpu_act,NeuralNetFastAI,7372,820,0.07272176174978685,0.12985109758879082,0.014829576015472412,0.0304428618401289,0.9426829218864441,0.00048731081187725067
cpu_act,NeuralNetTorch,7372,820,0.07759493609844034,0.13479866700732163,0.018101276829838753,0.02978273294866085,0.9426829218864441,0.0005024056881666183
cpu_act,RandomForest,7372,820,0.07543442841655297,0.13191467769910467,0.011405235156416893,0.025975948199629784,0.954878032207489,0.0005051828920841217
cpu_act,XGBoost,7372,820,0.06614463840798405,0.11541183399035848,0.014685245230793953,0.022844228893518448,0.9560975432395935,0.00048783980309963226
cpu_small,CatBoost,7372,820,0.09791738824157409,0.16685932390155783,0.010778816416859627,0.014861331321299076,0.9365853667259216,0.000529186800122261
cpu_small,ExtraTrees,7372,820,0.10440280465387768,0.16817240916613743,0.010187927633523941,0.012412527576088905,0.9256097674369812,0.0005661956965923309
cpu_small,LightGBM,7372,820,0.10071984185205321,0.1664247624031373,0.01392650417983532,0.023136978968977928,0.9341463446617126,0.0005480796098709106
cpu_small,LinearModel,7372,820,0.12744423961292242,0.2092105609552003,0.014746774919331074,0.02459562197327614,0.9073171019554138,0.000545203685760498
cpu_small,NeuralNetFastAI,7372,820,0.11007356626601185,0.17807250957941767,0.009849580936133862,0.02071589045226574,0.9158536791801453,0.0005533508956432343
cpu_small,NeuralNetTorch,7372,820,0.10420392869285647,0.17269656721169888,0.012561269104480743,0.018145592883229256,0.9207317233085632,0.0005509257316589355
cpu_small,RandomForest,7372,820,0.10285248679729893,0.1674746345809189,0.014870952814817429,0.03063935413956642,0.9341463446617126,0.0005653239786624908
cpu_small,XGBoost,7372,820,0.1018865177767407,0.17701095258925573,0.011865571141242981,0.026162734255194664,0.9292683005332947,0.000537356361746788
credit-g,CatBoost,900,100,0.28626835431218856,0.43765209925509607,0.043715715408325195,0.09022556990385056,0.8199999928474426,0.0002638641744852066
credit-g,ExtraTrees,900,100,0.2902887166885375,0.44780677320904216,0.03831039369106293,0.0717211440205574,0.800000011920929,0.00025890395045280457
credit-g,LightGBM,900,100,0.2929754175368921,0.4566131272631766,0.03605424612760544,0.05874110013246536,0.800000011920929,0.0002766866236925125
credit-g,LinearModel,900,100,0.3139058886190453,0.4802237897705457,0.04813758283853531,0.07399621605873108,0.7900000214576721,0.0002643205225467682
credit-g,NeuralNetFastAI,900,100,0.30232638896234554,0.45784546178173413,0.03841567784547806,0.07528045028448105,0.7400000095367432,0.0002608783543109894
credit-g,NeuralNetTorch,900,100,0.29185986873112524,0.4459847372024763,0.046367764472961426,0.07612466812133789,0.7799999713897705,0.0002588219940662384
credit-g,RandomForest,900,100,0.276623560287963,0.431452952421974,0.046901635825634,0.08642338961362839,0.7900000214576721,0.0002426058053970337
credit-g,XGBoost,900,100,0.287088678823701,0.4379466088500105,0.04524839669466019,0.07191319018602371,0.7900000214576721,0.0002622269093990326
cylinder-bands,CatBoost,486,54,0.21378755461974033,0.35665865142356673,0.05193602666258812,0.08802884817123413,0.8703703880310059,0.00024533458054065704
cylinder-bands,ExtraTrees,486,54,0.18498674094147752,0.30180753782741926,0.05125945806503296,0.051356587558984756,0.8888888955116272,0.00024787336587905884
cylinder-bands,LightGBM,486,54,0.19149294607469447,0.31138415646425516,0.054426953196525574,0.10188604146242142,0.8518518805503845,0.00022730790078639984
cylinder-bands,LinearModel,486,54,0.2804016711128288,0.44638964319065305,0.0781092569231987,0.09422529488801956,0.8148148059844971,0.00024054385721683502
cylinder-bands,NeuralNetFastAI,486,54,0.21915655932313566,0.37185348623018655,0.07262823730707169,0.11849987506866455,0.8703703880310059,0.00023696571588516235
cylinder-bands,NeuralNetTorch,486,54,0.22737207052891653,0.3737881302431746,0.057898879051208496,0.11126108467578888,0.8148148059844971,0.00021985359489917755
cylinder-bands,RandomForest,486,54,0.1550538652922434,0.2675913140493416,0.05374884605407715,0.04761683940887451,0.9074074029922485,0.0002449341118335724
cylinder-bands,XGBoost,486,54,0.1722848939815981,0.29424908022552243,0.04616769775748253,0.09331642836332321,0.9074074029922485,0.00023986399173736572
delta_ailerons,CatBoost,6416,713,0.09085951289113993,0.18222211452072928,0.010626716539263725,0.018339106813073158,0.9453015327453613,0.00046749599277973175
delta_ailerons,ExtraTrees,6416,713,0.09122884674250051,0.1779524024893418,0.012543177232146263,0.014209789223968983,0.9453015327453613,0.0005185510963201523
delta_ailerons,LightGBM,6416,713,0.09111040909892089,0.17970164745673106,0.01295449398458004,0.017191743478178978,0.9424964785575867,0.0004965830594301224
delta_ailerons,LinearModel,6416,713,0.11125853515718699,0.2229485340515228,0.017679482698440552,0.025697994977235794,0.9382889270782471,0.0005050841718912125
delta_ailerons,NeuralNetFastAI,6416,713,0.10358561397876954,0.2083705643629136,0.013323192484676838,0.022098559886217117,0.9424964785575867,0.0004559159278869629
delta_ailerons,NeuralNetTorch,6416,713,0.10196197884952755,0.20096929130373756,0.014702514745295048,0.01989283226430416,0.9410939812660217,0.0005099624395370483
delta_ailerons,RandomForest,6416,713,0.09485747388309987,0.18458137482686435,0.01255292072892189,0.023294301703572273,0.9438990354537964,0.000490676611661911
delta_ailerons,XGBoost,6416,713,0.09133471695140255,0.18207200897808581,0.013461120426654816,0.015764694660902023,0.946704089641571,0.0004966389387845993
delta_elevators,CatBoost,8565,952,0.17777522090144313,0.2975752963921368,0.01367623545229435,0.022072572261095047,0.8855041861534119,0.000642022117972374
delta_elevators,ExtraTrees,8565,952,0.18063451199969666,0.2994195425465567,0.01641104556620121,0.01733694225549698,0.8792017102241516,0.0006528068333864212
delta_elevators,LightGBM,8565,952,0.1757321766385113,0.29624624639498515,0.013235771097242832,0.01911321096122265,0.8897058963775635,0.0006246939301490784
delta_elevators,LinearModel,8565,952,0.1813929301916776,0.3086571304841218,0.015254143625497818,0.025827661156654358,0.881302535533905,0.0006188284605741501
delta_elevators,NeuralNetFastAI,8565,952,0.1779524723567834,0.3017428747869219,0.008775172755122185,0.016818638890981674,0.8802521228790283,0.0006184019148349762
delta_elevators,NeuralNetTorch,8565,952,0.17896453401382045,0.30434962711374036,0.011713812127709389,0.02178891748189926,0.8844537734985352,0.0006246175616979599
delta_elevators,RandomForest,8565,952,0.18395275130158867,0.3106462166769858,0.013534914702177048,0.024124708026647568,0.8728991746902466,0.0006368625909090042
delta_elevators,XGBoost,8565,952,0.17790662665051785,0.2995365849087578,0.010874409228563309,0.017479700967669487,0.8823529481887817,0.0006267111748456955
diabetes,CatBoost,691,77,0.2505720204372243,0.38807636566854,0.06303482502698898,0.07730478048324585,0.7532467246055603,0.0002537146210670471
diabetes,ExtraTrees,691,77,0.22945889960734167,0.3643426897218865,0.052747227251529694,0.09164724498987198,0.8571428656578064,0.0002599358558654785
diabetes,LightGBM,691,77,0.23848046342409188,0.3754218733575264,0.04910571128129959,0.05610217899084091,0.8181818127632141,0.0002531539648771286
diabetes,LinearModel,691,77,0.22382274036419267,0.3568516273598137,0.06342596560716629,0.12623508274555206,0.8311688303947449,0.0002654232084751129
diabetes,NeuralNetFastAI,691,77,0.24321482318185705,0.3786966013324282,0.04353289678692818,0.09227783977985382,0.8181818127632141,0.0002606511116027832
diabetes,NeuralNetTorch,691,77,0.24209886177310855,0.37948597483250274,0.05051158368587494,0.08227146416902542,0.8311688303947449,0.00025231391191482544
diabetes,RandomForest,691,77,0.2386856507860285,0.3801182494692042,0.04228942096233368,0.08127343654632568,0.8311688303947449,0.00024217553436756134
diabetes,XGBoost,691,77,0.27626829095557226,1.5277602517724382,0.04917742684483528,0.08652173727750778,0.8051947951316833,0.0002637747675180435
dresses-sales,CatBoost,450,50,0.483910398955577,0.6770789683079331,0.11274336278438568,0.06869147717952728,0.6000000238418579,0.00023670494556427002
dresses-sales,ExtraTrees,450,50,0.49563898764407566,0.6892184831757069,0.09432557225227356,0.1258651316165924,0.5799999833106995,0.00023061037063598633
dresses-sales,LightGBM,450,50,0.5074114213238929,0.7063333106175034,0.06724920123815536,0.07965084910392761,0.6000000238418579,0.00023621506989002228
dresses-sales,LinearModel,450,50,0.4748159730018188,0.6693309045805321,0.08259779214859009,0.1310567706823349,0.6000000238418579,0.0002382919192314148
dresses-sales,NeuralNetFastAI,450,50,0.4936019548483999,0.7023388471824049,0.09319715201854706,0.22302643954753876,0.6800000071525574,0.00023743510246276855
dresses-sales,NeuralNetTorch,450,50,0.4956058064402501,0.7043726369227812,0.0812859833240509,0.11189335584640503,0.6200000047683716,0.00023466162383556366
dresses-sales,RandomForest,450,50,0.5069221706762014,0.7010575529586549,0.11495744436979294,0.15193960070610046,0.6000000238418579,0.0002412591129541397
dresses-sales,XGBoost,450,50,0.49334169228343683,0.6880556302228387,0.10089418292045593,0.10286857932806015,0.6200000047683716,0.00023562274873256683
eeg-eye-state,CatBoost,13482,1498,0.062197635104202495,0.12068661955382635,0.009959428571164608,0.008463762700557709,0.9599465727806091,0.00081622414290905
eeg-eye-state,ExtraTrees,13482,1498,0.08134187674322432,0.13717594143035738,0.013121282681822777,0.009818465448915958,0.9425901174545288,0.000855710357427597
eeg-eye-state,LightGBM,13482,1498,0.06986856029753771,0.1357950444536696,0.012091273441910744,0.013701855204999447,0.9572763442993164,0.0007846932858228683
eeg-eye-state,LinearModel,13482,1498,0.44707052457672763,0.6359957631538126,0.07478398084640503,0.023609213531017303,0.6321762204170227,0.000810554251074791
eeg-eye-state,NeuralNetFastAI,13482,1498,0.2549098670827104,0.39981564889875393,0.04527359828352928,0.07646267116069794,0.8204272389411926,0.0008930377662181854
eeg-eye-state,NeuralNetTorch,13482,1498,0.027050479056316988,0.057131073949501926,0.005676127504557371,0.007378304842859507,0.9833110570907593,0.000777367502450943
eeg-eye-state,RandomForest,13482,1498,0.09630172940150813,0.1632935884172663,0.015995396301150322,0.010485894978046417,0.9372496604919434,0.0008088462054729462
eeg-eye-state,XGBoost,13482,1498,0.07295589975955298,0.14156537675242908,0.012424392625689507,0.008366764523088932,0.9532710313796997,0.0006906595081090927
electricity,CatBoost,40780,4532,0.08230453194272364,0.15160417581589894,0.007599762640893459,0.011703322641551495,0.9477052092552185,0.0018044691532850266
electricity,ExtraTrees,40780,4532,0.1373283845624534,0.22833524605224623,0.010514943860471249,0.006610422395169735,0.907987654209137,0.0019920039921998978
electricity,LightGBM,40780,4532,0.0833257497051507,0.15402729668151172,0.007476518861949444,0.014081976376473904,0.9485878348350525,0.0016993656754493713
electricity,LinearModel,40780,4532,0.33082580872867007,0.49897912517767756,0.02906043455004692,0.009891395457088947,0.7561782598495483,0.0019889473915100098
electricity,NeuralNetFastAI,40780,4532,0.22243097734079226,0.3539451588570502,0.009042508900165558,0.016089381650090218,0.843777596950531,0.0020096879452466965
electricity,NeuralNetTorch,40780,4532,0.18532371160490596,0.3041518097207593,0.01608874648809433,0.0235289353877306,0.8718005418777466,0.001927495002746582
electricity,RandomForest,40780,4532,0.10687360793581463,0.18386370467018942,0.0045594871044158936,0.00676143541932106,0.9300529360771179,0.001904727891087532
electricity,XGBoost,40780,4532,0.08130472542777252,0.15096009682173908,0.007980510592460632,0.013547143898904324,0.948808491230011,0.0020152926445007324
fri_c0_1000_5,CatBoost,900,100,0.12780769791366517,0.1920300923657775,0.05291175842285156,0.0693405270576477,0.8700000047683716,0.00029589422047138214
fri_c0_1000_5,ExtraTrees,900,100,0.15898043818360602,0.2335832046009336,0.046937864273786545,0.057157691568136215,0.8899999856948853,0.0002486035227775574
fri_c0_1000_5,LightGBM,900,100,0.11734869308149723,0.1774501098386254,0.03752388060092926,0.045782409608364105,0.8899999856948853,0.00024451129138469696
fri_c0_1000_5,LinearModel,900,100,0.217700791127548,0.36711525408447815,0.07530287653207779,0.09810410439968109,0.8399999737739563,0.00025641731917858124
fri_c0_1000_5,NeuralNetFastAI,900,100,0.09184692268182996,0.15629717303927013,0.03769019618630409,0.06253310292959213,0.9399999976158142,0.0002634916454553604
fri_c0_1000_5,NeuralNetTorch,900,100,0.11839765123501284,0.17108657921559522,0.038602568209171295,0.07939403504133224,0.9100000262260437,0.00025854259729385376
fri_c0_1000_5,RandomForest,900,100,0.12904419675377035,0.21733711072190737,0.0580022968351841,0.0677427351474762,0.9300000071525574,0.00024696625769138336
fri_c0_1000_5,XGBoost,900,100,0.14554548376104331,0.22158965058827945,0.039697982370853424,0.07417698204517365,0.8999999761581421,0.00025069713592529297
fri_c0_500_5,CatBoost,450,50,0.19254417060330956,0.3315741277248084,0.07317142933607101,0.07287032157182693,0.8799999952316284,0.00023871473968029022
fri_c0_500_5,ExtraTrees,450,50,0.26308970759994454,2.059417579883361,0.09576471149921417,0.10691400617361069,0.800000011920929,0.00023874640464782715
fri_c0_500_5,LightGBM,450,50,0.2178723548775035,0.36591216287373024,0.07223288714885712,0.08907435834407806,0.8600000143051147,0.00022983551025390625
fri_c0_500_5,LinearModel,450,50,0.32794067459962967,0.549680037639342,0.05849999189376831,0.16380824148654938,0.7799999713897705,0.0002195313572883606
fri_c0_500_5,NeuralNetFastAI,450,50,0.20678453930340018,1.9924645706897477,0.07066667079925537,0.07710928469896317,0.8399999737739563,0.00022806040942668915
fri_c0_500_5,NeuralNetTorch,450,50,0.17362558733692565,0.2871392715615172,0.07452552020549774,0.09935678541660309,0.9200000166893005,0.00024507567286491394
fri_c0_500_5,RandomForest,450,50,0.2561325154697876,2.048917662265589,0.08156785368919373,0.10386509448289871,0.7799999713897705,0.00022283196449279785
fri_c0_500_5,XGBoost,450,50,0.24296409689958626,0.4043992768209469,0.08342652022838593,0.09499143064022064,0.8199999928474426,0.00023560039699077606
fri_c1_1000_50,CatBoost,900,100,0.12497287144515049,0.21402761239244333,0.02003495767712593,0.029864231124520302,0.9100000262260437,0.00026436708867549896
fri_c1_1000_50,ExtraTrees,900,100,0.11059473926343368,0.18765873260214824,0.023000288754701614,0.0252643134444952,0.9300000071525574,0.00026027485728263855
fri_c1_1000_50,LightGBM,900,100,0.1522482331544799,0.2400480513625135,0.03491666540503502,0.05139181762933731,0.8799999952316284,0.0002651941031217575
fri_c1_1000_50,LinearModel,900,100,0.415751366277909,0.6019816427534299,0.09105029702186584,0.10699640214443207,0.6399999856948853,0.00026414357125759125
fri_c1_1000_50,NeuralNetFastAI,900,100,0.1576235198814538,0.2823132503204813,0.047613512724637985,0.06579650193452835,0.8899999856948853,0.00026120804250240326
fri_c1_1000_50,NeuralNetTorch,900,100,0.22785972931620044,0.3637655002955421,0.05995071306824684,0.06852086633443832,0.8500000238418579,0.00026449747383594513
fri_c1_1000_50,RandomForest,900,100,0.15657405830705715,0.2783143153592777,0.029637759551405907,0.05740039050579071,0.9100000262260437,0.00027485191822052
fri_c1_1000_50,XGBoost,900,100,0.12183001070447066,0.2037245502683961,0.03369464352726936,0.05512319505214691,0.8999999761581421,0.0002580340951681137
fri_c2_1000_25,CatBoost,900,100,0.13438029490021136,0.2233087382682225,0.042729999870061874,0.05611167475581169,0.9100000262260437,0.0002560429275035858
fri_c2_1000_25,ExtraTrees,900,100,0.14054058683263446,1.066604332240897,0.02855341136455536,0.06691475212574005,0.8799999952316284,0.00026344507932662964
fri_c2_1000_25,LightGBM,900,100,0.14459030119472174,0.2497173344025525,0.026538461446762085,0.05294086039066315,0.8999999761581421,0.00027053989470005035
fri_c2_1000_25,LinearModel,900,100,0.37217462154330117,0.539306473089467,0.04271664470434189,0.052364498376846313,0.699999988079071,0.0002716127783060074
fri_c2_1000_25,NeuralNetFastAI,900,100,0.13038554684112538,0.2355889706912437,0.025965465232729912,0.05621509999036789,0.9300000071525574,0.0002581831067800522
fri_c2_1000_25,NeuralNetTorch,900,100,0.144238125668316,0.25254062209970113,0.032870374619960785,0.05271659791469574,0.8899999856948853,0.00023792311549186707
fri_c2_1000_25,RandomForest,900,100,0.1622879587638483,0.2796819260125176,0.037329088896512985,0.051397159695625305,0.8899999856948853,0.00024206563830375671
fri_c2_1000_25,XGBoost,900,100,0.13910900411907914,0.2356023179787687,0.04022699594497681,0.030493076890707016,0.8899999856948853,0.00025766342878341675
fri_c2_500_50,CatBoost,450,50,0.17613165638865003,0.31255077407424714,0.04464530944824219,0.10868512839078903,0.9200000166893005,0.0002168901264667511
fri_c2_500_50,ExtraTrees,450,50,0.24196104469966875,0.3613030249508467,0.06657850742340088,0.08248262107372284,0.8199999928474426,0.00021941214799880981
fri_c2_500_50,LightGBM,450,50,0.21131490206122244,0.3264044701358993,0.04350649565458298,0.11242135614156723,0.8399999737739563,0.00022602640092372894
fri_c2_500_50,LinearModel,450,50,0.38842379445189634,0.5603525331144992,0.06091795861721039,0.11996457725763321,0.6800000071525574,0.0002198386937379837
fri_c2_500_50,NeuralNetFastAI,450,50,0.19030854522636942,0.3434568613071057,0.054111115634441376,0.11963631957769394,0.9200000166893005,0.0002199281007051468
fri_c2_500_50,NeuralNetTorch,450,50,0.2721858995981957,0.431451264496671,0.05115213990211487,0.1369989812374115,0.800000011920929,0.00021922029554843903
fri_c2_500_50,RandomForest,450,50,0.2424413864513855,0.36424820025178145,0.060352716594934464,0.10569785535335541,0.8199999928474426,0.00023542344570159912
fri_c2_500_50,XGBoost,450,50,0.280145548921793,3.831061730591136,0.056511297821998596,0.10390140861272812,0.8399999737739563,0.0002318006008863449
fri_c3_1000_10,CatBoost,900,100,0.10941088436918578,0.21323521343482255,0.03375687450170517,0.05032798647880554,0.9399999976158142,0.00026979297399520874
fri_c3_1000_10,ExtraTrees,900,100,0.08697291715838204,0.15732833617865866,0.023041216656565666,0.027236521244049072,0.949999988079071,0.00024396926164627075
fri_c3_1000_10,LightGBM,900,100,0.11743128462001691,0.20285798262878132,0.02429993636906147,0.05682298541069031,0.9200000166893005,0.0002721138298511505
fri_c3_1000_10,LinearModel,900,100,0.3951507193855669,0.5789941555341052,0.06198117136955261,0.06775712966918945,0.7200000286102295,0.0002591274678707123
fri_c3_1000_10,NeuralNetFastAI,900,100,0.09679189535533317,0.16943209401799517,0.03452754765748978,0.047459572553634644,0.9200000166893005,0.00024079158902168274
fri_c3_1000_10,NeuralNetTorch,900,100,0.09772047577775617,0.18580709282221655,0.03764452785253525,0.04822085425257683,0.949999988079071,0.00026447512209415436
fri_c3_1000_10,RandomForest,900,100,0.12300798918108317,0.2282853491087485,0.02756953239440918,0.07631160318851471,0.9399999976158142,0.000241793692111969
fri_c3_1000_10,XGBoost,900,100,0.10779407586231353,0.20569762470333422,0.03495210409164429,0.07501111179590225,0.949999988079071,0.000258544459939003
fri_c3_1000_25,CatBoost,900,100,0.1483323578094651,0.23729532665854614,0.04211309552192688,0.08008381724357605,0.8899999856948853,0.00026572681963443756
fri_c3_1000_25,ExtraTrees,900,100,0.09276532980269186,0.1458182322366786,0.01638554036617279,0.04531754553318024,0.9200000166893005,0.0002599041908979416
fri_c3_1000_25,LightGBM,900,100,0.08677685662466633,0.13650116555351927,0.021590277552604675,0.034942567348480225,0.9200000166893005,0.00023917295038700104
fri_c3_1000_25,LinearModel,900,100,0.43418967569652267,0.6187383901382079,0.06033020839095116,0.06174280866980553,0.6499999761581421,0.0002538636326789856
fri_c3_1000_25,NeuralNetFastAI,900,100,0.07327484338004879,0.12653759942674536,0.026287904009222984,0.04204387962818146,0.9599999785423279,0.0002629365772008896
fri_c3_1000_25,NeuralNetTorch,900,100,0.08833783842992132,0.1662200427646302,0.03038986399769783,0.05632737651467323,0.9399999976158142,0.00026094354689121246
fri_c3_1000_25,RandomForest,900,100,0.14074564580194834,0.21561400092291533,0.030535828322172165,0.060773350298404694,0.8899999856948853,0.0002835746854543686
fri_c3_1000_25,XGBoost,900,100,0.10130313516886773,0.1689290890814669,0.03299873322248459,0.043425772339105606,0.9300000071525574,0.0002642236649990082
fri_c3_500_10,CatBoost,450,50,0.18797533627506433,0.3048559831138892,0.06634773313999176,0.0807885155081749,0.8600000143051147,0.000233381986618042
fri_c3_500_10,ExtraTrees,450,50,0.23569748736609722,3.733502003788735,0.07664892077445984,0.09539884328842163,0.8600000143051147,0.00023469142615795135
fri_c3_500_10,LightGBM,450,50,0.278716307915513,0.45450521207252054,0.09002915769815445,0.14320778846740723,0.800000011920929,0.0002335086464881897
fri_c3_500_10,LinearModel,450,50,0.4346184182765242,0.6188961248902978,0.0903625339269638,0.20009633898735046,0.6000000238418579,0.00023699738085269928
fri_c3_500_10,NeuralNetFastAI,450,50,0.2059635196375421,2.0090783058995347,0.061430200934410095,0.09710384905338287,0.8799999952316284,0.00023487955331802368
fri_c3_500_10,NeuralNetTorch,450,50,0.17642270597007254,3.641620378151209,0.04035796970129013,0.0793052613735199,0.8999999761581421,0.0002347361296415329
fri_c3_500_10,RandomForest,450,50,0.2224735379596397,2.0155632099616865,0.05815540626645088,0.08265294134616852,0.8399999737739563,0.00023639574646949768
fri_c3_500_10,XGBoost,450,50,0.20119053074571971,0.35372222764832373,0.06457464396953583,0.0772591307759285,0.8600000143051147,0.00021777302026748657
fri_c3_500_50,CatBoost,450,50,0.2208660995399283,0.3462739648570407,0.05360683426260948,0.11423768848180771,0.8399999737739563,0.00023373030126094818
fri_c3_500_50,ExtraTrees,450,50,0.20126125890233695,0.3183184272431308,0.06882411241531372,0.0620168037712574,0.8600000143051147,0.0002459939569234848
fri_c3_500_50,LightGBM,450,50,0.1905527095319303,0.31281866977042744,0.04509668052196503,0.07569696754217148,0.8799999952316284,0.00023501180112361908
fri_c3_500_50,LinearModel,450,50,0.41464778970687277,0.5960034265836325,0.08064094930887222,0.12561847269535065,0.6000000238418579,0.00022903457283973694
fri_c3_500_50,NeuralNetFastAI,450,50,0.41264803573196573,0.5958959481271013,0.0917884111404419,0.15604189038276672,0.6399999856948853,0.00023656710982322693
fri_c3_500_50,NeuralNetTorch,450,50,0.41474102056648393,0.5988653987489055,0.0519617423415184,0.12647680938243866,0.699999988079071,0.00022074393928050995
fri_c3_500_50,RandomForest,450,50,0.21450930915116412,0.3343346807833356,0.04632605239748955,0.029163368046283722,0.8600000143051147,0.00021951459348201752
fri_c3_500_50,XGBoost,450,50,0.18320876100057754,0.30500805820473803,0.038146063685417175,0.0693248063325882,0.8799999952316284,0.00024236179888248444
fri_c4_500_100,CatBoost,450,50,0.18323702889060972,0.25872485906054676,0.06636591255664825,0.1057269498705864,0.8600000143051147,0.000230276957154274
fri_c4_500_100,ExtraTrees,450,50,0.19234947876421304,0.2768842642505467,0.06784124672412872,0.09616353362798691,0.8399999737739563,0.00024388916790485382
fri_c4_500_100,LightGBM,450,50,0.18124233198753778,0.2955463583737394,0.04861162602901459,0.09996847063302994,0.8999999761581421,0.00022709742188453674
fri_c4_500_100,LinearModel,450,50,0.4409944330468571,0.6295933388967472,0.09389929473400116,0.11651510745286942,0.5799999833106995,0.0002294592559337616
fri_c4_500_100,NeuralNetFastAI,450,50,0.4624865391540138,0.6556192855990675,0.08163151890039444,0.14801082015037537,0.6399999856948853,0.0002180449664592743
fri_c4_500_100,NeuralNetTorch,450,50,0.40233383380231075,0.5892787382471186,0.09151290357112885,0.12078721821308136,0.699999988079071,0.00024599209427833557
fri_c4_500_100,RandomForest,450,50,0.17693222990468827,0.2717119285701726,0.06164473667740822,0.07448384910821915,0.8199999928474426,0.0002375040203332901
fri_c4_500_100,XGBoost,450,50,0.158759062991855,0.24533905208570186,0.06413333117961884,0.053183313459157944,0.8600000143051147,0.00023498386144638062
fried,CatBoost,36691,4077,0.09344387559886898,0.15305581653913952,0.009660706855356693,0.011497204191982746,0.9308314919471741,0.001845790073275566
fried,ExtraTrees,36691,4077,0.11425069375295527,0.18167148596791605,0.016628433018922806,0.013479339890182018,0.9185675978660583,0.001809941604733467
fried,LightGBM,36691,4077,0.0938820079191063,0.15682857413847112,0.009115243330597878,0.011220614425837994,0.9293597936630249,0.001667708158493042
fried,LinearModel,36691,4077,0.23242682711568272,0.37014171758730857,0.020100245252251625,0.011883272789418697,0.8400784730911255,0.0017321892082691193
fried,NeuralNetFastAI,36691,4077,0.09137336821620866,0.15482217375352564,0.008903550915420055,0.007662015501409769,0.9347559213638306,0.0016442779451608658
fried,NeuralNetTorch,36691,4077,0.09092572358316109,0.1528535414674342,0.00868868175894022,0.009205636568367481,0.9354918003082275,0.001667233183979988
fried,RandomForest,36691,4077,0.11592451110128342,0.18463208190170577,0.011731890961527824,0.011690596118569374,0.9151336550712585,0.001664329320192337
fried,XGBoost,36691,4077,0.09529439797915043,0.15997613288232065,0.00653313472867012,0.008470102213323116,0.9335295557975769,0.001661449670791626
gina,CatBoost,2837,316,0.06293919232879631,0.11684660215256851,0.013612878508865833,0.02031577378511429,0.952531635761261,0.000348823145031929
gina,ExtraTrees,2837,316,0.0982131050244649,0.16832337265021927,0.012556399218738079,0.026020415127277374,0.9430379867553711,0.00036910735070705414
gina,LightGBM,2837,316,0.06969686751524751,0.13362161932260072,0.013511363416910172,0.025079749524593353,0.952531635761261,0.0003815889358520508
gina,LinearModel,2837,316,0.23676664400492228,0.39247059209129115,0.0582822784781456,0.057521749287843704,0.8386076092720032,0.00031577982008457184
gina,NeuralNetFastAI,2837,316,0.05106924608972385,0.10907086027037426,0.023549295961856842,0.03528144210577011,0.9651898741722107,0.0003453437238931656
gina,NeuralNetTorch,2837,316,0.06988992155946654,0.12829983505409534,0.015295595861971378,0.050619542598724365,0.9462025165557861,0.00034581683576107025
gina,RandomForest,2837,316,0.09124597344084048,0.16137521769941332,0.010500935837626457,0.009094770066440105,0.9367088675498962,0.00034052878618240356
gina,XGBoost,2837,316,0.06861892932208433,0.1261848407555959,0.010062886402010918,0.026085706427693367,0.9556962251663208,0.0003060959279537201
hill-valley,CatBoost,1090,122,0.47266989226308176,0.6652307929525608,0.09721976518630981,0.06651586294174194,0.5819672346115112,0.0002709943801164627
hill-valley,ExtraTrees,1090,122,0.4710989253512486,0.6638741202443891,0.0821671336889267,0.05728036165237427,0.5901639461517334,0.00027173198759555817
hill-valley,LightGBM,1090,122,0.45114187447631254,0.6422571764653381,0.09012050926685333,0.060527704656124115,0.6229507923126221,0.0002729911357164383
hill-valley,LinearModel,1090,122,0.15608115427532518,0.25707130340149825,0.05415676161646843,0.046299174427986145,0.8852459192276001,0.0002489611506462097
hill-valley,NeuralNetFastAI,1090,122,0.23044152389886405,0.3683577039768713,0.09076537191867828,0.14481979608535767,0.9098360538482666,0.0002716928720474243
hill-valley,NeuralNetTorch,1090,122,0.13102232677954173,0.21346765284053754,0.04405803605914116,0.0397542305290699,0.9098360538482666,0.00027504563331604004
hill-valley,RandomForest,1090,122,0.4835264569936608,0.6764648712956352,0.056941986083984375,0.08986612409353256,0.5819672346115112,0.0002829786390066147
hill-valley,XGBoost,1090,122,0.4719605082435964,0.6646026801830147,0.1074126809835434,0.04990295693278313,0.5983606576919556,0.0002748444676399231
hiva_agnostic,CatBoost,3806,423,0.06469580880620203,0.14163773949919548,0.0254667978733778,0.01671578176319599,0.9669030904769897,0.0003453753888607025
hiva_agnostic,ExtraTrees,3806,423,0.07233094948425087,0.14666465083630773,0.021796058863401413,0.015873322263360023,0.957446813583374,0.0003703702241182327
hiva_agnostic,LightGBM,3806,423,0.06601828497411226,0.14587841526240958,0.025524355471134186,0.02067149244248867,0.9669030904769897,0.0003707669675350189
hiva_agnostic,LinearModel,3806,423,0.059892249284547186,0.13437320711893672,0.023145396262407303,0.01673947088420391,0.9645389914512634,0.0003734845668077469
hiva_agnostic,NeuralNetFastAI,3806,423,0.06850875669200136,0.14718427142963778,0.023228364065289497,0.021628737449645996,0.9669030904769897,0.00034332461655139923
hiva_agnostic,NeuralNetTorch,3806,423,0.06262887209872907,0.14049884055638723,0.023244300857186317,0.016613317653536797,0.9669030904769897,0.00033669546246528625
hiva_agnostic,RandomForest,3806,423,0.07156176661515486,0.1481634373382262,0.02179126814007759,0.018742144107818604,0.957446813583374,0.0003580041229724884
hiva_agnostic,XGBoost,3806,423,0.061645796996005336,0.13891028184786078,0.02550053969025612,0.019652506336569786,0.9669030904769897,0.0003345124423503876
houses,CatBoost,18576,2064,0.016875759430016478,0.03416212204149984,0.004425689112395048,0.006014013197273016,0.9888566136360168,0.0009609479457139969
houses,ExtraTrees,18576,2064,0.015923926671157263,0.02836766583070309,0.0038510351441800594,0.005547264590859413,0.9898256063461304,0.0009174998849630356
houses,LightGBM,18576,2064,0.018971526520862154,0.035554266766939104,0.005642356816679239,0.0072068409062922,0.9864341020584106,0.0009369440376758575
houses,LinearModel,18576,2064,0.047209244233871135,0.09445218535394194,0.010492708534002304,0.009227943606674671,0.9685077667236328,0.0009362474083900452
houses,NeuralNetFastAI,18576,2064,0.01897524465187783,0.0337608904656102,0.005144646856933832,0.007156974636018276,0.9864341020584106,0.0009368248283863068
houses,NeuralNetTorch,18576,2064,0.018954872095559756,0.03390607916490495,0.004700854420661926,0.0053122867830097675,0.9864341020584106,0.000983644276857376
houses,RandomForest,18576,2064,0.019439910660890455,0.035277867334983455,0.004069328308105469,0.0041055828332901,0.9883720874786377,0.0009430069476366043
houses,XGBoost,18576,2064,0.018702562669222097,0.035404128610699886,0.0045838854275643826,0.006665883120149374,0.9864341020584106,0.0009365454316139221
ilpd,CatBoost,524,59,0.3660087934809136,0.5325566339002948,0.06158772110939026,0.0336926206946373,0.7118644118309021,0.00025611743330955505
ilpd,ExtraTrees,524,59,0.35644736922130554,0.512237094489972,0.10068531334400177,0.0713859274983406,0.7627118825912476,0.00024407170712947845
ilpd,LightGBM,524,59,0.3718193064572956,0.535680283231809,0.06734027713537216,0.12456215918064117,0.7288135886192322,0.00024492479860782623
ilpd,LinearModel,524,59,0.3736153996186821,0.5277151139816056,0.09831176698207855,0.14775221049785614,0.6779661178588867,0.00024026446044445038
ilpd,NeuralNetFastAI,524,59,0.3543475523014621,0.49906416672370857,0.07472838461399078,0.1238405779004097,0.694915235042572,0.00024339184165000916
ilpd,NeuralNetTorch,524,59,0.37821286623642414,0.5535632747114194,0.09795697033405304,0.16870920360088348,0.6101694703102112,0.00025739148259162903
ilpd,RandomForest,524,59,0.3787895625428109,0.5450881605538367,0.06754054129123688,0.1060563400387764,0.694915235042572,0.00022599101066589355
ilpd,XGBoost,524,59,0.35855552031357896,0.5099265187249494,0.06626307219266891,0.049576032906770706,0.6779661178588867,0.00023326463997364044
jasmine,CatBoost,2685,299,0.26831551045569474,0.4193917674644164,0.02880960702896118,0.06963510811328888,0.8060200810432434,0.00036949291825294495
jasmine,ExtraTrees,2685,299,0.2728926312886743,0.41603457671135724,0.03554908186197281,0.03199700638651848,0.8160535097122192,0.00033101998269557953
jasmine,LightGBM,2685,299,0.2668589175152616,0.417353084134316,0.039643432945013046,0.05357189476490021,0.8127090334892273,0.00033278949558734894
jasmine,LinearModel,2685,299,0.2890573210403013,0.4465773065156499,0.027887849137187004,0.030675223097205162,0.7993311285972595,0.0003599580377340317
jasmine,NeuralNetFastAI,2685,299,0.2832014287744548,0.43125838313404363,0.03159486502408981,0.038604386150836945,0.8026756048202515,0.0003628656268119812
jasmine,NeuralNetTorch,2685,299,0.2842421974833414,0.4363188060546685,0.03592003881931305,0.06286714971065521,0.7993311285972595,0.00036326050758361816
jasmine,RandomForest,2685,299,0.26516269842268836,0.9641521198853467,0.0478946827352047,0.07519175112247467,0.8260869383811951,0.00035545602440834045
jasmine,XGBoost,2685,299,0.2598619478589263,0.40184803041103623,0.0322004109621048,0.027307813987135887,0.8260869383811951,0.00033458322286605835
jm1,CatBoost,9796,1089,0.2657603481960221,0.4210742529424461,0.039368726313114166,0.02202635630965233,0.8163452744483948,0.0006756596267223358
jm1,ExtraTrees,9796,1089,0.26678272035570294,0.4214530609232352,0.03312099725008011,0.021183747798204422,0.8172635436058044,0.0006681010127067566
jm1,LightGBM,9796,1089,0.26795829008405403,0.4254795126428453,0.04350045695900917,0.016421213746070862,0.8200183510780334,0.0006071906536817551
jm1,LinearModel,9796,1089,0.28219772929448605,0.44703545757950286,0.04405384510755539,0.019895534962415695,0.8163452744483948,0.0006483830511569977
jm1,NeuralNetFastAI,9796,1089,0.2711919240795953,0.43306403628531354,0.04714401066303253,0.02850152924656868,0.8236914873123169,0.0006542950868606567
jm1,NeuralNetTorch,9796,1089,0.276552412733826,0.438463567230287,0.050300221890211105,0.034916795790195465,0.8154270052909851,0.0005996320396661758
jm1,RandomForest,9796,1089,0.26349668419251165,0.41849770592353286,0.03041231259703636,0.018660711124539375,0.8227731585502625,0.0006135106086730957
jm1,XGBoost,9796,1089,0.26780777810373807,0.42559854363441396,0.040906261652708054,0.01660526543855667,0.8200183510780334,0.0006703156977891922
kc1,CatBoost,1898,211,0.19601737953865048,0.32567343566290813,0.03384845331311226,0.05146371200680733,0.8720378875732422,0.0003043524920940399
kc1,ExtraTrees,1898,211,0.19007506964517584,0.32355335525386114,0.044206876307725906,0.04923511669039726,0.8720378875732422,0.00030674971640110016
kc1,LightGBM,1898,211,0.1944531012399424,0.3265610357235963,0.03248530626296997,0.02363501489162445,0.8767772316932678,0.00030265189707279205
kc1,LinearModel,1898,211,0.21059557984313787,0.3510659334959396,0.03658672422170639,0.05132387951016426,0.8625592589378357,0.0003034006804227829
kc1,NeuralNetFastAI,1898,211,0.20216193073336475,0.3356767341143501,0.03576647490262985,0.0436328686773777,0.8578199148178101,0.00031189993023872375
kc1,NeuralNetTorch,1898,211,0.2161558278416987,0.35127040192841963,0.02478308230638504,0.02381754480302334,0.8483412265777588,0.00031866319477558136
kc1,RandomForest,1898,211,0.18955518016006603,0.3165650953916943,0.02967384271323681,0.030744394287467003,0.8862559199333191,0.0003204476088285446
kc1,XGBoost,1898,211,0.19989445408247283,0.3318688679276381,0.028069976717233658,0.03628649190068245,0.8767772316932678,0.0003135167062282562
kc2,CatBoost,469,53,0.2708284449240906,0.3959953183683234,0.08117933571338654,0.12937338650226593,0.7924528121948242,0.00023581460118293762
kc2,ExtraTrees,469,53,0.2743793029507466,0.4095428449641654,0.09022034704685211,0.09942814707756042,0.7735849022865295,0.00024237483739852905
kc2,LightGBM,469,53,0.19877666674260075,0.30497021071651487,0.06674489378929138,0.12374143302440643,0.8301886916160583,0.000237293541431427
kc2,LinearModel,469,53,0.27413956311529897,0.40661676701011373,0.051114920526742935,0.09251730889081955,0.7735849022865295,0.00023745186626911163
kc2,NeuralNetFastAI,469,53,0.2575415712454132,0.3818196940860564,0.058946847915649414,0.0870068222284317,0.7735849022865295,0.00024182163178920746
kc2,NeuralNetTorch,469,53,0.26744280316526725,0.41652005668380043,0.07007167488336563,0.11735774576663971,0.7735849022865295,0.00023227930068969727
kc2,RandomForest,469,53,0.25568051259878144,0.37856164651990326,0.07463715225458145,0.10826843231916428,0.8113207817077637,0.0002361629158258438
kc2,XGBoost,469,53,0.23808131145980677,0.35067671819548935,0.0791521668434143,0.09775672852993011,0.7924528121948242,0.00022527948021888733
kdd_el_nino-small,CatBoost,703,79,0.09098444501914267,0.1311726525080879,0.03805582597851753,0.047811608761548996,0.9240506291389465,0.000247415155172348
kdd_el_nino-small,ExtraTrees,703,79,0.11829769905529793,0.18370673181049252,0.03490933030843735,0.06370468437671661,0.9240506291389465,0.0002489425241947174
kdd_el_nino-small,LightGBM,703,79,0.13349496596458568,1.2597273231670838,0.05195126682519913,0.09336619079113007,0.8987341523170471,0.00025668367743492126
kdd_el_nino-small,LinearModel,703,79,0.11725385065445917,0.19059401641736737,0.03880961611866951,0.040472887456417084,0.9240506291389465,0.00022963248193264008
kdd_el_nino-small,NeuralNetFastAI,703,79,0.10933226425962743,0.21931513548182138,0.025107668712735176,0.04932928457856178,0.949367105960846,0.00022514723241329193
kdd_el_nino-small,NeuralNetTorch,703,79,0.14094357753912004,0.26303715298230973,0.045042186975479126,0.0899302288889885,0.9113923907279968,0.00022744014859199524
kdd_el_nino-small,RandomForest,703,79,0.10589474252734644,0.16361112710599426,0.02724555879831314,0.05222390219569206,0.9240506291389465,0.00024646148085594177
kdd_el_nino-small,XGBoost,703,79,0.10244655763620504,0.1686847010586216,0.03343803808093071,0.05857250094413757,0.9367088675498962,0.00023543275892734528
kdd_internet_usage,CatBoost,9097,1011,0.15149038635531026,0.2542588215737825,0.01318814791738987,0.026533503085374832,0.9010880589485168,0.0006624441593885422
kdd_internet_usage,ExtraTrees,9097,1011,0.1636427854909642,0.2613522282043914,0.01867736130952835,0.019237633794546127,0.8832838535308838,0.0006559118628501892
kdd_internet_usage,LightGBM,9097,1011,0.152413984467468,0.24769021131420085,0.014646552503108978,0.01443423517048359,0.8941642045974731,0.0005990359932184219
kdd_internet_usage,LinearModel,9097,1011,0.1710446959988166,0.2858996815404513,0.014282941818237305,0.016423936933279037,0.8773491382598877,0.0005853045731782913
kdd_internet_usage,NeuralNetFastAI,9097,1011,0.15260850218074526,0.2434922073720463,0.019540607929229736,0.009232785552740097,0.8911968469619751,0.0005853883922100067
kdd_internet_usage,NeuralNetTorch,9097,1011,0.1536645404859626,0.2443952647266924,0.018047258257865906,0.023820267990231514,0.8902077078819275,0.0005855318158864975
kdd_internet_usage,RandomForest,9097,1011,0.1609785405796736,0.25658449804283195,0.01718077063560486,0.023502133786678314,0.888229489326477,0.0005932915955781937
kdd_internet_usage,XGBoost,9097,1011,0.15004074633033926,0.24191623541986612,0.013861372135579586,0.013964815065264702,0.8981207013130188,0.0005940645933151245
kick,CatBoost,65684,7299,0.1624459821103133,0.289245613080382,0.0419943630695343,0.005883215460926294,0.903274416923523,0.0030432064086198807
kick,ExtraTrees,65684,7299,0.17066164626248392,0.30306032465179644,0.045210570096969604,0.004724603146314621,0.899301290512085,0.002405751496553421
kick,LightGBM,65684,7299,0.16499027291542195,0.29344727370015694,0.04067531228065491,0.007660882547497749,0.901767373085022,0.002516483888030052
kick,LinearModel,65684,7299,0.17203939893490422,0.30533028897522496,0.03341895341873169,0.003646156517788768,0.8973832130432129,0.002510642632842064
kick,NeuralNetFastAI,65684,7299,0.165352292559705,0.293691070258648,0.04153445363044739,0.008451899513602257,0.9013563394546509,0.0027801096439361572
kick,NeuralNetTorch,65684,7299,0.16418071069735352,0.29299225822862457,0.04297644644975662,0.004260737914592028,0.9028633832931519,0.002621166408061981
kick,RandomForest,65684,7299,0.16872536577292516,0.29908750804797946,0.04268514737486839,0.0034707554150372744,0.9003973007202148,0.002452470362186432
kick,XGBoost,65684,7299,0.16284705963657303,0.29006306371498863,0.04157266765832901,0.005137837957590818,0.9034114480018616,0.0026276390999555588
kin8nm,CatBoost,7372,820,0.1491927819663242,0.2476956323455306,0.020736820995807648,0.02727140299975872,0.8939024209976196,0.0005346070975065231
kin8nm,ExtraTrees,7372,820,0.2136658461168395,0.33784089372456977,0.02840583398938179,0.03156048804521561,0.8500000238418579,0.0005749091506004333
kin8nm,LightGBM,7372,820,0.15370615439380939,0.2563427746338313,0.02272161841392517,0.02727416157722473,0.8902438879013062,0.0005302485078573227
kin8nm,LinearModel,7372,820,0.3545928786271286,0.5316228276058844,0.0264318585395813,0.02478701062500477,0.7390244007110596,0.0005942266434431076
kin8nm,NeuralNetFastAI,7372,820,0.1288689625727911,0.21888311735324711,0.017938867211341858,0.023785145953297615,0.9036585092544556,0.0005038157105445862
kin8nm,NeuralNetTorch,7372,820,0.12588029699529119,0.2058085842428145,0.014475993812084198,0.029269015416502953,0.9134146571159363,0.0005194190889596939
kin8nm,RandomForest,7372,820,0.21272728177158803,0.33537944466902325,0.028948280960321426,0.020201414823532104,0.8487805128097534,0.0005390886217355728
kin8nm,XGBoost,7372,820,0.18257892443108262,0.3042850903134866,0.0290367528796196,0.03285808116197586,0.8817073106765747,0.0005415324121713638
madeline,CatBoost,2826,314,0.19270090974858453,0.32338414107088925,0.02938246913254261,0.037010371685028076,0.8694267272949219,0.00034225545823574066
madeline,ExtraTrees,2826,314,0.22523247840331156,0.6328797680499225,0.02464480511844158,0.027699168771505356,0.8471337556838989,0.00034351274371147156
madeline,LightGBM,2826,314,0.21621643282230535,0.36018268188987296,0.025086240842938423,0.06119208782911301,0.8598726391792297,0.00034847483038902283
madeline,LinearModel,2826,314,0.4814732370698306,0.6742792368796875,0.05318894237279892,0.046699702739715576,0.5891719460487366,0.0003408733755350113
madeline,NeuralNetFastAI,2826,314,0.39237000064448097,0.5778748996500241,0.05733996257185936,0.059967730194330215,0.6719745397567749,0.00035910308361053467
madeline,NeuralNetTorch,2826,314,0.3526374263136314,0.5311704706939482,0.05197198688983917,0.07049665600061417,0.7484076619148254,0.00034375302493572235
madeline,RandomForest,2826,314,0.23167502745338747,0.6496653000781771,0.02638225071132183,0.04638919606804848,0.8535031676292419,0.00034481100738048553
madeline,XGBoost,2826,314,0.21877799630007808,0.3655488117641371,0.02907586842775345,0.04824177920818329,0.8662420511245728,0.0003347080200910568
madelon,CatBoost,2340,260,0.18826362202057675,0.31608724688397744,0.02146938443183899,0.052255358546972275,0.8653846383094788,0.0003060903400182724
madelon,ExtraTrees,2340,260,0.22262269593599265,0.36296914493805943,0.04516468942165375,0.045820202678442,0.857692301273346,0.00032557733356952667
madelon,LightGBM,2340,260,0.19015397359710284,0.3349000391896692,0.0440545380115509,0.0664115697145462,0.8884615302085876,0.0003427322953939438
madelon,LinearModel,2340,260,0.4861278180491248,0.6791921954807476,0.03967459499835968,0.025080472230911255,0.5769230723381042,0.00032942183315753937
madelon,NeuralNetFastAI,2340,260,0.39793408180184275,0.585553761799428,0.07012955099344254,0.11517348885536194,0.7230769395828247,0.0003221239894628525
madelon,NeuralNetTorch,2340,260,0.4296548867781156,0.6196705831168177,0.04715457558631897,0.07939501851797104,0.6730769276618958,0.00030540674924850464
madelon,RandomForest,2340,260,0.21632896593289047,0.357552790242656,0.029664594680070877,0.03611312434077263,0.8500000238418579,0.00032671354711055756
madelon,XGBoost,2340,260,0.19603625283379963,0.3320566316147443,0.028266966342926025,0.05188357084989548,0.8692307472229004,0.00032020173966884613
mammography,CatBoost,10064,1119,0.021263964298663455,0.051760705324193725,0.006224143318831921,0.004033445380628109,0.9865951538085938,0.0005850717425346375
mammography,ExtraTrees,10064,1119,0.026370053833681233,0.06289382146807744,0.007787779439240694,0.009083895944058895,0.9857015013694763,0.0005658157169818878
mammography,LightGBM,10064,1119,0.02360683633992918,0.05513213954938862,0.0062253959476947784,0.006137106567621231,0.9874888062477112,0.0005545616149902344
mammography,LinearModel,10064,1119,0.029861743338144286,0.06821918999517132,0.007993060164153576,0.007183189038187265,0.9812332391738892,0.0005786921828985214
mammography,NeuralNetFastAI,10064,1119,0.025519484234553805,0.060957379360006114,0.0071227396838366985,0.008396999910473824,0.9857015013694763,0.0005775447934865952
mammography,NeuralNetTorch,10064,1119,0.02565497866024043,0.06315714172500056,0.008003008551895618,0.0076117562130093575,0.9865951538085938,0.0005723293870687485
mammography,RandomForest,10064,1119,0.027534739679323312,0.06563323738111979,0.008395519107580185,0.008270088583230972,0.9857015013694763,0.0005703791975975037
mammography,XGBoost,10064,1119,0.023403367633117175,0.055264128679352056,0.0067693330347537994,0.006970439571887255,0.9865951538085938,0.0005721170455217361
mc1,CatBoost,8519,947,0.008836999191769694,0.11076179908318075,0.0023400415666401386,0.0034371407236903906,0.9947201609611511,0.0005247276276350021
mc1,ExtraTrees,8519,947,0.009091232439239056,0.11170942842614251,0.002459331415593624,0.0023759992327541113,0.9947201609611511,0.0005031544715166092
mc1,LightGBM,8519,947,0.006974368188755413,0.10895889271701793,0.002952215261757374,0.0033468974288553,0.9968320727348328,0.0005028638988733292
mc1,LinearModel,8519,947,0.010230412551667286,0.030593581374081604,0.004205259960144758,0.001322251046076417,0.9947201609611511,0.0005012378096580505
mc1,NeuralNetFastAI,8519,947,0.010950177476417132,0.1209995126095032,0.0046986788511276245,0.003102108370512724,0.9947201609611511,0.0005032960325479507
mc1,NeuralNetTorch,8519,947,0.012001328491086215,0.03312451638795963,0.0044214180670678616,0.004212045110762119,0.9926082491874695,0.000544179230928421
mc1,RandomForest,8519,947,0.010357420619474995,0.031067076218438672,0.004210720770061016,0.0023237511049956083,0.9947201609611511,0.00048564933240413666
mc1,XGBoost,8519,947,0.009560727170080998,0.11205167537193367,0.002374262548983097,0.003242258448153734,0.9947201609611511,0.0004904009401798248
meta,CatBoost,475,53,0.08654783787327011,0.14145783557630479,0.04802744463086128,0.04894044250249863,0.9245283007621765,0.00023986399173736572
meta,ExtraTrees,475,53,0.15665046287152978,0.24429702606521303,0.0595829114317894,0.08692742139101028,0.9056603908538818,0.0002474002540111542
meta,LightGBM,475,53,0.098984301832208,0.16036586564519534,0.0471985787153244,0.05535674840211868,0.9245283007621765,0.00023947842419147491
meta,LinearModel,475,53,0.14771750765706027,1.8159191358542324,0.05478692427277565,0.05729028210043907,0.8867924809455872,0.00023835524916648865
meta,NeuralNetFastAI,475,53,0.15398064372561576,0.22452793106898417,0.0584905669093132,0.07903794199228287,0.849056601524353,0.00023242831230163574
meta,NeuralNetTorch,475,53,0.09033529409591369,0.1481428955629943,0.04673733562231064,0.07006841897964478,0.9622641801834106,0.00023485347628593445
meta,RandomForest,475,53,0.1364969474597235,0.2158536453948026,0.04215175285935402,0.05467626824975014,0.9056603908538818,0.00024309195578098297
meta,XGBoost,475,53,0.08389154727025742,0.13093550350109004,0.04789656400680542,0.067069411277771,0.9056603908538818,0.0002330988645553589
mozilla4,CatBoost,13990,1555,0.06837720429852931,0.12463322572340571,0.007071293890476227,0.012058297172188759,0.9536977410316467,0.0008331350982189178
mozilla4,ExtraTrees,13990,1555,0.06911041853910067,0.12610891465219845,0.005456800572574139,0.009294521063566208,0.9549839496612549,0.0008394382894039154
mozilla4,LightGBM,13990,1555,0.06450396857084763,0.12183290293286772,0.008392617106437683,0.011388980783522129,0.9569131731987,0.0007990524172782898
mozilla4,LinearModel,13990,1555,0.1151374350473046,0.20995679812987159,0.01979764550924301,0.007620261516422033,0.9344051480293274,0.000751052051782608
mozilla4,NeuralNetFastAI,13990,1555,0.11573807047053368,0.2132108348264635,0.014253765344619751,0.010609498247504234,0.9260450005531311,0.0008301157504320145
mozilla4,NeuralNetTorch,13990,1555,0.0916798857425263,0.16129542352929646,0.009778082370758057,0.014341861009597778,0.9408360123634338,0.0007662437856197357
mozilla4,RandomForest,13990,1555,0.07017343810123244,0.12245346945332677,0.009319102391600609,0.01612159237265587,0.9517685174942017,0.0008217561990022659
mozilla4,XGBoost,13990,1555,0.0686885097912369,0.1253652063462615,0.00911007821559906,0.018486198037862778,0.9504823088645935,0.0008019842207431793
no2,CatBoost,450,50,0.4224431911949644,0.6095480951627067,0.08147674798965454,0.08889074623584747,0.6200000047683716,0.0002498161047697067
no2,ExtraTrees,450,50,0.4165936651629318,0.6030313359786226,0.0687079131603241,0.039826538413763046,0.6800000071525574,0.00022003240883350372
no2,LightGBM,450,50,0.4382641172632822,0.630686520503511,0.0783526673913002,0.13247819244861603,0.6600000262260437,0.00026413239538669586
no2,LinearModel,450,50,0.5017291879832072,0.6956863638243921,0.1668384075164795,0.11343700438737869,0.47999998927116394,0.00023913942277431488
no2,NeuralNetFastAI,450,50,0.44483384665933123,0.6323473055718858,0.1263761967420578,0.060831982642412186,0.6200000047683716,0.00023772940039634705
no2,NeuralNetTorch,450,50,0.43451106700064934,0.6242744693448117,0.08156655728816986,0.026827368885278702,0.6600000262260437,0.0002199169248342514
no2,RandomForest,450,50,0.4236145956100863,0.6039693661919755,0.0990731418132782,0.12981683015823364,0.6000000238418579,0.0002199038863182068
no2,XGBoost,450,50,0.44952708584666984,0.633411097160383,0.07984384894371033,0.10417488217353821,0.6000000238418579,0.00020936690270900726
nomao,CatBoost,31018,3447,0.038958146113768286,0.0792050662216734,0.005322129465639591,0.004715126473456621,0.9747606515884399,0.0014183484017848969
nomao,ExtraTrees,31018,3447,0.0499369885668188,0.09480376530366996,0.004098923411220312,0.005552619695663452,0.9663475751876831,0.0012903474271297455
nomao,LightGBM,31018,3447,0.039014571423547875,0.08077423361737486,0.005696126259863377,0.004547335207462311,0.9747606515884399,0.0013796109706163406
nomao,LinearModel,31018,3447,0.07442932410237048,0.13502828460449934,0.00798136368393898,0.006811880972236395,0.9503916501998901,0.0013677366077899933
nomao,NeuralNetFastAI,31018,3447,0.053760198031889854,0.10774889703280223,0.007692037150263786,0.008108118548989296,0.967798113822937,0.001398889347910881
nomao,NeuralNetTorch,31018,3447,0.052865909554154995,0.10240825563441408,0.007467907387763262,0.004070496652275324,0.9654772281646729,0.0013616271317005157
nomao,RandomForest,31018,3447,0.04750729482956525,0.09010269695609649,0.0041285487823188305,0.00409354642033577,0.9698288440704346,0.0013955626636743546
nomao,XGBoost,31018,3447,0.039018594785100204,0.0809684145877,0.005975172854959965,0.007843982428312302,0.9756309986114502,0.0012969970703125
numerai28_6,CatBoost,86688,9632,0.4996084821642472,0.6927555764662567,0.08793681859970093,8.640945452498272e-05,0.5154692530632019,0.0044347308576107025
numerai28_6,ExtraTrees,86688,9632,0.49951128004201556,0.6926584316649663,0.08586928248405457,0.00040026710485108197,0.516299843788147,0.0032659564167261124
numerai28_6,LightGBM,86688,9632,0.49977304689837376,0.6929162495736225,0.08690071105957031,0.0006765947910025716,0.5129776000976562,0.0033073928207159042
numerai28_6,LinearModel,86688,9632,0.49921163345639935,0.6923586304636958,0.08834102749824524,0.0002857223153114319,0.5200373530387878,0.003378506749868393
numerai28_6,NeuralNetFastAI,86688,9632,0.4992695765728601,0.6924166273782534,0.09885157644748688,0.00023372490250039846,0.519518256187439,0.003155069425702095
numerai28_6,NeuralNetTorch,86688,9632,0.49893874806604016,0.6920853210706004,0.08615139126777649,0.0003581506898626685,0.5228405594825745,0.0029692519456148148
numerai28_6,RandomForest,86688,9632,0.4996371756484049,0.6927836785967936,0.09327873587608337,8.461634570267051e-05,0.5134966969490051,0.003413058817386627
numerai28_6,XGBoost,86688,9632,0.4998169940811181,0.6929642266988789,0.0876055359840393,0.00033363563125021756,0.5131852030754089,0.0034402236342430115
ozone-level-8hr,CatBoost,2280,254,0.08707246230942871,0.15036384146951073,0.01949188858270645,0.039023082703351974,0.9448819160461426,0.0003247670829296112
ozone-level-8hr,ExtraTrees,2280,254,0.07999596060065833,0.13562270412880761,0.018956439569592476,0.01793934404850006,0.9488189220428467,0.00031339749693870544
ozone-level-8hr,LightGBM,2280,254,0.0910867852047874,0.48953913190698467,0.021288346499204636,0.031655583530664444,0.9251968264579773,0.00030113011598587036
ozone-level-8hr,LinearModel,2280,254,0.0785888601830747,0.1328812827596003,0.017114689573645592,0.029573805630207062,0.9370078444480896,0.00031745433807373047
ozone-level-8hr,NeuralNetFastAI,2280,254,0.08236147609534647,0.14999033767908257,0.019854869693517685,0.0314299538731575,0.9527559280395508,0.0002850797027349472
ozone-level-8hr,NeuralNetTorch,2280,254,0.07048479789373233,0.1260756412439928,0.012933611869812012,0.02471308223903179,0.9488189220428467,0.00028316862881183624
ozone-level-8hr,RandomForest,2280,254,0.08654468079474845,0.14505084633465706,0.018415724858641624,0.014980357140302658,0.9409449100494385,0.00029156729578971863
ozone-level-8hr,XGBoost,2280,254,0.08278521839861999,0.14204876559397567,0.020990263670682907,0.03950434923171997,0.9370078444480896,0.00031399913132190704
parity5_plus_5,CatBoost,1011,113,0.0,0.0,0.0,1.0000000116860974e-07,1.0,0.0002590510994195938
parity5_plus_5,ExtraTrees,1011,113,0.05004572433857178,0.09776607262622274,0.020171266049146652,0.013256892561912537,0.9734513163566589,0.00026938319206237793
parity5_plus_5,LightGBM,1011,113,0.0,0.0,0.0,1.0000000116860974e-07,1.0,0.0002428237348794937
parity5_plus_5,LinearModel,1011,113,0.4896136804601588,0.6827284918431754,0.10340423882007599,0.027261510491371155,0.5752212405204773,0.00023945607244968414
parity5_plus_5,NeuralNetFastAI,1011,113,0.0,0.0,0.0,1.0000000116860974e-07,1.0,0.00025667808949947357
parity5_plus_5,NeuralNetTorch,1011,113,0.0,0.0,0.0,1.0000000116860974e-07,1.0,0.00024080835282802582
parity5_plus_5,RandomForest,1011,113,0.07921938422683353,0.142386418060951,0.029959961771965027,0.013988450169563293,0.9557521939277649,0.0002644900232553482
parity5_plus_5,XGBoost,1011,113,0.0,0.0,0.0,1.0000000116860974e-07,1.0,0.0002773646265268326
pbcseq,CatBoost,1750,195,0.18932596973287125,0.33238120100260277,0.03803779184818268,0.07163918763399124,0.8974359035491943,0.00028567947447299957
pbcseq,ExtraTrees,1750,195,0.2384127518357683,0.3906151972921203,0.04725262522697449,0.04394901171326637,0.8410256505012512,0.0003005079925060272
pbcseq,LightGBM,1750,195,0.21173710487227473,0.3604032339372366,0.043274473398923874,0.08651180565357208,0.8871794939041138,0.00031829625368118286
pbcseq,LinearModel,1750,195,0.4023020246302642,0.5872377405637369,0.055121466517448425,0.06781137734651566,0.6666666865348816,0.0003212951123714447
pbcseq,NeuralNetFastAI,1750,195,0.2889605513157292,0.4517112209768256,0.035165660083293915,0.04899101331830025,0.800000011920929,0.00029089488089084625
pbcseq,NeuralNetTorch,1750,195,0.29446274809266687,0.4633247357957577,0.04968850314617157,0.09812518954277039,0.8051282167434692,0.0002835933119058609
pbcseq,RandomForest,1750,195,0.24258481054917,0.4088814931846195,0.07099660485982895,0.09417299926280975,0.8666666746139526,0.00031930580735206604
pbcseq,XGBoost,1750,195,0.18572312821160344,0.3276583795609971,0.03547487035393715,0.06372854113578796,0.892307698726654,0.00031529925763607025
pc1,CatBoost,998,111,0.09974600608212916,0.18705246477851456,0.028071198612451553,0.022068720310926437,0.9369369149208069,0.00024371594190597534
pc1,ExtraTrees,998,111,0.08695185444288901,0.18707357394147703,0.026634816080331802,0.04341208189725876,0.954954981803894,0.0002407710999250412
pc1,LightGBM,998,111,0.09272363675812408,0.190879573956904,0.03501009941101074,0.037523601204156876,0.9459459185600281,0.00023576058447360992
pc1,LinearModel,998,111,0.11087891414264006,0.9786314068293898,0.03621847927570343,0.013841114938259125,0.9369369149208069,0.0002556014806032181
pc1,NeuralNetFastAI,998,111,0.11221102917811361,0.23597394574203123,0.043949056416749954,0.0634634867310524,0.9459459185600281,0.00024370476603507996
pc1,NeuralNetTorch,998,111,0.11131700838446928,0.9557402358291726,0.025863490998744965,0.029581990092992783,0.9369369149208069,0.00025644153356552124
pc1,RandomForest,998,111,0.08101789422289017,0.15956991671441575,0.017701394855976105,0.020050935447216034,0.954954981803894,0.00026284344494342804
pc1,XGBoost,998,111,0.09105327962772244,0.17768593012594763,0.026392590254545212,0.023222437128424644,0.9459459185600281,0.0002590622752904892
pc2,CatBoost,5030,559,0.007130370064244598,0.02374720937609628,0.003563548903912306,0.0004102183738723397,0.9964221715927124,0.00044175609946250916
pc2,ExtraTrees,5030,559,0.007136536312722961,0.023816929531775482,0.003563523292541504,0.00048477904056198895,0.9964221715927124,0.0004145447164773941
pc2,LightGBM,5030,559,0.007130756598020763,0.023770939815835647,0.0035628655459731817,0.0006012869416736066,0.9964221715927124,0.00041266344487667084
pc2,LinearModel,5030,559,0.00713061838998211,0.023751415943134045,0.003562790574505925,0.0005996427498757839,0.9964221715927124,0.00041201151907444
pc2,NeuralNetFastAI,5030,559,0.007229445845967444,0.024050405168579682,0.003565684426575899,0.0004908525734208524,0.9964221715927124,0.00041507743299007416
pc2,NeuralNetTorch,5030,559,0.007130391334645577,0.023748545963116305,0.0035635032691061497,0.00042298261541873217,0.9964221715927124,0.00041125155985355377
pc2,RandomForest,5030,559,0.00721828285570585,0.024133830455643324,0.0035649449564516544,0.0004046866379212588,0.9964221715927124,0.00042726099491119385
pc2,XGBoost,5030,559,0.005883163664576828,0.01674934388823391,0.0025847414508461952,0.003538158955052495,0.9964221715927124,0.000410713255405426
pc3,CatBoost,1406,157,0.18462672236613198,0.31968538929359025,0.05200027674436569,0.06744840741157532,0.8917197585105896,0.00028178654611110687
pc3,ExtraTrees,1406,157,0.16737254622340292,0.27156566987228165,0.03182027488946915,0.051426660269498825,0.8980891704559326,0.0002969279885292053
pc3,LightGBM,1406,157,0.18533629584396474,0.8475487175832359,0.04511766508221626,0.04847906157374382,0.8789808750152588,0.0002802163362503052
pc3,LinearModel,1406,157,0.2043549583864223,1.4206366752041204,0.05390779301524162,0.06893340498209,0.8853503465652466,0.00028578564524650574
pc3,NeuralNetFastAI,1406,157,0.19125995813475188,0.3172169018983249,0.05274982750415802,0.0833340585231781,0.8662420511245728,0.00027436017990112305
pc3,NeuralNetTorch,1406,157,0.18186304342431478,0.3194709222566777,0.04866436868906021,0.06628546118736267,0.8980891704559326,0.00030209310352802277
pc3,RandomForest,1406,157,0.16735744822027407,0.28411508326120943,0.033127956092357635,0.05263795703649521,0.8917197585105896,0.00029712729156017303
pc3,XGBoost,1406,157,0.1804341337954141,0.29091284580955323,0.04498334974050522,0.060260385274887085,0.8853503465652466,0.0002796761691570282
pc4,CatBoost,1312,146,0.1158374907184431,0.1901892151958363,0.03615429624915123,0.050874337553977966,0.9041095972061157,0.00025184266269207
pc4,ExtraTrees,1312,146,0.13616430731048407,0.22313752851202281,0.03619048371911049,0.04767522215843201,0.8904109597206116,0.00025147944688796997
pc4,LightGBM,1312,146,0.13012803232102663,0.20874291650566004,0.032167814671993256,0.04092630743980408,0.9178082346916199,0.00027764029800891876
pc4,LinearModel,1312,146,0.12062752133571693,0.1999829207293284,0.03717631846666336,0.038532715290784836,0.9246575236320496,0.0003008916974067688
pc4,NeuralNetFastAI,1312,146,0.12238479041560568,0.22099889739791526,0.04052382707595825,0.052350807934999466,0.9383561611175537,0.0002832729369401932
pc4,NeuralNetTorch,1312,146,0.13481052551770237,0.21945588757054335,0.030858395621180534,0.03346161171793938,0.9109588861465454,0.0002778228372335434
pc4,RandomForest,1312,146,0.13130517825339103,0.19143808759045258,0.027706120163202286,0.06380238384008408,0.8835616707801819,0.0002644415944814682
pc4,XGBoost,1312,146,0.14217751865783726,0.24258666168374757,0.039258550852537155,0.04548123478889465,0.8767123222351074,0.00029485858976840973
philippine,CatBoost,5248,584,0.3196260610157709,0.48063190766446656,0.022583462297916412,0.04007469862699509,0.7654109597206116,0.0005387645214796066
philippine,ExtraTrees,5248,584,0.31845019796704965,0.4785067131143532,0.023729100823402405,0.03829639405012131,0.767123281955719,0.0004966296255588531
philippine,LightGBM,5248,584,0.3017451679896722,0.45989238902741947,0.020256176590919495,0.02633625455200672,0.7808219194412231,0.0005305465310811996
philippine,LinearModel,5248,584,0.38089113296983523,0.5688885836788534,0.02453872561454773,0.0631023645401001,0.7226027250289917,0.0005447398871183395
philippine,NeuralNetFastAI,5248,584,0.3675747552593584,0.5443126878593241,0.03140096366405487,0.04612599313259125,0.732876718044281,0.0005394946783781052
philippine,NeuralNetTorch,5248,584,0.3658231435986379,0.5480794010986625,0.02787412330508232,0.05735275149345398,0.7294520735740662,0.0005498100072145462
philippine,RandomForest,5248,584,0.3202455227063454,0.4825753070413159,0.026233745738863945,0.02142661064863205,0.7619863152503967,0.0005054641515016556
philippine,XGBoost,5248,584,0.30153255779516186,0.46170131729989794,0.023745164275169373,0.04090490937232971,0.767123281955719,0.0005388651043176651
phoneme,CatBoost,4863,541,0.13779684757686073,0.2284956250879046,0.013317756354808807,0.02947418950498104,0.8964880108833313,0.0004741474986076355
phoneme,ExtraTrees,4863,541,0.12506273905268245,0.20083820998458304,0.015811894088983536,0.013387256301939487,0.9094269871711731,0.0004850085824728012
phoneme,LightGBM,4863,541,0.13834624648359817,0.23363770073669085,0.016962721943855286,0.02800471894443035,0.905730128288269,0.0004743952304124832
phoneme,LinearModel,4863,541,0.319597994094017,0.48046672858489886,0.026340100914239883,0.036286309361457825,0.7615526914596558,0.00048677437007427216
phoneme,NeuralNetFastAI,4863,541,0.16095396829390235,0.2670081310351679,0.018478907644748688,0.02692725881934166,0.874306857585907,0.0004735589027404785
phoneme,NeuralNetTorch,4863,541,0.14209662241462792,0.24547880455874604,0.016590319573879242,0.025382712483406067,0.9001848697662354,0.0004874616861343384
phoneme,RandomForest,4863,541,0.13489888089849994,0.22723339922257438,0.01583448052406311,0.020353984087705612,0.905730128288269,0.00047922879457473755
phoneme,XGBoost,4863,541,0.13336132222706903,0.2267382305791255,0.01753215119242668,0.04145316407084465,0.9094269871711731,0.0004982296377420425
pm10,CatBoost,450,50,0.4379330209730691,0.6306872895981747,0.11181546747684479,0.15445275604724884,0.7400000095367432,0.000255342572927475
pm10,ExtraTrees,450,50,0.4786534795042429,0.6752860496953282,0.10116176307201385,0.09387485682964325,0.6399999856948853,0.00024021975696086884
pm10,LightGBM,450,50,0.4267288039205358,0.6210640260821916,0.10571768879890442,0.13425934314727783,0.6800000071525574,0.00022287294268608093
pm10,LinearModel,450,50,0.4974434459970752,0.6905858689209455,0.12729114294052124,0.0314575657248497,0.5400000214576721,0.00024365819990634918
pm10,NeuralNetFastAI,450,50,0.5118690097513101,0.705377273628172,0.0764240026473999,0.08039341121912003,0.5,0.00024006888270378113
pm10,NeuralNetTorch,450,50,0.486768662014618,0.6793155723501911,0.10965533554553986,0.04429057240486145,0.5400000214576721,0.00023872032761573792
pm10,RandomForest,450,50,0.417598634488473,0.6031102788926761,0.11164750158786774,0.15415365993976593,0.7200000286102295,0.00021568872034549713
pm10,XGBoost,450,50,0.48157270111751527,0.6782374689824803,0.09387575089931488,0.146052286028862,0.6600000262260437,0.00022166036069393158
pollen,CatBoost,3463,385,0.5013621527866513,0.694510611542833,0.14428851008415222,0.003207386704161763,0.4961038827896118,0.0004170592874288559
pollen,ExtraTrees,3463,385,0.4999396938186992,0.6930786705333416,0.07979726791381836,0.0034065023064613342,0.47792208194732666,0.0003648381680250168
pollen,LightGBM,3463,385,0.4995033448219007,0.6927599595196567,0.12221477180719376,0.008223923854529858,0.5376623272895813,0.00039299577474594116
pollen,LinearModel,3463,385,0.49991670040309255,0.6930638787823001,0.11314943432807922,0.0014391755685210228,0.5064935088157654,0.0003460720181465149
pollen,NeuralNetFastAI,3463,385,0.49928090684231624,0.6924279750364145,0.14012539386749268,0.005735694896429777,0.5194805264472961,0.00035649165511131287
pollen,NeuralNetTorch,3463,385,0.5016180547538647,0.6947723012423552,0.13725639879703522,0.029551737010478973,0.5090909004211426,0.0003834608942270279
pollen,RandomForest,3463,385,0.5011789882249736,0.6943285089954713,0.11142639815807343,0.020810335874557495,0.4935064911842346,0.00038215890526771545
pollen,XGBoost,3463,385,0.5028508212234978,0.6960018581529985,0.09094546735286713,0.0015699428040534258,0.48831167817115784,0.0003846827894449234
puma32H,CatBoost,7372,820,0.13184066652574403,0.2182234313989859,0.01291949488222599,0.015801038593053818,0.9073171019554138,0.0006646793335676193
puma32H,ExtraTrees,7372,820,0.14380477903471078,0.22408407960963825,0.016691863536834717,0.025519734248518944,0.8963414430618286,0.0006432812660932541
puma32H,LightGBM,7372,820,0.1446689231117856,0.2321681653510584,0.012891329824924469,0.017839325591921806,0.8902438879013062,0.0006325524300336838
puma32H,LinearModel,7372,820,0.46227826516849996,0.6551304303412284,0.05616399645805359,0.03488622605800629,0.6414633989334106,0.0005811024457216263
puma32H,NeuralNetFastAI,7372,820,0.10426829465082296,0.175485027021233,0.011970864608883858,0.015942715108394623,0.9268292784690857,0.0006177779287099838
puma32H,NeuralNetTorch,7372,820,0.11141447807923856,0.1899611455122035,0.01730002835392952,0.028813954442739487,0.9207317233085632,0.0006421841681003571
puma32H,RandomForest,7372,820,0.15227121051175188,0.24675380888549858,0.0136183500289917,0.023886697366833687,0.8829268217086792,0.0006277989596128464
puma32H,XGBoost,7372,820,0.1436761752054116,0.2359878892799843,0.017571620643138885,0.023559674620628357,0.8963414430618286,0.0005809366703033447
puma8NH,CatBoost,7372,820,0.23103797334512696,0.36613765685707045,0.017722412943840027,0.030944542959332466,0.8402438759803772,0.0006642118096351624
puma8NH,ExtraTrees,7372,820,0.22727507549403544,0.3606862160879623,0.017057593911886215,0.031791478395462036,0.8439024686813354,0.000668063759803772
puma8NH,LightGBM,7372,820,0.23311801863096376,0.37212342319119823,0.019052330404520035,0.025537701323628426,0.8414633870124817,0.0006106849759817123
puma8NH,LinearModel,7372,820,0.2520815148970168,0.3903694185908105,0.01984202116727829,0.029537659138441086,0.8256097435951233,0.0006749927997589111
puma8NH,NeuralNetFastAI,7372,820,0.22750220969966642,0.3630708201411617,0.0180673748254776,0.03314736485481262,0.8439024686813354,0.000663023442029953
puma8NH,NeuralNetTorch,7372,820,0.22760784943432974,0.35743669922306004,0.017411984503269196,0.03359779715538025,0.8426828980445862,0.0006210934370756149
puma8NH,RandomForest,7372,820,0.2283690592944582,0.36447003628155933,0.01774115487933159,0.027454588562250137,0.8414633870124817,0.0006610918790102005
puma8NH,XGBoost,7372,820,0.22809385497064555,0.36398641982369323,0.016128357499837875,0.031082194298505783,0.8414633870124817,0.00067109614610672
qsar-biodeg,CatBoost,949,106,0.17970723284505288,0.30509724268427113,0.02049008384346962,0.03742469102144241,0.8773584961891174,0.00025234371423721313
qsar-biodeg,ExtraTrees,949,106,0.17362916078833293,0.28470130305067803,0.033733803778886795,0.02655954845249653,0.8773584961891174,0.0002656560391187668
qsar-biodeg,LightGBM,949,106,0.16083879957397357,0.27291261689688123,0.019877750426530838,0.03515828028321266,0.8962264060974121,0.00026264041662216187
qsar-biodeg,LinearModel,949,106,0.18651498862682084,0.3058484259687799,0.037888459861278534,0.10436740517616272,0.8301886916160583,0.00027540698647499084
qsar-biodeg,NeuralNetFastAI,949,106,0.18008023279098226,0.28267165649134157,0.03903717175126076,0.06479678303003311,0.8584905862808228,0.000261157751083374
qsar-biodeg,NeuralNetTorch,949,106,0.17870330022006106,0.29689708043146595,0.02738051488995552,0.036634303629398346,0.8773584961891174,0.000256560742855072
qsar-biodeg,RandomForest,949,106,0.16137013069563494,0.26990633184629104,0.03231268376111984,0.039049383252859116,0.8773584961891174,0.0002817157655954361
qsar-biodeg,XGBoost,949,106,0.17573165108100536,0.3044877825107446,0.02335156500339508,0.06767202168703079,0.8867924809455872,0.00025484897196292877
ringnorm,CatBoost,6660,740,0.03131993544490059,0.07268981525629611,0.00578682217746973,0.00857557449489832,0.9824324250221252,0.0005995556712150574
ringnorm,ExtraTrees,6660,740,0.03539971812751391,0.06152020616268537,0.008014216087758541,0.005560128949582577,0.9756757020950317,0.000578664243221283
ringnorm,LightGBM,6660,740,0.03092557313347088,0.06872145018324831,0.006921860855072737,0.009154890663921833,0.9824324250221252,0.000521363690495491
ringnorm,LinearModel,6660,740,0.30948464063574044,0.4629979127768284,0.030031338334083557,0.009678170084953308,0.7783783674240112,0.0006248410791158676
ringnorm,NeuralNetFastAI,6660,740,0.03611566153897024,0.07119518796714745,0.007499893195927143,0.007544865366071463,0.9770269989967346,0.000529831275343895
ringnorm,NeuralNetTorch,6660,740,0.030063244643322634,0.05698514896843371,0.00501624122262001,0.007917364127933979,0.9770269989967346,0.0005624890327453613
ringnorm,RandomForest,6660,740,0.0568622773497935,0.10187038318626175,0.008311383426189423,0.010471430607140064,0.9635134935379028,0.0005975738167762756
ringnorm,XGBoost,6660,740,0.03598537844329946,0.07904213263543969,0.006938480772078037,0.012307601049542427,0.9783783555030823,0.0005382578819990158
rmftsa_ladata,CatBoost,457,51,0.1752585436264963,0.3023755345339269,0.044729992747306824,0.06233653798699379,0.8823529481887817,0.0002337917685508728
rmftsa_ladata,ExtraTrees,457,51,0.1372551828755478,0.2170998690216437,0.042248960584402084,0.0730588361620903,0.9019607901573181,0.0002456437796354294
rmftsa_ladata,LightGBM,457,51,0.1776253948778319,0.2937700356731598,0.048786185681819916,0.06299688667058945,0.8627451062202454,0.00025101564824581146
rmftsa_ladata,LinearModel,457,51,0.11956794934083798,0.19983958957318845,0.03602410852909088,0.06600979715585709,0.9411764740943909,0.00021037831902503967
rmftsa_ladata,NeuralNetFastAI,457,51,0.10939102614831438,0.21669808817922911,0.059464991092681885,0.11776037514209747,0.9607843160629272,0.000245632603764534
rmftsa_ladata,NeuralNetTorch,457,51,0.14440433280690343,0.2663146837846118,0.04915966838598251,0.09472297132015228,0.9019607901573181,0.00025141239166259766
rmftsa_ladata,RandomForest,457,51,0.15968490228303933,0.2725429580054052,0.03914854675531387,0.06274139881134033,0.9019607901573181,0.00023779645562171936
rmftsa_ladata,XGBoost,457,51,0.1752089756883337,0.3056982425636716,0.04879678785800934,0.09020958095788956,0.9019607901573181,0.00026729144155979156
spambase,CatBoost,4140,461,0.08254176254633698,0.14801148040761467,0.02625143900513649,0.02815459668636322,0.9414316415786743,0.000421157106757164
spambase,ExtraTrees,4140,461,0.09066292593596033,0.17004506733521865,0.0233168788254261,0.030052052810788155,0.9479392766952515,0.0013861339539289474
spambase,LightGBM,4140,461,0.09574963234600287,0.1845572471099562,0.02326836623251438,0.038777075707912445,0.9327548742294312,0.0003919079899787903
spambase,LinearModel,4140,461,0.10576304954680885,0.19219664893980415,0.025512102991342545,0.02509789727628231,0.9305856823921204,0.00044167041778564453
spambase,NeuralNetFastAI,4140,461,0.09420790547355058,0.17343128469063435,0.01589498482644558,0.01755290850996971,0.9414316415786743,0.00041757524013519287
spambase,NeuralNetTorch,4140,461,0.08930847883848032,0.16696259218593382,0.026678968220949173,0.02254370041191578,0.9327548742294312,0.00044678524136543274
spambase,RandomForest,4140,461,0.08903314987040918,0.15400537841982553,0.02605581097304821,0.02586425095796585,0.9392624497413635,0.0004482511430978775
spambase,XGBoost,4140,461,0.10016751083693363,0.17468257556642672,0.03092997893691063,0.0404876247048378,0.9305856823921204,0.0004177819937467575
sylvine,CatBoost,4611,513,0.08831705896719519,0.16698609458096764,0.027644243091344833,0.018279094249010086,0.943469762802124,0.000489627942442894
sylvine,ExtraTrees,4611,513,0.08992799248058375,0.16081480911208282,0.014734267257153988,0.020476151257753372,0.9415204524993896,0.00046897120773792267
sylvine,LightGBM,4611,513,0.08966980689750156,0.16542979881531866,0.02425115369260311,0.023465914651751518,0.9376218318939209,0.0004505924880504608
sylvine,LinearModel,4611,513,0.15337864220885825,0.2664692393096386,0.019209595397114754,0.021974975243210793,0.8966861367225647,0.0004743710160255432
sylvine,NeuralNetFastAI,4611,513,0.09910148302868547,0.18337103849451294,0.024558207020163536,0.02152496762573719,0.9376218318939209,0.00043928809463977814
sylvine,NeuralNetTorch,4611,513,0.10121128479431912,0.17842045548517516,0.01991531439125538,0.031469084322452545,0.9298245906829834,0.0004381537437438965
sylvine,RandomForest,4611,513,0.11062965342073197,0.19342825775166994,0.014087533578276634,0.024694710969924927,0.9278752207756042,0.0004596635699272156
sylvine,XGBoost,4611,513,0.09130359913352341,0.16861793368558997,0.021517466753721237,0.027598941698670387,0.9356725215911865,0.00044920481741428375
tokyo1,CatBoost,863,96,0.06896893614139156,0.133962272954447,0.0188492052257061,0.058287084102630615,0.9583333134651184,0.0002881977707147598
tokyo1,ExtraTrees,863,96,0.07836893223880324,0.12379400616870478,0.0249876007437706,0.07040035724639893,0.9166666865348816,0.00024087168276309967
tokyo1,LightGBM,863,96,0.0943372146660358,0.16959113325712774,0.02273821458220482,0.042121678590774536,0.9375,0.0002690982073545456
tokyo1,LinearModel,863,96,0.12786489068633455,0.2162646920821043,0.037080638110637665,0.06298934668302536,0.90625,0.0002722200006246567
tokyo1,NeuralNetFastAI,863,96,0.10252526585536943,0.14571828705271248,0.0234375,0.05544295907020569,0.90625,0.00025210902094841003
tokyo1,NeuralNetTorch,863,96,0.06564687366412265,0.11005769980518008,0.01589823327958584,0.030268387869000435,0.9583333134651184,0.00024493224918842316
tokyo1,RandomForest,863,96,0.061124371305785415,0.11116752905750647,0.020366962999105453,0.03641017898917198,0.9583333134651184,0.0002759695053100586
tokyo1,XGBoost,863,96,0.09588636561228193,0.16054023584819352,0.029100529849529266,0.04957290366292,0.9166666865348816,0.0002603624016046524
twonorm,CatBoost,6660,740,0.03287622298583926,0.06331945902357836,0.007986944168806076,0.0067615751177072525,0.9770269989967346,0.0005771331489086151
twonorm,ExtraTrees,6660,740,0.034132846118448176,0.06169141680257878,0.01137361116707325,0.014898310415446758,0.9783783555030823,0.0005414169281721115
twonorm,LightGBM,6660,740,0.033420589150411344,0.06728874758473649,0.008563755080103874,0.0076329344883561134,0.9797297120094299,0.0005509108304977417
twonorm,LinearModel,6660,740,0.02933142826526213,0.05779534768184646,0.008267994970083237,0.0103112468495965,0.9810810685157776,0.00048708729445934296
twonorm,NeuralNetFastAI,6660,740,0.030684642111274973,0.059764010319285216,0.009056600742042065,0.01000493485480547,0.9783783555030823,0.0005131959915161133
twonorm,NeuralNetTorch,6660,740,0.028875436980661886,0.05582349509204718,0.007669865619391203,0.008988059125840664,0.9797297120094299,0.0004855785518884659
twonorm,RandomForest,6660,740,0.03490237260264864,0.06308387520680243,0.0075362324714660645,0.005930679384618998,0.9783783555030823,0.0005995091050863266
twonorm,XGBoost,6660,740,0.036642320990896815,0.06889911154385955,0.008977211080491543,0.00978627149015665,0.9770269989967346,0.0005508046597242355
visualizing_soil,CatBoost,7776,865,0.0,0.0,0.0,1.0000000116860974e-07,1.0,0.000573623925447464
visualizing_soil,ExtraTrees,7776,865,0.0,0.0,0.0,1.0000000116860974e-07,1.0,0.0005196034908294678
visualizing_soil,LightGBM,7776,865,0.0,0.0,0.0,1.0000000116860974e-07,1.0,0.0005909986793994904
visualizing_soil,LinearModel,7776,865,0.0,0.0,0.0,1.0000000116860974e-07,1.0,0.0005684643983840942
visualizing_soil,NeuralNetFastAI,7776,865,0.0,0.0,0.0,1.0000000116860974e-07,1.0,0.0005544740706682205
visualizing_soil,NeuralNetTorch,7776,865,0.0,0.0,0.0,1.0000000116860974e-07,1.0,0.0005525145679712296
visualizing_soil,RandomForest,7776,865,0.0006994873822950215,0.0009231963627428751,0.000635877251625061,0.0006359677645377815,0.9988439083099365,0.0005095526576042175
visualizing_soil,XGBoost,7776,865,0.0,0.0,0.0,1.0000000116860974e-07,1.0,0.0005047991871833801
wilt,CatBoost,4355,484,0.03308225604473371,0.07212075932700474,0.0066308737732470036,0.010390735231339931,0.9814049601554871,0.00039310939610004425
wilt,ExtraTrees,4355,484,0.031151975983022513,0.06641680987141504,0.005099565722048283,0.00761129055172205,0.9814049601554871,0.0003561936318874359
wilt,LightGBM,4355,484,0.03187616688615583,0.06750479999146641,0.006176978349685669,0.013312900438904762,0.9772727489471436,0.00038249604403972626
wilt,LinearModel,4355,484,0.030477032047282478,0.05439700705133654,0.00739461462944746,0.010788396000862122,0.9772727489471436,0.00040834955871105194
wilt,NeuralNetFastAI,4355,484,0.024506098089902287,0.04597840793258177,0.007676044944673777,0.008350866846740246,0.9834710955619812,0.0003631468862295151
wilt,NeuralNetTorch,4355,484,0.031689417290597044,0.0570553571854136,0.009442624635994434,0.015191336162388325,0.9752066135406494,0.00038371048867702484
wilt,RandomForest,4355,484,0.03704111994542834,0.07135739633716927,0.00929261278361082,0.010705128312110901,0.9752066135406494,0.0003773663192987442
wilt,XGBoost,4355,484,0.04028386262217794,0.0910232089964773,0.01107519306242466,0.017795490100979805,0.9752066135406494,0.0003528241068124771
wind,CatBoost,5916,658,0.18453479341952764,0.3015474136985192,0.020361021161079407,0.03330935910344124,0.8632218837738037,0.0005050059407949448
wind,ExtraTrees,5916,658,0.18827549685763798,0.3088698290745619,0.01635732501745224,0.03986761346459389,0.8647416234016418,0.0005338359624147415
wind,LightGBM,5916,658,0.18013373186061696,0.29599440274458066,0.016256064176559448,0.02901333197951317,0.8738601803779602,0.0005147326737642288
wind,LinearModel,5916,658,0.20104618731070398,0.32242612529678305,0.018473021686077118,0.01709301955997944,0.8510638475418091,0.0004910919815301895
wind,NeuralNetFastAI,5916,658,0.17437846608911334,0.28735373310423246,0.01766866445541382,0.02663283981382847,0.8814589381217957,0.0005259308964014053
wind,NeuralNetTorch,5916,658,0.17657156925937484,0.29274404306264173,0.012202039361000061,0.02244853787124157,0.8784194588661194,0.00047439150512218475
wind,RandomForest,5916,658,0.19101422409021998,0.3131953099504216,0.01276366412639618,0.022972311824560165,0.8708206415176392,0.0004817470908164978
wind,XGBoost,5916,658,0.18425652894622221,0.30251035836591295,0.017248421907424927,0.03127323463559151,0.8708206415176392,0.0004574377089738846
