dataset,model,cal_size,test_size,Isotonic_brier,Isotonic_logloss,Isotonic_kuiper,Isotonic_ece-15,Isotonic_accuracy,Isotonic_time
2dplanes,CatBoost,36691,4077,0.09471304079319069,0.15055115856129944,0.008280339650809765,0.009629258885979652,0.9261711835861206,0.04353288188576698
2dplanes,ExtraTrees,36691,4077,0.09438856275690749,0.1515363767702519,0.013203964568674564,0.0049520921893417835,0.9259259104728699,0.03311774879693985
2dplanes,LightGBM,36691,4077,0.09437526661928707,0.1508385834309919,0.012184570543467999,0.005369360558688641,0.9271523356437683,0.03053152561187744
2dplanes,LinearModel,36691,4077,0.23018659392397237,0.35888613948106446,0.009302654303610325,0.013297240249812603,0.8425312638282776,0.031075138598680496
2dplanes,NeuralNetFastAI,36691,4077,0.0940488425400004,0.14992482754162448,0.007301646750420332,0.004884618800133467,0.9305862188339233,0.03057726100087166
2dplanes,NeuralNetTorch,36691,4077,0.09445815777810115,0.1515684419526745,0.0037746820598840714,0.006475367117673159,0.9315673112869263,0.030617550015449524
2dplanes,RandomForest,36691,4077,0.09425721358422429,0.15263042700274648,0.013433200307190418,0.005008322186768055,0.9308314919471741,0.03015989065170288
2dplanes,XGBoost,36691,4077,0.09417562936203484,0.15033206467897967,0.010069534182548523,0.005560106132179499,0.927397608757019,0.030910249799489975
APSFailure,CatBoost,68400,7600,0.007741980107647489,0.02556101906713305,0.0008437527576461434,0.0020657647401094437,0.9952631592750549,0.05858365073800087
APSFailure,ExtraTrees,68400,7600,0.009235157742775738,0.01772469018807913,0.0010946991387754679,0.0014788326807320118,0.9940789341926575,0.05462079495191574
APSFailure,LightGBM,68400,7600,0.007693198026999897,0.015051793361631973,0.0006382022984325886,0.0015553755220025778,0.995394766330719,0.05810399353504181
APSFailure,LinearModel,68400,7600,0.011537218557431884,0.022136365001310176,0.0016379423905164003,0.002680512610822916,0.9930263161659241,0.058315690606832504
APSFailure,NeuralNetFastAI,68400,7600,0.009179287966144974,0.017310759391334488,0.0008850486483424902,0.0025390752125531435,0.9943420886993408,0.05802648887038231
APSFailure,NeuralNetTorch,68400,7600,0.01117216963057745,0.03165187135729108,0.002006097696721554,0.0033600954338908195,0.9932894706726074,0.058386679738759995
APSFailure,RandomForest,68400,7600,0.007907991893168478,0.015912592868496486,0.001134393154643476,0.0016324162716045976,0.9951315522193909,0.053740132600069046
APSFailure,XGBoost,68400,7600,0.007491505143053955,0.014556992577192741,0.000687964609824121,0.0018059378489851952,0.9950000047683716,0.05802367627620697
Amazon_employee_access,CatBoost,29492,3277,0.0724301682364996,0.13429006284909809,0.005512661300599575,0.010937003418803215,0.9527006149291992,0.026324912905693054
Amazon_employee_access,ExtraTrees,29492,3277,0.07880018037550574,0.14796276931932198,0.006047933362424374,0.008695172145962715,0.9490387439727783,0.02587905153632164
Amazon_employee_access,LightGBM,29492,3277,0.07916367686165135,0.1510670916165995,0.004704885184764862,0.010427111759781837,0.9493439197540283,0.026145055890083313
Amazon_employee_access,LinearModel,29492,3277,0.08376186043947607,0.15656024171980495,0.0045197950676083565,0.00988295953720808,0.9465975165367126,0.026670072227716446
Amazon_employee_access,NeuralNetFastAI,29492,3277,0.08343525780631136,0.1550611973542844,0.00725189782679081,0.006287756841629744,0.9465975165367126,0.026599694043397903
Amazon_employee_access,NeuralNetTorch,29492,3277,0.08550901516975083,0.1607997228312553,0.006837949156761169,0.010550032369792461,0.9459871649742126,0.026082351803779602
Amazon_employee_access,RandomForest,29492,3277,0.07508522930139117,0.14170531090717725,0.0063857268542051315,0.011440192349255085,0.9530057907104492,0.025704164057970047
Amazon_employee_access,XGBoost,29492,3277,0.07518983598479896,0.14368402127940677,0.003997273743152618,0.00831995066255331,0.951785147190094,0.026102986186742783
Australian,CatBoost,621,69,0.1834144785333985,0.3213646480788056,0.05337388068437576,0.05380701646208763,0.8840579986572266,0.006874833256006241
Australian,ExtraTrees,621,69,0.17298987017821268,0.290404599611696,0.06481873244047165,0.10197900980710983,0.8550724387168884,0.0058968886733055115
Australian,LightGBM,621,69,0.18397511025735505,2.7298694007383775,0.07164609432220459,0.12508675456047058,0.8550724387168884,0.006009358912706375
Australian,LinearModel,621,69,0.16674053446237327,0.29177219664694043,0.06019840016961098,0.07093513011932373,0.9130434989929199,0.0057270824909210205
Australian,NeuralNetFastAI,621,69,0.1566533465313015,0.2900303582558752,0.06992318481206894,0.0841740295290947,0.8985507488250732,0.005805622786283493
Australian,NeuralNetTorch,621,69,0.17084805484985802,0.288489125354627,0.054988279938697815,0.07329244166612625,0.8840579986572266,0.006054792553186417
Australian,RandomForest,621,69,0.1689195262319935,0.2958955857718983,0.04529506713151932,0.07164029031991959,0.8550724387168884,0.005935464054346085
Australian,XGBoost,621,69,0.1500904766288049,1.463871404564108,0.04011908546090126,0.08471163362264633,0.8985507488250732,0.005895189940929413
Bioresponse,CatBoost,3375,376,0.2826632496683684,0.4419837228606741,0.02064475789666176,0.04961641877889633,0.8058510422706604,0.007949449121952057
Bioresponse,ExtraTrees,3375,376,0.287145842521992,0.4414593898505158,0.02909836918115616,0.05862611532211304,0.8005319237709045,0.007909346371889114
Bioresponse,LightGBM,3375,376,0.2802239233281944,0.43651484905620147,0.03664746135473251,0.07002352178096771,0.811170220375061,0.007929950952529907
Bioresponse,LinearModel,3375,376,0.36577346808049965,0.550138656265132,0.042724866420030594,0.07482701539993286,0.7446808218955994,0.00805635005235672
Bioresponse,NeuralNetFastAI,3375,376,0.2866160415236372,0.44211085881344003,0.027175715193152428,0.04545876756310463,0.7792553305625916,0.007919780910015106
Bioresponse,NeuralNetTorch,3375,376,0.2984734344813936,0.4587133306312406,0.024881066754460335,0.04731784388422966,0.7765957713127136,0.007824096828699112
Bioresponse,RandomForest,3375,376,0.28454639804812837,0.43917308446325354,0.03363758325576782,0.06980898231267929,0.8085106611251831,0.007834095507860184
Bioresponse,XGBoost,3375,376,0.27844941288139075,0.43743707765475187,0.027968470007181168,0.056576378643512726,0.811170220375061,0.007856771349906921
Click_prediction_small,CatBoost,35953,3995,0.2535961640909279,0.4326774770328082,0.008405536413192749,0.012694512493908405,0.8367959856987,0.034170012921094894
Click_prediction_small,ExtraTrees,35953,3995,0.2603059255657534,0.42077492074595146,0.006381697952747345,0.009746713563799858,0.8345431685447693,0.034237395972013474
Click_prediction_small,LightGBM,35953,3995,0.2584071249964197,0.41925147064293367,0.010400704108178616,0.012786859646439552,0.8372966051101685,0.0330827459692955
Click_prediction_small,LinearModel,35953,3995,0.2611635456836553,0.4656746141097447,0.012593450024724007,0.02057061716914177,0.8345431685447693,0.03351424261927605
Click_prediction_small,NeuralNetFastAI,35953,3995,0.2585986512916865,0.420191240463326,0.01214621216058731,0.0066657960414886475,0.8375469446182251,0.03343244642019272
Click_prediction_small,NeuralNetTorch,35953,3995,0.25944529365955316,0.4181770848293758,0.00911843404173851,0.006892682518810034,0.8340425491333008,0.03330867737531662
Click_prediction_small,RandomForest,35953,3995,0.25941939024180743,0.4185259798048013,0.005330178886651993,0.01112817320972681,0.8340425491333008,0.033473268151283264
Click_prediction_small,XGBoost,35953,3995,0.2579815807777542,0.41745244324830266,0.007049968466162682,0.012878905050456524,0.8357947468757629,0.03315848484635353
GAMETES_Epistasis_2-Way_1000atts_0_4H_EDM-1_EDM-1_1,CatBoost,1440,160,0.41154579890716025,0.6026625458978812,0.09402582049369812,0.12877586483955383,0.7437499761581421,0.006563391536474228
GAMETES_Epistasis_2-Way_1000atts_0_4H_EDM-1_EDM-1_1,ExtraTrees,1440,160,0.5006287758232782,0.693818854857606,0.18221533298492432,0.015074885450303555,0.518750011920929,0.006491038948297501
GAMETES_Epistasis_2-Way_1000atts_0_4H_EDM-1_EDM-1_1,LightGBM,1440,160,0.5170807268893653,0.7103079367478261,0.09028171002864838,0.05258845165371895,0.375,0.006463952362537384
GAMETES_Epistasis_2-Way_1000atts_0_4H_EDM-1_EDM-1_1,LinearModel,1440,160,0.5024198515884942,0.6955700705037863,0.1570008099079132,0.026205338537693024,0.45625001192092896,0.006541263312101364
GAMETES_Epistasis_2-Way_1000atts_0_4H_EDM-1_EDM-1_1,NeuralNetFastAI,1440,160,0.49459681789010695,0.6877430097490377,0.19206969439983368,0.04153556376695633,0.5625,0.006545949727296829
GAMETES_Epistasis_2-Way_1000atts_0_4H_EDM-1_EDM-1_1,NeuralNetTorch,1440,160,0.5018496493385011,0.6950095129569288,0.08772888034582138,0.010056822560727596,0.4625000059604645,0.006772380322217941
GAMETES_Epistasis_2-Way_1000atts_0_4H_EDM-1_EDM-1_1,RandomForest,1440,160,0.5123850706543027,0.7056104107079861,0.05926892161369324,0.08036184310913086,0.44999998807907104,0.00634114071726799
GAMETES_Epistasis_2-Way_1000atts_0_4H_EDM-1_EDM-1_1,XGBoost,1440,160,0.5017134212310046,0.6948849587009768,0.04119475185871124,0.02249062806367874,0.518750011920929,0.006386801600456238
GAMETES_Epistasis_2-Way_20atts_0_1H_EDM-1_1,CatBoost,1440,160,0.4137919178187694,0.6042358577519269,0.07222980260848999,0.0656828060746193,0.699999988079071,0.006560049951076508
GAMETES_Epistasis_2-Way_20atts_0_1H_EDM-1_1,ExtraTrees,1440,160,0.46305408376818563,0.6555022426700484,0.06715407967567444,0.07727038860321045,0.6312500238418579,0.006505288183689117
GAMETES_Epistasis_2-Way_20atts_0_1H_EDM-1_1,LightGBM,1440,160,0.44465871111337235,0.6359957237294817,0.051847487688064575,0.06827366352081299,0.6625000238418579,0.0064581334590911865
GAMETES_Epistasis_2-Way_20atts_0_1H_EDM-1_1,LinearModel,1440,160,0.49992296934831676,0.6930702835890987,0.2323119044303894,0.0007843576604500413,0.5062500238418579,0.006603345274925232
GAMETES_Epistasis_2-Way_20atts_0_1H_EDM-1_1,NeuralNetFastAI,1440,160,0.4125382110976791,0.6015863058440992,0.03681933507323265,0.05099107325077057,0.699999988079071,0.00650792196393013
GAMETES_Epistasis_2-Way_20atts_0_1H_EDM-1_1,NeuralNetTorch,1440,160,0.40518448838266063,0.5953058463040225,0.06760624051094055,0.07558702677488327,0.699999988079071,0.0063535720109939575
GAMETES_Epistasis_2-Way_20atts_0_1H_EDM-1_1,RandomForest,1440,160,0.48007397800887885,0.6728798320669448,0.06968515366315842,0.031688589602708817,0.612500011920929,0.006549112498760223
GAMETES_Epistasis_2-Way_20atts_0_1H_EDM-1_1,XGBoost,1440,160,0.44063869722614657,0.6312280668494781,0.066623754799366,0.04870360344648361,0.65625,0.006326030939817429
GAMETES_Epistasis_2-Way_20atts_0_4H_EDM-1_1,CatBoost,1440,160,0.29407960385085674,0.44765050816251506,0.03891468793153763,0.08014541864395142,0.7875000238418579,0.006561007350683212
GAMETES_Epistasis_2-Way_20atts_0_4H_EDM-1_1,ExtraTrees,1440,160,0.3947203029238261,0.5832862061480686,0.03910858929157257,0.0459444597363472,0.699999988079071,0.006603702902793884
GAMETES_Epistasis_2-Way_20atts_0_4H_EDM-1_1,LightGBM,1440,160,0.3125314182521436,0.47142574062394277,0.04899806156754494,0.07037820667028427,0.768750011920929,0.006531096994876862
GAMETES_Epistasis_2-Way_20atts_0_4H_EDM-1_1,LinearModel,1440,160,0.503975702422933,0.6975488042399016,0.2517755329608917,0.011341431178152561,0.4937500059604645,0.006520919501781464
GAMETES_Epistasis_2-Way_20atts_0_4H_EDM-1_1,NeuralNetFastAI,1440,160,0.2859798735934129,0.438065083549178,0.08235681056976318,0.05292963609099388,0.793749988079071,0.006481528282165527
GAMETES_Epistasis_2-Way_20atts_0_4H_EDM-1_1,NeuralNetTorch,1440,160,0.29737536137654985,0.4549922875665159,0.04532051086425781,0.0628902018070221,0.78125,0.0062627121806144714
GAMETES_Epistasis_2-Way_20atts_0_4H_EDM-1_1,RandomForest,1440,160,0.3922305106196222,1.105254268127447,0.031158924102783203,0.06770707666873932,0.7124999761581421,0.006286315619945526
GAMETES_Epistasis_2-Way_20atts_0_4H_EDM-1_1,XGBoost,1440,160,0.33370901705188144,0.5039110534707987,0.0366518497467041,0.0688890814781189,0.75,0.006429508328437805
GAMETES_Epistasis_3-Way_20atts_0_2H_EDM-1_1,CatBoost,1440,160,0.3939161346007166,0.5674373309421215,0.036915287375450134,0.07226725667715073,0.643750011920929,0.006564419716596603
GAMETES_Epistasis_3-Way_20atts_0_2H_EDM-1_1,ExtraTrees,1440,160,0.4900338809443447,0.6832519589036063,0.06540852785110474,0.033332012593746185,0.5687500238418579,0.006493523716926575
GAMETES_Epistasis_3-Way_20atts_0_2H_EDM-1_1,LightGBM,1440,160,0.4858054261043974,0.6787774833170735,0.05551350116729736,0.05560239404439926,0.581250011920929,0.006451807916164398
GAMETES_Epistasis_3-Way_20atts_0_2H_EDM-1_1,LinearModel,1440,160,0.49712282155501414,0.6902666082748319,0.04873570799827576,0.007384667173027992,0.53125,0.006501864641904831
GAMETES_Epistasis_3-Way_20atts_0_2H_EDM-1_1,NeuralNetFastAI,1440,160,0.397476315629156,0.5637795652846431,0.08710797131061554,0.07411446422338486,0.643750011920929,0.0064934901893138885
GAMETES_Epistasis_3-Way_20atts_0_2H_EDM-1_1,NeuralNetTorch,1440,160,0.43243048041224313,0.6198171383053867,0.060069628059864044,0.05416181683540344,0.637499988079071,0.006492342799901962
GAMETES_Epistasis_3-Way_20atts_0_2H_EDM-1_1,RandomForest,1440,160,0.49995082314768463,0.692864749158528,0.08805440366268158,0.09729117155075073,0.5249999761581421,0.006500821560621262
GAMETES_Epistasis_3-Way_20atts_0_2H_EDM-1_1,XGBoost,1440,160,0.4958829889351444,0.6890981807749218,0.09684237837791443,0.11799306422472,0.5375000238418579,0.006536427885293961
GAMETES_Heterogeneity_20atts_1600_Het_0_4_0_2_50_EDM-2_001,CatBoost,1440,160,0.4142921922883713,0.577650554549326,0.07270906865596771,0.1391405165195465,0.65625,0.00816844031214714
GAMETES_Heterogeneity_20atts_1600_Het_0_4_0_2_50_EDM-2_001,ExtraTrees,1440,160,0.4992227632047264,1.2270856306424047,0.06239764392375946,0.11978917568922043,0.6187499761581421,0.006515275686979294
GAMETES_Heterogeneity_20atts_1600_Het_0_4_0_2_50_EDM-2_001,LightGBM,1440,160,0.46262610160843165,0.6516096990505045,0.07487887144088745,0.08946873992681503,0.6312500238418579,0.006439689546823502
GAMETES_Heterogeneity_20atts_1600_Het_0_4_0_2_50_EDM-2_001,LinearModel,1440,160,0.5067030164454641,0.7007225931395302,0.14548324048519135,0.020771462470293045,0.48750001192092896,0.006418049335479736
GAMETES_Heterogeneity_20atts_1600_Het_0_4_0_2_50_EDM-2_001,NeuralNetFastAI,1440,160,0.4437125591622963,0.6234257616270693,0.0784427598118782,0.14726431667804718,0.606249988079071,0.006503242999315262
GAMETES_Heterogeneity_20atts_1600_Het_0_4_0_2_50_EDM-2_001,NeuralNetTorch,1440,160,0.44687166377503607,0.6262024908325763,0.06853635609149933,0.13658733665943146,0.6312500238418579,0.006384000182151794
GAMETES_Heterogeneity_20atts_1600_Het_0_4_0_2_50_EDM-2_001,RandomForest,1440,160,0.49389026372499617,0.6916252192146708,0.061873480677604675,0.12911556661128998,0.59375,0.00663941353559494
GAMETES_Heterogeneity_20atts_1600_Het_0_4_0_2_50_EDM-2_001,XGBoost,1440,160,0.4655572487054168,0.6623202144328161,0.06739480793476105,0.09557794034481049,0.625,0.006606943905353546
GAMETES_Heterogeneity_20atts_1600_Het_0_4_0_2_75_EDM-2_001,CatBoost,1440,160,0.38077492290667664,0.5550709190459291,0.05035204067826271,0.0894639641046524,0.699999988079071,0.006830643862485886
GAMETES_Heterogeneity_20atts_1600_Het_0_4_0_2_75_EDM-2_001,ExtraTrees,1440,160,0.41006884481370676,0.5982751563927807,0.03749404847621918,0.05526125803589821,0.675000011920929,0.0068435706198215485
GAMETES_Heterogeneity_20atts_1600_Het_0_4_0_2_75_EDM-2_001,LightGBM,1440,160,0.38704217788844636,0.5732896359976625,0.0367082878947258,0.06680992245674133,0.699999988079071,0.006584372371435165
GAMETES_Heterogeneity_20atts_1600_Het_0_4_0_2_75_EDM-2_001,LinearModel,1440,160,0.4982561383751885,0.6913414170990568,0.24965132772922516,0.0045153177343308926,0.5062500238418579,0.0065071843564510345
GAMETES_Heterogeneity_20atts_1600_Het_0_4_0_2_75_EDM-2_001,NeuralNetFastAI,1440,160,0.3792219298688146,0.558702462156591,0.05666618049144745,0.06727026402950287,0.6937500238418579,0.006555341184139252
GAMETES_Heterogeneity_20atts_1600_Het_0_4_0_2_75_EDM-2_001,NeuralNetTorch,1440,160,0.3589860658623797,0.5415941695542058,0.07841566950082779,0.0845285952091217,0.7124999761581421,0.0064672380685806274
GAMETES_Heterogeneity_20atts_1600_Het_0_4_0_2_75_EDM-2_001,RandomForest,1440,160,0.4042610882211436,0.5909318477814101,0.04936165362596512,0.048988256603479385,0.699999988079071,0.006606195122003555
GAMETES_Heterogeneity_20atts_1600_Het_0_4_0_2_75_EDM-2_001,XGBoost,1440,160,0.392044191998429,0.5743545904650624,0.04112420603632927,0.06800700724124908,0.699999988079071,0.006606016308069229
Internet-Advertisements,CatBoost,2951,328,0.04286774756025522,0.08702881012596494,0.013646960258483887,0.01836422085762024,0.9756097793579102,0.00784911960363388
Internet-Advertisements,ExtraTrees,2951,328,0.030677301936580952,0.07192509387609808,0.010108120739459991,0.016163570806384087,0.9817073345184326,0.007582448422908783
Internet-Advertisements,LightGBM,2951,328,0.04292523539723397,0.0838856113871161,0.012343406677246094,0.016601944342255592,0.9756097793579102,0.007813245058059692
Internet-Advertisements,LinearModel,2951,328,0.06195001644815815,0.1327463176868224,0.013066112995147705,0.02611079439520836,0.9603658318519592,0.007479488849639893
Internet-Advertisements,NeuralNetFastAI,2951,328,0.0522502605478818,0.3586655856185224,0.009541904553771019,0.021137746050953865,0.9664633870124817,0.007750675082206726
Internet-Advertisements,NeuralNetTorch,2951,328,0.053400404116150386,0.36581308084109226,0.013606836088001728,0.021582411602139473,0.9603658318519592,0.0077603161334991455
Internet-Advertisements,RandomForest,2951,328,0.037771631701815446,0.07556724872793186,0.011154934763908386,0.00851934403181076,0.9786585569381714,0.007513988763093948
Internet-Advertisements,XGBoost,2951,328,0.0536054014669895,0.10177110815834974,0.012358156032860279,0.016048355028033257,0.9695122241973877,0.007669851183891296
OVA_Colon,CatBoost,1390,155,0.07475239395547993,0.7024495789807716,0.020386457443237305,0.039433468133211136,0.9612902998924255,0.006506387144327164
OVA_Colon,ExtraTrees,1390,155,0.06802530826451514,0.15043879908134844,0.021751441061496735,0.03373685106635094,0.9612902998924255,0.006560619920492172
OVA_Colon,LightGBM,1390,155,0.06255072095243969,0.18254631978955285,0.016857512295246124,0.029733436182141304,0.9677419066429138,0.006486278027296066
OVA_Colon,LinearModel,1390,155,0.06723759102533138,0.16389182421324738,0.016810625791549683,0.033097222447395325,0.9677419066429138,0.006806105375289917
OVA_Colon,NeuralNetFastAI,1390,155,0.08416408244818668,0.7196278767992914,0.025455426424741745,0.04682867228984833,0.9612902998924255,0.006541848182678223
OVA_Colon,NeuralNetTorch,1390,155,0.0886491369282073,0.20003089532561757,0.029370296746492386,0.0679626539349556,0.9290322661399841,0.006593775004148483
OVA_Colon,RandomForest,1390,155,0.08665884065072553,0.18307469452790623,0.01996448263525963,0.042971689254045486,0.948387086391449,0.00650811567902565
OVA_Colon,XGBoost,1390,155,0.07143546319028687,0.7040802207883776,0.01995791122317314,0.034769754856824875,0.9612902998924255,0.006500087678432465
OVA_Endometrium,CatBoost,1390,155,0.054345242684698855,0.09575175514351054,0.02369786612689495,0.033509861677885056,0.9741935729980469,0.006573513150215149
OVA_Endometrium,ExtraTrees,1390,155,0.06074115141730617,0.11700562230085523,0.024202056229114532,0.025017226114869118,0.9548386931419373,0.00649246945977211
OVA_Endometrium,LightGBM,1390,155,0.04742761422240654,0.08978581261064553,0.017104201018810272,0.03232966363430023,0.9612902998924255,0.006611157208681107
OVA_Endometrium,LinearModel,1390,155,0.03611133012927359,0.0616575249562154,0.013190388679504395,0.014480562880635262,0.9806451797485352,0.006641726940870285
OVA_Endometrium,NeuralNetFastAI,1390,155,0.047625313521849795,0.0799654276932287,0.012791509740054607,0.01997048407793045,0.9612902998924255,0.006816774606704712
OVA_Endometrium,NeuralNetTorch,1390,155,0.04439519939758773,0.6153810964282013,0.01119815930724144,0.0174921452999115,0.9741935729980469,0.006624225527048111
OVA_Endometrium,RandomForest,1390,155,0.05532703415042361,0.116479031703356,0.025557778775691986,0.03269868716597557,0.9677419066429138,0.0065388791263103485
OVA_Endometrium,XGBoost,1390,155,0.04921826912973875,0.08942145499145039,0.017593972384929657,0.030647145584225655,0.9612902998924255,0.006548464298248291
OVA_Kidney,CatBoost,1390,155,0.01482187079737193,0.5756440749693765,0.012300312519073486,0.01230032928287983,0.9935483932495117,0.006626557558774948
OVA_Kidney,ExtraTrees,1390,155,0.015792292615121776,0.5769534582971433,0.013672471046447754,0.016388997435569763,0.9935483932495117,0.006488099694252014
OVA_Kidney,LightGBM,1390,155,0.014797521341908482,0.5747088037409768,0.01253741979598999,0.014449045062065125,0.9935483932495117,0.006407644599676132
OVA_Kidney,LinearModel,1390,155,0.014385185141564748,0.0376086560251681,0.010839778929948807,0.010745836421847343,0.9935483932495117,0.006377208977937698
OVA_Kidney,NeuralNetFastAI,1390,155,0.018533026145513776,0.04424514853989627,0.0135077815502882,0.017246810719370842,0.9935483932495117,0.006641644984483719
OVA_Kidney,NeuralNetTorch,1390,155,0.016475893140106626,0.04648756788640214,0.013851463794708252,0.016682211309671402,0.9935483932495117,0.006957728415727615
OVA_Kidney,RandomForest,1390,155,0.015190502473930249,0.04597590842334787,0.014402682892978191,0.014351088553667068,0.9935483932495117,0.006616070866584778
OVA_Kidney,XGBoost,1390,155,0.016527699234005395,0.576064972229157,0.013048350811004639,0.014006235636770725,0.9935483932495117,0.006569553166627884
OVA_Lung,CatBoost,1390,155,0.013936990290058958,0.5737707575772775,0.009097100235521793,0.005113174673169851,0.9935483932495117,0.006628938019275665
OVA_Lung,ExtraTrees,1390,155,0.023393293463941006,0.5863660214923702,0.009242167696356773,0.008071688003838062,0.9870967864990234,0.0065950751304626465
OVA_Lung,LightGBM,1390,155,0.01773141050447112,0.5802612472479786,0.01420773658901453,0.008656338788568974,0.9870967864990234,0.006396427750587463
OVA_Lung,LinearModel,1390,155,0.03246894233408546,0.07157821366314504,0.015165796503424644,0.011173533275723457,0.9806451797485352,0.006433814764022827
OVA_Lung,NeuralNetFastAI,1390,155,0.03355497648578512,0.07171585509253348,0.012790636159479618,0.014504470862448215,0.9806451797485352,0.006645027548074722
OVA_Lung,NeuralNetTorch,1390,155,0.02692589889981464,0.5950551229057126,0.014793753623962402,0.008342167362570763,0.9870967864990234,0.006727330386638641
OVA_Lung,RandomForest,1390,155,0.03812302403304282,0.6123916139542692,0.013939918950200081,0.012419549748301506,0.9806451797485352,0.006756078451871872
OVA_Lung,XGBoost,1390,155,0.014404891360636572,0.049172666398272315,0.01035154890269041,0.006358454003930092,0.9935483932495117,0.006582047790288925
OVA_Ovary,CatBoost,1390,155,0.10741082832083002,0.17399023543279854,0.028846178203821182,0.04150030016899109,0.9225806593894958,0.006740543991327286
OVA_Ovary,ExtraTrees,1390,155,0.11820143196337075,0.7277114592281716,0.031941983848810196,0.05290987342596054,0.9096774458885193,0.006404448300600052
OVA_Ovary,LightGBM,1390,155,0.0960967953917804,0.15520721138819524,0.019287381321191788,0.0380382165312767,0.9354838728904724,0.006369844079017639
OVA_Ovary,LinearModel,1390,155,0.11299214477802276,0.18422865703119115,0.0177820585668087,0.04812802001833916,0.9225806593894958,0.006466098129749298
OVA_Ovary,NeuralNetFastAI,1390,155,0.10584844027497661,0.1632320543815112,0.024402063339948654,0.0564270094037056,0.9161290526390076,0.006673704832792282
OVA_Ovary,NeuralNetTorch,1390,155,0.09401215372955975,0.14524200988646693,0.026917170733213425,0.04256003350019455,0.9354838728904724,0.006715405732393265
OVA_Ovary,RandomForest,1390,155,0.11990970051687884,0.18469569900167082,0.036373626440763474,0.0785188302397728,0.9096774458885193,0.0066919513046741486
OVA_Ovary,XGBoost,1390,155,0.10521745372100451,0.723665547416526,0.0260144229978323,0.0502665676176548,0.9161290526390076,0.006712418049573898
OVA_Prostate,CatBoost,1390,155,0.015633907335529492,0.5684756585877883,0.006451614201068878,0.010484452359378338,0.9935483932495117,0.0064362697303295135
OVA_Prostate,ExtraTrees,1390,155,0.012949791740254124,0.5651409689515287,0.00811922550201416,0.00811930000782013,0.9935483932495117,0.006483364850282669
OVA_Prostate,LightGBM,1390,155,0.012903225806451613,0.5634615990423387,0.00645161047577858,0.006451702676713467,0.9935483932495117,0.006341114640235901
OVA_Prostate,LinearModel,1390,155,0.025807518211891086,1.1276322199154096,0.013611976057291031,0.013611975125968456,0.9870967864990234,0.006425388157367706
OVA_Prostate,NeuralNetFastAI,1390,155,0.025806451612903226,1.1269231980846774,0.012903224676847458,0.012903314083814621,0.9870967864990234,0.006627701222896576
OVA_Prostate,NeuralNetTorch,1390,155,0.012903225806451613,0.5634615990423387,0.00645161047577858,0.006451702676713467,0.9935483932495117,0.00671868771314621
OVA_Prostate,RandomForest,1390,155,0.013663766809106451,0.5674390664937272,0.007357381284236908,0.010210258886218071,0.9935483932495117,0.006578605622053146
OVA_Prostate,XGBoost,1390,155,0.024272179821455627,0.582097247715051,0.007341488730162382,0.01112355850636959,0.9870967864990234,0.00653441995382309
PhishingWebsites,CatBoost,9949,1106,0.04724383100473333,0.15823658805503593,0.009831898845732212,0.014610091224312782,0.9710668921470642,0.013185687363147736
PhishingWebsites,ExtraTrees,9949,1106,0.057872825241930693,0.24752881514527286,0.011066698469221592,0.015627238899469376,0.9638336300849915,0.01263950765132904
PhishingWebsites,LightGBM,9949,1106,0.04736761290310745,0.08224952792946302,0.008181184530258179,0.008929107338190079,0.9683544039726257,0.012517310678958893
PhishingWebsites,LinearModel,9949,1106,0.09477941492530519,0.15268608464999395,0.006867602467536926,0.013037011958658695,0.9339963793754578,0.012656029313802719
PhishingWebsites,NeuralNetFastAI,9949,1106,0.04870155256003214,0.08119270930543888,0.006965454667806625,0.00816494319587946,0.9665461182594299,0.013008598238229752
PhishingWebsites,NeuralNetTorch,9949,1106,0.04654025661986922,0.153014728221616,0.010511108674108982,0.012561176903545856,0.9683544039726257,0.012220486998558044
PhishingWebsites,RandomForest,9949,1106,0.056220243653922815,0.10052358516082496,0.012093260884284973,0.014063701033592224,0.9629294872283936,0.012240931391716003
PhishingWebsites,XGBoost,9949,1106,0.0483579048081805,0.08588658012378116,0.008844442665576935,0.012150060385465622,0.9692586064338684,0.01271822676062584
Run_or_walk_information,CatBoost,79729,8859,0.009464336348352276,0.01746461473066358,0.0024092569947242737,0.0029305850621312857,0.9942431449890137,0.06299759447574615
Run_or_walk_information,ExtraTrees,79729,8859,0.011733174282215677,0.021953115732626722,0.001987472176551819,0.002926439745351672,0.9926628470420837,0.058362364768981934
Run_or_walk_information,LightGBM,79729,8859,0.008591494667561385,0.01614451755713379,0.0021867528557777405,0.0026738953310996294,0.9943560361862183,0.06061815842986107
Run_or_walk_information,LinearModel,79729,8859,0.23038560865585564,0.3484993805671499,0.08426167070865631,0.013244925066828728,0.8256011009216309,0.06204576417803764
Run_or_walk_information,NeuralNetFastAI,79729,8859,0.013262301424543337,0.0259111932071535,0.002716498449444771,0.003196850884705782,0.9914211630821228,0.061308588832616806
Run_or_walk_information,NeuralNetTorch,79729,8859,0.010741383880348777,0.02099406184001369,0.003480050712823868,0.00434372341260314,0.9935658574104309,0.05988507345318794
Run_or_walk_information,RandomForest,79729,8859,0.013023899368929646,0.024244892754876277,0.0021365429274737835,0.0028717373497784138,0.99232417345047,0.0586547888815403
Run_or_walk_information,XGBoost,79729,8859,0.009994469726442533,0.018024709219607818,0.0021546948701143265,0.002897054422646761,0.9933401346206665,0.06099098175764084
Satellite,CatBoost,4590,510,0.014239015930923925,0.025367116924821808,0.005789660848677158,0.006632594391703606,0.9882352948188782,0.009004943072795868
Satellite,ExtraTrees,4590,510,0.016415035369563926,0.025232448679249262,0.005775488913059235,0.006844641175121069,0.9882352948188782,0.008605282753705978
Satellite,LightGBM,4590,510,0.01513998911894271,0.024451042307720668,0.006625032518059015,0.006175698712468147,0.9882352948188782,0.00934097170829773
Satellite,LinearModel,4590,510,0.01567115508404027,0.027262947942260158,0.005348779261112213,0.00628621643409133,0.9901960492134094,0.008736521005630493
Satellite,NeuralNetFastAI,4590,510,0.010809948560661543,0.022006651243747906,0.004229669459164143,0.006250989623367786,0.9921568632125854,0.008574452251195908
Satellite,NeuralNetTorch,4590,510,0.015188418101296551,0.027730774073354753,0.006646782159805298,0.006646661553531885,0.9882352948188782,0.00874393805861473
Satellite,RandomForest,4590,510,0.015402652768652478,0.02589209793481312,0.005593752488493919,0.006258824840188026,0.9882352948188782,0.00844486802816391
Satellite,XGBoost,4590,510,0.015375611763421311,0.024080366536106346,0.0065663475543260574,0.0056128292344510555,0.9901960492134094,0.008648127317428589
SpeedDating,CatBoost,7540,838,0.17627044866696764,0.2887896858447128,0.02671707235276699,0.034162625670433044,0.8818615674972534,0.01165958121418953
SpeedDating,ExtraTrees,7540,838,0.1912304325989086,0.3084756143056492,0.022252017632126808,0.032447583973407745,0.8699284195899963,0.011067971587181091
SpeedDating,LightGBM,7540,838,0.1785341225299793,0.29266239694778584,0.02816571295261383,0.035778336226940155,0.8890214562416077,0.01114846020936966
SpeedDating,LinearModel,7540,838,0.19036077570166327,0.3144404363248254,0.027591092512011528,0.03442930802702904,0.8747016787528992,0.011447206139564514
SpeedDating,NeuralNetFastAI,7540,838,0.1872012524142542,0.307241594477976,0.022671304643154144,0.03123334050178528,0.8782815933227539,0.012229330837726593
SpeedDating,NeuralNetTorch,7540,838,0.18639331254047864,0.3047261875468771,0.026370177045464516,0.024174898862838745,0.8735083341598511,0.011132907122373581
SpeedDating,RandomForest,7540,838,0.19083741088756878,0.3121669270413094,0.020588889718055725,0.03362226113677025,0.8711217045783997,0.011353787034749985
SpeedDating,XGBoost,7540,838,0.17545442584370366,0.2884795294969719,0.022419627755880356,0.024617956951260567,0.8854415416717529,0.011254630982875824
Titanic,CatBoost,1980,221,0.2537493545350577,0.4117420330784891,0.0652245432138443,0.05137535557150841,0.8325791954994202,0.00695294514298439
Titanic,ExtraTrees,1980,221,0.2543804394621129,0.4102836461937044,0.07108119130134583,0.04965612664818764,0.8325791954994202,0.0069433897733688354
Titanic,LightGBM,1980,221,0.25241342694331603,0.4052106506398246,0.06727997213602066,0.04626357927918434,0.8325791954994202,0.0068846046924591064
Titanic,LinearModel,1980,221,0.25926461725930744,0.42405466650988627,0.07664716243743896,0.05447614938020706,0.8325791954994202,0.006909321993589401
Titanic,NeuralNetFastAI,1980,221,0.25104401363115353,0.40511164064943433,0.06309901922941208,0.043875712901353836,0.8325791954994202,0.006894636899232864
Titanic,NeuralNetTorch,1980,221,0.2523073558378009,0.4056835442228369,0.06564806401729584,0.0524693988263607,0.8325791954994202,0.006974022835493088
Titanic,RandomForest,1980,221,0.25470792007019216,0.410517994178626,0.0709344670176506,0.051737233996391296,0.8280543088912964,0.006913729012012482
Titanic,XGBoost,1980,221,0.2521921498025627,0.4047641712609048,0.06490109115839005,0.04461042955517769,0.8325791954994202,0.006886027753353119
ada,CatBoost,3732,415,0.16925861108477827,0.26569208156899915,0.012214182876050472,0.02176784537732601,0.8819277286529541,0.008568786084651947
ada,ExtraTrees,3732,415,0.1961261414761066,0.3082740469975583,0.017241381108760834,0.028708845376968384,0.8602409362792969,0.008420512080192566
ada,LightGBM,3732,415,0.1716490604919564,0.2715993337829612,0.016469569876790047,0.03320416808128357,0.87469881772995,0.008335500955581665
ada,LinearModel,3732,415,0.19963996914090107,0.3145882343787921,0.014885231852531433,0.025680584833025932,0.8650602698326111,0.00840160995721817
ada,NeuralNetFastAI,3732,415,0.1860415099585376,0.2983656191993074,0.013820033520460129,0.039834000170230865,0.8722891807556152,0.008097227662801743
ada,NeuralNetTorch,3732,415,0.18349541004574837,0.2872030226017333,0.01435108669102192,0.025551021099090576,0.87469881772995,0.008479807525873184
ada,RandomForest,3732,415,0.17938674701699786,0.2843828144209451,0.012587979435920715,0.027601027861237526,0.87469881772995,0.008257921785116196
ada,XGBoost,3732,415,0.1724399083646618,0.27308782400298626,0.013018816709518433,0.026013819500803947,0.87469881772995,0.0082554891705513
adult,CatBoost,43957,4885,0.17156850791392794,0.2872161780153633,0.00838545337319374,0.012498389929533005,0.8777891397476196,0.04093098267912865
adult,ExtraTrees,43957,4885,0.1903113596821516,0.30012277748600563,0.006843601819127798,0.016666008159518242,0.8593654036521912,0.03983038291335106
adult,LightGBM,43957,4885,0.17134686162095905,0.28553448535232223,0.007680885493755341,0.010333072394132614,0.8769702911376953,0.040090467780828476
adult,LinearModel,43957,4885,0.20296831158370035,0.3332538062484293,0.007965609431266785,0.011507963761687279,0.8526100516319275,0.03960303217172623
adult,NeuralNetFastAI,43957,4885,0.18996269619725747,0.331674042704285,0.007719431072473526,0.008252957835793495,0.8640736937522888,0.04038858041167259
adult,NeuralNetTorch,43957,4885,0.19163170203099977,0.3167680105909446,0.00857530813664198,0.00869667436927557,0.8626407384872437,0.03997461497783661
adult,RandomForest,43957,4885,0.18719384624325627,0.2943457700976195,0.007640494033694267,0.011998862028121948,0.8630501627922058,0.03996961936354637
adult,XGBoost,43957,4885,0.1701972312639135,0.2838490533396323,0.007046092301607132,0.013042665086686611,0.8773797154426575,0.0398290678858757
ailerons,CatBoost,12375,1375,0.1585540661126321,0.2605762403546515,0.009269360452890396,0.02547374553978443,0.8916363716125488,0.014451388269662857
ailerons,ExtraTrees,12375,1375,0.1677418963609963,0.4501650060980904,0.009194158017635345,0.018518926575779915,0.8807272911071777,0.014133244752883911
ailerons,LightGBM,12375,1375,0.15860380266092663,0.2619001181219024,0.009980589151382446,0.021702343598008156,0.8923636078834534,0.014038272202014923
ailerons,LinearModel,12375,1375,0.16951960987219492,0.2786775212071975,0.01039334200322628,0.024456340819597244,0.8821818232536316,0.014213655143976212
ailerons,NeuralNetFastAI,12375,1375,0.16647747334970162,0.2731380362862834,0.010955189354717731,0.019174741581082344,0.8829091191291809,0.013849727809429169
ailerons,NeuralNetTorch,12375,1375,0.16479521209640907,0.2692755016774629,0.012929491698741913,0.02341250516474247,0.8829091191291809,0.014475524425506592
ailerons,RandomForest,12375,1375,0.16400168734893533,0.32879760040003086,0.009322497993707657,0.027853580191731453,0.8850908875465393,0.01396341621875763
ailerons,XGBoost,12375,1375,0.15930028726760598,0.2610107231134101,0.00810224935412407,0.017076335847377777,0.8887272477149963,0.01448853313922882
arcene,CatBoost,90,10,0.4889347875523285,9.135987693653064,0.1666666567325592,0.22575752437114716,0.699999988079071,0.005291711539030075
arcene,ExtraTrees,90,10,0.3493223113324032,8.955212154148988,0.12000000476837158,0.2654545307159424,0.8999999761581421,0.005261734127998352
arcene,LightGBM,90,10,0.4678518570087576,9.104230424840145,0.15555556118488312,0.27333328127861023,0.699999988079071,0.005274511873722076
arcene,LinearModel,90,10,0.3991847520024273,0.6084478636972832,0.13307693600654602,0.14102566242218018,0.699999988079071,0.005424320697784424
arcene,NeuralNetFastAI,90,10,0.3316896740658201,8.946241543864016,0.10000000149011612,0.2641025185585022,0.8999999761581421,0.005397278815507889
arcene,NeuralNetTorch,90,10,0.3928641168257457,8.970980580626115,0.1388167440891266,0.23881672322750092,0.699999988079071,0.005320988595485687
arcene,RandomForest,90,10,0.38995062311784745,8.988306735266153,0.1066666692495346,0.17888885736465454,0.699999988079071,0.005340296775102615
arcene,XGBoost,90,10,0.4428185995442801,9.085542632478473,0.11095236986875534,0.20095236599445343,0.699999988079071,0.0053803399205207825
arsenic-female-bladder,CatBoost,503,56,0.21187487882660186,0.3340597725923156,0.03543141484260559,0.037367019802331924,0.8571428656578064,0.00603862851858139
arsenic-female-bladder,ExtraTrees,503,56,0.22784902627564638,0.37095806928306424,0.07538996636867523,0.0639665350317955,0.8571428656578064,0.005803503096103668
arsenic-female-bladder,LightGBM,503,56,0.22096905062277974,0.37603213397155605,0.05571065843105316,0.07914800941944122,0.8571428656578064,0.005790527909994125
arsenic-female-bladder,LinearModel,503,56,0.23408202991009755,0.3647158923001701,0.06008581817150116,0.07447922974824905,0.8571428656578064,0.0056365542113780975
arsenic-female-bladder,NeuralNetFastAI,503,56,0.21446044120626007,0.3198315640704447,0.07044214755296707,0.06563549488782883,0.8214285969734192,0.0057897381484508514
arsenic-female-bladder,NeuralNetTorch,503,56,0.1885358181711147,0.31297185959136126,0.04877598583698273,0.026696957647800446,0.875,0.005758073180913925
arsenic-female-bladder,RandomForest,503,56,0.21646755513554705,0.35396635942667226,0.05395609140396118,0.10099509358406067,0.8571428656578064,0.005769796669483185
arsenic-female-bladder,XGBoost,503,56,0.211340083222422,0.3350704113999815,0.03720924258232117,0.04322698339819908,0.8571428656578064,0.0057386234402656555
autoUniv-au1-1000,CatBoost,900,100,0.38350054312726756,0.5729927869318481,0.06589597463607788,0.09586476534605026,0.7300000190734863,0.006063729524612427
autoUniv-au1-1000,ExtraTrees,900,100,0.36578350698011236,0.5588258218107953,0.040348753333091736,0.07128167897462845,0.7599999904632568,0.0062566474080085754
autoUniv-au1-1000,LightGBM,900,100,0.36374237529749837,0.5567525595242203,0.06904715299606323,0.08813000470399857,0.7799999713897705,0.0061374567449092865
autoUniv-au1-1000,LinearModel,900,100,0.38534649008526656,0.5796728176671734,0.0826609656214714,0.09370149672031403,0.7400000095367432,0.0059182532131671906
autoUniv-au1-1000,NeuralNetFastAI,900,100,0.352691774684244,0.5454899271113092,0.04193544387817383,0.08480935543775558,0.7699999809265137,0.0060762763023376465
autoUniv-au1-1000,NeuralNetTorch,900,100,0.3523000634546257,0.5333519080413598,0.028399042785167694,0.028270337730646133,0.7400000095367432,0.006081536412239075
autoUniv-au1-1000,RandomForest,900,100,0.3855583508227262,0.573318276936289,0.06569399684667587,0.06816849112510681,0.7300000190734863,0.006001397967338562
autoUniv-au1-1000,XGBoost,900,100,0.3758639812171564,0.5611927337303939,0.08769214898347855,0.09581343829631805,0.699999988079071,0.0060144998133182526
bank-marketing,CatBoost,40689,4522,0.1172591684898294,0.18660778423136706,0.004945669323205948,0.006749313324689865,0.9155241250991821,0.03726110979914665
bank-marketing,ExtraTrees,40689,4522,0.12566874358557295,0.20017645837002132,0.006747349165380001,0.013530910946428776,0.9064573049545288,0.036207154393196106
bank-marketing,LightGBM,40689,4522,0.11963120665011548,0.18968005797943163,0.007332366891205311,0.00973844900727272,0.9113224148750305,0.03772246837615967
bank-marketing,LinearModel,40689,4522,0.14151201823079726,0.22812008529423175,0.007445903494954109,0.00948805920779705,0.8998230695724487,0.03703455999493599
bank-marketing,NeuralNetFastAI,40689,4522,0.12068774927093615,0.19144197200707128,0.00702858529984951,0.00981044303625822,0.9106590151786804,0.03672369197010994
bank-marketing,NeuralNetTorch,40689,4522,0.12011955280180203,0.19060697786638664,0.008161600679159164,0.011864690110087395,0.9091110229492188,0.03683346137404442
bank-marketing,RandomForest,40689,4522,0.12555501352790843,0.23668011103846545,0.006139073520898819,0.0091130081564188,0.9080052971839905,0.037366319447755814
bank-marketing,XGBoost,40689,4522,0.11935355763371762,0.19031458843445476,0.005405352916568518,0.008297749795019627,0.9130915403366089,0.03758525848388672
bank32nh,CatBoost,7372,820,0.2694024775631551,0.416128209720026,0.022248322144150734,0.04855906963348389,0.795121967792511,0.010736562311649323
bank32nh,ExtraTrees,7372,820,0.27014607025508225,0.41352946313394245,0.02136480063199997,0.04096826910972595,0.7987805008888245,0.010642442852258682
bank32nh,LightGBM,7372,820,0.26964927059538774,0.519314720931086,0.02159213088452816,0.053567785769701004,0.7939024567604065,0.010796114802360535
bank32nh,LinearModel,7372,820,0.2687828605533256,0.4096763312329704,0.022672757506370544,0.042551830410957336,0.7939024567604065,0.010808270424604416
bank32nh,NeuralNetFastAI,7372,820,0.25717680314554875,0.40084313846771014,0.021980371326208115,0.046869922429323196,0.8085365891456604,0.012542810291051865
bank32nh,NeuralNetTorch,7372,820,0.2620410642188471,0.4081538817591551,0.018076077103614807,0.024982668459415436,0.8012195229530334,0.010848239064216614
bank32nh,RandomForest,7372,820,0.28692492879243553,0.43978475730507915,0.025679107755422592,0.04052424430847168,0.790243923664093,0.010706163942813873
bank32nh,XGBoost,7372,820,0.27335503998134897,0.6228413657635997,0.02231241762638092,0.037758368998765945,0.795121967792511,0.010397765785455704
bank8FM,CatBoost,7372,820,0.07361090579753744,0.11734591560751206,0.008875860832631588,0.013511991128325462,0.9451219439506531,0.010796289891004562
bank8FM,ExtraTrees,7372,820,0.07824091493146174,0.12319910782680744,0.011400635354220867,0.01827533356845379,0.9487804770469666,0.010769043117761612
bank8FM,LightGBM,7372,820,0.07480197296667195,0.11818717818191118,0.010642990469932556,0.0200753603130579,0.9487804770469666,0.01060013473033905
bank8FM,LinearModel,7372,820,0.08240885891698811,0.1345907724380659,0.008561037480831146,0.01759626343846321,0.9463414549827576,0.010573431849479675
bank8FM,NeuralNetFastAI,7372,820,0.07655842941726333,0.11559805361808446,0.00963001511991024,0.01843830570578575,0.9475609660148621,0.01084011048078537
bank8FM,NeuralNetTorch,7372,820,0.08134877012286733,0.1242340783601402,0.01311409380286932,0.01151883602142334,0.9439024329185486,0.01058444008231163
bank8FM,RandomForest,7372,820,0.07962387646353941,0.1338122998378963,0.00932670570909977,0.01900063082575798,0.9463414549827576,0.010599758476018906
bank8FM,XGBoost,7372,820,0.07591671102308041,0.22509513996381314,0.009265405125916004,0.019730355590581894,0.9439024329185486,0.010654840618371964
blood-transfusion-service-center,CatBoost,673,75,0.3380891558552827,0.5114452494377253,0.07024680078029633,0.06738825887441635,0.7599999904632568,0.00594194233417511
blood-transfusion-service-center,ExtraTrees,673,75,0.32923486373421396,0.49369024317752147,0.0679733008146286,0.09172661602497101,0.7599999904632568,0.005927272140979767
blood-transfusion-service-center,LightGBM,673,75,0.3373384148701116,0.5036149167587763,0.07888312637805939,0.11181489378213882,0.7333333492279053,0.005874667316675186
blood-transfusion-service-center,LinearModel,673,75,0.3277565265088323,0.4837521899845104,0.07824268937110901,0.10788321495056152,0.7333333492279053,0.005773473531007767
blood-transfusion-service-center,NeuralNetFastAI,673,75,0.3335000368391393,0.495572107720141,0.08634146302938461,0.13092021644115448,0.746666669845581,0.005808483809232712
blood-transfusion-service-center,NeuralNetTorch,673,75,0.31041976435670154,0.46278302467942617,0.045762158930301666,0.0877634659409523,0.7599999904632568,0.00614745169878006
blood-transfusion-service-center,RandomForest,673,75,0.3213020456843793,0.4910440149515919,0.08814539760351181,0.10334476828575134,0.7733333110809326,0.005969300866127014
blood-transfusion-service-center,XGBoost,673,75,0.34591833066769745,0.5235854672516659,0.04896664246916771,0.08858497440814972,0.746666669845581,0.005974482744932175
boston_corrected,CatBoost,455,51,0.163739674510198,0.26348709557820155,0.06796455383300781,0.076638363301754,0.9019607901573181,0.005753848701715469
boston_corrected,ExtraTrees,455,51,0.16042417519885532,0.25116507189272763,0.1053626611828804,0.11900997906923294,0.843137264251709,0.0057548657059669495
boston_corrected,LightGBM,455,51,0.149721243691132,0.2480617072821799,0.08691563457250595,0.119359090924263,0.9411764740943909,0.005629323422908783
boston_corrected,LinearModel,455,51,0.1752334609685141,0.2675003634499085,0.07974383234977722,0.11400119960308075,0.8627451062202454,0.0055627040565013885
boston_corrected,NeuralNetFastAI,455,51,0.1476118802719842,0.24054905234063914,0.10878665000200272,0.13212800025939941,0.8627451062202454,0.005565572530031204
boston_corrected,NeuralNetTorch,455,51,0.2138010080914218,0.30945458246387164,0.1391291320323944,0.1309991329908371,0.8039215803146362,0.0056696198880672455
boston_corrected,RandomForest,455,51,0.17952848561451454,0.2811275898413888,0.0866665467619896,0.08846969902515411,0.8627451062202454,0.0059078149497509
boston_corrected,XGBoost,455,51,0.19114107577326198,0.290812116031682,0.07805640995502472,0.08379265666007996,0.8627451062202454,0.00575435534119606
churn,CatBoost,4500,500,0.08508408673859057,0.17340969453316057,0.016111379489302635,0.020988287404179573,0.949999988079071,0.008890025317668915
churn,ExtraTrees,4500,500,0.08374188719280076,0.17069989485459447,0.019546467810869217,0.022631477564573288,0.9480000138282776,0.00899609923362732
churn,LightGBM,4500,500,0.08889327613763194,0.1822917412356754,0.019266758114099503,0.024765480309724808,0.9459999799728394,0.008997384458780289
churn,LinearModel,4500,500,0.18541919652522368,0.3026905943612273,0.01920643076300621,0.030706804245710373,0.8479999899864197,0.009713344275951385
churn,NeuralNetFastAI,4500,500,0.07745196255065645,0.16256450024236876,0.010952424257993698,0.016681132838129997,0.9559999704360962,0.009827673435211182
churn,NeuralNetTorch,4500,500,0.08505979167882993,0.17639911942639167,0.018222641199827194,0.02621077187359333,0.9520000219345093,0.009232323616743088
churn,RandomForest,4500,500,0.10006876762162287,0.35861877348657945,0.021426314488053322,0.021624641492962837,0.9399999976158142,0.008915930986404419
churn,XGBoost,4500,500,0.08764826185532514,0.1754653148005596,0.017435945570468903,0.019396450370550156,0.9440000057220459,0.009021144360303879
climate-model-simulation-crashes,CatBoost,486,54,0.10274048506419506,1.7154195210975427,0.05146760866045952,0.06734053790569305,0.9444444179534912,0.005758993327617645
climate-model-simulation-crashes,ExtraTrees,486,54,0.09257604815526461,1.7021849431149376,0.046596020460128784,0.06128332391381264,0.9444444179534912,0.005709253251552582
climate-model-simulation-crashes,LightGBM,486,54,0.08402793480966098,1.6832558600422076,0.04389020800590515,0.05243712291121483,0.9259259104728699,0.005623292177915573
climate-model-simulation-crashes,LinearModel,486,54,0.10798501202081166,3.3013956249901772,0.05949237942695618,0.06268515437841415,0.9444444179534912,0.005768612027168274
climate-model-simulation-crashes,NeuralNetFastAI,486,54,0.08866706039122586,3.2632002434876335,0.04227939248085022,0.06079781427979469,0.9629629850387573,0.005707133561372757
climate-model-simulation-crashes,NeuralNetTorch,486,54,0.09604365214932116,1.7096478358937193,0.041544754058122635,0.05289965495467186,0.9074074029922485,0.0057534873485565186
climate-model-simulation-crashes,RandomForest,486,54,0.10842151088445146,3.302819640583229,0.07177099585533142,0.0775180459022522,0.9259259104728699,0.005780510604381561
climate-model-simulation-crashes,XGBoost,486,54,0.09375752087420486,1.711046167217233,0.05772227793931961,0.06636416912078857,0.9444444179534912,0.0057153403759002686
colleges_usnews,CatBoost,1171,131,0.3766210209475274,0.5430161297193916,0.06154591590166092,0.0947171300649643,0.7099236845970154,0.006436597555875778
colleges_usnews,ExtraTrees,1171,131,0.3675246997890988,0.5355976071639218,0.06233624741435051,0.11156764626502991,0.694656491279602,0.006098836660385132
colleges_usnews,LightGBM,1171,131,0.3893671233911474,0.5629578385225271,0.06829511374235153,0.11660782247781754,0.6641221642494202,0.006160002201795578
colleges_usnews,LinearModel,1171,131,0.4066941944848677,0.5998469845472156,0.06020291894674301,0.12119083851575851,0.6641221642494202,0.006205160170793533
colleges_usnews,NeuralNetFastAI,1171,131,0.39825817467340446,0.5734931105206256,0.08163423091173172,0.10164956003427505,0.694656491279602,0.00627627968788147
colleges_usnews,NeuralNetTorch,1171,131,0.3819301264475887,0.5493506128766914,0.07867933064699173,0.15974512696266174,0.732824444770813,0.006252031773328781
colleges_usnews,RandomForest,1171,131,0.37561635334516036,0.5683318871053927,0.06111115217208862,0.10754198580980301,0.7022900581359863,0.006416525691747665
colleges_usnews,XGBoost,1171,131,0.38827578212044855,0.5558650441919749,0.07055000215768814,0.13604788482189178,0.6793892979621887,0.0063039883971214294
cpu_act,CatBoost,7372,820,0.06696378836019123,0.11339330800127645,0.013864444568753242,0.02822664938867092,0.959756076335907,0.01108631119132042
cpu_act,ExtraTrees,7372,820,0.0764905964256937,0.1273243176986742,0.012508099898695946,0.02476300485432148,0.95243901014328,0.01087050512433052
cpu_act,LightGBM,7372,820,0.06986803929782359,0.11501995106135408,0.013458386063575745,0.027659660205245018,0.95243901014328,0.011268183588981628
cpu_act,LinearModel,7372,820,0.0863175989872994,0.1453984568241597,0.0141605194658041,0.03068283013999462,0.9414634108543396,0.011081956326961517
cpu_act,NeuralNetFastAI,7372,820,0.07308192188059308,0.12336523546624333,0.016729526221752167,0.030341356992721558,0.9451219439506531,0.011071238666772842
cpu_act,NeuralNetTorch,7372,820,0.07864321868401215,0.13258888185240514,0.019389037042856216,0.03327122703194618,0.9426829218864441,0.011097721755504608
cpu_act,RandomForest,7372,820,0.07531773341410324,0.22964864183907419,0.012972554191946983,0.022751593962311745,0.954878032207489,0.010663267225027084
cpu_act,XGBoost,7372,820,0.06629783907140618,0.11125379665491443,0.01516229659318924,0.02351357229053974,0.9585365653038025,0.010996181517839432
cpu_small,CatBoost,7372,820,0.09820814391317673,0.15538862207189322,0.00978737324476242,0.018847806379199028,0.9329268336296082,0.011133994907140732
cpu_small,ExtraTrees,7372,820,0.10470726494583082,0.16606531183244966,0.0077509693801403046,0.021787699311971664,0.9292683005332947,0.011087257415056229
cpu_small,LightGBM,7372,820,0.09888121083266059,0.15636451368596244,0.01126161403954029,0.02461220696568489,0.9378048777580261,0.011146452277898788
cpu_small,LinearModel,7372,820,0.1256576488592418,0.1983629577936152,0.010257011279463768,0.02858344279229641,0.9073171019554138,0.010781124234199524
cpu_small,NeuralNetFastAI,7372,820,0.11036384454738973,0.1714157614839851,0.009577061049640179,0.021276604384183884,0.9170731902122498,0.01113276556134224
cpu_small,NeuralNetTorch,7372,820,0.10261102011767496,0.16336724870455396,0.013095803558826447,0.026238391175866127,0.9256097674369812,0.011032376438379288
cpu_small,RandomForest,7372,820,0.10199659758755021,0.165268304582465,0.011545605957508087,0.027739938348531723,0.9341463446617126,0.010907955467700958
cpu_small,XGBoost,7372,820,0.09936257316732024,0.15742823103871803,0.012447785586118698,0.030596598982810974,0.9292683005332947,0.010983336716890335
credit-g,CatBoost,900,100,0.2755027324104363,0.4242522411844736,0.043183766305446625,0.07914162427186966,0.8199999928474426,0.006148148328065872
credit-g,ExtraTrees,900,100,0.2841466970202963,0.4428955047837873,0.0456327423453331,0.0993213877081871,0.8199999928474426,0.006085924804210663
credit-g,LightGBM,900,100,0.29117412943216314,1.2939441060085475,0.042725056409835815,0.07626539468765259,0.7900000214576721,0.006135113537311554
credit-g,LinearModel,900,100,0.31142325296901563,0.4758166924230695,0.05835767090320587,0.09255141019821167,0.7900000214576721,0.006266791373491287
credit-g,NeuralNetFastAI,900,100,0.29984398113912036,0.454467701272611,0.02563565969467163,0.04987681284546852,0.7599999904632568,0.006073564291000366
credit-g,NeuralNetTorch,900,100,0.2919141434103731,0.44906999130212866,0.054070353507995605,0.07372031360864639,0.7799999713897705,0.005985181778669357
credit-g,RandomForest,900,100,0.2769433429110926,0.4298316325808376,0.051616206765174866,0.10340623557567596,0.7900000214576721,0.006019067019224167
credit-g,XGBoost,900,100,0.2903855975162058,0.4415805705957638,0.04556267708539963,0.06391780078411102,0.7699999809265137,0.006059825420379639
cylinder-bands,CatBoost,486,54,0.186538760468332,0.30604868024921744,0.0486111044883728,0.1114378497004509,0.8333333134651184,0.005589574575424194
cylinder-bands,ExtraTrees,486,54,0.18116969069366912,0.30078377061232897,0.053951289504766464,0.10218172520399094,0.9074074029922485,0.005762074142694473
cylinder-bands,LightGBM,486,54,0.18220966764845062,0.3070275008244275,0.050869762897491455,0.11494074016809464,0.8888888955116272,0.005770247429609299
cylinder-bands,LinearModel,486,54,0.26128026431544465,0.41269602553629675,0.042617954313755035,0.09786336123943329,0.8148148059844971,0.0057710036635398865
cylinder-bands,NeuralNetFastAI,486,54,0.2244865256619801,0.37296898956755165,0.07484009861946106,0.10229910910129547,0.8703703880310059,0.0059311166405677795
cylinder-bands,NeuralNetTorch,486,54,0.20528699209006632,0.3426243918698058,0.05993875861167908,0.1130610853433609,0.8518518805503845,0.005748149007558823
cylinder-bands,RandomForest,486,54,0.16883333840865156,0.27513086456973357,0.032301779836416245,0.038480449467897415,0.8888888955116272,0.005768049508333206
cylinder-bands,XGBoost,486,54,0.1684706019408365,0.2917684467972493,0.05719033256173134,0.1204872727394104,0.8888888955116272,0.005655497312545776
delta_ailerons,CatBoost,6416,713,0.09076383520223857,0.18584591879578222,0.008371857926249504,0.019061503931879997,0.948106586933136,0.009822819381952286
delta_ailerons,ExtraTrees,6416,713,0.09231398024039031,0.18946806466263366,0.013046294450759888,0.015500959008932114,0.948106586933136,0.009972773492336273
delta_ailerons,LightGBM,6416,713,0.09218174932467202,0.5303410411898805,0.01094928476959467,0.026846937835216522,0.9438990354537964,0.01000957190990448
delta_ailerons,LinearModel,6416,713,0.11047244180265375,0.33506526327091035,0.012031493708491325,0.033294323831796646,0.9382889270782471,0.009927552193403244
delta_ailerons,NeuralNetFastAI,6416,713,0.10136653214701313,0.3167566486839676,0.011437265202403069,0.02218659035861492,0.9453015327453613,0.009941276162862778
delta_ailerons,NeuralNetTorch,6416,713,0.10161167303023039,0.20036339011351043,0.01075297873467207,0.0242303553968668,0.9453015327453613,0.010218076407909393
delta_ailerons,RandomForest,6416,713,0.0935766912713693,0.18355845562284506,0.01044447347521782,0.02273368276655674,0.9438990354537964,0.009707342833280563
delta_ailerons,XGBoost,6416,713,0.09235497476129807,0.4141456365922055,0.009820879437029362,0.025142233818769455,0.9453015327453613,0.009861364960670471
delta_elevators,CatBoost,8565,952,0.178100620746171,0.3847540872979451,0.008939258754253387,0.025327062234282494,0.8844537734985352,0.011971358209848404
delta_elevators,ExtraTrees,8565,952,0.17974007311710266,0.29998792905729477,0.010637876577675343,0.027788298204541206,0.8844537734985352,0.011519096791744232
delta_elevators,LightGBM,8565,952,0.1775371032777409,0.29781004328620975,0.011448121629655361,0.028557274490594864,0.8897058963775635,0.011409230530261993
delta_elevators,LinearModel,8565,952,0.18051847504442936,0.30583601934878857,0.011701892130076885,0.023061402142047882,0.8823529481887817,0.011553328484296799
delta_elevators,NeuralNetFastAI,8565,952,0.17798865638366754,0.2999181148931293,0.011553913354873657,0.01891513727605343,0.881302535533905,0.011375520378351212
delta_elevators,NeuralNetTorch,8565,952,0.1766890567931284,0.29705505892040984,0.008829455822706223,0.02286459133028984,0.8855041861534119,0.011448316276073456
delta_elevators,RandomForest,8565,952,0.18327420794499572,0.30215145558740975,0.013342436403036118,0.02809164673089981,0.8728991746902466,0.011859484016895294
delta_elevators,XGBoost,8565,952,0.176502039073555,0.29646303795791673,0.009724960662424564,0.023342780768871307,0.8792017102241516,0.011529043316841125
diabetes,CatBoost,691,77,0.24802559746225478,0.3899707488446627,0.038788072764873505,0.13068713247776031,0.8311688303947449,0.0060070231556892395
diabetes,ExtraTrees,691,77,0.23562943820078,0.3703112135497109,0.03870747238397598,0.07058465480804443,0.8441558480262756,0.005774170160293579
diabetes,LightGBM,691,77,0.24103615111175242,0.3773113987362643,0.030186031013727188,0.03916409984230995,0.8051947951316833,0.005887538194656372
diabetes,LinearModel,691,77,0.22473078194493745,0.3581087582151875,0.056998997926712036,0.1203649565577507,0.8311688303947449,0.005904704332351685
diabetes,NeuralNetFastAI,691,77,0.24598152795376546,0.38227121064139485,0.053362227976322174,0.10702061653137207,0.7922077775001526,0.006047818809747696
diabetes,NeuralNetTorch,691,77,0.23150046590453346,0.3636592176758107,0.05407533422112465,0.07365220040082932,0.8311688303947449,0.005890883505344391
diabetes,RandomForest,691,77,0.24282411560801914,0.38506013707639547,0.045754216611385345,0.06398174166679382,0.8311688303947449,0.005873031914234161
diabetes,XGBoost,691,77,0.27069339455330205,1.508385244655368,0.04900311306118965,0.13280057907104492,0.8051947951316833,0.006114251911640167
dresses-sales,CatBoost,450,50,0.4756001798355832,0.6685744302753654,0.073650062084198,0.1601819396018982,0.5799999833106995,0.005575917661190033
dresses-sales,ExtraTrees,450,50,0.5263472502167572,0.7302423698048721,0.1360141634941101,0.16701625287532806,0.5799999833106995,0.005571242421865463
dresses-sales,LightGBM,450,50,0.5123502019362628,0.7183650613085795,0.082008957862854,0.1136966347694397,0.5799999833106995,0.005652356892824173
dresses-sales,LinearModel,450,50,0.4769818870298964,0.6769296027872287,0.09332411736249924,0.1241135224699974,0.6399999856948853,0.005739673972129822
dresses-sales,NeuralNetFastAI,450,50,0.5076494836954921,0.716119315346529,0.10032171756029129,0.1766662746667862,0.5799999833106995,0.005730818957090378
dresses-sales,NeuralNetTorch,450,50,0.4989122956756409,0.697273547688175,0.10378065705299377,0.14647479355335236,0.6200000047683716,0.005696579813957214
dresses-sales,RandomForest,450,50,0.5188768190102144,0.717791870794286,0.12825000286102295,0.14120902121067047,0.5799999833106995,0.005720362067222595
dresses-sales,XGBoost,450,50,0.5027972444130034,0.6977910140283491,0.09848075360059738,0.11830725520849228,0.6200000047683716,0.005621530115604401
eeg-eye-state,CatBoost,13482,1498,0.06171319612361592,0.1072665438073011,0.008323009125888348,0.009577453136444092,0.9599465727806091,0.015091035515069962
eeg-eye-state,ExtraTrees,13482,1498,0.08152148989480601,0.13419747341686103,0.010940929874777794,0.01678348518908024,0.9405874609947205,0.014862075448036194
eeg-eye-state,LightGBM,13482,1498,0.06805537828061776,0.11496508648807371,0.009263865649700165,0.01551054883748293,0.9566088318824768,0.0147932767868042
eeg-eye-state,LinearModel,13482,1498,0.44673972589171423,0.6353931680912265,0.030901730060577393,0.021855618804693222,0.62950599193573,0.014996800571680069
eeg-eye-state,NeuralNetFastAI,13482,1498,0.2536211787311666,0.3999019551725986,0.04750099405646324,0.07851522415876389,0.8184245824813843,0.014583118259906769
eeg-eye-state,NeuralNetTorch,13482,1498,0.027271766209185325,0.04825176560724656,0.003828735090792179,0.010092939250171185,0.9806408286094666,0.014813471585512161
eeg-eye-state,RandomForest,13482,1498,0.09499424159522918,0.1589576106676998,0.010706597939133644,0.01471646036952734,0.935247004032135,0.014853131026029587
eeg-eye-state,XGBoost,13482,1498,0.07092742841083374,0.11975085479760078,0.00765228271484375,0.013158862479031086,0.9532710313796997,0.014792017638683319
electricity,CatBoost,40780,4532,0.08110047090869946,0.14046622743153866,0.005261060781776905,0.01272295881062746,0.947925865650177,0.035345662385225296
electricity,ExtraTrees,40780,4532,0.13733474812608387,0.22682524535105666,0.0059252469800412655,0.009232943877577782,0.9048985242843628,0.0348176546394825
electricity,LightGBM,40780,4532,0.08162213863479403,0.16073552792588913,0.00672126654535532,0.0120750917121768,0.9481465220451355,0.034931160509586334
electricity,LinearModel,40780,4532,0.329325814101852,0.5135957329040184,0.014396782964468002,0.019460715353488922,0.7563989162445068,0.03486485034227371
electricity,NeuralNetFastAI,40780,4532,0.21954427169735072,0.3630098564588767,0.009492185898125172,0.01439069863408804,0.8453221321105957,0.035399388521909714
electricity,NeuralNetTorch,40780,4532,0.18512052791842573,0.29825172970988806,0.016724515706300735,0.02549811452627182,0.8711385726928711,0.03500502184033394
electricity,RandomForest,40780,4532,0.1056896314700401,0.1805148379827479,0.004337533377110958,0.006926980800926685,0.9302735924720764,0.034549783915281296
electricity,XGBoost,40780,4532,0.07975437669653734,0.1401496419423513,0.005610196851193905,0.012059221975505352,0.9477052092552185,0.03481190651655197
fri_c0_1000_5,CatBoost,900,100,0.1154790821405586,0.1759908506967184,0.0706561729311943,0.06876858323812485,0.8999999761581421,0.0064431242644786835
fri_c0_1000_5,ExtraTrees,900,100,0.14935093828303972,0.2180563790615947,0.057843659073114395,0.06871511042118073,0.8899999856948853,0.006166562438011169
fri_c0_1000_5,LightGBM,900,100,0.11982902648588972,0.17789023813685034,0.0338885560631752,0.046705249696969986,0.8799999952316284,0.006338473409414291
fri_c0_1000_5,LinearModel,900,100,0.2171373060905996,0.3595393345526916,0.060328010469675064,0.08466582745313644,0.8399999737739563,0.005927760154008865
fri_c0_1000_5,NeuralNetFastAI,900,100,0.10198896348121618,0.15919143957758441,0.039365921169519424,0.06516725569963455,0.9399999976158142,0.007255245000123978
fri_c0_1000_5,NeuralNetTorch,900,100,0.10915828806655634,0.1595615807802539,0.033630482852458954,0.061329055577516556,0.9100000262260437,0.0060508958995342255
fri_c0_1000_5,RandomForest,900,100,0.13730579419979447,0.22274064496611196,0.055761292576789856,0.0634295791387558,0.9300000071525574,0.006154123693704605
fri_c0_1000_5,XGBoost,900,100,0.13091035155636724,0.20075965798724404,0.04816722869873047,0.061515744775533676,0.8899999856948853,0.006032627075910568
fri_c0_500_5,CatBoost,450,50,0.1876342371284759,1.9648403401348482,0.07867179065942764,0.10210315138101578,0.8799999952316284,0.005738217383623123
fri_c0_500_5,ExtraTrees,450,50,0.2584780730186425,2.061061832661361,0.09197384119033813,0.11633111536502838,0.8399999737739563,0.0057833269238471985
fri_c0_500_5,LightGBM,450,50,0.20226936133360282,1.9996876968668602,0.06924284994602203,0.10656437277793884,0.8799999952316284,0.005763709545135498
fri_c0_500_5,LinearModel,450,50,0.2996415652582384,0.4796292702956661,0.0892430990934372,0.143558531999588,0.7799999713897705,0.005811136215925217
fri_c0_500_5,NeuralNetFastAI,450,50,0.2170949079434771,2.0008813982135525,0.06253793835639954,0.07289335131645203,0.8399999737739563,0.005652088671922684
fri_c0_500_5,NeuralNetTorch,450,50,0.17565475835041744,0.2725067161830103,0.07728193700313568,0.09390968084335327,0.8399999737739563,0.005563382059335709
fri_c0_500_5,RandomForest,450,50,0.26737679752254145,3.754670072594599,0.08796628564596176,0.12184987962245941,0.800000011920929,0.005753621459007263
fri_c0_500_5,XGBoost,450,50,0.22449507167254093,2.0044559408068734,0.07831445336341858,0.10319536924362183,0.7799999713897705,0.005742903798818588
fri_c1_1000_50,CatBoost,900,100,0.11136669543719556,1.0155313799738592,0.013297035358846188,0.046170879155397415,0.9300000071525574,0.006052684038877487
fri_c1_1000_50,ExtraTrees,900,100,0.10876695105425932,1.0139639131427018,0.022335903719067574,0.04530598223209381,0.9300000071525574,0.005984168499708176
fri_c1_1000_50,LightGBM,900,100,0.14821707892643793,0.2253336773983812,0.034208137542009354,0.0840839073061943,0.8700000047683716,0.006004247814416885
fri_c1_1000_50,LinearModel,900,100,0.4111461420712005,0.5954172485344871,0.05872549116611481,0.052913110703229904,0.6800000071525574,0.006027262657880783
fri_c1_1000_50,NeuralNetFastAI,900,100,0.13748288920758578,0.24089467125905473,0.04998507723212242,0.0659085214138031,0.8999999761581421,0.006319001317024231
fri_c1_1000_50,NeuralNetTorch,900,100,0.24072500459094498,0.3836237241831189,0.05739830434322357,0.07741446793079376,0.8399999737739563,0.006105370819568634
fri_c1_1000_50,RandomForest,900,100,0.15655060670154403,0.2662323036288313,0.04130340367555618,0.06319915503263474,0.8999999761581421,0.00615667924284935
fri_c1_1000_50,XGBoost,900,100,0.1195692595498883,1.0293685716104555,0.024291666224598885,0.06660471856594086,0.9100000262260437,0.006086710840463638
fri_c2_1000_25,CatBoost,900,100,0.13038064235544058,1.0403396658749546,0.037610530853271484,0.06065528839826584,0.9100000262260437,0.006048813462257385
fri_c2_1000_25,ExtraTrees,900,100,0.14389994198228895,1.0710035087013987,0.02763158082962036,0.07694409042596817,0.8799999952316284,0.006007928401231766
fri_c2_1000_25,LightGBM,900,100,0.14716712788824352,1.0731930373755494,0.040088534355163574,0.05440735071897507,0.8899999856948853,0.006012383848428726
fri_c2_1000_25,LinearModel,900,100,0.35721310771967474,0.5250087568704287,0.05729897692799568,0.09363755583763123,0.7400000095367432,0.006087247282266617
fri_c2_1000_25,NeuralNetFastAI,900,100,0.1267115933823648,0.21072419461199132,0.0256746057420969,0.06619178503751755,0.9300000071525574,0.005898620933294296
fri_c2_1000_25,NeuralNetTorch,900,100,0.14488833525983488,1.0778607566263823,0.03411306068301201,0.0619581900537014,0.8899999856948853,0.006257925182580948
fri_c2_1000_25,RandomForest,900,100,0.16304513105223734,1.1095803245704545,0.03638990968465805,0.06513772904872894,0.8899999856948853,0.005922961980104446
fri_c2_1000_25,XGBoost,900,100,0.13834163415406575,1.0584634573910778,0.03196076303720474,0.05854152888059616,0.8899999856948853,0.00609772652387619
fri_c2_500_50,CatBoost,450,50,0.18623111702380804,0.2768501107293624,0.05874226987361908,0.08419355005025864,0.8399999737739563,0.005771316587924957
fri_c2_500_50,ExtraTrees,450,50,0.2386763800900227,0.33872580856870677,0.06768541783094406,0.09996750950813293,0.8199999928474426,0.005717705935239792
fri_c2_500_50,LightGBM,450,50,0.2001360940340381,0.2978023041792753,0.058137647807598114,0.11438010632991791,0.8799999952316284,0.005694098770618439
fri_c2_500_50,LinearModel,450,50,0.38343348065214555,0.5564692272861193,0.06960359960794449,0.11368156969547272,0.7400000095367432,0.005636733025312424
fri_c2_500_50,NeuralNetFastAI,450,50,0.1871142892968888,0.3313060196289836,0.056116584688425064,0.13044185936450958,0.9200000166893005,0.00563180074095726
fri_c2_500_50,NeuralNetTorch,450,50,0.24276343171039244,0.399171506034508,0.06436305493116379,0.10105933994054794,0.800000011920929,0.005636494606733322
fri_c2_500_50,RandomForest,450,50,0.2343726967883173,0.35268564175947675,0.054532017558813095,0.05952339246869087,0.800000011920929,0.005709744989871979
fri_c2_500_50,XGBoost,450,50,0.2411553455649132,0.35854348565577326,0.06631578505039215,0.09477608650922775,0.8399999737739563,0.005719136446714401
fri_c3_1000_10,CatBoost,900,100,0.10099066168954998,0.18196229227092559,0.026058416813611984,0.04830923303961754,0.949999988079071,0.006109412759542465
fri_c3_1000_10,ExtraTrees,900,100,0.0925851609917494,0.1671839150935318,0.022529978305101395,0.03485973924398422,0.9399999976158142,0.00602293387055397
fri_c3_1000_10,LightGBM,900,100,0.11589328190382872,0.18750519121792852,0.022118346765637398,0.034647226333618164,0.9300000071525574,0.006033986806869507
fri_c3_1000_10,LinearModel,900,100,0.38761809711871664,0.5665329288514762,0.05201749503612518,0.10236748307943344,0.7099999785423279,0.006073962897062302
fri_c3_1000_10,NeuralNetFastAI,900,100,0.09223730036484216,0.14861807810922914,0.02472464181482792,0.04052594676613808,0.9300000071525574,0.006086375564336777
fri_c3_1000_10,NeuralNetTorch,900,100,0.09594371668324703,0.9983699852706842,0.03172369301319122,0.04236128553748131,0.949999988079071,0.005932919681072235
fri_c3_1000_10,RandomForest,900,100,0.12496123026222929,0.22623197669722842,0.034235451370477676,0.07508251816034317,0.9300000071525574,0.005859497934579849
fri_c3_1000_10,XGBoost,900,100,0.10679116252869925,0.18321969836898666,0.035553812980651855,0.06381849944591522,0.949999988079071,0.00611240416765213
fri_c3_1000_25,CatBoost,900,100,0.1265277304975544,0.18538669347608283,0.034675318747758865,0.06186462566256523,0.8999999761581421,0.0063029080629348755
fri_c3_1000_25,ExtraTrees,900,100,0.1047141522090904,0.15593937706355626,0.024129869416356087,0.052429281175136566,0.9200000166893005,0.006189528852701187
fri_c3_1000_25,LightGBM,900,100,0.07898897972934917,0.12595249222815366,0.021051492542028427,0.04639328271150589,0.949999988079071,0.006105553358793259
fri_c3_1000_25,LinearModel,900,100,0.4317330549330168,0.6126608013494176,0.057543858885765076,0.06865935772657394,0.6499999761581421,0.006018165498971939
fri_c3_1000_25,NeuralNetFastAI,900,100,0.07928510991456268,0.13297455177129322,0.024761423468589783,0.03727274015545845,0.949999988079071,0.005961552262306213
fri_c3_1000_25,NeuralNetTorch,900,100,0.08208209468572068,0.1543960125665867,0.03228607028722763,0.05522647500038147,0.9399999976158142,0.005933701992034912
fri_c3_1000_25,RandomForest,900,100,0.1418235280671147,0.21139357142478757,0.028745420277118683,0.07338784635066986,0.8999999761581421,0.0058881863951683044
fri_c3_1000_25,XGBoost,900,100,0.09501454195089153,0.1566696598582122,0.01647947169840336,0.03775198757648468,0.9300000071525574,0.005873534828424454
fri_c3_500_10,CatBoost,450,50,0.19579591192938106,1.972736453325159,0.06882235407829285,0.0904267206788063,0.8600000143051147,0.005885329097509384
fri_c3_500_10,ExtraTrees,450,50,0.2330896046222795,2.060638436240797,0.08048740029335022,0.11102069169282913,0.8600000143051147,0.005799882113933563
fri_c3_500_10,LightGBM,450,50,0.2727860848372323,2.0694660114906616,0.08585882186889648,0.15849363803863525,0.800000011920929,0.00572199746966362
fri_c3_500_10,LinearModel,450,50,0.4019775053591358,0.5820572408176062,0.07852829992771149,0.13046617805957794,0.6399999856948853,0.005669154226779938
fri_c3_500_10,NeuralNetFastAI,450,50,0.21410107336045747,2.0109102743411964,0.06754761934280396,0.11229119449853897,0.8799999952316284,0.005730669945478439
fri_c3_500_10,NeuralNetTorch,450,50,0.1916079925440528,3.6725847985500626,0.03903905674815178,0.10614681988954544,0.8999999761581421,0.005702212452888489
fri_c3_500_10,RandomForest,450,50,0.22443721252571572,2.0199510715185918,0.07037857919931412,0.08498727530241013,0.8399999737739563,0.005623910576105118
fri_c3_500_10,XGBoost,450,50,0.20740616986385996,2.0058681862334873,0.0642867460846901,0.09230192750692368,0.8600000143051147,0.005545012652873993
fri_c3_500_50,CatBoost,450,50,0.21920769782660332,2.015955360542006,0.05000000447034836,0.13561758399009705,0.8799999952316284,0.005721140652894974
fri_c3_500_50,ExtraTrees,450,50,0.20626122334625996,0.3308410823881887,0.08805153518915176,0.12626299262046814,0.8399999737739563,0.006000518798828125
fri_c3_500_50,LightGBM,450,50,0.1890983075978459,0.3117877202055193,0.0463552325963974,0.09907760471105576,0.8600000143051147,0.0056926533579826355
fri_c3_500_50,LinearModel,450,50,0.40389399518519764,0.5758544583353091,0.07599999010562897,0.12964315712451935,0.6399999856948853,0.005724690854549408
fri_c3_500_50,NeuralNetFastAI,450,50,0.41708178829452236,0.6001114457592884,0.09077143669128418,0.13751251995563507,0.6399999856948853,0.0058250389993190765
fri_c3_500_50,NeuralNetTorch,450,50,0.3922974660061719,0.5775540532129596,0.07345293462276459,0.10458286106586456,0.7200000286102295,0.005725916475057602
fri_c3_500_50,RandomForest,450,50,0.19118152959549894,0.300742352137387,0.038100648671388626,0.02509193867444992,0.8600000143051147,0.005687374621629715
fri_c3_500_50,XGBoost,450,50,0.1766157530863655,1.9651661277294408,0.043306127190589905,0.07267740368843079,0.8999999761581421,0.005548831075429916
fri_c4_500_100,CatBoost,450,50,0.16878589122398244,0.23937530499192866,0.054784901440143585,0.08675716072320938,0.8799999952316284,0.005552299320697784
fri_c4_500_100,ExtraTrees,450,50,0.1436480797650731,0.21936575573979503,0.057381272315979004,0.06642916798591614,0.8999999761581421,0.005534511059522629
fri_c4_500_100,LightGBM,450,50,0.1736781631349853,0.2633356819063766,0.04749999940395355,0.09898801892995834,0.8999999761581421,0.005887333303689957
fri_c4_500_100,LinearModel,450,50,0.44873627515254,0.6386559882249098,0.11745703220367432,0.11655998229980469,0.6000000238418579,0.005767464637756348
fri_c4_500_100,NeuralNetFastAI,450,50,0.43532827290034753,0.6235776548345782,0.09917420148849487,0.13283401727676392,0.6399999856948853,0.0057014599442481995
fri_c4_500_100,NeuralNetTorch,450,50,0.433860162998533,0.6237292841638227,0.1159830391407013,0.14064033329486847,0.6800000071525574,0.005646061152219772
fri_c4_500_100,RandomForest,450,50,0.16666343952725643,0.25113230129010783,0.05176603049039841,0.07369163632392883,0.8799999952316284,0.0058031342923641205
fri_c4_500_100,XGBoost,450,50,0.14364704335997636,0.21526257782950686,0.06493104249238968,0.06330336630344391,0.8999999761581421,0.005732044577598572
fried,CatBoost,36691,4077,0.0926551461369472,0.1463509441346445,0.006472692359238863,0.011987690813839436,0.9323031902313232,0.03211439773440361
fried,ExtraTrees,36691,4077,0.11410749845681853,0.1795505690625768,0.009887459687888622,0.014141920953989029,0.9183223247528076,0.029880139976739883
fried,LightGBM,36691,4077,0.09330473293095096,0.1477785262569631,0.00608241930603981,0.016011448577046394,0.9308314919471741,0.030175022780895233
fried,LinearModel,36691,4077,0.23203426139203753,0.36694880481214376,0.00966925173997879,0.014913204126060009,0.8359087705612183,0.031259700655937195
fried,NeuralNetFastAI,36691,4077,0.09060353431780829,0.14246309487933545,0.0068329088389873505,0.011548367328941822,0.9350012540817261,0.031634196639060974
fried,NeuralNetTorch,36691,4077,0.09072878195777098,0.14406069036971575,0.006300283130258322,0.010056398808956146,0.9352465271949768,0.030335675925016403
fried,RandomForest,36691,4077,0.11556418506712242,0.1823078698914963,0.009466318413615227,0.015379244461655617,0.9170958995819092,0.030526962131261826
fried,XGBoost,36691,4077,0.09498723716677139,0.15071758064241453,0.0072282045148313046,0.010059144347906113,0.9327937364578247,0.030770115554332733
gina,CatBoost,2837,316,0.06190612290095783,0.10407178320634061,0.01256079226732254,0.02390158548951149,0.9588607549667358,0.007334358990192413
gina,ExtraTrees,2837,316,0.09230393593798872,0.15765270621755953,0.009399735368788242,0.03298943117260933,0.9430379867553711,0.007326245307922363
gina,LightGBM,2837,316,0.0651733876597622,0.11225061554072263,0.00987312477082014,0.019183315336704254,0.9588607549667358,0.007463268935680389
gina,LinearModel,2837,316,0.22454285555695958,0.3631960116290743,0.040922001004219055,0.07665542513132095,0.8417721390724182,0.0074585676193237305
gina,NeuralNetFastAI,2837,316,0.06174983493101877,0.1117918003186595,0.02746155671775341,0.048827819526195526,0.9683544039726257,0.007733475416898727
gina,NeuralNetTorch,2837,316,0.06390766880130455,0.11569242970419338,0.032996587455272675,0.04338937997817993,0.9588607549667358,0.00745362788438797
gina,RandomForest,2837,316,0.09216562453903886,0.16122030814472418,0.009774601086974144,0.013133685104548931,0.9398733973503113,0.007459413260221481
gina,XGBoost,2837,316,0.06684175902249478,0.11704904667018684,0.01048166211694479,0.009721302427351475,0.9588607549667358,0.00725901871919632
hill-valley,CatBoost,1090,122,0.4891705653245255,0.6821573338287438,0.09311843663454056,0.028408482670783997,0.5573770403862,0.006298389285802841
hill-valley,ExtraTrees,1090,122,0.46087849755797455,0.6526898997322449,0.08190403878688812,0.05907336622476578,0.6147540807723999,0.006263673305511475
hill-valley,LightGBM,1090,122,0.4540445323525613,0.6452831974618307,0.06173599511384964,0.044638317078351974,0.5983606576919556,0.006250761449337006
hill-valley,LinearModel,1090,122,0.14431417344044636,0.2408900593952054,0.04884333163499832,0.0536348782479763,0.8934426307678223,0.006338872015476227
hill-valley,NeuralNetFastAI,1090,122,0.20994225360090452,0.3425253553839912,0.10325007885694504,0.17768429219722748,0.8852459192276001,0.00615764781832695
hill-valley,NeuralNetTorch,1090,122,0.13896551933839643,0.23163838775832246,0.05132441222667694,0.0578116811811924,0.9098360538482666,0.006336204707622528
hill-valley,RandomForest,1090,122,0.4668798366437267,0.658967787948517,0.04835177958011627,0.056515373289585114,0.6065573692321777,0.0062080323696136475
hill-valley,XGBoost,1090,122,0.47494960944932296,0.6672464124050632,0.07574936002492905,0.022616911679506302,0.5819672346115112,0.006173659116029739
hiva_agnostic,CatBoost,3806,423,0.06406476732141149,0.1365532053829013,0.01355145312845707,0.021873733028769493,0.9669030904769897,0.008269239217042923
hiva_agnostic,ExtraTrees,3806,423,0.0682133821122147,0.14375709525693942,0.015840623527765274,0.019010383635759354,0.9598108530044556,0.008249174803495407
hiva_agnostic,LightGBM,3806,423,0.06639944666673672,0.1401750903153023,0.01419324055314064,0.01782628521323204,0.9645389914512634,0.008717037737369537
hiva_agnostic,LinearModel,3806,423,0.06015682776224064,0.13220002476278542,0.01629841886460781,0.0034541161730885506,0.9645389914512634,0.008272305130958557
hiva_agnostic,NeuralNetFastAI,3806,423,0.06322491994160677,0.13897527253017353,0.007610936649143696,0.011193661019206047,0.9669030904769897,0.008342109620571136
hiva_agnostic,NeuralNetTorch,3806,423,0.06276591564193437,0.146235588006225,0.01490669883787632,0.011257162317633629,0.9669030904769897,0.008384384214878082
hiva_agnostic,RandomForest,3806,423,0.07003839292045448,0.14453519661921993,0.018610958009958267,0.02024805173277855,0.9598108530044556,0.00851009413599968
hiva_agnostic,XGBoost,3806,423,0.060967665716416736,0.13407558711571183,0.011716341599822044,0.02097426727414131,0.9692671298980713,0.008367534726858139
houses,CatBoost,18576,2064,0.017081939713207275,0.06945860184346303,0.004113634582608938,0.005959771107882261,0.9883720874786377,0.01875957101583481
houses,ExtraTrees,18576,2064,0.015478651363927062,0.06688920796220463,0.004115786403417587,0.005951110273599625,0.9903100728988647,0.017475571483373642
houses,LightGBM,18576,2064,0.01840538289853703,0.03246884419282897,0.005471826530992985,0.008172173984348774,0.9864341020584106,0.018356114625930786
houses,LinearModel,18576,2064,0.043786205678279295,0.11143378835841934,0.004939618520438671,0.005784110631793737,0.9680232405662537,0.018499594181776047
houses,NeuralNetFastAI,18576,2064,0.018444014334326537,0.07071395644735125,0.0053482456132769585,0.007826799526810646,0.9864341020584106,0.018173452466726303
houses,NeuralNetTorch,18576,2064,0.01944046908642579,0.0724344041082857,0.00474805012345314,0.007212215568870306,0.9864341020584106,0.018029969185590744
houses,RandomForest,18576,2064,0.018976578417301767,0.03268267013375669,0.003718349616974592,0.0057295807637274265,0.9874030947685242,0.017682146281003952
houses,XGBoost,18576,2064,0.018664997446847378,0.03322062429676344,0.004838620778173208,0.007684268988668919,0.9869186282157898,0.018675852566957474
ilpd,CatBoost,524,59,0.36011721311809125,0.5286497665499517,0.0596061646938324,0.0975840762257576,0.7118644118309021,0.005788810551166534
ilpd,ExtraTrees,524,59,0.35880137662273914,0.5112112594180114,0.04651971161365509,0.08563845604658127,0.7118644118309021,0.005761731415987015
ilpd,LightGBM,524,59,0.3556785804114355,0.5132000484971371,0.07666391134262085,0.059587832540273666,0.7288135886192322,0.005682907998561859
ilpd,LinearModel,524,59,0.39638497043056575,0.5533804430774006,0.09564504027366638,0.17907503247261047,0.6440678238868713,0.005664467811584473
ilpd,NeuralNetFastAI,524,59,0.36250138258720144,0.5061598629836803,0.0730847492814064,0.11128505319356918,0.6440678238868713,0.005803532898426056
ilpd,NeuralNetTorch,524,59,0.3746567090377042,0.5422695934624807,0.07097956538200378,0.1418939083814621,0.6440678238868713,0.005827948451042175
ilpd,RandomForest,524,59,0.36843133270120965,0.5320263262947679,0.1023520901799202,0.06777538359165192,0.7118644118309021,0.005955904722213745
ilpd,XGBoost,524,59,0.3740752089893638,0.5280088839177259,0.08152978122234344,0.08004865050315857,0.694915235042572,0.005797892808914185
jasmine,CatBoost,2685,299,0.26629436058303535,0.4075239844692248,0.03305064141750336,0.06705547869205475,0.8060200810432434,0.00776778906583786
jasmine,ExtraTrees,2685,299,0.2742308534034611,0.41449319421516395,0.02551480196416378,0.043917715549468994,0.8193979859352112,0.007407534867525101
jasmine,LightGBM,2685,299,0.2639343942941052,0.40360088791767773,0.028274886310100555,0.04587029293179512,0.8193979859352112,0.007175136357545853
jasmine,LinearModel,2685,299,0.2860955008925218,0.43812442459315026,0.0241224467754364,0.048419155180454254,0.7993311285972595,0.007388178259134293
jasmine,NeuralNetFastAI,2685,299,0.2823233754913374,0.4256722209843359,0.023269392549991608,0.048028793185949326,0.8060200810432434,0.007376041263341904
jasmine,NeuralNetTorch,2685,299,0.28314307135975425,0.42947950250390704,0.0360611230134964,0.056901875883340836,0.7993311285972595,0.007578376680612564
jasmine,RandomForest,2685,299,0.26566860916533575,0.40338355852225694,0.034689098596572876,0.08704598248004913,0.7993311285972595,0.007289517670869827
jasmine,XGBoost,2685,299,0.25692920819989945,0.4004711319130689,0.021899709478020668,0.03963661193847656,0.829431414604187,0.007334977388381958
jm1,CatBoost,9796,1089,0.2659251059021303,0.41919988379353734,0.020302053540945053,0.024209855124354362,0.8163452744483948,0.01305818185210228
jm1,ExtraTrees,9796,1089,0.26526888728000964,0.41682554640253605,0.014757301658391953,0.029903139919042587,0.8200183510780334,0.01318470761179924
jm1,LightGBM,9796,1089,0.2636665226374558,0.4176480124595383,0.017129328101873398,0.02115597389638424,0.8273645639419556,0.01288551464676857
jm1,LinearModel,9796,1089,0.28098632287114067,0.44298686672417886,0.019742825999855995,0.025217842310667038,0.8163452744483948,0.012948006391525269
jm1,NeuralNetFastAI,9796,1089,0.2716909292579621,0.43249639463235684,0.018537897616624832,0.033103544265031815,0.8227731585502625,0.013151586055755615
jm1,NeuralNetTorch,9796,1089,0.2760795016365391,0.43530464874521785,0.022411474958062172,0.0334828644990921,0.8117539286613464,0.012959271669387817
jm1,RandomForest,9796,1089,0.26272203089975527,0.4141984579010849,0.014543697237968445,0.02429305762052536,0.8218548893928528,0.01320357620716095
jm1,XGBoost,9796,1089,0.26474091965622637,0.41862603118987196,0.020255234092473984,0.02336437813937664,0.8191000819206238,0.013005148619413376
kc1,CatBoost,1898,211,0.18758006895823137,0.3137600375334863,0.027373945340514183,0.05623031407594681,0.8767772316932678,0.006941754370927811
kc1,ExtraTrees,1898,211,0.18744260022201298,0.31075283633416784,0.03197624161839485,0.03123149834573269,0.8767772316932678,0.006893828511238098
kc1,LightGBM,1898,211,0.18768457894369858,0.3129303196093825,0.023678451776504517,0.020820677280426025,0.8815165758132935,0.006999365985393524
kc1,LinearModel,1898,211,0.21461526789753071,0.34772396472092226,0.0347898043692112,0.033775247633457184,0.8625592589378357,0.006920762360095978
kc1,NeuralNetFastAI,1898,211,0.19656177342597783,0.32324988758687145,0.026223240420222282,0.05926955118775368,0.8720378875732422,0.007162172347307205
kc1,NeuralNetTorch,1898,211,0.2100952845436487,0.33669772478960486,0.023010319098830223,0.028890907764434814,0.8483412265777588,0.007061682641506195
kc1,RandomForest,1898,211,0.18403744772365946,0.3080725394437012,0.026137880980968475,0.047778673470020294,0.8862559199333191,0.006813019514083862
kc1,XGBoost,1898,211,0.19695580655491848,0.3243597128889332,0.022403426468372345,0.03191062808036804,0.8767772316932678,0.00692647323012352
kc2,CatBoost,469,53,0.2706814996021693,0.3927677886888841,0.09603774547576904,0.12040352076292038,0.7924528121948242,0.005761351436376572
kc2,ExtraTrees,469,53,0.2572898695331025,0.3786808868934723,0.05845461040735245,0.10704155266284943,0.7735849022865295,0.00571075826883316
kc2,LightGBM,469,53,0.20121071848597077,0.3054172535389539,0.05467846989631653,0.1068124994635582,0.8301886916160583,0.005576364696025848
kc2,LinearModel,469,53,0.2669110390127839,0.39327403528695243,0.10091178119182587,0.1510045975446701,0.7924528121948242,0.005831070244312286
kc2,NeuralNetFastAI,469,53,0.25163895926476776,0.3769644445253083,0.04250936582684517,0.0741344764828682,0.7924528121948242,0.005769088864326477
kc2,NeuralNetTorch,469,53,0.2632608893012981,0.4027220212283222,0.050732895731925964,0.058275025337934494,0.7924528121948242,0.005851428955793381
kc2,RandomForest,469,53,0.22461915544301822,0.3342459828812219,0.07165034860372543,0.11112738400697708,0.8301886916160583,0.007066156715154648
kc2,XGBoost,469,53,0.23017054115034485,0.34038491859921194,0.07219422608613968,0.12786102294921875,0.7924528121948242,0.005937308073043823
kdd_el_nino-small,CatBoost,703,79,0.10400428139338118,0.14705984625862337,0.03666064888238907,0.04826740548014641,0.9240506291389465,0.0059758201241493225
kdd_el_nino-small,ExtraTrees,703,79,0.12525667082398156,1.2687032908322653,0.030229264870285988,0.05684271454811096,0.9113923907279968,0.005965903401374817
kdd_el_nino-small,LightGBM,703,79,0.12496537120349253,1.2487979139220804,0.04620322212576866,0.0658026710152626,0.9367088675498962,0.005961179733276367
kdd_el_nino-small,LinearModel,703,79,0.10687715355254844,0.16366889052370617,0.025652578100562096,0.03275394067168236,0.9240506291389465,0.00586482509970665
kdd_el_nino-small,NeuralNetFastAI,703,79,0.09739329676956225,1.2210555118765678,0.024963105097413063,0.03646230325102806,0.9367088675498962,0.00613277405500412
kdd_el_nino-small,NeuralNetTorch,703,79,0.13772657415349182,1.2769827465217116,0.03485070541501045,0.04768435284495354,0.9113923907279968,0.0059598758816719055
kdd_el_nino-small,RandomForest,703,79,0.1081903258764794,1.2254470495045842,0.030091391876339912,0.05172092095017433,0.9240506291389465,0.005955994129180908
kdd_el_nino-small,XGBoost,703,79,0.10787190619703795,1.232193248780776,0.03646235913038254,0.03870633244514465,0.9367088675498962,0.0060171931982040405
kdd_internet_usage,CatBoost,9097,1011,0.14972832831431046,0.2346684568036045,0.011098917573690414,0.02362929657101631,0.9010880589485168,0.01251990720629692
kdd_internet_usage,ExtraTrees,9097,1011,0.16238291256233575,0.2557794178092341,0.015031740069389343,0.020943989977240562,0.8862512111663818,0.012049570679664612
kdd_internet_usage,LightGBM,9097,1011,0.14952012684530572,0.2325230108595662,0.015049206092953682,0.01671624183654785,0.895153284072876,0.012691911309957504
kdd_internet_usage,LinearModel,9097,1011,0.16888074413315016,0.2729392411104862,0.015410944819450378,0.02432241477072239,0.8773491382598877,0.012389056384563446
kdd_internet_usage,NeuralNetFastAI,9097,1011,0.1513286263249854,0.2338311703691695,0.01301467977464199,0.017629384994506836,0.8921859264373779,0.01234252005815506
kdd_internet_usage,NeuralNetTorch,9097,1011,0.15188856090077682,0.23339723814342872,0.018123645335435867,0.023532891646027565,0.8902077078819275,0.012751080095767975
kdd_internet_usage,RandomForest,9097,1011,0.15974404571006204,0.24860816485953502,0.014457637444138527,0.029589049518108368,0.8892185688018799,0.01218320056796074
kdd_internet_usage,XGBoost,9097,1011,0.15038152126390975,0.3164635854779125,0.011445210315287113,0.025422558188438416,0.8991097807884216,0.012485239654779434
kick,CatBoost,65684,7299,0.1613879571403087,0.2844633314160098,0.006065427325665951,0.0070445723831653595,0.9034114480018616,0.05821490287780762
kick,ExtraTrees,65684,7299,0.16888633776491824,0.29649241966649675,0.005610769614577293,0.00979546643793583,0.8994382619857788,0.057866986840963364
kick,LightGBM,65684,7299,0.16435543265364796,0.28952508024403595,0.004858341068029404,0.005171123426407576,0.9020413756370544,0.05800160765647888
kick,LinearModel,65684,7299,0.17116032097854722,0.3015163423017772,0.0068657975643873215,0.00527906883507967,0.8982052206993103,0.05724594369530678
kick,NeuralNetFastAI,65684,7299,0.16394134933599988,0.2890585167700398,0.005258724093437195,0.007929655723273754,0.9020413756370544,0.057630106806755066
kick,NeuralNetTorch,65684,7299,0.16391771802323848,0.2893660572522661,0.00683320127427578,0.008288082666695118,0.9028633832931519,0.057668209075927734
kick,RandomForest,65684,7299,0.16679189434185204,0.29317489318891626,0.0061615267768502235,0.008391906507313251,0.900260329246521,0.057975977659225464
kick,XGBoost,65684,7299,0.16176427082465222,0.2853822125441887,0.0044254884123802185,0.006738824769854546,0.9038224220275879,0.057109005749225616
kin8nm,CatBoost,7372,820,0.1476055021320445,0.23442083980732645,0.02056635171175003,0.03134775161743164,0.8939024209976196,0.011020369827747345
kin8nm,ExtraTrees,7372,820,0.21623827434849985,0.3395195512228439,0.023984815925359726,0.04158135876059532,0.8402438759803772,0.01061931997537613
kin8nm,LightGBM,7372,820,0.15282000394234957,0.2432797445822241,0.018090885132551193,0.03456210345029831,0.8865853548049927,0.010650396347045898
kin8nm,LinearModel,7372,820,0.35661861528006655,0.5368123574712169,0.029488690197467804,0.025782059878110886,0.7353658676147461,0.010678432881832123
kin8nm,NeuralNetFastAI,7372,820,0.1276333796284585,0.20533120261075316,0.01530025526881218,0.022283796221017838,0.9048780202865601,0.010967075824737549
kin8nm,NeuralNetTorch,7372,820,0.12630235278122443,0.1992884011219553,0.01411457359790802,0.0280948206782341,0.9109756350517273,0.01079336553812027
kin8nm,RandomForest,7372,820,0.21343014595468077,0.33805270630168327,0.021818149834871292,0.03189459070563316,0.8451219797134399,0.010694071650505066
kin8nm,XGBoost,7372,820,0.1782568519739834,0.2877617918490219,0.02353639528155327,0.033120524138212204,0.8817073106765747,0.010965518653392792
madeline,CatBoost,2826,314,0.1939877430173538,0.3345920941955621,0.025164633989334106,0.04804093390703201,0.8694267272949219,0.007507253438234329
madeline,ExtraTrees,2826,314,0.2241570920972747,0.8987329951968085,0.02831156924366951,0.04567674174904823,0.8407643437385559,0.007420375943183899
madeline,LightGBM,2826,314,0.21709466187666407,0.3652413179832728,0.022044455632567406,0.045827481895685196,0.8566879034042358,0.007475327700376511
madeline,LinearModel,2826,314,0.4826105292546644,0.6752198301317915,0.02900777757167816,0.04632139950990677,0.5859872698783875,0.0075211301445961
madeline,NeuralNetFastAI,2826,314,0.3935930286011576,0.5784758475823897,0.07953044027090073,0.06166192144155502,0.7070063948631287,0.007427431643009186
madeline,NeuralNetTorch,2826,314,0.3555572569916048,0.5354907923192055,0.05430154502391815,0.08027039468288422,0.7547770738601685,0.007459238171577454
madeline,RandomForest,2826,314,0.2310424936859399,0.6482574419151044,0.028182052075862885,0.05438501387834549,0.8535031676292419,0.007467087358236313
madeline,XGBoost,2826,314,0.2189876705356423,0.36516353749822417,0.026318982243537903,0.0439518541097641,0.8630573153495789,0.007413756102323532
madelon,CatBoost,2340,260,0.19332924331777052,0.3234227474795653,0.027194887399673462,0.06831073015928268,0.8653846383094788,0.007316514849662781
madelon,ExtraTrees,2340,260,0.20593417843856207,0.3423370874511861,0.023281298577785492,0.04587787762284279,0.8692307472229004,0.007134072482585907
madelon,LightGBM,2340,260,0.19034042263376963,0.32317370341073853,0.03817343711853027,0.07257024943828583,0.8807692527770996,0.007107175886631012
madelon,LinearModel,2340,260,0.48648639484998035,0.6795345840127008,0.05060061812400818,0.03360142558813095,0.5846154093742371,0.007180120795965195
madelon,NeuralNetFastAI,2340,260,0.3971351480678327,0.5845888658420526,0.0767945647239685,0.1228390485048294,0.7384615540504456,0.006941501051187515
madelon,NeuralNetTorch,2340,260,0.4287565832983123,0.6188099387121427,0.07931679487228394,0.09365885704755783,0.6807692050933838,0.007098149508237839
madelon,RandomForest,2340,260,0.2119251790121829,0.3507155703677008,0.030502216890454292,0.0569935217499733,0.8653846383094788,0.007156148552894592
madelon,XGBoost,2340,260,0.19762298899736683,0.33054190248925264,0.026190198957920074,0.048933129757642746,0.8692307472229004,0.007061664015054703
mammography,CatBoost,10064,1119,0.021181163294161528,0.04910939848836145,0.0030391414184123278,0.003960831090807915,0.9874888062477112,0.01344820111989975
mammography,ExtraTrees,10064,1119,0.026069474698439135,0.057694876331256764,0.007038255222141743,0.007844447158277035,0.9848078489303589,0.013106737285852432
mammography,LightGBM,10064,1119,0.022604286407772345,0.050494354508983645,0.0045220148749649525,0.008024666458368301,0.9874888062477112,0.012964829802513123
mammography,LinearModel,10064,1119,0.03132100950938633,0.07229006055348562,0.00788590032607317,0.011862490326166153,0.9812332391738892,0.013286784291267395
mammography,NeuralNetFastAI,10064,1119,0.02469997416483704,0.05474923737476383,0.004488484002649784,0.007916605100035667,0.9848078489303589,0.013013910502195358
mammography,NeuralNetTorch,10064,1119,0.02540784963400619,0.055097779025187116,0.003987016621977091,0.008339460007846355,0.9848078489303589,0.012878451496362686
mammography,RandomForest,10064,1119,0.02691586076359287,0.05765288112488888,0.006802267394959927,0.008719152770936489,0.9848078489303589,0.013120744377374649
mammography,XGBoost,10064,1119,0.022962932338934157,0.051417075172983794,0.00476619740948081,0.008637773804366589,0.9874888062477112,0.013119950890541077
mc1,CatBoost,8519,947,0.0084885707494358,0.01631866581458276,0.0022533705923706293,0.0036192815750837326,0.9947201609611511,0.011912789195775986
mc1,ExtraTrees,8519,947,0.00838872080914064,0.01849393801999504,0.0025101271457970142,0.002758156741037965,0.9947201609611511,0.01206553727388382
mc1,LightGBM,8519,947,0.006218480172927555,0.01281651162903834,0.002175453118979931,0.003046125639230013,0.9968320727348328,0.011904396116733551
mc1,LinearModel,8519,947,0.01055481200231757,0.028134351395571425,0.004213815554976463,0.0020078886300325394,0.9947201609611511,0.011749133467674255
mc1,NeuralNetFastAI,8519,947,0.010934664580390744,0.20177756479820427,0.00391553808003664,0.0037861543241888285,0.9947201609611511,0.012049078941345215
mc1,NeuralNetTorch,8519,947,0.011467460035987975,0.11376122274443981,0.004403638653457165,0.003652427578344941,0.9936642050743103,0.011873707175254822
mc1,RandomForest,8519,947,0.010187325205501023,0.021597277667503075,0.0032744621858000755,0.0025099634658545256,0.9947201609611511,0.011507898569107056
mc1,XGBoost,8519,947,0.008544483994852137,0.015353679712950447,0.0012027514167129993,0.0024213679134845734,0.9947201609611511,0.011514216661453247
meta,CatBoost,475,53,0.07801541286150138,0.12592923186498012,0.03895459324121475,0.04764329269528389,0.9433962106704712,0.005755335092544556
meta,ExtraTrees,475,53,0.13601434652710254,0.21657745285101115,0.04176604002714157,0.028893563896417618,0.9056603908538818,0.005750380456447601
meta,LightGBM,475,53,0.10027924907573606,0.15447082511834603,0.04854621738195419,0.06883594393730164,0.9433962106704712,0.005706775933504105
meta,LinearModel,475,53,0.12099254543815002,0.17943233223100385,0.05320935696363449,0.0502670481801033,0.9056603908538818,0.005956690758466721
meta,NeuralNetFastAI,475,53,0.11713547705137181,0.19696090986593073,0.07781603932380676,0.09777947515249252,0.8867924809455872,0.005728192627429962
meta,NeuralNetTorch,475,53,0.08487943765496099,0.14126262033956313,0.04398461431264877,0.06880320608615875,0.9622641801834106,0.005732052028179169
meta,RandomForest,475,53,0.12368413337633762,0.2025631258425378,0.08263058215379715,0.11122120916843414,0.9056603908538818,0.005735285580158234
meta,XGBoost,475,53,0.11121495815438306,0.22112052009135552,0.048822179436683655,0.06140084192156792,0.9433962106704712,0.005644273012876511
mozilla4,CatBoost,13990,1555,0.06911286779643483,0.12233484269105906,0.008371658623218536,0.011010818183422089,0.9562700986862183,0.015186786651611328
mozilla4,ExtraTrees,13990,1555,0.0685818239411209,0.121339598041762,0.005723882466554642,0.008597665466368198,0.9549839496612549,0.014995481818914413
mozilla4,LightGBM,13990,1555,0.0654899557138131,0.11719210269414988,0.008940044790506363,0.013415757566690445,0.9562700986862183,0.015135619789361954
mozilla4,LinearModel,13990,1555,0.11228592275127126,0.19713899194796394,0.017662063241004944,0.013968895189464092,0.9344051480293274,0.01523900032043457
mozilla4,NeuralNetFastAI,13990,1555,0.11437697331521086,0.20598193301769605,0.008190610446035862,0.012988957576453686,0.9266880750656128,0.015092790126800537
mozilla4,NeuralNetTorch,13990,1555,0.09140395604675222,0.15941214492538033,0.015339590609073639,0.019241491332650185,0.9382636547088623,0.015308905392885208
mozilla4,RandomForest,13990,1555,0.06930282154048156,0.11830840021815188,0.006827019155025482,0.012399504892528057,0.9517685174942017,0.014659583568572998
mozilla4,XGBoost,13990,1555,0.06776417696010091,0.17315058087516108,0.010444626212120056,0.017720546573400497,0.953054666519165,0.014833010733127594
no2,CatBoost,450,50,0.42720192406460405,0.6147414682501326,0.08972445130348206,0.10607454180717468,0.6000000238418579,0.005767550319433212
no2,ExtraTrees,450,50,0.4093095483728971,0.5927414444511813,0.049470119178295135,0.12452086061239243,0.6399999856948853,0.005750630050897598
no2,LightGBM,450,50,0.46250859161587216,0.6542897511613472,0.09877955913543701,0.07996318489313126,0.6200000047683716,0.005699556320905685
no2,LinearModel,450,50,0.4939386886808778,0.6871480895608235,0.13849054276943207,0.182016521692276,0.47999998927116394,0.005674280226230621
no2,NeuralNetFastAI,450,50,0.4386582969046992,0.6257858553504673,0.10854823887348175,0.1309739500284195,0.6000000238418579,0.005685530602931976
no2,NeuralNetTorch,450,50,0.4446046139611121,0.6352508893505318,0.08949171006679535,0.04664969444274902,0.6600000262260437,0.005932442843914032
no2,RandomForest,450,50,0.42384191037884916,0.6063430977510087,0.06761904060840607,0.11158259958028793,0.6000000238418579,0.005692541599273682
no2,XGBoost,450,50,0.4245219559009843,0.6073736428138069,0.06703729927539825,0.09587325900793076,0.6200000047683716,0.005550112575292587
nomao,CatBoost,31018,3447,0.038437036848233984,0.0676340434729203,0.0025319568812847137,0.004418143071234226,0.9747606515884399,0.02785085141658783
nomao,ExtraTrees,31018,3447,0.0501628384222739,0.09272193094816503,0.004558082204312086,0.010242316871881485,0.9669277667999268,0.025742117315530777
nomao,LightGBM,31018,3447,0.03816642109958566,0.06811727119637473,0.0025334376841783524,0.005272742360830307,0.9747606515884399,0.02645997330546379
nomao,LinearModel,31018,3447,0.07329693466226832,0.12436560038632678,0.005014025140553713,0.007563837803900242,0.9503916501998901,0.026620425283908844
nomao,NeuralNetFastAI,31018,3447,0.05215687303451064,0.09242485800699556,0.004026247188448906,0.008830447681248188,0.9675079584121704,0.02639232948422432
nomao,NeuralNetTorch,31018,3447,0.05239742072173212,0.09141344761211195,0.004417783580720425,0.008119488134980202,0.964026689529419,0.02692689374089241
nomao,RandomForest,31018,3447,0.0472698108983662,0.08756407572235325,0.003017392475157976,0.007301547564566135,0.9704090356826782,0.026250511407852173
nomao,XGBoost,31018,3447,0.03812969212224507,0.0676350527643724,0.003392659593373537,0.007768498733639717,0.9767914414405823,0.02630734071135521
numerai28_6,CatBoost,86688,9632,0.499082640294296,0.6922287548229964,0.03471427410840988,0.0018477655248716474,0.5141196250915527,0.06808964163064957
numerai28_6,ExtraTrees,86688,9632,0.49908787800697063,0.6922347832842818,0.02485053241252899,0.004113152623176575,0.5189991593360901,0.0680561326444149
numerai28_6,LightGBM,86688,9632,0.49902698371208926,0.6921690130017188,0.026816025376319885,0.003693461650982499,0.5133928656578064,0.07113329693675041
numerai28_6,LinearModel,86688,9632,0.4989699112615875,0.6921158235616699,0.020875955000519753,0.0025493097491562366,0.5178571343421936,0.06813184171915054
numerai28_6,NeuralNetFastAI,86688,9632,0.4988271392072976,0.6919739437773832,0.047319445759058,0.0017436076886951923,0.5186877250671387,0.06751026585698128
numerai28_6,NeuralNetTorch,86688,9632,0.4989206693493512,0.6920689101245256,0.05263806879520416,0.0024322529789060354,0.521698534488678,0.06727581843733788
numerai28_6,RandomForest,86688,9632,0.49941772911842275,0.6925621934039907,0.03259307146072388,0.004061053041368723,0.5114202499389648,0.06742316111922264
numerai28_6,XGBoost,86688,9632,0.4994829728627508,0.6926345212453204,0.04265660047531128,0.007086053024977446,0.5141196250915527,0.06763479486107826
ozone-level-8hr,CatBoost,2280,254,0.08499442852356828,0.1392113195122938,0.025973867624998093,0.021539222449064255,0.9448819160461426,0.0075033120810985565
ozone-level-8hr,ExtraTrees,2280,254,0.08127131257875479,0.1315572605015019,0.02057834342122078,0.02791951596736908,0.9488189220428467,0.007265448570251465
ozone-level-8hr,LightGBM,2280,254,0.08426061553133231,0.4682083954577179,0.021457448601722717,0.04741580784320831,0.9370078444480896,0.007238239049911499
ozone-level-8hr,LinearModel,2280,254,0.07583747319595223,0.12063910522018777,0.015943368896842003,0.028599536046385765,0.9409449100494385,0.007181789726018906
ozone-level-8hr,NeuralNetFastAI,2280,254,0.0759344102881421,0.1237281054855113,0.01864573545753956,0.025952527299523354,0.9448819160461426,0.0071197450160980225
ozone-level-8hr,NeuralNetTorch,2280,254,0.07081035817181752,0.1177044445574015,0.009603788144886494,0.01248408667743206,0.9448819160461426,0.0072047896683216095
ozone-level-8hr,RandomForest,2280,254,0.0802290539112477,0.13134028621475902,0.01938418298959732,0.024433959275484085,0.9448819160461426,0.007227547466754913
ozone-level-8hr,XGBoost,2280,254,0.08270230440246128,0.1380832488514206,0.01878778077661991,0.04075280576944351,0.9370078444480896,0.007078636437654495
parity5_plus_5,CatBoost,1011,113,0.0,0.0,0.0,1.0000000116860974e-07,1.0,0.006293587386608124
parity5_plus_5,ExtraTrees,1011,113,0.05656676544235792,0.11297686971667491,0.020753934979438782,0.04491628706455231,0.9646017551422119,0.006094697862863541
parity5_plus_5,LightGBM,1011,113,0.0,0.0,0.0,1.0000000116860974e-07,1.0,0.006138894706964493
parity5_plus_5,LinearModel,1011,113,0.4999608440447641,0.6931080240937033,0.24999341368675232,2.625769229780417e-05,0.5044247508049011,0.006144244223833084
parity5_plus_5,NeuralNetFastAI,1011,113,0.0,0.0,0.0,1.0000000116860974e-07,1.0,0.006089434027671814
parity5_plus_5,NeuralNetTorch,1011,113,0.0,0.0,0.0,1.0000000116860974e-07,1.0,0.006070602685213089
parity5_plus_5,RandomForest,1011,113,0.0669702158253091,0.11810705902693105,0.029229968786239624,0.04224295914173126,0.9469026327133179,0.006217591464519501
parity5_plus_5,XGBoost,1011,113,0.0,0.0,0.0,1.0000000116860974e-07,1.0,0.006073202937841415
pbcseq,CatBoost,1750,195,0.19010205773298863,0.3223780550532607,0.04835931584239006,0.0786968395113945,0.8871794939041138,0.006692253053188324
pbcseq,ExtraTrees,1750,195,0.23677931845200523,0.3847128267836759,0.052111875265836716,0.055498115718364716,0.8410256505012512,0.00707356259226799
pbcseq,LightGBM,1750,195,0.20286697389848896,0.3380752914316496,0.04624587669968605,0.07479831576347351,0.8820512890815735,0.006663709878921509
pbcseq,LinearModel,1750,195,0.4039601782812194,0.5854743317943781,0.055377475917339325,0.08683702349662781,0.656410276889801,0.006651636213064194
pbcseq,NeuralNetFastAI,1750,195,0.28986238165062017,0.8833210677207548,0.03219737857580185,0.049521554261446,0.7897436022758484,0.006707929074764252
pbcseq,NeuralNetTorch,1750,195,0.2954883032269791,0.4655413900073525,0.0659191682934761,0.12138882279396057,0.8153846263885498,0.006805554032325745
pbcseq,RandomForest,1750,195,0.24774628103128524,0.4068023851727879,0.05407636985182762,0.10127481818199158,0.8615384697914124,0.006637610495090485
pbcseq,XGBoost,1750,195,0.18598408219170232,0.323937079879342,0.04289892315864563,0.07728775590658188,0.8871794939041138,0.006564207375049591
pc1,CatBoost,998,111,0.0868212192854153,0.9186540421136107,0.023519398644566536,0.058979202061891556,0.9459459185600281,0.006214860826730728
pc1,ExtraTrees,998,111,0.08100458875307297,0.1623650682902673,0.022467799484729767,0.03863389045000076,0.9639639854431152,0.006198246031999588
pc1,LightGBM,998,111,0.09518492068218021,0.9386850197336644,0.030296824872493744,0.06286125630140305,0.9369369149208069,0.006382990628480911
pc1,LinearModel,998,111,0.10186931029579199,0.1869540134868827,0.020970694720745087,0.02452680841088295,0.9369369149208069,0.006216999143362045
pc1,NeuralNetFastAI,998,111,0.10339446652518061,0.20423197306387103,0.03432559594511986,0.06943383812904358,0.9459459185600281,0.006220702081918716
pc1,NeuralNetTorch,998,111,0.09701123833086144,0.1842740184120266,0.026090888306498528,0.026661816984415054,0.9459459185600281,0.0061464086174964905
pc1,RandomForest,998,111,0.07995574240263123,0.14970030452488436,0.01691313646733761,0.032398052513599396,0.9459459185600281,0.006214763969182968
pc1,XGBoost,998,111,0.08599788605584763,0.15876302473313753,0.020328747108578682,0.0126582570374012,0.9459459185600281,0.006215225905179977
pc2,CatBoost,5030,559,0.0060005358705575804,0.011743326090195974,0.002629385096952319,0.004619235172867775,0.9964221715927124,0.009337950497865677
pc2,ExtraTrees,5030,559,0.006507097719132714,0.013930282899240204,0.0027236316818743944,0.0024504130706191063,0.9964221715927124,0.009045306593179703
pc2,LightGBM,5030,559,0.006518604722320216,0.013524374439963576,0.003346160287037492,0.0003176752361468971,0.9964221715927124,0.009330224245786667
pc2,LinearModel,5030,559,0.006438960896535617,0.013762815807986115,0.003560371696949005,0.0030530139338225126,0.9964221715927124,0.009457670152187347
pc2,NeuralNetFastAI,5030,559,0.006393688678795295,0.012436864499505824,0.002936015371233225,0.0025377648416906595,0.9964221715927124,0.00935092568397522
pc2,NeuralNetTorch,5030,559,0.006782281356507945,0.014709821706597572,0.0032467423006892204,0.0016797352582216263,0.9964221715927124,0.009189371019601822
pc2,RandomForest,5030,559,0.0068786214512047035,0.016004978712425632,0.003387844655662775,0.0005427675787359476,0.9964221715927124,0.009176712483167648
pc2,XGBoost,5030,559,0.006106454537315457,0.011704519451098877,0.002724354388192296,0.004823057912290096,0.9964221715927124,0.009281102567911148
pc3,CatBoost,1406,157,0.172339749980335,0.27789896381386786,0.04365690425038338,0.08454891294240952,0.9044585824012756,0.00652250275015831
pc3,ExtraTrees,1406,157,0.1661728824151219,0.26462460384536163,0.03423723950982094,0.052175674587488174,0.8980891704559326,0.006492286920547485
pc3,LightGBM,1406,157,0.17247235163284727,0.2840326083503126,0.03353068232536316,0.05772588402032852,0.8980891704559326,0.006659504026174545
pc3,LinearModel,1406,157,0.2010521657096405,1.4108096503469068,0.05198504775762558,0.097120501101017,0.8917197585105896,0.00640081986784935
pc3,NeuralNetFastAI,1406,157,0.18143003631365923,0.3016671872084879,0.04034887254238129,0.062381234019994736,0.8917197585105896,0.006589282304048538
pc3,NeuralNetTorch,1406,157,0.18750654492727362,0.3210630082043319,0.04785541072487831,0.07076672464609146,0.8980891704559326,0.006540566682815552
pc3,RandomForest,1406,157,0.16818803312982133,0.2757423054236601,0.03220459818840027,0.046085577458143234,0.8980891704559326,0.006608080118894577
pc3,XGBoost,1406,157,0.17507566914921788,0.2787372901865317,0.041430000215768814,0.05855274945497513,0.8789808750152588,0.006610143929719925
pc4,CatBoost,1312,146,0.12023650128436884,0.19011882856890958,0.03771142289042473,0.053700707852840424,0.8972602486610413,0.006455365568399429
pc4,ExtraTrees,1312,146,0.12631295544041077,0.7695065635605047,0.02328028902411461,0.04133046790957451,0.8904109597206116,0.006465479731559753
pc4,LightGBM,1312,146,0.12557028718768837,0.19505571494818422,0.02919563092291355,0.06161336600780487,0.9109588861465454,0.006600972265005112
pc4,LinearModel,1312,146,0.118697820752864,0.19712471693329045,0.03699702024459839,0.045703910291194916,0.931506872177124,0.0063683390617370605
pc4,NeuralNetFastAI,1312,146,0.1206702215584004,0.2006014260944064,0.035839904099702835,0.0526890829205513,0.931506872177124,0.006518427282571793
pc4,NeuralNetTorch,1312,146,0.1331657374729896,0.20597622966020654,0.033082183450460434,0.03535086289048195,0.9109588861465454,0.006714120507240295
pc4,RandomForest,1312,146,0.125593411623492,0.19039766456855964,0.03053888864815235,0.05071122944355011,0.9109588861465454,0.0065361931920051575
pc4,XGBoost,1312,146,0.1326653980204315,0.20748573521708102,0.03917156159877777,0.07274403423070908,0.9178082346916199,0.006501361727714539
philippine,CatBoost,5248,584,0.3163059482591449,0.4703854841451294,0.016511522233486176,0.04849236086010933,0.7636986374855042,0.009595073759555817
philippine,ExtraTrees,5248,584,0.3186872617968832,0.4786516329171445,0.0161154605448246,0.028138237074017525,0.767123281955719,0.009218621999025345
philippine,LightGBM,5248,584,0.30208810800656827,0.4552289691241631,0.025867678225040436,0.03211069479584694,0.7773972749710083,0.009207885712385178
philippine,LinearModel,5248,584,0.37534210895288617,0.562198282858116,0.0241510272026062,0.06208048015832901,0.7243150472640991,0.009209543466567993
philippine,NeuralNetFastAI,5248,584,0.36530517415365493,0.5404714374285021,0.02762819081544876,0.053344450891017914,0.7431507110595703,0.009257744997739792
philippine,NeuralNetTorch,5248,584,0.36575287799314926,0.5485142809863379,0.03167326748371124,0.06586902588605881,0.7345890402793884,0.009244866669178009
philippine,RandomForest,5248,584,0.32112293419484317,0.4869156956394556,0.017387382686138153,0.035716116428375244,0.7602739930152893,0.00931829959154129
philippine,XGBoost,5248,584,0.3010724937124314,0.5986371047529172,0.019028007984161377,0.03827395662665367,0.7773972749710083,0.009202156215906143
phoneme,CatBoost,4863,541,0.13333193938020016,0.21655967723043712,0.012207345105707645,0.04150446876883507,0.905730128288269,0.009026050567626953
phoneme,ExtraTrees,4863,541,0.12546564398741028,0.20278377824192445,0.012797322124242783,0.024414226412773132,0.9131238460540771,0.0091983862221241
phoneme,LightGBM,4863,541,0.13475834816943777,0.21938844803748228,0.01305440068244934,0.04055666923522949,0.9131238460540771,0.00921805202960968
phoneme,LinearModel,4863,541,0.3197056314288427,0.48035211449670984,0.04953908920288086,0.043525613844394684,0.7634010910987854,0.009219586849212646
phoneme,NeuralNetFastAI,4863,541,0.15825796793082875,0.25419333497329627,0.018608063459396362,0.03371593356132507,0.8835489749908447,0.00920218974351883
phoneme,NeuralNetTorch,4863,541,0.14044483867221022,0.23408662528728158,0.016916140913963318,0.0397830531001091,0.9112753868103027,0.009200647473335266
phoneme,RandomForest,4863,541,0.13283825209575945,0.21794097930415254,0.013620980083942413,0.03292808309197426,0.905730128288269,0.00920867919921875
phoneme,XGBoost,4863,541,0.13165352628886937,0.21801905923090406,0.018985727801918983,0.04563472792506218,0.9112753868103027,0.009281840175390244
pm10,CatBoost,450,50,0.43450011755080936,0.6315174132151525,0.09221842885017395,0.18063761293888092,0.7599999904632568,0.005724616348743439
pm10,ExtraTrees,450,50,0.4604930302903982,0.653016093494427,0.11069191992282867,0.13476629555225372,0.6000000238418579,0.0057635679841041565
pm10,LightGBM,450,50,0.42276781915353057,0.6136645561548137,0.07362100481987,0.09479540586471558,0.6600000262260437,0.00573473796248436
pm10,LinearModel,450,50,0.4969295263498221,0.6900953406319679,0.16924728453159332,0.03336372971534729,0.5600000023841858,0.005668669939041138
pm10,NeuralNetFastAI,450,50,0.5178221728548248,0.7115008067958573,0.10288162529468536,0.13472171127796173,0.47999998927116394,0.005646273493766785
pm10,NeuralNetTorch,450,50,0.526907164322471,0.7193381667972022,0.1398734152317047,0.1419372856616974,0.47999998927116394,0.005637962371110916
pm10,RandomForest,450,50,0.4319681152386886,0.6242640402349353,0.11066533625125885,0.16024799644947052,0.7400000095367432,0.005821514874696732
pm10,XGBoost,450,50,0.47472919059087104,0.6747819984253209,0.07097247242927551,0.07054454833269119,0.6800000071525574,0.005573086440563202
pollen,CatBoost,3463,385,0.5013694369760623,0.6945260015582441,0.07249675691127777,0.007726951036602259,0.4987013041973114,0.008184079080820084
pollen,ExtraTrees,3463,385,0.49984510300142726,0.6925249424903942,0.08742424845695496,0.003423041896894574,0.48051947355270386,0.007995355874300003
pollen,LightGBM,3463,385,0.5020920874665074,0.6953388966705939,0.10480152070522308,0.022485211491584778,0.5220779180526733,0.007960252463817596
pollen,LinearModel,3463,385,0.5008619158511678,0.6940155307328506,0.21604397892951965,0.006166887003928423,0.4935064911842346,0.007951013743877411
pollen,NeuralNetFastAI,3463,385,0.49798481133819256,0.6911537180515003,0.09940103441476822,0.02851037122309208,0.5402597188949585,0.008057814091444016
pollen,NeuralNetTorch,3463,385,0.5020996705983236,0.6952553043124382,0.13103614747524261,0.0295314509421587,0.4987013041973114,0.0077378638088703156
pollen,RandomForest,3463,385,0.49876376451359916,0.6918776304559435,0.20471450686454773,0.011409553699195385,0.5038961172103882,0.007757145911455154
pollen,XGBoost,3463,385,0.5042481279080911,0.6974102347211045,0.058240119367837906,0.04043833166360855,0.4909090995788574,0.00798744335770607
puma32H,CatBoost,7372,820,0.1299827892363201,0.203355112442388,0.0096205472946167,0.018163882195949554,0.9048780202865601,0.01097739115357399
puma32H,ExtraTrees,7372,820,0.14494670107779592,0.2229397131247,0.01969701051712036,0.025335771963000298,0.8926829099655151,0.01089482381939888
puma32H,LightGBM,7372,820,0.14306995842773887,0.22249431077929083,0.011258568614721298,0.021694015711545944,0.8926829099655151,0.010530337691307068
puma32H,LinearModel,7372,820,0.46444052554373094,0.6573077832364129,0.027225136756896973,0.04487179219722748,0.6378048658370972,0.010552942752838135
puma32H,NeuralNetFastAI,7372,820,0.10566230668519104,0.17518999253354084,0.010587401688098907,0.015668725594878197,0.9268292784690857,0.01067691296339035
puma32H,NeuralNetTorch,7372,820,0.11022359813753371,0.18249010839246782,0.015600879676640034,0.0289235208183527,0.9207317233085632,0.010714486241340637
puma32H,RandomForest,7372,820,0.150464107827938,0.23577699360232338,0.017313864082098007,0.035747628659009933,0.8865853548049927,0.01055704802274704
puma32H,XGBoost,7372,820,0.14506203451374214,0.23041730065523594,0.01331760361790657,0.028491774573922157,0.8975609540939331,0.010728470981121063
puma8NH,CatBoost,7372,820,0.2292313033044587,0.3624648687989363,0.015129731968045235,0.04068105295300484,0.8292682766914368,0.010571394115686417
puma8NH,ExtraTrees,7372,820,0.22759845001381057,0.35785255593698007,0.018303632736206055,0.04781682416796684,0.8390243649482727,0.010539617389440536
puma8NH,LightGBM,7372,820,0.23152144777824396,0.3664491297588152,0.018551595509052277,0.033733125776052475,0.8378048539161682,0.010904621332883835
puma8NH,LinearModel,7372,820,0.26387090587884793,0.4244111636119044,0.017210543155670166,0.031814586371183395,0.8243902325630188,0.010682031512260437
puma8NH,NeuralNetFastAI,7372,820,0.227177286892625,0.35765408800295795,0.01928490772843361,0.055087216198444366,0.8463414907455444,0.0106918103992939
puma8NH,NeuralNetTorch,7372,820,0.2258199311111448,0.3540140448015347,0.017152119427919388,0.04924037680029869,0.8378048539161682,0.01060013473033905
puma8NH,RandomForest,7372,820,0.2267056847511357,0.36035637278246146,0.017398931086063385,0.038157813251018524,0.8451219797134399,0.010690268129110336
puma8NH,XGBoost,7372,820,0.22938824135736488,0.36469949975273,0.022935966029763222,0.030798889696598053,0.8414633870124817,0.010727114975452423
qsar-biodeg,CatBoost,949,106,0.17690795421734037,0.2945740447956703,0.018050361424684525,0.0412796288728714,0.8773584961891174,0.006164234131574631
qsar-biodeg,ExtraTrees,949,106,0.1820567687800468,0.2961020706026645,0.04373294860124588,0.06281539797782898,0.8584905862808228,0.006041020154953003
qsar-biodeg,LightGBM,949,106,0.16860587294582352,0.28434243991247504,0.022027339786291122,0.0548170730471611,0.8867924809455872,0.006176959723234177
qsar-biodeg,LinearModel,949,106,0.18284436036440416,0.2929002195091838,0.04238200560212135,0.10858725756406784,0.8679245114326477,0.006391942501068115
qsar-biodeg,NeuralNetFastAI,949,106,0.17222286102007028,0.2729584512523961,0.03711732476949692,0.05743176117539406,0.8773584961891174,0.006166920065879822
qsar-biodeg,NeuralNetTorch,949,106,0.18879552268576422,0.3091813798255877,0.031520046293735504,0.032893404364585876,0.8773584961891174,0.006093598902225494
qsar-biodeg,RandomForest,949,106,0.16775282868586236,0.275490981212812,0.02594643086194992,0.07045098394155502,0.8773584961891174,0.00607772171497345
qsar-biodeg,XGBoost,949,106,0.17965667985032627,0.2982065737166386,0.037069786339998245,0.05404314026236534,0.8867924809455872,0.006255902349948883
ringnorm,CatBoost,6660,740,0.031185316469725662,0.05869961429064597,0.005132647231221199,0.01333853043615818,0.9824324250221252,0.010474562644958496
ringnorm,ExtraTrees,6660,740,0.034293446320655806,0.059736731752848334,0.005867154337465763,0.00931617058813572,0.9783783555030823,0.01015772670507431
ringnorm,LightGBM,6660,740,0.03095847046463029,0.16969159753453197,0.003542902646586299,0.007471972145140171,0.9824324250221252,0.010661732405424118
ringnorm,LinearModel,6660,740,0.31128359251631565,0.4655721526919114,0.016829144209623337,0.03935236483812332,0.7770270109176636,0.010057937353849411
ringnorm,NeuralNetFastAI,6660,740,0.03553802992774327,0.17236716877231578,0.005661299452185631,0.009884186089038849,0.9770269989967346,0.010170333087444305
ringnorm,NeuralNetTorch,6660,740,0.029674458445081927,0.05123260475927526,0.00509185204282403,0.007423002738505602,0.9783783555030823,0.010355383157730103
ringnorm,RandomForest,6660,740,0.056470565023375906,0.10008055347828855,0.007974263280630112,0.01486139465123415,0.9648648500442505,0.010055258870124817
ringnorm,XGBoost,6660,740,0.033764922094674,0.06408505373198166,0.0066664633341133595,0.013764879666268826,0.9810810685157776,0.010094735771417618
rmftsa_ladata,CatBoost,457,51,0.1653620440104755,0.28583761639079425,0.04537338390946388,0.07697347551584244,0.8823529481887817,0.0057746246457099915
rmftsa_ladata,ExtraTrees,457,51,0.1573626372162468,0.23868488263073367,0.0419149324297905,0.10686130821704865,0.8627451062202454,0.005564089864492416
rmftsa_ladata,LightGBM,457,51,0.17096326904971024,0.2711291184880103,0.0381733700633049,0.07251036167144775,0.8823529481887817,0.005570277571678162
rmftsa_ladata,LinearModel,457,51,0.10849837245032828,0.1819311512023589,0.04942202568054199,0.07597827166318893,0.9411764740943909,0.005879729986190796
rmftsa_ladata,NeuralNetFastAI,457,51,0.09634454466833492,0.163571557623521,0.05503194406628609,0.08562742173671722,0.9607843160629272,0.0058367326855659485
rmftsa_ladata,NeuralNetTorch,457,51,0.136203062982213,0.23133151082585193,0.032669831067323685,0.11099959909915924,0.9019607901573181,0.006096135824918747
rmftsa_ladata,RandomForest,457,51,0.15438516128548266,0.2455866180134263,0.038530465215444565,0.053357698023319244,0.8823529481887817,0.005718592554330826
rmftsa_ladata,XGBoost,457,51,0.16842467418070062,0.26348759330966076,0.0642976313829422,0.07177287340164185,0.8627451062202454,0.005738794803619385
spambase,CatBoost,4140,461,0.08017328810155151,0.3196206266656687,0.024539750069379807,0.027785945683717728,0.9501084685325623,0.008541028946638107
spambase,ExtraTrees,4140,461,0.08780844674911362,0.33728966977121844,0.023971226066350937,0.025296824052929878,0.9501084685325623,0.008181799203157425
spambase,LightGBM,4140,461,0.08905704650130514,0.3264184191054742,0.027537213638424873,0.03649315983057022,0.9414316415786743,0.008510082960128784
spambase,LinearModel,4140,461,0.10354129410078315,0.36364554386188225,0.021988047286868095,0.02639150433242321,0.9327548742294312,0.008488655090332031
spambase,NeuralNetFastAI,4140,461,0.09407080976961323,0.17403024176727444,0.018278952687978745,0.027564262971282005,0.9414316415786743,0.008475787937641144
spambase,NeuralNetTorch,4140,461,0.09041002681912289,0.3393006942632227,0.02289193868637085,0.028010131791234016,0.9327548742294312,0.008434109389781952
spambase,RandomForest,4140,461,0.0891981827346492,0.33232169273035433,0.026248978450894356,0.030565856024622917,0.9370932579040527,0.008561063557863235
spambase,XGBoost,4140,461,0.0929012202442335,0.33290440901360197,0.03239598870277405,0.04287605732679367,0.9305856823921204,0.008504476398229599
sylvine,CatBoost,4611,513,0.08562709634047284,0.3107843593272118,0.02014845609664917,0.02004125528037548,0.943469762802124,0.008777078241109848
sylvine,ExtraTrees,4611,513,0.09182564246978904,0.1613696622831663,0.015207438729703426,0.02911417745053768,0.9356725215911865,0.008732475340366364
sylvine,LightGBM,4611,513,0.08754789737520621,0.15334668712782237,0.014247018843889236,0.023173311725258827,0.9395711421966553,0.008722934871912003
sylvine,LinearModel,4611,513,0.15489185314757892,0.423696767170685,0.017695993185043335,0.032174963504076004,0.8908382058143616,0.008665189146995544
sylvine,NeuralNetFastAI,4611,513,0.09923107031294895,0.17301387669857746,0.01916154846549034,0.024651160463690758,0.9337232112884521,0.00895361602306366
sylvine,NeuralNetTorch,4611,513,0.10187927353483307,0.3375819993505647,0.020141955465078354,0.034367457032203674,0.9337232112884521,0.008631303906440735
sylvine,RandomForest,4611,513,0.10964182882281383,0.18887515311902073,0.013592584989964962,0.021731030195951462,0.9278752207756042,0.008584309369325638
sylvine,XGBoost,4611,513,0.08749830364653861,0.15535611638924454,0.011635123752057552,0.028589127585291862,0.9395711421966553,0.00887903943657875
tokyo1,CatBoost,863,96,0.0696391933542627,0.1083190515759704,0.021978024393320084,0.024622337892651558,0.9166666865348816,0.006048571318387985
tokyo1,ExtraTrees,863,96,0.07205374526579815,0.1182158017541553,0.018007103353738785,0.0485275462269783,0.9375,0.005975209176540375
tokyo1,LightGBM,863,96,0.0948036028545467,0.14696943868195067,0.026617424562573433,0.04148527979850769,0.9375,0.006093278527259827
tokyo1,LinearModel,863,96,0.11831493526558556,0.18311455137931706,0.034897301346063614,0.051458291709423065,0.90625,0.006022121757268906
tokyo1,NeuralNetFastAI,863,96,0.08475287543329225,0.1250011818854479,0.019440783187747,0.032781489193439484,0.9270833134651184,0.006043531000614166
tokyo1,NeuralNetTorch,863,96,0.07214162250792827,0.11973879341296371,0.016238082200288773,0.03465899080038071,0.9479166865348816,0.005976177752017975
tokyo1,RandomForest,863,96,0.07395156735014403,0.11656107863388236,0.01972292549908161,0.04929537698626518,0.9375,0.006011400371789932
tokyo1,XGBoost,863,96,0.09657383394825288,0.1515469340135082,0.026915794238448143,0.03470313176512718,0.9166666865348816,0.005924005061388016
twonorm,CatBoost,6660,740,0.03194952561543422,0.05606421006071033,0.006108504720032215,0.010155649855732918,0.9770269989967346,0.010690130293369293
twonorm,ExtraTrees,6660,740,0.03153468347877432,0.05764606268388108,0.008898517116904259,0.012008605524897575,0.9797297120094299,0.010618753731250763
twonorm,LightGBM,6660,740,0.034040656421889214,0.06012383315490372,0.006595083512365818,0.010351784527301788,0.9797297120094299,0.010116435587406158
twonorm,LinearModel,6660,740,0.029129971820417423,0.054088645616107024,0.00785842165350914,0.013814318925142288,0.9810810685157776,0.01003958284854889
twonorm,NeuralNetFastAI,6660,740,0.03255209645568172,0.059320950003965124,0.010060608386993408,0.0123320072889328,0.9783783555030823,0.009920530021190643
twonorm,NeuralNetTorch,6660,740,0.029792585871350755,0.056241643695443926,0.008347703143954277,0.012079446576535702,0.9797297120094299,0.010195616632699966
twonorm,RandomForest,6660,740,0.03319453482990972,0.06035848195518116,0.009169124998152256,0.01240322832018137,0.9797297120094299,0.010222252458333969
twonorm,XGBoost,6660,740,0.035518305404167054,0.060972755197559306,0.007725385017693043,0.01223058346658945,0.9770269989967346,0.010153491050004959
visualizing_soil,CatBoost,7776,865,0.0,0.0,0.0,1.0000000116860974e-07,1.0,0.011159658432006836
visualizing_soil,ExtraTrees,7776,865,0.0,0.0,0.0,1.0000000116860974e-07,1.0,0.010372258722782135
visualizing_soil,LightGBM,7776,865,0.0,0.0,0.0,1.0000000116860974e-07,1.0,0.010507859289646149
visualizing_soil,LinearModel,7776,865,0.0,0.0,0.0,1.0000000116860974e-07,1.0,0.010458763688802719
visualizing_soil,NeuralNetFastAI,7776,865,0.0,0.0,0.0,1.0000000116860974e-07,1.0,0.010804124176502228
visualizing_soil,NeuralNetTorch,7776,865,0.0,0.0,0.0,1.0000000116860974e-07,1.0,0.010742902755737305
visualizing_soil,RandomForest,7776,865,0.0,0.0,0.0,1.0000000116860974e-07,1.0,0.010331958532333374
visualizing_soil,XGBoost,7776,865,0.0,0.0,0.0,1.0000000116860974e-07,1.0,0.010688789188861847
wilt,CatBoost,4355,484,0.03131376858453067,0.052561815294679855,0.00732884556055069,0.010080396197736263,0.9793388247489929,0.008746903389692307
wilt,ExtraTrees,4355,484,0.031764184327551584,0.05764385368446058,0.006517595611512661,0.013363420031964779,0.9793388247489929,0.00856734812259674
wilt,LightGBM,4355,484,0.030238550730547126,0.05791826131716338,0.005266755819320679,0.0074551603756845,0.9814049601554871,0.008973833173513412
wilt,LinearModel,4355,484,0.02980409291866184,0.04812177019515806,0.009667882695794106,0.01132228970527649,0.9793388247489929,0.008718729019165039
wilt,NeuralNetFastAI,4355,484,0.022535253497261945,0.03685269635278237,0.005230535753071308,0.004994413815438747,0.9855371713638306,0.008763272315263748
wilt,NeuralNetTorch,4355,484,0.028262242950249202,0.04542595020191499,0.006962379440665245,0.010220293886959553,0.9814049601554871,0.008671727031469345
wilt,RandomForest,4355,484,0.034420330859617265,0.057265146849266514,0.009413574822247028,0.011517729610204697,0.9772727489471436,0.008588925004005432
wilt,XGBoost,4355,484,0.03837594836682373,0.06387386368359432,0.007431934121996164,0.022260628640651703,0.9731404781341553,0.008879676461219788
wind,CatBoost,5916,658,0.1821166229729755,0.29250581656384445,0.021118640899658203,0.04419562220573425,0.8632218837738037,0.009563706815242767
wind,ExtraTrees,5916,658,0.18653654798289354,0.42722442346547895,0.014918848872184753,0.03382861614227295,0.8738601803779602,0.009627696126699448
wind,LightGBM,5916,658,0.18006674360464922,0.28829005409714004,0.02101597562432289,0.04346351698040962,0.869300901889801,0.009547680616378784
wind,LinearModel,5916,658,0.19852590961981045,0.44343496984891345,0.017560673877596855,0.02431841567158699,0.8601823449134827,0.009785842150449753
wind,NeuralNetFastAI,5916,658,0.17453646342679704,0.28174230249708115,0.017939314246177673,0.028013236820697784,0.8784194588661194,0.009616684168577194
wind,NeuralNetTorch,5916,658,0.17430095509952007,0.28161341438371934,0.014797843992710114,0.038877908140420914,0.8784194588661194,0.009549751877784729
wind,RandomForest,5916,658,0.19195951934758781,0.3126669113039001,0.011989191174507141,0.04304860532283783,0.8647416234016418,0.009538967162370682
wind,XGBoost,5916,658,0.18130748309192665,0.29872335692441354,0.021888181567192078,0.0319766141474247,0.8768997192382812,0.009632255882024765
