dataset,model,cal_size,test_size,Kernel_brier,Kernel_logloss,Kernel_kuiper,Kernel_ece-15,Kernel_accuracy,Kernel_time
2dplanes,CatBoost,36691,4077,0.09457086771726608,0.1532302349805832,0.006883102934807539,0.008386276662349701,0.9276428818702698,3.822248851880431
2dplanes,ExtraTrees,36691,4077,0.09444867819547653,0.15335160493850708,0.008158758282661438,0.00966531690210104,0.9293597936630249,3.7277847472578287
2dplanes,LightGBM,36691,4077,0.09468698501586914,0.1547970175743103,0.007434476166963577,0.009746660478413105,0.9288692474365234,3.7714646365493536
2dplanes,LinearModel,36691,4077,0.2342114895582199,0.3680263161659241,0.01520396489650011,0.028841830790042877,0.8410596251487732,3.4232289446517825
2dplanes,NeuralNetFastAI,36691,4077,0.09416377544403076,0.15322136878967285,0.005426742136478424,0.008189178071916103,0.9296051263809204,3.686009792611003
2dplanes,NeuralNetTorch,36691,4077,0.09525176137685776,0.15567052364349365,0.007897424511611462,0.012879176065325737,0.9296051263809204,3.7248938269913197
2dplanes,RandomForest,36691,4077,0.09489081054925919,0.15503503382205963,0.006667841225862503,0.011644044890999794,0.9298503994941711,3.783621536567807
2dplanes,XGBoost,36691,4077,0.09480509907007217,0.15449103713035583,0.006671850103884935,0.009626176208257675,0.9276428818702698,3.7397422241047025
APSFailure,CatBoost,68400,7600,0.008079812861979008,0.019025813788175583,0.002399097429588437,0.0029033028986305,0.9950000047683716,3.3876319462433457
APSFailure,ExtraTrees,68400,7600,0.009212737902998924,0.018963387235999107,0.0022671762853860855,0.0025990991853177547,0.9942105412483215,3.6300798021256924
APSFailure,LightGBM,68400,7600,0.007793155033141375,0.018860643729567528,0.002156815491616726,0.002950150752440095,0.995394766330719,3.387060796841979
APSFailure,LinearModel,68400,7600,0.011796141974627972,0.024024207144975662,0.003040836425498128,0.004147332161664963,0.99289470911026,3.502550797536969
APSFailure,NeuralNetFastAI,68400,7600,0.009844724088907242,0.021158715710043907,0.0025966251268982887,0.0036064740270376205,0.9943420886993408,3.363763064146042
APSFailure,NeuralNetTorch,68400,7600,0.010873605497181416,0.02205161564052105,0.002222456270828843,0.0035965198185294867,0.9934210777282715,3.3996096570044756
APSFailure,RandomForest,68400,7600,0.008116260170936584,0.016661183908581734,0.0022946104872971773,0.0029094060882925987,0.9948683977127075,3.498156141489744
APSFailure,XGBoost,68400,7600,0.007942021824419498,0.018747448921203613,0.0027998769655823708,0.0031015716958791018,0.9948683977127075,3.383766634389758
Amazon_employee_access,CatBoost,29492,3277,0.072691909968853,0.13925743103027344,0.012474489398300648,0.01465237233787775,0.9548367261886597,1.5490118553861976
Amazon_employee_access,ExtraTrees,29492,3277,0.08085446804761887,0.15222257375717163,0.01328714843839407,0.011747397482395172,0.9481232762336731,1.4245966225862503
Amazon_employee_access,LightGBM,29492,3277,0.07966239005327225,0.1531984508037567,0.009602307341992855,0.01159024890512228,0.9487335681915283,1.5275396406650543
Amazon_employee_access,LinearModel,29492,3277,0.08474961668252945,0.16102594137191772,0.015327390283346176,0.013949616812169552,0.9459871649742126,1.4446270437911153
Amazon_employee_access,NeuralNetFastAI,29492,3277,0.08464345335960388,0.15985159575939178,0.01494335662573576,0.013143348507583141,0.9462923407554626,1.4906882159411907
Amazon_employee_access,NeuralNetTorch,29492,3277,0.08620738983154297,0.1618504524230957,0.012266470119357109,0.012717563658952713,0.9465975165367126,1.5477977087721229
Amazon_employee_access,RandomForest,29492,3277,0.07594438642263412,0.1429622918367386,0.012751094065606594,0.012175268493592739,0.9514800310134888,1.5133177442476153
Amazon_employee_access,XGBoost,29492,3277,0.07629162818193436,0.14775222539901733,0.011299890466034412,0.011083903722465038,0.952090322971344,1.5259136529639363
Australian,CatBoost,621,69,0.18065252900123596,0.3010464012622833,0.05327916890382767,0.07659310102462769,0.8695651888847351,0.0024595363065600395
Australian,ExtraTrees,621,69,0.17688505351543427,0.29716259241104126,0.06338199973106384,0.09392942488193512,0.8405796885490417,0.0023727379739284515
Australian,LightGBM,621,69,0.1781477928161621,0.31387007236480713,0.05824564769864082,0.11420070379972458,0.8695651888847351,0.0023665055632591248
Australian,LinearModel,621,69,0.1653308868408203,0.28628861904144287,0.05553368851542473,0.12769292294979095,0.8985507488250732,0.002415102906525135
Australian,NeuralNetFastAI,621,69,0.15094289183616638,0.269011914730072,0.056414805352687836,0.08714435994625092,0.8985507488250732,0.0024399682879447937
Australian,NeuralNetTorch,621,69,0.16418230533599854,0.28269708156585693,0.040705595165491104,0.08929808437824249,0.8840579986572266,0.002428462728857994
Australian,RandomForest,621,69,0.17110180854797363,0.28834283351898193,0.05222468078136444,0.08760976791381836,0.8550724387168884,0.002393311820924282
Australian,XGBoost,621,69,0.15066079795360565,0.2617832124233246,0.04125317558646202,0.07387900352478027,0.8985507488250732,0.0024794545024633408
Bioresponse,CatBoost,3375,376,0.27967238426208496,0.44033119082450867,0.024478154256939888,0.057486891746520996,0.8191489577293396,0.054145677015185356
Bioresponse,ExtraTrees,3375,376,0.2848878502845764,0.4404204487800598,0.022471845149993896,0.06716092675924301,0.8005319237709045,0.05286550801247358
Bioresponse,LightGBM,3375,376,0.27898889780044556,0.4375755190849304,0.0305161215364933,0.06881970167160034,0.8164893388748169,0.051873378455638885
Bioresponse,LinearModel,3375,376,0.36069947481155396,0.5440927743911743,0.02780086174607277,0.05934279039502144,0.7420212626457214,0.08491887338459492
Bioresponse,NeuralNetFastAI,3375,376,0.28786593675613403,0.44569429755210876,0.0200026985257864,0.054272446781396866,0.7792553305625916,0.05004900228232145
Bioresponse,NeuralNetTorch,3375,376,0.2927902638912201,0.452850341796875,0.019930226728320122,0.06282791495323181,0.7845744490623474,0.05166686698794365
Bioresponse,RandomForest,3375,376,0.2820100486278534,0.4397745430469513,0.03025268204510212,0.06995629519224167,0.811170220375061,0.052048590034246445
Bioresponse,XGBoost,3375,376,0.2775586247444153,0.4364926815032959,0.028400689363479614,0.055587880313396454,0.813829779624939,0.051766606979072094
Click_prediction_small,CatBoost,35953,3995,0.25428852438926697,0.41303113102912903,0.015373028814792633,0.02071828953921795,0.8380475640296936,1.846575410105288
Click_prediction_small,ExtraTrees,35953,3995,0.2617383897304535,0.4228478968143463,0.018498491495847702,0.022244958207011223,0.8335419297218323,1.8469505030661821
Click_prediction_small,LightGBM,35953,3995,0.25904184579849243,0.42039644718170166,0.01646401733160019,0.016161620616912842,0.8367959856987,1.8450639629736543
Click_prediction_small,LinearModel,35953,3995,0.26107993721961975,0.4236651062965393,0.013102502562105656,0.016921892762184143,0.8352941274642944,1.8555951192975044
Click_prediction_small,NeuralNetFastAI,35953,3995,0.26064831018447876,0.42302206158638,0.02142949402332306,0.024294955655932426,0.8357947468757629,1.827820242382586
Click_prediction_small,NeuralNetTorch,35953,3995,0.2599841058254242,0.4196934700012207,0.012491989880800247,0.013635393232107162,0.8345431685447693,1.8546343185007572
Click_prediction_small,RandomForest,35953,3995,0.26073750853538513,0.42071402072906494,0.01819649338722229,0.019336886703968048,0.8345431685447693,1.8544740322977304
Click_prediction_small,XGBoost,35953,3995,0.2592827379703522,0.4189772307872772,0.018481800332665443,0.021869568154215813,0.8357947468757629,1.8458819342777133
GAMETES_Epistasis_2-Way_1000atts_0_4H_EDM-1_EDM-1_1,CatBoost,1440,160,0.45324715971946716,0.6460788249969482,0.11089557409286499,0.15095064043998718,0.7250000238418579,0.011309520341455936
GAMETES_Epistasis_2-Way_1000atts_0_4H_EDM-1_EDM-1_1,ExtraTrees,1440,160,0.5003433227539062,0.6934905648231506,0.06817083060741425,0.0018819868564605713,0.48750001192092896,0.00902482122182846
GAMETES_Epistasis_2-Way_1000atts_0_4H_EDM-1_EDM-1_1,LightGBM,1440,160,0.5010655522346497,0.694212794303894,0.0771714299917221,0.002452671527862549,0.4437499940395355,0.008875187486410141
GAMETES_Epistasis_2-Way_1000atts_0_4H_EDM-1_EDM-1_1,LinearModel,1440,160,0.5019577145576477,0.6951070427894592,0.04911164939403534,0.001011028653010726,0.512499988079071,0.013655305840075016
GAMETES_Epistasis_2-Way_1000atts_0_4H_EDM-1_EDM-1_1,NeuralNetFastAI,1440,160,0.49564608931541443,0.6887918710708618,0.061565108597278595,0.005989822559058666,0.6000000238418579,0.00931285135447979
GAMETES_Epistasis_2-Way_1000atts_0_4H_EDM-1_EDM-1_1,NeuralNetTorch,1440,160,0.502458930015564,0.6956205368041992,0.03508293628692627,0.01480781938880682,0.4749999940395355,0.009069078601896763
GAMETES_Epistasis_2-Way_1000atts_0_4H_EDM-1_EDM-1_1,RandomForest,1440,160,0.5008717775344849,0.6940189599990845,0.044105395674705505,0.0005356073379516602,0.4437499940395355,0.009052982553839684
GAMETES_Epistasis_2-Way_1000atts_0_4H_EDM-1_EDM-1_1,XGBoost,1440,160,0.5002272725105286,0.693374514579773,0.03665521740913391,0.000585705041885376,0.5062500238418579,0.009077156893908978
GAMETES_Epistasis_2-Way_20atts_0_1H_EDM-1_1,CatBoost,1440,160,0.41373372077941895,0.6037970185279846,0.042658399790525436,0.04450151324272156,0.706250011920929,0.009094910696148872
GAMETES_Epistasis_2-Way_20atts_0_1H_EDM-1_1,ExtraTrees,1440,160,0.48309677839279175,0.6761782169342041,0.05785949528217316,0.07167588174343109,0.6187499761581421,0.008917844854295254
GAMETES_Epistasis_2-Way_20atts_0_1H_EDM-1_1,LightGBM,1440,160,0.44381657242774963,0.635574460029602,0.06335047632455826,0.08750153332948685,0.6875,0.008942922577261925
GAMETES_Epistasis_2-Way_20atts_0_1H_EDM-1_1,LinearModel,1440,160,0.5001674890518188,0.6933144927024841,0.04435934126377106,0.002525627613067627,0.4749999940395355,0.009096680209040642
GAMETES_Epistasis_2-Way_20atts_0_1H_EDM-1_1,NeuralNetFastAI,1440,160,0.41246652603149414,0.6017489433288574,0.05473610758781433,0.06583800166845322,0.699999988079071,0.008930477313697338
GAMETES_Epistasis_2-Way_20atts_0_1H_EDM-1_1,NeuralNetTorch,1440,160,0.4151570200920105,0.6055904626846313,0.052791982889175415,0.07311848551034927,0.699999988079071,0.009064561687409878
GAMETES_Epistasis_2-Way_20atts_0_1H_EDM-1_1,RandomForest,1440,160,0.4904068112373352,0.6835418939590454,0.058845605701208115,0.04406745731830597,0.5874999761581421,0.008976559154689312
GAMETES_Epistasis_2-Way_20atts_0_1H_EDM-1_1,XGBoost,1440,160,0.447394996881485,0.6392809152603149,0.0537533164024353,0.07790211588144302,0.6625000238418579,0.009180054068565369
GAMETES_Epistasis_2-Way_20atts_0_4H_EDM-1_1,CatBoost,1440,160,0.28943338990211487,0.44266098737716675,0.03796159848570824,0.04656021669507027,0.793749988079071,0.008608384989202023
GAMETES_Epistasis_2-Way_20atts_0_4H_EDM-1_1,ExtraTrees,1440,160,0.39433354139328003,0.5794301629066467,0.03148677200078964,0.07406289130449295,0.6812499761581421,0.008705438114702702
GAMETES_Epistasis_2-Way_20atts_0_4H_EDM-1_1,LightGBM,1440,160,0.3163473606109619,0.4766334891319275,0.052901942282915115,0.11589619517326355,0.768750011920929,0.008787477388978004
GAMETES_Epistasis_2-Way_20atts_0_4H_EDM-1_1,LinearModel,1440,160,0.4993979334831238,0.6925450563430786,0.04228685051202774,0.006120800971984863,0.5249999761581421,0.008909826166927814
GAMETES_Epistasis_2-Way_20atts_0_4H_EDM-1_1,NeuralNetFastAI,1440,160,0.2847287356853485,0.43642371892929077,0.046732932329177856,0.022984594106674194,0.793749988079071,0.008788029663264751
GAMETES_Epistasis_2-Way_20atts_0_4H_EDM-1_1,NeuralNetTorch,1440,160,0.29280000925064087,0.4503024220466614,0.03777924180030823,0.06578759104013443,0.793749988079071,0.009715529158711433
GAMETES_Epistasis_2-Way_20atts_0_4H_EDM-1_1,RandomForest,1440,160,0.3962532877922058,0.5834642648696899,0.04194079339504242,0.07099047303199768,0.7124999761581421,0.008987890556454659
GAMETES_Epistasis_2-Way_20atts_0_4H_EDM-1_1,XGBoost,1440,160,0.3412415683269501,0.5146571397781372,0.048585690557956696,0.07621461153030396,0.7437499761581421,0.009112379513680935
GAMETES_Epistasis_3-Way_20atts_0_2H_EDM-1_1,CatBoost,1440,160,0.4025307297706604,0.5836518406867981,0.042324796319007874,0.11093810945749283,0.6499999761581421,0.009107557125389576
GAMETES_Epistasis_3-Way_20atts_0_2H_EDM-1_1,ExtraTrees,1440,160,0.48869141936302185,0.6817753314971924,0.03106367588043213,0.047426413744688034,0.5625,0.009169685654342175
GAMETES_Epistasis_3-Way_20atts_0_2H_EDM-1_1,LightGBM,1440,160,0.49154749512672424,0.6846675872802734,0.04624402895569801,0.07144593447446823,0.581250011920929,0.009214987978339195
GAMETES_Epistasis_3-Way_20atts_0_2H_EDM-1_1,LinearModel,1440,160,0.49954748153686523,0.6926947236061096,0.03965958207845688,0.0005399584770202637,0.518750011920929,0.009039100259542465
GAMETES_Epistasis_3-Way_20atts_0_2H_EDM-1_1,NeuralNetFastAI,1440,160,0.39250674843788147,0.5589879751205444,0.04158628359436989,0.08236926794052124,0.637499988079071,0.00887946505099535
GAMETES_Epistasis_3-Way_20atts_0_2H_EDM-1_1,NeuralNetTorch,1440,160,0.4283882677555084,0.6163507699966431,0.049751076847314835,0.10217911750078201,0.65625,0.008426385931670666
GAMETES_Epistasis_3-Way_20atts_0_2H_EDM-1_1,RandomForest,1440,160,0.49201077222824097,0.6850573420524597,0.046988412737846375,0.024663632735610008,0.53125,0.008678467944264412
GAMETES_Epistasis_3-Way_20atts_0_2H_EDM-1_1,XGBoost,1440,160,0.4964962601661682,0.6896411776542664,0.059601783752441406,0.001322329044342041,0.550000011920929,0.009038095362484455
GAMETES_Heterogeneity_20atts_1600_Het_0_4_0_2_50_EDM-2_001,CatBoost,1440,160,0.41006016731262207,0.5778459310531616,0.07219047844409943,0.10513266921043396,0.6499999761581421,0.008897512219846249
GAMETES_Heterogeneity_20atts_1600_Het_0_4_0_2_50_EDM-2_001,ExtraTrees,1440,160,0.47735223174095154,0.6705475449562073,0.04241940379142761,0.10002276301383972,0.612500011920929,0.008773192763328552
GAMETES_Heterogeneity_20atts_1600_Het_0_4_0_2_50_EDM-2_001,LightGBM,1440,160,0.4586324095726013,0.64900803565979,0.0655592679977417,0.08914469927549362,0.6312500238418579,0.008639280684292316
GAMETES_Heterogeneity_20atts_1600_Het_0_4_0_2_50_EDM-2_001,LinearModel,1440,160,0.499539852142334,0.6926870346069336,0.06356655061244965,0.0032942891120910645,0.518750011920929,0.008595661260187626
GAMETES_Heterogeneity_20atts_1600_Het_0_4_0_2_50_EDM-2_001,NeuralNetFastAI,1440,160,0.4494403004646301,0.6322445869445801,0.07463982701301575,0.14422771334648132,0.612500011920929,0.008588416501879692
GAMETES_Heterogeneity_20atts_1600_Het_0_4_0_2_50_EDM-2_001,NeuralNetTorch,1440,160,0.4348582625389099,0.621306300163269,0.05017567798495293,0.09434378147125244,0.6312500238418579,0.00985962338745594
GAMETES_Heterogeneity_20atts_1600_Het_0_4_0_2_50_EDM-2_001,RandomForest,1440,160,0.4782995283603668,0.6712594628334045,0.04541787877678871,0.06782302260398865,0.6000000238418579,0.009122642688453197
GAMETES_Heterogeneity_20atts_1600_Het_0_4_0_2_50_EDM-2_001,XGBoost,1440,160,0.45469340682029724,0.6459699869155884,0.05504355579614639,0.0785536915063858,0.6499999761581421,0.008709795773029327
GAMETES_Heterogeneity_20atts_1600_Het_0_4_0_2_75_EDM-2_001,CatBoost,1440,160,0.37687987089157104,0.555649995803833,0.05432434380054474,0.10760310292243958,0.699999988079071,0.008785906247794628
GAMETES_Heterogeneity_20atts_1600_Het_0_4_0_2_75_EDM-2_001,ExtraTrees,1440,160,0.4312352240085602,0.6224597096443176,0.0597863644361496,0.09323587268590927,0.6812499761581421,0.008642139844596386
GAMETES_Heterogeneity_20atts_1600_Het_0_4_0_2_75_EDM-2_001,LightGBM,1440,160,0.38678520917892456,0.5720741748809814,0.04973979294300079,0.09319551289081573,0.699999988079071,0.008730544708669186
GAMETES_Heterogeneity_20atts_1600_Het_0_4_0_2_75_EDM-2_001,LinearModel,1440,160,0.5001750588417053,0.6933209300041199,0.05491414666175842,0.009553171694278717,0.5062500238418579,0.009052573703229427
GAMETES_Heterogeneity_20atts_1600_Het_0_4_0_2_75_EDM-2_001,NeuralNetFastAI,1440,160,0.3770643174648285,0.5576573014259338,0.06176888942718506,0.0807570368051529,0.706250011920929,0.008945049718022346
GAMETES_Heterogeneity_20atts_1600_Het_0_4_0_2_75_EDM-2_001,NeuralNetTorch,1440,160,0.35479649901390076,0.5332247018814087,0.07463119924068451,0.10301435738801956,0.731249988079071,0.009242390282452106
GAMETES_Heterogeneity_20atts_1600_Het_0_4_0_2_75_EDM-2_001,RandomForest,1440,160,0.4338759779930115,0.6257301568984985,0.0746472179889679,0.12310172617435455,0.699999988079071,0.008917076513171196
GAMETES_Heterogeneity_20atts_1600_Het_0_4_0_2_75_EDM-2_001,XGBoost,1440,160,0.38942602276802063,0.5731465220451355,0.04332602769136429,0.08391387015581131,0.699999988079071,0.008766267448663712
Internet-Advertisements,CatBoost,2951,328,0.04672212898731232,0.1098347082734108,0.020259708166122437,0.01902024820446968,0.9786585569381714,0.05307409819215536
Internet-Advertisements,ExtraTrees,2951,328,0.02970823459327221,0.07284235954284668,0.011612176895141602,0.02232157438993454,0.9817073345184326,0.05560581665486097
Internet-Advertisements,LightGBM,2951,328,0.04636019095778465,0.1067032590508461,0.021059542894363403,0.022601928561925888,0.9725610017776489,0.05426165275275707
Internet-Advertisements,LinearModel,2951,328,0.06191917136311531,0.13104259967803955,0.018570974469184875,0.028715383261442184,0.9603658318519592,0.05478731729090214
Internet-Advertisements,NeuralNetFastAI,2951,328,0.05564204230904579,0.11550235748291016,0.016886746510863304,0.026738818734884262,0.9634146094322205,0.05531611293554306
Internet-Advertisements,NeuralNetTorch,2951,328,0.05269705504179001,0.11895120143890381,0.022139012813568115,0.02870456874370575,0.9664633870124817,0.05370122939348221
Internet-Advertisements,RandomForest,2951,328,0.0363396480679512,0.07879149168729782,0.015537768602371216,0.020731287077069283,0.9786585569381714,0.054691475816071033
Internet-Advertisements,XGBoost,2951,328,0.05528527870774269,0.12086421996355057,0.020517094060778618,0.024160921573638916,0.9695122241973877,0.05532081611454487
OVA_Colon,CatBoost,1390,155,0.07630466669797897,0.18324752151966095,0.023520655930042267,0.03290354833006859,0.9612902998924255,0.011813974007964134
OVA_Colon,ExtraTrees,1390,155,0.06938706338405609,0.15935392677783966,0.02443612925708294,0.028715558350086212,0.9612902998924255,0.00875003170222044
OVA_Colon,LightGBM,1390,155,0.06445784121751785,0.16014154255390167,0.01941204071044922,0.025701992213726044,0.9677419066429138,0.012699970044195652
OVA_Colon,LinearModel,1390,155,0.0624537318944931,0.14324016869068146,0.013871350325644016,0.013404672965407372,0.9677419066429138,0.012872645631432533
OVA_Colon,NeuralNetFastAI,1390,155,0.07494129985570908,0.1724027395248413,0.02446187287569046,0.033762138336896896,0.9612902998924255,0.013676970265805721
OVA_Colon,NeuralNetTorch,1390,155,0.0647440180182457,0.15202847123146057,0.020893491804599762,0.022714372724294662,0.9677419066429138,0.012780610471963882
OVA_Colon,RandomForest,1390,155,0.0855783000588417,0.1884468048810959,0.022836389020085335,0.04170355945825577,0.948387086391449,0.009449751116335392
OVA_Colon,XGBoost,1390,155,0.07158059626817703,0.17187081277370453,0.02232368104159832,0.03177795931696892,0.9612902998924255,0.011422555893659592
OVA_Endometrium,CatBoost,1390,155,0.06641880422830582,0.12922601401805878,0.030876055359840393,0.026612330228090286,0.9612902998924255,0.008223443292081356
OVA_Endometrium,ExtraTrees,1390,155,0.06192246079444885,0.11261428147554398,0.02333846688270569,0.027269169688224792,0.9612902998924255,0.008253384381532669
OVA_Endometrium,LightGBM,1390,155,0.0615096315741539,0.12094166874885559,0.03138147294521332,0.027521587908267975,0.9612902998924255,0.00814164150506258
OVA_Endometrium,LinearModel,1390,155,0.04737192019820213,0.10421460121870041,0.0272519588470459,0.023744063451886177,0.9677419066429138,0.00924686063081026
OVA_Endometrium,NeuralNetFastAI,1390,155,0.049490708857774734,0.10638556629419327,0.027091369032859802,0.027453318238258362,0.9677419066429138,0.008944258093833923
OVA_Endometrium,NeuralNetTorch,1390,155,0.045964088290929794,0.09927757829427719,0.024766862392425537,0.025002820417284966,0.9741935729980469,0.009325487539172173
OVA_Endometrium,RandomForest,1390,155,0.0584392286837101,0.1269267052412033,0.017004624009132385,0.039432767778635025,0.9612902998924255,0.008109024725854397
OVA_Endometrium,XGBoost,1390,155,0.05683967098593712,0.11230964958667755,0.0269383043050766,0.022699272260069847,0.9612902998924255,0.007994766347110271
OVA_Kidney,CatBoost,1390,155,0.0127335824072361,0.03516215831041336,0.008001858368515968,0.007588622160255909,0.9935483932495117,0.013904711231589317
OVA_Kidney,ExtraTrees,1390,155,0.013110291212797165,0.036577075719833374,0.006880041677504778,0.008505054749548435,0.9935483932495117,0.008970233611762524
OVA_Kidney,LightGBM,1390,155,0.012736321426928043,0.03464372828602791,0.007240374106913805,0.006841927766799927,0.9935483932495117,0.011754040606319904
OVA_Kidney,LinearModel,1390,155,0.01258876547217369,0.03308776021003723,0.008737022057175636,0.00743387546390295,0.9935483932495117,0.012350097298622131
OVA_Kidney,NeuralNetFastAI,1390,155,0.012868398800492287,0.031986385583877563,0.006599809508770704,0.0065290192142128944,0.9935483932495117,0.013378157280385494
OVA_Kidney,NeuralNetTorch,1390,155,0.012784111313521862,0.03436118736863136,0.006398946512490511,0.005752790719270706,0.9935483932495117,0.01149415597319603
OVA_Kidney,RandomForest,1390,155,0.013050997629761696,0.03675604611635208,0.007224743720144033,0.007735883817076683,0.9935483932495117,0.008989137597382069
OVA_Kidney,XGBoost,1390,155,0.01271764375269413,0.03522295877337456,0.00858427956700325,0.008231889456510544,0.9935483932495117,0.016495071351528168
OVA_Lung,CatBoost,1390,155,0.012927581556141376,0.04079209640622139,0.006398439407348633,0.003377608023583889,0.9935483932495117,0.009942308068275452
OVA_Lung,ExtraTrees,1390,155,0.025252044200897217,0.06723620742559433,0.008001208305358887,0.0073660919442772865,0.9870967864990234,0.008167730644345284
OVA_Lung,LightGBM,1390,155,0.022128060460090637,0.05238332599401474,0.00677412748336792,0.006993437651544809,0.9870967864990234,0.010107436217367649
OVA_Lung,LinearModel,1390,155,0.02531793713569641,0.06579995900392532,0.010285918600857258,0.007019239477813244,0.9870967864990234,0.010262487456202507
OVA_Lung,NeuralNetFastAI,1390,155,0.04520779103040695,0.08945483714342117,0.011633031070232391,0.017118798568844795,0.9741935729980469,0.010343641974031925
OVA_Lung,NeuralNetTorch,1390,155,0.024124979972839355,0.061429448425769806,0.00909401010721922,0.008117466233670712,0.9870967864990234,0.009482504799962044
OVA_Lung,RandomForest,1390,155,0.03505025804042816,0.08442626893520355,0.016198020428419113,0.015326173976063728,0.9806451797485352,0.008192433044314384
OVA_Lung,XGBoost,1390,155,0.012967348098754883,0.04127483814954758,0.006393551826477051,0.004413610324263573,0.9935483932495117,0.008195091970264912
OVA_Ovary,CatBoost,1390,155,0.12136514484882355,0.21141372621059418,0.03816230222582817,0.05087802931666374,0.9225806593894958,0.008723925799131393
OVA_Ovary,ExtraTrees,1390,155,0.12767821550369263,0.19590815901756287,0.040956832468509674,0.05991292744874954,0.9161290526390076,0.008200570940971375
OVA_Ovary,LightGBM,1390,155,0.1101965606212616,0.1924464851617813,0.03432409092783928,0.05144282057881355,0.9354838728904724,0.008636885322630405
OVA_Ovary,LinearModel,1390,155,0.12019199132919312,0.2122415155172348,0.03899591043591499,0.043266747146844864,0.9225806593894958,0.012260825373232365
OVA_Ovary,NeuralNetFastAI,1390,155,0.12378387153148651,0.19122877717018127,0.04311669245362282,0.0617920383810997,0.9096774458885193,0.009338106960058212
OVA_Ovary,NeuralNetTorch,1390,155,0.09839425981044769,0.14964254200458527,0.029851842671632767,0.06112683564424515,0.9354838728904724,0.008637563325464725
OVA_Ovary,RandomForest,1390,155,0.12794582545757294,0.18937735259532928,0.0453520342707634,0.08149899542331696,0.9096774458885193,0.008331379853188992
OVA_Ovary,XGBoost,1390,155,0.10974674671888351,0.1934879869222641,0.03736802190542221,0.06231557950377464,0.9419354796409607,0.00877213291823864
OVA_Prostate,CatBoost,1390,155,0.025745071470737457,0.4901105463504791,0.006451614201068878,0.011950629763305187,0.9870967864990234,0.009371958673000336
OVA_Prostate,ExtraTrees,1390,155,0.025064123794436455,0.4832638204097748,0.006451612804085016,0.011784576810896397,0.9870967864990234,0.009383589029312134
OVA_Prostate,LightGBM,1390,155,0.012905864976346493,0.47308167815208435,0.007569705601781607,0.007569702807813883,0.9935483932495117,0.009202352724969387
OVA_Prostate,LinearModel,1390,155,0.012940923683345318,0.5645743608474731,0.0075545646250247955,0.0075545599684119225,0.9935483932495117,0.009154340252280235
OVA_Prostate,NeuralNetFastAI,1390,155,0.012909315526485443,0.5636318922042847,0.006617387756705284,0.006617383100092411,0.9935483932495117,0.009343961253762245
OVA_Prostate,NeuralNetTorch,1390,155,0.012903225608170033,0.3483739197254181,0.006452510133385658,0.006452508270740509,0.9935483932495117,0.010511093772947788
OVA_Prostate,RandomForest,1390,155,0.02439217083156109,0.2387992888689041,0.006451614201068878,0.012028045952320099,0.9870967864990234,0.009031749330461025
OVA_Prostate,XGBoost,1390,155,0.025764694437384605,0.37011218070983887,0.00645161047577858,0.011760644614696503,0.9870967864990234,0.009253150783479214
PhishingWebsites,CatBoost,9949,1106,0.0482662059366703,0.09736494719982147,0.012961884960532188,0.019258791580796242,0.9710668921470642,0.7664184849709272
PhishingWebsites,ExtraTrees,9949,1106,0.05748048797249794,0.1002100259065628,0.012505162507295609,0.01696992665529251,0.9638336300849915,0.745256319642067
PhishingWebsites,LightGBM,9949,1106,0.04755619540810585,0.09552190452814102,0.011741909198462963,0.019895657896995544,0.9674502611160278,0.7575801108032465
PhishingWebsites,LinearModel,9949,1106,0.09501757472753525,0.15636248886585236,0.010966521687805653,0.022336751222610474,0.9339963793754578,0.7906519593670964
PhishingWebsites,NeuralNetFastAI,9949,1106,0.04998757690191269,0.09559835493564606,0.01119672879576683,0.014340589754283428,0.9683544039726257,0.778344601392746
PhishingWebsites,NeuralNetTorch,9949,1106,0.04864571616053581,0.09367937594652176,0.014026680961251259,0.017772886902093887,0.9692586064338684,0.7774594482034445
PhishingWebsites,RandomForest,9949,1106,0.05693438649177551,0.10059923678636551,0.013055957853794098,0.018957868218421936,0.9620253443717957,0.779057465493679
PhishingWebsites,XGBoost,9949,1106,0.048805125057697296,0.09830168634653091,0.013277525082230568,0.018847187981009483,0.9692586064338684,0.801034583710134
Run_or_walk_information,CatBoost,79729,8859,0.00975132081657648,0.01863044872879982,0.0024198037572205067,0.003151001175865531,0.9934529662132263,7.79037725739181
Run_or_walk_information,ExtraTrees,79729,8859,0.01162015087902546,0.02193230390548706,0.0017413694877177477,0.0028284594882279634,0.9928885698318481,7.950261943973601
Run_or_walk_information,LightGBM,79729,8859,0.008808807469904423,0.017442602664232254,0.001937834545969963,0.002481842879205942,0.9940173625946045,7.630999145098031
Run_or_walk_information,LinearModel,79729,8859,0.24889512360095978,0.38583648204803467,0.03871588408946991,0.05776551738381386,0.8284230828285217,6.495493338443339
Run_or_walk_information,NeuralNetFastAI,79729,8859,0.013127789832651615,0.027200592681765556,0.0015687801642343402,0.003023123601451516,0.9914211630821228,7.7524693086743355
Run_or_walk_information,NeuralNetTorch,79729,8859,0.010468811728060246,0.021374275907874107,0.0011550625786185265,0.0029010174330323935,0.9935658574104309,7.646757640875876
Run_or_walk_information,RandomForest,79729,8859,0.012806539423763752,0.024370070546865463,0.0015506421914324164,0.0024837623350322247,0.99232417345047,7.927493021823466
Run_or_walk_information,XGBoost,79729,8859,0.010233077220618725,0.020814910531044006,0.002288476098328829,0.002769951242953539,0.9932272434234619,7.74989097751677
Satellite,CatBoost,4590,510,0.019542308524250984,0.04814892262220383,0.009487714618444443,0.009372008964419365,0.9901960492134094,0.09368493501096964
Satellite,ExtraTrees,4590,510,0.01894751749932766,0.039414677768945694,0.0090177645906806,0.009895588271319866,0.9901960492134094,0.09187363088130951
Satellite,LightGBM,4590,510,0.019752992317080498,0.051384586840867996,0.009439265355467796,0.01026860997080803,0.9901960492134094,0.08845156338065863
Satellite,LinearModel,4590,510,0.01694396138191223,0.04287996143102646,0.007957855239510536,0.00938493199646473,0.9921568632125854,0.09195836447179317
Satellite,NeuralNetFastAI,4590,510,0.016417384147644043,0.03871309012174606,0.008215505629777908,0.009365606121718884,0.9921568632125854,0.08705585543066263
Satellite,NeuralNetTorch,4590,510,0.022187091410160065,0.060058675706386566,0.011264624074101448,0.010810465551912785,0.9882352948188782,0.09103003516793251
Satellite,RandomForest,4590,510,0.015191873535513878,0.029765600338578224,0.007560910191386938,0.0092538483440876,0.9901960492134094,0.09632472041994333
Satellite,XGBoost,4590,510,0.019030645489692688,0.04924250766634941,0.009677344933152199,0.008359231054782867,0.9901960492134094,0.08963359799236059
SpeedDating,CatBoost,7540,838,0.17604821920394897,0.2911190390586853,0.01207281555980444,0.02732190676033497,0.8782815933227539,0.2755023492500186
SpeedDating,ExtraTrees,7540,838,0.19252102077007294,0.3101927638053894,0.010527826845645905,0.023443974554538727,0.8687350749969482,0.2561254370957613
SpeedDating,LightGBM,7540,838,0.17633631825447083,0.2926411032676697,0.014379402622580528,0.03208503499627113,0.8866348266601562,0.2770855501294136
SpeedDating,LinearModel,7540,838,0.1890335977077484,0.3142911493778229,0.017716240137815475,0.03173748031258583,0.8782815933227539,0.28630522917956114
SpeedDating,NeuralNetFastAI,7540,838,0.18859946727752686,0.310856431722641,0.01784074492752552,0.03710053116083145,0.8758949637413025,0.2789620887488127
SpeedDating,NeuralNetTorch,7540,838,0.1873912513256073,0.3081391155719757,0.016641205176711082,0.02593059465289116,0.8723150491714478,0.2640467584133148
SpeedDating,RandomForest,7540,838,0.19107677042484283,0.31139034032821655,0.013517159968614578,0.033735014498233795,0.8687350749969482,0.249273044988513
SpeedDating,XGBoost,7540,838,0.17510098218917847,0.2895401120185852,0.010680101811885834,0.027066318318247795,0.8854415416717529,0.2809740975499153
Titanic,CatBoost,1980,221,0.25762510299682617,0.4148738384246826,0.060313738882541656,0.05788205564022064,0.8325791954994202,0.020890655927360058
Titanic,ExtraTrees,1980,221,0.26090189814567566,0.4248186945915222,0.0628877654671669,0.05933907628059387,0.8325791954994202,0.016231615096330643
Titanic,LightGBM,1980,221,0.25753793120384216,0.41463565826416016,0.06062725931406021,0.05823663994669914,0.8325791954994202,0.0168317137286067
Titanic,LinearModel,1980,221,0.2783029079437256,0.45229893922805786,0.07665049284696579,0.060714300721883774,0.8325791954994202,0.017036055214703083
Titanic,NeuralNetFastAI,1980,221,0.25634825229644775,0.41246116161346436,0.05858635902404785,0.05303319916129112,0.8325791954994202,0.017234102822840214
Titanic,NeuralNetTorch,1980,221,0.25589844584465027,0.41290029883384705,0.05922058969736099,0.05259963497519493,0.8325791954994202,0.016100906766951084
Titanic,RandomForest,1980,221,0.2576730251312256,0.41836556792259216,0.0589316189289093,0.050973933190107346,0.8280543088912964,0.017796450294554234
Titanic,XGBoost,1980,221,0.2574351131916046,0.4144207835197449,0.06064107269048691,0.057977404445409775,0.8325791954994202,0.016808693297207355
ada,CatBoost,3732,415,0.1709412932395935,0.2703603506088257,0.020228292793035507,0.03987791761755943,0.8891566395759583,0.08099825214594603
ada,ExtraTrees,3732,415,0.1943644881248474,0.30709725618362427,0.01844971626996994,0.023872962221503258,0.8602409362792969,0.07176358997821808
ada,LightGBM,3732,415,0.17273204028606415,0.2787717580795288,0.018537703901529312,0.03700735419988632,0.8843373656272888,0.07685103081166744
ada,LinearModel,3732,415,0.19926176965236664,0.31741905212402344,0.020077573135495186,0.056319866329431534,0.8650602698326111,0.0736978454515338
ada,NeuralNetFastAI,3732,415,0.185883030295372,0.2981477677822113,0.014503994956612587,0.032954078167676926,0.87469881772995,0.08022619877010584
ada,NeuralNetTorch,3732,415,0.18524469435214996,0.29055991768836975,0.014872908592224121,0.036050375550985336,0.8722891807556152,0.07199339009821415
ada,RandomForest,3732,415,0.18203973770141602,0.290027916431427,0.01455087959766388,0.04197891801595688,0.8771084547042847,0.06315294560045004
ada,XGBoost,3732,415,0.17095819115638733,0.2729441523551941,0.01621260866522789,0.03704041987657547,0.8819277286529541,0.07867375761270523
adult,CatBoost,43957,4885,0.17198814451694489,0.2717890739440918,0.014448200352489948,0.01642376370728016,0.8773797154426575,3.2710056379437447
adult,ExtraTrees,43957,4885,0.19106385111808777,0.3026757836341858,0.01812363602221012,0.021208560094237328,0.8597748279571533,3.180024854838848
adult,LightGBM,43957,4885,0.17210449278354645,0.27170079946517944,0.01561944279819727,0.01741722971200943,0.8769702911376953,3.2720087403431535
adult,LinearModel,43957,4885,0.20479249954223633,0.3207339346408844,0.023034624755382538,0.024789199233055115,0.8517912030220032,3.0618402268737555
adult,NeuralNetFastAI,43957,4885,0.19035367667675018,0.30058860778808594,0.020392993465065956,0.020862126722931862,0.864483118057251,3.1839041020721197
adult,NeuralNetTorch,43957,4885,0.19173012673854828,0.3025340735912323,0.012084079906344414,0.016988972201943398,0.863459587097168,3.2443956062197685
adult,RandomForest,43957,4885,0.18855471909046173,0.29712098836898804,0.020200250670313835,0.022091036662459373,0.8622313141822815,3.1510939514264464
adult,XGBoost,43957,4885,0.171107217669487,0.2697829604148865,0.01564832776784897,0.017099065706133842,0.8769702911376953,3.258248389698565
ailerons,CatBoost,12375,1375,0.16040121018886566,0.2659316062927246,0.01510479673743248,0.032439518719911575,0.890181839466095,1.2160174045711756
ailerons,ExtraTrees,12375,1375,0.1684758961200714,0.27548542618751526,0.010033484548330307,0.019022593274712563,0.8799999952316284,1.140011570416391
ailerons,LightGBM,12375,1375,0.15926770865917206,0.263374924659729,0.011418558657169342,0.02818959392607212,0.8923636078834534,1.1947554685175419
ailerons,LinearModel,12375,1375,0.17048607766628265,0.27975451946258545,0.014038976281881332,0.025804096832871437,0.8821818232536316,1.174857304431498
ailerons,NeuralNetFastAI,12375,1375,0.1669263243675232,0.2756468951702118,0.012153448536992073,0.029201587662100792,0.8821818232536316,1.1789733627811074
ailerons,NeuralNetTorch,12375,1375,0.16509869694709778,0.27203190326690674,0.011948825791478157,0.02953467145562172,0.8821818232536316,1.178457354195416
ailerons,RandomForest,12375,1375,0.16402505338191986,0.27502962946891785,0.010335654951632023,0.038419850170612335,0.8821818232536316,1.1519520301371813
ailerons,XGBoost,12375,1375,0.16008049249649048,0.2647111713886261,0.011626144871115685,0.02516796626150608,0.8880000114440918,1.1894695647060871
arcene,CatBoost,90,10,0.4000278413295746,0.7234596014022827,0.1486814320087433,0.2643415927886963,0.699999988079071,0.0007088333368301392
arcene,ExtraTrees,90,10,0.3287232518196106,0.5037803649902344,0.1301090121269226,0.3472043573856354,0.8999999761581421,0.0006990581750869751
arcene,LightGBM,90,10,0.4244270324707031,0.6991618871688843,0.1354818344116211,0.2508184015750885,0.699999988079071,0.0006952593103051186
arcene,LinearModel,90,10,0.38229063153266907,0.5803653597831726,0.13322927057743073,0.14510522782802582,0.699999988079071,0.0006440337747335434
arcene,NeuralNetFastAI,90,10,0.351418137550354,0.7485787868499756,0.12164203822612762,0.2500121593475342,0.800000011920929,0.0006827563047409058
arcene,NeuralNetTorch,90,10,0.34119337797164917,0.7049559354782104,0.1338280439376831,0.2134522795677185,0.800000011920929,0.0006913309916853905
arcene,RandomForest,90,10,0.35371342301368713,0.5319992303848267,0.08672105520963669,0.29888641834259033,0.800000011920929,0.0006883293390274048
arcene,XGBoost,90,10,0.37801435589790344,0.5773730278015137,0.10384966433048248,0.26315829157829285,0.699999988079071,0.0006040772423148155
arsenic-female-bladder,CatBoost,503,56,0.2078389972448349,0.3323462903499603,0.05287039279937744,0.0605546310544014,0.8571428656578064,0.0018017245456576347
arsenic-female-bladder,ExtraTrees,503,56,0.21678854525089264,0.35382771492004395,0.056766197085380554,0.08009999245405197,0.8571428656578064,0.0017608525231480598
arsenic-female-bladder,LightGBM,503,56,0.21717120707035065,0.354440301656723,0.06731711328029633,0.07986898720264435,0.8571428656578064,0.0017917845398187637
arsenic-female-bladder,LinearModel,503,56,0.23781321942806244,0.38189569115638733,0.0717177540063858,0.0637548640370369,0.8571428656578064,0.0017938567325472832
arsenic-female-bladder,NeuralNetFastAI,503,56,0.21891824901103973,0.34007906913757324,0.046382129192352295,0.07571787387132645,0.8392857313156128,0.0015844730660319328
arsenic-female-bladder,NeuralNetTorch,503,56,0.18377067148685455,0.30211248993873596,0.04211314022541046,0.07189883291721344,0.875,0.0017985310405492783
arsenic-female-bladder,RandomForest,503,56,0.2224283516407013,0.37874647974967957,0.06540389358997345,0.1009167730808258,0.8571428656578064,0.001652916893362999
arsenic-female-bladder,XGBoost,503,56,0.21035265922546387,0.3483078181743622,0.05249472334980965,0.07683693617582321,0.8571428656578064,0.0016398429870605469
autoUniv-au1-1000,CatBoost,900,100,0.354155957698822,0.5394810438156128,0.04306697100400925,0.07321372628211975,0.7799999713897705,0.003562087193131447
autoUniv-au1-1000,ExtraTrees,900,100,0.35817059874534607,0.5451827049255371,0.05110713839530945,0.06478547304868698,0.7699999809265137,0.0036005498841404915
autoUniv-au1-1000,LightGBM,900,100,0.3461083471775055,0.5312301516532898,0.03564438968896866,0.08518507331609726,0.7900000214576721,0.003443135879933834
autoUniv-au1-1000,LinearModel,900,100,0.37557974457740784,0.5646100044250488,0.057361990213394165,0.06959135830402374,0.7400000095367432,0.00383004080504179
autoUniv-au1-1000,NeuralNetFastAI,900,100,0.3458064794540405,0.5280094146728516,0.04058326780796051,0.06928793340921402,0.7599999904632568,0.003915729001164436
autoUniv-au1-1000,NeuralNetTorch,900,100,0.3525986075401306,0.5341320633888245,0.03849576413631439,0.0520680733025074,0.7599999904632568,0.0036554215475916862
autoUniv-au1-1000,RandomForest,900,100,0.37475159764289856,0.5594168901443481,0.0618894062936306,0.07680483907461166,0.7200000286102295,0.003908252343535423
autoUniv-au1-1000,XGBoost,900,100,0.3583243191242218,0.5429020524024963,0.049245744943618774,0.07051584124565125,0.7699999809265137,0.0035952338948845863
bank-marketing,CatBoost,40689,4522,0.11809200048446655,0.19105906784534454,0.016660481691360474,0.0173973198980093,0.9126492738723755,2.540994663722813
bank-marketing,ExtraTrees,40689,4522,0.1265234798192978,0.203131765127182,0.015225322917103767,0.014895503409206867,0.9038036465644836,2.554765840061009
bank-marketing,LightGBM,40689,4522,0.12083114683628082,0.1941644847393036,0.017671676352620125,0.018475068733096123,0.9126492738723755,2.6636092429980636
bank-marketing,LinearModel,40689,4522,0.14285612106323242,0.23240821063518524,0.019828878343105316,0.021590745076537132,0.8987174034118652,2.4302571155130863
bank-marketing,NeuralNetFastAI,40689,4522,0.12032458931207657,0.1942792683839798,0.011002940125763416,0.012422018684446812,0.9128704071044922,2.719225149601698
bank-marketing,NeuralNetTorch,40689,4522,0.12063784897327423,0.19368788599967957,0.014115915633738041,0.016922559589147568,0.9108801484107971,2.6599432546645403
bank-marketing,RandomForest,40689,4522,0.12613528966903687,0.20242977142333984,0.01747536100447178,0.016888856887817383,0.9057939052581787,2.492649609223008
bank-marketing,XGBoost,40689,4522,0.11987223476171494,0.19529291987419128,0.0161433182656765,0.018686382099986076,0.9137549996376038,2.524524967186153
bank32nh,CatBoost,7372,820,0.2690863609313965,0.41452473402023315,0.01950985938310623,0.04091988131403923,0.7939024567604065,0.31983831617981195
bank32nh,ExtraTrees,7372,820,0.2694235146045685,0.4143119156360626,0.015637729316949844,0.04284476488828659,0.8012195229530334,0.23984584584832191
bank32nh,LightGBM,7372,820,0.26828014850616455,0.4158220887184143,0.019831327721476555,0.049963854253292084,0.7987805008888245,0.30775253660976887
bank32nh,LinearModel,7372,820,0.26880061626434326,0.4119807481765747,0.022339433431625366,0.04726751148700714,0.7939024567604065,0.29750277660787106
bank32nh,NeuralNetFastAI,7372,820,0.25571712851524353,0.39942920207977295,0.021409137174487114,0.037541504949331284,0.8097561001777649,0.3264876427128911
bank32nh,NeuralNetTorch,7372,820,0.26194044947624207,0.4066068232059479,0.018622249364852905,0.03220535069704056,0.8060975670814514,0.3116584150120616
bank32nh,RandomForest,7372,820,0.28441354632377625,0.43665704131126404,0.020338453352451324,0.03676362335681915,0.7890244126319885,0.26610158011317253
bank32nh,XGBoost,7372,820,0.2723409831523895,0.42105746269226074,0.01857740804553032,0.055451687425374985,0.7963414788246155,0.29953304026275873
bank8FM,CatBoost,7372,820,0.07449910789728165,0.12177624553442001,0.00890298467129469,0.021299801766872406,0.9475609660148621,0.4243889730423689
bank8FM,ExtraTrees,7372,820,0.07864361256361008,0.1255500763654709,0.01018781028687954,0.015869444236159325,0.9451219439506531,0.32216322142630816
bank8FM,LightGBM,7372,820,0.07611436396837234,0.12128632515668869,0.009681549854576588,0.017121803015470505,0.9475609660148621,0.41026850417256355
bank8FM,LinearModel,7372,820,0.08287878334522247,0.1414327770471573,0.012317624874413013,0.01633695513010025,0.9463414549827576,0.4136370364576578
bank8FM,NeuralNetFastAI,7372,820,0.07685254514217377,0.11584224551916122,0.010575233958661556,0.017332613468170166,0.9487804770469666,0.4074001479893923
bank8FM,NeuralNetTorch,7372,820,0.07917793095111847,0.12152299284934998,0.011266706511378288,0.01834581419825554,0.9451219439506531,0.4018453285098076
bank8FM,RandomForest,7372,820,0.07787883281707764,0.1303127259016037,0.009742744266986847,0.02613231912255287,0.9451219439506531,0.4088809220120311
bank8FM,XGBoost,7372,820,0.07647784799337387,0.1281370222568512,0.008683949708938599,0.01884148269891739,0.9463414549827576,0.4156610853970051
blood-transfusion-service-center,CatBoost,673,75,0.3321221172809601,0.5044765472412109,0.0929492861032486,0.08373156934976578,0.746666669845581,0.002668594941496849
blood-transfusion-service-center,ExtraTrees,673,75,0.3283611536026001,0.49885833263397217,0.07253395020961761,0.07042963802814484,0.7599999904632568,0.00236376840621233
blood-transfusion-service-center,LightGBM,673,75,0.3274495601654053,0.4969978928565979,0.08282138407230377,0.12315309792757034,0.7599999904632568,0.0023569101467728615
blood-transfusion-service-center,LinearModel,673,75,0.3216368556022644,0.48402222990989685,0.0862482339143753,0.1061176136136055,0.7599999904632568,0.002292514778673649
blood-transfusion-service-center,NeuralNetFastAI,673,75,0.32385554909706116,0.4880996644496918,0.07826663553714752,0.1036781519651413,0.746666669845581,0.0023444565013051033
blood-transfusion-service-center,NeuralNetTorch,673,75,0.32470542192459106,0.4913592040538788,0.08681059628725052,0.12968921661376953,0.7733333110809326,0.00227337796241045
blood-transfusion-service-center,RandomForest,673,75,0.3243776559829712,0.4971928894519806,0.08149410039186478,0.0996803417801857,0.7733333110809326,0.002516038715839386
blood-transfusion-service-center,XGBoost,673,75,0.3352513611316681,0.5103074908256531,0.062485091388225555,0.06887131184339523,0.7599999904632568,0.0024852370843291283
boston_corrected,CatBoost,455,51,0.16392703354358673,0.26512759923934937,0.0765528455376625,0.11229895800352097,0.8823529481887817,0.0015953630208969116
boston_corrected,ExtraTrees,455,51,0.13496005535125732,0.23060646653175354,0.08124497532844543,0.11447592079639435,0.9215686321258545,0.0016273511573672295
boston_corrected,LightGBM,455,51,0.15409141778945923,0.2503640353679657,0.077320396900177,0.1206069141626358,0.9215686321258545,0.0014678062871098518
boston_corrected,LinearModel,455,51,0.18285684287548065,0.28619620203971863,0.08511720597743988,0.1373814344406128,0.8627451062202454,0.0017108563333749771
boston_corrected,NeuralNetFastAI,455,51,0.14080139994621277,0.2320672571659088,0.1027567982673645,0.12403099983930588,0.8823529481887817,0.0016610659658908844
boston_corrected,NeuralNetTorch,455,51,0.1867062747478485,0.28363871574401855,0.09123528748750687,0.14922650158405304,0.8627451062202454,0.0016450248658657074
boston_corrected,RandomForest,455,51,0.16232654452323914,0.26379671692848206,0.0736222043633461,0.13272394239902496,0.8823529481887817,0.0015223799273371696
boston_corrected,XGBoost,455,51,0.19875755906105042,0.30911940336227417,0.07977550476789474,0.16357800364494324,0.8823529481887817,0.0014860359951853752
churn,CatBoost,4500,500,0.0860595628619194,0.17371946573257446,0.016339002177119255,0.02564948797225952,0.949999988079071,0.11518657393753529
churn,ExtraTrees,4500,500,0.08283118903636932,0.1699952632188797,0.013902045786380768,0.021625451743602753,0.9480000138282776,0.09924852009862661
churn,LightGBM,4500,500,0.08988625556230545,0.18179656565189362,0.014047892764210701,0.027165701612830162,0.9480000138282776,0.10176944732666016
churn,LinearModel,4500,500,0.18894347548484802,0.30675768852233887,0.029322978109121323,0.04053825885057449,0.8479999899864197,0.08349058963358402
churn,NeuralNetFastAI,4500,500,0.07582400739192963,0.15992093086242676,0.01077867578715086,0.018970128148794174,0.9580000042915344,0.10638907365500927
churn,NeuralNetTorch,4500,500,0.08131755143404007,0.17049571871757507,0.012930748984217644,0.027234520763158798,0.9520000219345093,0.1052894089370966
churn,RandomForest,4500,500,0.09970278292894363,0.1937454789876938,0.015475813299417496,0.026455938816070557,0.9380000233650208,0.10488196462392807
churn,XGBoost,4500,500,0.08910521864891052,0.17714940011501312,0.017657175660133362,0.03336748480796814,0.9440000057220459,0.1098041757941246
climate-model-simulation-crashes,CatBoost,486,54,0.0632571130990982,0.13708512485027313,0.018345922231674194,0.03830403462052345,0.9444444179534912,0.0016293656080961227
climate-model-simulation-crashes,ExtraTrees,486,54,0.0695078894495964,0.24115359783172607,0.028320563957095146,0.05751030519604683,0.9814814925193787,0.0016429275274276733
climate-model-simulation-crashes,LightGBM,486,54,0.06187216937541962,0.19406995177268982,0.026557615026831627,0.041687801480293274,0.9629629850387573,0.0016121463850140572
climate-model-simulation-crashes,LinearModel,486,54,0.08854465186595917,0.23753249645233154,0.037927910685539246,0.05467063933610916,0.9444444179534912,0.001819751225411892
climate-model-simulation-crashes,NeuralNetFastAI,486,54,0.08765705674886703,0.3573478162288666,0.03564734011888504,0.05385463684797287,0.9444444179534912,0.0016699731349945068
climate-model-simulation-crashes,NeuralNetTorch,486,54,0.10384257882833481,0.271518349647522,0.033343054354190826,0.06876417994499207,0.9074074029922485,0.0016912901774048805
climate-model-simulation-crashes,RandomForest,486,54,0.11615688353776932,0.22066715359687805,0.0424734391272068,0.058416590094566345,0.9259259104728699,0.0015583066269755363
climate-model-simulation-crashes,XGBoost,486,54,0.057908203452825546,0.1485980898141861,0.021805960685014725,0.04115700721740723,0.9814814925193787,0.0014969324693083763
colleges_usnews,CatBoost,1171,131,0.37670835852622986,0.5504848957061768,0.0575617216527462,0.09314186871051788,0.7251908183097839,0.006356501020491123
colleges_usnews,ExtraTrees,1171,131,0.3675154149532318,0.539929986000061,0.060955435037612915,0.12553207576274872,0.694656491279602,0.006404891610145569
colleges_usnews,LightGBM,1171,131,0.3875786066055298,0.5646198391914368,0.07437030225992203,0.14184735715389252,0.7022900581359863,0.006128688342869282
colleges_usnews,LinearModel,1171,131,0.393442839384079,0.5715253949165344,0.06607446819543839,0.1383877694606781,0.6641221642494202,0.0060899509117007256
colleges_usnews,NeuralNetFastAI,1171,131,0.3992987871170044,0.5766124129295349,0.0806548148393631,0.11784958839416504,0.6793892979621887,0.005842323414981365
colleges_usnews,NeuralNetTorch,1171,131,0.3901357054710388,0.566580593585968,0.08273055404424667,0.14733494818210602,0.694656491279602,0.00621394719928503
colleges_usnews,RandomForest,1171,131,0.365612655878067,0.5450752377510071,0.05586086958646774,0.1081567108631134,0.7099236845970154,0.006401232443749905
colleges_usnews,XGBoost,1171,131,0.3964565396308899,0.5722001194953918,0.08010420203208923,0.13734053075313568,0.694656491279602,0.005853958427906036
cpu_act,CatBoost,7372,820,0.06437998265028,0.10595385730266571,0.011442369781434536,0.021265827119350433,0.9585365653038025,0.38224749080836773
cpu_act,ExtraTrees,7372,820,0.07600045204162598,0.12533563375473022,0.011281564831733704,0.02282286435365677,0.9512194991111755,0.3880156213417649
cpu_act,LightGBM,7372,820,0.066642165184021,0.10804127901792526,0.010500544682145119,0.02753385715186596,0.954878032207489,0.39805066119879484
cpu_act,LinearModel,7372,820,0.0838569849729538,0.1422833949327469,0.01308664120733738,0.02839011140167713,0.9426829218864441,0.3923646919429302
cpu_act,NeuralNetFastAI,7372,820,0.07096649706363678,0.11824319511651993,0.015524099580943584,0.027323974296450615,0.9512194991111755,0.3898450117558241
cpu_act,NeuralNetTorch,7372,820,0.07448218017816544,0.12457777559757233,0.014666935428977013,0.026839345693588257,0.954878032207489,0.3836384043097496
cpu_act,RandomForest,7372,820,0.07371009886264801,0.12541279196739197,0.011015908792614937,0.019563769921660423,0.954878032207489,0.3974677203223109
cpu_act,XGBoost,7372,820,0.06400386244058609,0.10465796291828156,0.01147740799933672,0.02306351251900196,0.954878032207489,0.39891001861542463
cpu_small,CatBoost,7372,820,0.09631530195474625,0.15270359814167023,0.011543601751327515,0.026217348873615265,0.9365853667259216,0.3895919779315591
cpu_small,ExtraTrees,7372,820,0.10376639664173126,0.16387782990932465,0.008208110928535461,0.0231892429292202,0.9268292784690857,0.38175740372389555
cpu_small,LightGBM,7372,820,0.09713005274534225,0.15434053540229797,0.009773737750947475,0.023932592943310738,0.9353658556938171,0.3882441157475114
cpu_small,LinearModel,7372,820,0.1267334520816803,0.19999666512012482,0.013542188331484795,0.021199563518166542,0.9060975313186646,0.37648445926606655
cpu_small,NeuralNetFastAI,7372,820,0.10954198986291885,0.1706589311361313,0.012150556780397892,0.029355639591813087,0.9207317233085632,0.3917457414790988
cpu_small,NeuralNetTorch,7372,820,0.10284148156642914,0.16186906397342682,0.008168015629053116,0.020033741369843483,0.9243902564048767,0.387156093493104
cpu_small,RandomForest,7372,820,0.10180025547742844,0.16245771944522858,0.009473159909248352,0.02672738954424858,0.9341463446617126,0.38331502862274647
cpu_small,XGBoost,7372,820,0.09935952723026276,0.15811993181705475,0.010852938517928123,0.0264868326485157,0.9378048777580261,0.38456853199750185
credit-g,CatBoost,900,100,0.2759983241558075,0.42953041195869446,0.03586246445775032,0.08624313771724701,0.8199999928474426,0.003850722685456276
credit-g,ExtraTrees,900,100,0.30208277702331543,0.46437758207321167,0.06440097838640213,0.15395967662334442,0.7799999713897705,0.003790569491684437
credit-g,LightGBM,900,100,0.28787291049957275,0.44822919368743896,0.04783860221505165,0.0954391360282898,0.800000011920929,0.0037198271602392197
credit-g,LinearModel,900,100,0.30588266253471375,0.4691707491874695,0.04383955895900726,0.0853998064994812,0.7599999904632568,0.003753332421183586
credit-g,NeuralNetFastAI,900,100,0.29704052209854126,0.4542345106601715,0.03887970373034477,0.08140431344509125,0.7699999809265137,0.0037106843665242195
credit-g,NeuralNetTorch,900,100,0.29391762614250183,0.450968861579895,0.0597960501909256,0.1156887635588646,0.7799999713897705,0.0040562571957707405
credit-g,RandomForest,900,100,0.2758825719356537,0.4325586259365082,0.05278968811035156,0.10237258672714233,0.8199999928474426,0.0038449708372354507
credit-g,XGBoost,900,100,0.2956477105617523,0.45155417919158936,0.03774638473987579,0.10092193633317947,0.7699999809265137,0.0038007088005542755
cylinder-bands,CatBoost,486,54,0.19374161958694458,0.313714861869812,0.05736098438501358,0.09417774528265,0.8518518805503845,0.0017845556139945984
cylinder-bands,ExtraTrees,486,54,0.19350570440292358,0.32052531838417053,0.07673373818397522,0.10671266168355942,0.8703703880310059,0.0016407091170549393
cylinder-bands,LightGBM,486,54,0.1848866492509842,0.30321481823921204,0.052894704043865204,0.138410285115242,0.8518518805503845,0.001500466838479042
cylinder-bands,LinearModel,486,54,0.2629843056201935,0.4114364683628082,0.04249192401766777,0.09735144674777985,0.7962962985038757,0.00198478065431118
cylinder-bands,NeuralNetFastAI,486,54,0.21383188664913177,0.36154308915138245,0.055607594549655914,0.1432666927576065,0.8518518805503845,0.0016322480514645576
cylinder-bands,NeuralNetTorch,486,54,0.17483152449131012,0.30452653765678406,0.03807380422949791,0.08999469876289368,0.8888888955116272,0.002260172739624977
cylinder-bands,RandomForest,486,54,0.18711262941360474,0.3131111264228821,0.05609070882201195,0.13946698606014252,0.8888888955116272,0.0015496108680963516
cylinder-bands,XGBoost,486,54,0.17099487781524658,0.2884589433670044,0.0533413402736187,0.1256449967622757,0.8333333134651184,0.001612451858818531
delta_ailerons,CatBoost,6416,713,0.08938686549663544,0.1792784035205841,0.012643856927752495,0.02337675169110298,0.946704089641571,0.355248867534101
delta_ailerons,ExtraTrees,6416,713,0.09257836639881134,0.18391694128513336,0.013608040288090706,0.018910398706793785,0.9453015327453613,0.33467802964150906
delta_ailerons,LightGBM,6416,713,0.09069428592920303,0.18044278025627136,0.011601559817790985,0.021978821605443954,0.9424964785575867,0.3373301448300481
delta_ailerons,LinearModel,6416,713,0.10904417186975479,0.21601983904838562,0.01544373668730259,0.03231921046972275,0.9410939812660217,0.32777282781898975
delta_ailerons,NeuralNetFastAI,6416,713,0.10114428400993347,0.2021595686674118,0.017104851081967354,0.03314182162284851,0.9424964785575867,0.33565311320126057
delta_ailerons,NeuralNetTorch,6416,713,0.1004600077867508,0.1990298181772232,0.016546297818422318,0.03230201080441475,0.9438990354537964,0.3356236955150962
delta_ailerons,RandomForest,6416,713,0.0936160534620285,0.18210649490356445,0.015351524576544762,0.027527648955583572,0.9438990354537964,0.34509148355573416
delta_ailerons,XGBoost,6416,713,0.09104952961206436,0.18247675895690918,0.012315431609749794,0.02682284265756607,0.9453015327453613,0.34800648503005505
delta_elevators,CatBoost,8565,952,0.17746300995349884,0.2976677119731903,0.013553481549024582,0.026711372658610344,0.8855041861534119,0.5613302486017346
delta_elevators,ExtraTrees,8565,952,0.18017584085464478,0.30072978138923645,0.015847140923142433,0.03045438416302204,0.8802521228790283,0.4657204570248723
delta_elevators,LightGBM,8565,952,0.17564956843852997,0.2952161133289337,0.016517668962478638,0.0338682159781456,0.8886554837226868,0.5378724150359631
delta_elevators,LinearModel,8565,952,0.17940457165241241,0.30610010027885437,0.01341976784169674,0.027472781017422676,0.8792017102241516,0.5335133448243141
delta_elevators,NeuralNetFastAI,8565,952,0.17757749557495117,0.29888656735420227,0.01162307895720005,0.01957479491829872,0.881302535533905,0.5456301532685757
delta_elevators,NeuralNetTorch,8565,952,0.17592397332191467,0.2963007390499115,0.01353629119694233,0.023094557225704193,0.8834033608436584,0.5551774622872472
delta_elevators,RandomForest,8565,952,0.18389412760734558,0.3049086928367615,0.018686698749661446,0.031178612262010574,0.8718487620353699,0.5156219908967614
delta_elevators,XGBoost,8565,952,0.17720989882946014,0.2967836260795593,0.013345971703529358,0.030400864779949188,0.8844537734985352,0.5498089538887143
diabetes,CatBoost,691,77,0.2500841021537781,0.3933464586734772,0.05427221953868866,0.08015771955251694,0.8311688303947449,0.0027680108323693275
diabetes,ExtraTrees,691,77,0.23949435353279114,0.38144445419311523,0.06344699114561081,0.10092750936746597,0.8441558480262756,0.0026022521778941154
diabetes,LightGBM,691,77,0.24616330862045288,0.3898366093635559,0.04418911784887314,0.09252505004405975,0.8311688303947449,0.002570376731455326
diabetes,LinearModel,691,77,0.22769853472709656,0.3693258762359619,0.05311926454305649,0.12106971442699432,0.8181818127632141,0.0025540897622704506
diabetes,NeuralNetFastAI,691,77,0.24139942228794098,0.38125988841056824,0.05772986635565758,0.1323413997888565,0.8181818127632141,0.0023460090160369873
diabetes,NeuralNetTorch,691,77,0.24438674747943878,0.38018131256103516,0.04549475014209747,0.12451507896184921,0.8181818127632141,0.0023603569716215134
diabetes,RandomForest,691,77,0.24394449591636658,0.3883790075778961,0.05984377861022949,0.13578306138515472,0.8181818127632141,0.0023819133639335632
diabetes,XGBoost,691,77,0.2621515989303589,0.41091662645339966,0.05789464712142944,0.14993125200271606,0.8181818127632141,0.002354246564209461
dresses-sales,CatBoost,450,50,0.47585442662239075,0.6688467264175415,0.05546914413571358,0.05503828078508377,0.6000000238418579,0.0016191359609365463
dresses-sales,ExtraTrees,450,50,0.4890001714229584,0.6822187900543213,0.08723990619182587,0.12113332003355026,0.5799999833106995,0.0015316419303417206
dresses-sales,LightGBM,450,50,0.48091715574264526,0.6740954518318176,0.07133843749761581,0.04363362863659859,0.5600000023841858,0.0015372298657894135
dresses-sales,LinearModel,450,50,0.4689618945121765,0.6623654961585999,0.08311711996793747,0.17064903676509857,0.6399999856948853,0.0015850095078349113
dresses-sales,NeuralNetFastAI,450,50,0.48056644201278687,0.6750060319900513,0.1074552834033966,0.1198204755783081,0.5799999833106995,0.001483372412621975
dresses-sales,NeuralNetTorch,450,50,0.4790860116481781,0.6745527386665344,0.0763939693570137,0.08491574972867966,0.6200000047683716,0.0015954645350575447
dresses-sales,RandomForest,450,50,0.48969146609306335,0.6829425096511841,0.07235438376665115,0.08732883632183075,0.5799999833106995,0.001574530266225338
dresses-sales,XGBoost,450,50,0.48326873779296875,0.6765927076339722,0.06007351353764534,0.020981552079319954,0.6000000238418579,0.0014110216870903969
eeg-eye-state,CatBoost,13482,1498,0.06181332468986511,0.11310335993766785,0.011226930655539036,0.014196430332958698,0.9612817168235779,1.3422372564673424
eeg-eye-state,ExtraTrees,13482,1498,0.0813443511724472,0.13543762266635895,0.013913478702306747,0.020937291905283928,0.9419225454330444,1.0586087498813868
eeg-eye-state,LightGBM,13482,1498,0.06939907371997833,0.12563839554786682,0.014096319675445557,0.019364498555660248,0.9572763442993164,1.346010004170239
eeg-eye-state,LinearModel,13482,1498,0.44753992557525635,0.6377066373825073,0.021728485822677612,0.026137739419937134,0.6441922783851624,0.8668125262483954
eeg-eye-state,NeuralNetFastAI,13482,1498,0.2506128251552582,0.39474767446517944,0.04709363356232643,0.07800886780023575,0.8230974674224854,1.0005385791882873
eeg-eye-state,NeuralNetTorch,13482,1498,0.02618291601538658,0.05223361402750015,0.004834927152842283,0.011455673724412918,0.9833110570907593,1.3048517247661948
eeg-eye-state,RandomForest,13482,1498,0.09506192803382874,0.16009517014026642,0.014006111770868301,0.018175384029746056,0.9359145760536194,1.0626487536355853
eeg-eye-state,XGBoost,13482,1498,0.07262696325778961,0.13067838549613953,0.01346387155354023,0.01677643693983555,0.9539386034011841,1.347454677335918
electricity,CatBoost,40780,4532,0.08120699971914291,0.1436065286397934,0.00739195104688406,0.012541214004158974,0.9477052092552185,4.0468809539452195
electricity,ExtraTrees,40780,4532,0.13694630563259125,0.22639313340187073,0.0041208043694496155,0.011914770118892193,0.907987654209137,3.553165052086115
electricity,LightGBM,40780,4532,0.08158673346042633,0.1438116878271103,0.004878249019384384,0.014906804077327251,0.948367178440094,4.060483458451927
electricity,LinearModel,40780,4532,0.3288961946964264,0.4952660799026489,0.006566816940903664,0.015097789466381073,0.7563989162445068,2.8453906094655395
electricity,NeuralNetFastAI,40780,4532,0.21929217875003815,0.3446939289569855,0.006481293588876724,0.010764619335532188,0.8439982533454895,3.5477660251781344
electricity,NeuralNetTorch,40780,4532,0.18319247663021088,0.294278621673584,0.007103482261300087,0.013278464786708355,0.8722418546676636,3.762584342621267
electricity,RandomForest,40780,4532,0.10538731515407562,0.17966218292713165,0.0041520800441503525,0.011303258128464222,0.9298322796821594,3.8384346310049295
electricity,XGBoost,40780,4532,0.07947220653295517,0.14077764749526978,0.00614572037011385,0.014975670725107193,0.949249804019928,4.030741218477488
fri_c0_1000_5,CatBoost,900,100,0.12070321291685104,0.18106094002723694,0.051697928458452225,0.09013201296329498,0.9100000262260437,0.004446120001375675
fri_c0_1000_5,ExtraTrees,900,100,0.1421428620815277,0.2220253348350525,0.056481245905160904,0.08675068616867065,0.8899999856948853,0.004235223866999149
fri_c0_1000_5,LightGBM,900,100,0.1143304854631424,0.16966110467910767,0.033392518758773804,0.04493662342429161,0.8999999761581421,0.005227165296673775
fri_c0_1000_5,LinearModel,900,100,0.20320068299770355,0.3422059118747711,0.05965656787157059,0.09870336204767227,0.8600000143051147,0.004157412797212601
fri_c0_1000_5,NeuralNetFastAI,900,100,0.10241437703371048,0.15655264258384705,0.035440947860479355,0.07104671746492386,0.9399999976158142,0.006023942492902279
fri_c0_1000_5,NeuralNetTorch,900,100,0.10051920264959335,0.15156437456607819,0.028796272352337837,0.07776745408773422,0.9100000262260437,0.004860514774918556
fri_c0_1000_5,RandomForest,900,100,0.12665098905563354,0.21209131181240082,0.04844800382852554,0.07385341078042984,0.9300000071525574,0.0043181488290429115
fri_c0_1000_5,XGBoost,900,100,0.13460011780261993,0.20091338455677032,0.03375686705112457,0.0990724265575409,0.8899999856948853,0.0041299620643258095
fri_c0_500_5,CatBoost,450,50,0.2079453468322754,0.3356879949569702,0.07894310355186462,0.15086480975151062,0.8199999928474426,0.001552407629787922
fri_c0_500_5,ExtraTrees,450,50,0.24108310043811798,0.3767451345920563,0.08394244313240051,0.13957825303077698,0.800000011920929,0.0014424696564674377
fri_c0_500_5,LightGBM,450,50,0.20976096391677856,0.3440227806568146,0.08243612945079803,0.11811300367116928,0.8600000143051147,0.0015035737305879593
fri_c0_500_5,LinearModel,450,50,0.2933734059333801,0.44530606269836426,0.045913830399513245,0.12203358858823776,0.800000011920929,0.001344897784292698
fri_c0_500_5,NeuralNetFastAI,450,50,0.21801431477069855,0.3334478437900543,0.09186960011720657,0.11295251548290253,0.8399999737739563,0.0016745058819651604
fri_c0_500_5,NeuralNetTorch,450,50,0.20516178011894226,0.3138398826122284,0.07719998806715012,0.11648456007242203,0.8600000143051147,0.0016029253602027893
fri_c0_500_5,RandomForest,450,50,0.2561377286911011,0.3815787434577942,0.07987543195486069,0.1275271773338318,0.800000011920929,0.0015658112242817879
fri_c0_500_5,XGBoost,450,50,0.23982810974121094,0.38671135902404785,0.09343861788511276,0.15095917880535126,0.800000011920929,0.0015718881040811539
fri_c1_1000_50,CatBoost,900,100,0.12042775750160217,0.2139345407485962,0.019956976175308228,0.07497037947177887,0.9100000262260437,0.00457293726503849
fri_c1_1000_50,ExtraTrees,900,100,0.11547531932592392,0.20063449442386627,0.022191882133483887,0.08366724103689194,0.9300000071525574,0.004213791340589523
fri_c1_1000_50,LightGBM,900,100,0.1434241384267807,0.22677837312221527,0.03382374346256256,0.08462472259998322,0.8799999952316284,0.0047376640141010284
fri_c1_1000_50,LinearModel,900,100,0.41656872630119324,0.6048595309257507,0.05589055269956589,0.12409749627113342,0.6800000071525574,0.003913386724889278
fri_c1_1000_50,NeuralNetFastAI,900,100,0.14103944599628448,0.247079998254776,0.04456182196736336,0.08410798013210297,0.8999999761581421,0.0039418889209628105
fri_c1_1000_50,NeuralNetTorch,900,100,0.22938255965709686,0.3614053428173065,0.05171235278248787,0.09132298827171326,0.8399999737739563,0.0038113612681627274
fri_c1_1000_50,RandomForest,900,100,0.15422417223453522,0.26332083344459534,0.028375975787639618,0.08295738697052002,0.9100000262260437,0.00393565371632576
fri_c1_1000_50,XGBoost,900,100,0.12290181964635849,0.20006154477596283,0.032999634742736816,0.07261022180318832,0.8999999761581421,0.004524867981672287
fri_c2_1000_25,CatBoost,900,100,0.12508624792099,0.22222329676151276,0.027607813477516174,0.06754450500011444,0.9200000166893005,0.004252161830663681
fri_c2_1000_25,ExtraTrees,900,100,0.1459757536649704,0.25372588634490967,0.025774240493774414,0.06823854893445969,0.8799999952316284,0.004200100898742676
fri_c2_1000_25,LightGBM,900,100,0.14427027106285095,0.2589520215988159,0.030873022973537445,0.05729297548532486,0.8899999856948853,0.0056035490706563
fri_c2_1000_25,LinearModel,900,100,0.3613182306289673,0.5331191420555115,0.05118817090988159,0.07980077713727951,0.7300000190734863,0.004129250533878803
fri_c2_1000_25,NeuralNetFastAI,900,100,0.12899693846702576,0.2285609096288681,0.02985943853855133,0.07932804524898529,0.9200000166893005,0.004219098947942257
fri_c2_1000_25,NeuralNetTorch,900,100,0.13145413994789124,0.2318970113992691,0.01992851309478283,0.06895525753498077,0.9100000262260437,0.0040620481595396996
fri_c2_1000_25,RandomForest,900,100,0.15457609295845032,0.28543585538864136,0.03397927060723305,0.06969279795885086,0.8899999856948853,0.003963993862271309
fri_c2_1000_25,XGBoost,900,100,0.14686976373195648,0.2605973184108734,0.040805116295814514,0.06530891358852386,0.8899999856948853,0.005080927163362503
fri_c2_500_50,CatBoost,450,50,0.20256580412387848,0.32054972648620605,0.06614108383655548,0.12726692855358124,0.8399999737739563,0.0015581315383315086
fri_c2_500_50,ExtraTrees,450,50,0.21951408684253693,0.33624863624572754,0.0588451623916626,0.1593775898218155,0.8199999928474426,0.0014377143234014511
fri_c2_500_50,LightGBM,450,50,0.20246392488479614,0.33081719279289246,0.06785328686237335,0.11630971729755402,0.8799999952316284,0.0014895424246788025
fri_c2_500_50,LinearModel,450,50,0.3998818099498749,0.5769166350364685,0.07685897499322891,0.17044027149677277,0.699999988079071,0.001492937095463276
fri_c2_500_50,NeuralNetFastAI,450,50,0.19074583053588867,0.3386763036251068,0.06645873188972473,0.1299302577972412,0.8799999952316284,0.001446472480893135
fri_c2_500_50,NeuralNetTorch,450,50,0.2640918791294098,0.4243885278701782,0.05566366761922836,0.12129464745521545,0.7799999713897705,0.001603608950972557
fri_c2_500_50,RandomForest,450,50,0.2327152043581009,0.358010858297348,0.06624731421470642,0.15162332355976105,0.8199999928474426,0.0015156418085098267
fri_c2_500_50,XGBoost,450,50,0.26565030217170715,0.4333730936050415,0.06881193816661835,0.11939728260040283,0.8399999737739563,0.0015928344801068306
fri_c3_1000_10,CatBoost,900,100,0.10634435713291168,0.1891009509563446,0.038236793130636215,0.052757326513528824,0.9300000071525574,0.0047318171709775925
fri_c3_1000_10,ExtraTrees,900,100,0.09339149296283722,0.16919980943202972,0.02258121594786644,0.049851201474666595,0.949999988079071,0.004254559054970741
fri_c3_1000_10,LightGBM,900,100,0.11348212510347366,0.18830843269824982,0.02779987081885338,0.07142668217420578,0.9300000071525574,0.00488602090626955
fri_c3_1000_10,LinearModel,900,100,0.39774006605148315,0.5837236642837524,0.059881821274757385,0.10530862957239151,0.7200000286102295,0.0039486950263381
fri_c3_1000_10,NeuralNetFastAI,900,100,0.08497586846351624,0.14762566983699799,0.03377261385321617,0.057984352111816406,0.9399999976158142,0.00523406732827425
fri_c3_1000_10,NeuralNetTorch,900,100,0.09417714923620224,0.1729840636253357,0.030692024156451225,0.06670860201120377,0.949999988079071,0.004543256014585495
fri_c3_1000_10,RandomForest,900,100,0.11302553117275238,0.20749646425247192,0.02521311677992344,0.08621853590011597,0.9399999976158142,0.004170041531324387
fri_c3_1000_10,XGBoost,900,100,0.09271929413080215,0.17315673828125,0.024987373501062393,0.06423449516296387,0.949999988079071,0.0035437466576695442
fri_c3_1000_25,CatBoost,900,100,0.1179288849234581,0.172392800450325,0.032477106899023056,0.0826539695262909,0.9100000262260437,0.005234181880950928
fri_c3_1000_25,ExtraTrees,900,100,0.10048482567071915,0.16030281782150269,0.02413656935095787,0.060621414333581924,0.9200000166893005,0.0039695147424936295
fri_c3_1000_25,LightGBM,900,100,0.0782192274928093,0.12581948935985565,0.01920495741069317,0.05685277283191681,0.9599999785423279,0.005311448127031326
fri_c3_1000_25,LinearModel,900,100,0.4316194951534271,0.6163927912712097,0.04753907024860382,0.07553327828645706,0.6299999952316284,0.00418158620595932
fri_c3_1000_25,NeuralNetFastAI,900,100,0.07837336510419846,0.13348111510276794,0.018951375037431717,0.04822859913110733,0.949999988079071,0.004108852706849575
fri_c3_1000_25,NeuralNetTorch,900,100,0.08049895614385605,0.15808911621570587,0.03322143107652664,0.07372081279754639,0.9599999785423279,0.004000377841293812
fri_c3_1000_25,RandomForest,900,100,0.13655835390090942,0.21232940256595612,0.02742740884423256,0.08644518256187439,0.9200000166893005,0.004313918761909008
fri_c3_1000_25,XGBoost,900,100,0.09946580231189728,0.1621886044740677,0.025933973491191864,0.06260880827903748,0.9300000071525574,0.004611433483660221
fri_c3_500_10,CatBoost,450,50,0.22178852558135986,0.38452041149139404,0.07971437275409698,0.124177947640419,0.8600000143051147,0.0015281271189451218
fri_c3_500_10,ExtraTrees,450,50,0.23992937803268433,0.39993956685066223,0.08018145710229874,0.14471109211444855,0.8600000143051147,0.0015197182074189186
fri_c3_500_10,LightGBM,450,50,0.2893291711807251,0.4916036128997803,0.09121741354465485,0.15861190855503082,0.800000011920929,0.00148114375770092
fri_c3_500_10,LinearModel,450,50,0.41735875606536865,0.6069949865341187,0.08936852216720581,0.13309235870838165,0.7200000286102295,0.0014520138502120972
fri_c3_500_10,NeuralNetFastAI,450,50,0.2258664071559906,0.3946380317211151,0.06672472506761551,0.1566333770751953,0.8399999737739563,0.001424511894583702
fri_c3_500_10,NeuralNetTorch,450,50,0.17857810854911804,0.28640615940093994,0.04254875332117081,0.11658015847206116,0.9200000166893005,0.0015722420066595078
fri_c3_500_10,RandomForest,450,50,0.22831444442272186,0.3858155310153961,0.07597646117210388,0.13616199791431427,0.8399999737739563,0.0015619788318872452
fri_c3_500_10,XGBoost,450,50,0.22591595351696014,0.38599273562431335,0.08071920275688171,0.11535295844078064,0.8600000143051147,0.0015606340020895004
fri_c3_500_50,CatBoost,450,50,0.21730169653892517,0.35405150055885315,0.06807880103588104,0.15105944871902466,0.8399999737739563,0.0014602253213524818
fri_c3_500_50,ExtraTrees,450,50,0.20395427942276,0.3358226418495178,0.06881190836429596,0.15942934155464172,0.8600000143051147,0.0014462051913142204
fri_c3_500_50,LightGBM,450,50,0.1808594912290573,0.30065491795539856,0.02822292596101761,0.1150147020816803,0.8799999952316284,0.001579216681420803
fri_c3_500_50,LinearModel,450,50,0.42839422821998596,0.6120026111602783,0.09667505323886871,0.15089894831180573,0.5400000214576721,0.0014740228652954102
fri_c3_500_50,NeuralNetFastAI,450,50,0.42638325691223145,0.6104437112808228,0.08409050107002258,0.17403247952461243,0.6600000262260437,0.0015867585316300392
fri_c3_500_50,NeuralNetTorch,450,50,0.38232651352882385,0.5640980005264282,0.06707994639873505,0.0891999676823616,0.7200000286102295,0.0015656780451536179
fri_c3_500_50,RandomForest,450,50,0.19094009697437286,0.30545005202293396,0.03447260707616806,0.08793987333774567,0.8600000143051147,0.0015792949125170708
fri_c3_500_50,XGBoost,450,50,0.17223267257213593,0.2903645932674408,0.03812533617019653,0.1067301481962204,0.8799999952316284,0.001588461920619011
fri_c4_500_100,CatBoost,450,50,0.17604734003543854,0.26303839683532715,0.06715045124292374,0.1229228526353836,0.8999999761581421,0.0014588506892323494
fri_c4_500_100,ExtraTrees,450,50,0.16150346398353577,0.26594918966293335,0.0742671936750412,0.17047779262065887,0.8399999737739563,0.0014599161222577095
fri_c4_500_100,LightGBM,450,50,0.15766409039497375,0.2586449682712555,0.06364201009273529,0.10049667954444885,0.8999999761581421,0.0014724116772413254
fri_c4_500_100,LinearModel,450,50,0.4446066617965698,0.6326918005943298,0.08156289905309677,0.12911583483219147,0.6000000238418579,0.0013579726219177246
fri_c4_500_100,NeuralNetFastAI,450,50,0.45580780506134033,0.6470960378646851,0.0896688923239708,0.13631154596805573,0.6000000238418579,0.0014595594257116318
fri_c4_500_100,NeuralNetTorch,450,50,0.4216931462287903,0.6093428134918213,0.09033626317977905,0.192551851272583,0.7200000286102295,0.0014544269070029259
fri_c4_500_100,RandomForest,450,50,0.1766100376844406,0.2753990888595581,0.05343295633792877,0.12336117029190063,0.8799999952316284,0.0014543309807777405
fri_c4_500_100,XGBoost,450,50,0.15991710126399994,0.24426676332950592,0.06970749795436859,0.10479086637496948,0.8799999952316284,0.001569787971675396
fried,CatBoost,36691,4077,0.09278296679258347,0.1470746397972107,0.009246031753718853,0.011663876473903656,0.9313220381736755,3.6583884861320257
fried,ExtraTrees,36691,4077,0.11386758834123611,0.1783643662929535,0.011408291757106781,0.015708506107330322,0.9180769920349121,3.407209604047239
fried,LightGBM,36691,4077,0.09408097714185715,0.15089187026023865,0.01048689242452383,0.015087079256772995,0.9300956726074219,3.6798936761915684
fried,LinearModel,36691,4077,0.23177538812160492,0.36719879508018494,0.007484950125217438,0.01385727059096098,0.8403237462043762,3.1947074495255947
fried,NeuralNetFastAI,36691,4077,0.09134592115879059,0.1469317227602005,0.009470614604651928,0.013778230175375938,0.9345106482505798,3.6941487565636635
fried,NeuralNetTorch,36691,4077,0.09070061892271042,0.14486171305179596,0.007249075453728437,0.014629035256803036,0.9352465271949768,3.6580361928790808
fried,RandomForest,36691,4077,0.11554915457963943,0.18188925087451935,0.009326709434390068,0.01344630029052496,0.9161148071289062,3.4916680371388793
fried,XGBoost,36691,4077,0.09520282596349716,0.152652770280838,0.010967398062348366,0.015157870948314667,0.9330390095710754,3.684181255288422
gina,CatBoost,2837,316,0.063203826546669,0.11125634610652924,0.011884525418281555,0.030646566301584244,0.9588607549667358,0.06415010150521994
gina,ExtraTrees,2837,316,0.09374017268419266,0.16118097305297852,0.012417738325893879,0.02946534752845764,0.9430379867553711,0.034922937862575054
gina,LightGBM,2837,316,0.06595224142074585,0.12395502626895905,0.01359609141945839,0.025253962725400925,0.9588607549667358,0.06342212948948145
gina,LinearModel,2837,316,0.21945743262767792,0.3601991534233093,0.03377747908234596,0.06669393181800842,0.8354430198669434,0.06628161389380693
gina,NeuralNetFastAI,2837,316,0.04896240308880806,0.09870710223913193,0.016012711450457573,0.027986641973257065,0.9715189933776855,0.061440748162567616
gina,NeuralNetTorch,2837,316,0.05399918928742409,0.09907857328653336,0.015476815402507782,0.03306502476334572,0.9683544039726257,0.06312951631844044
gina,RandomForest,2837,316,0.09108830988407135,0.15682333707809448,0.009278794750571251,0.0382513590157032,0.9398733973503113,0.03343268856406212
gina,XGBoost,2837,316,0.0707542896270752,0.12909643352031708,0.014610271900892258,0.032198477536439896,0.9556962251663208,0.065215646289289
hill-valley,CatBoost,1090,122,0.4883345663547516,0.68141770362854,0.05650812387466431,0.04864615201950073,0.5491803288459778,0.00562569685280323
hill-valley,ExtraTrees,1090,122,0.4730969965457916,0.666022777557373,0.04681583493947983,0.08543478697538376,0.6147540807723999,0.005997210741043091
hill-valley,LightGBM,1090,122,0.465572327375412,0.6580418944358826,0.06783083826303482,0.11041608452796936,0.6065573692321777,0.0057901740074157715
hill-valley,LinearModel,1090,122,0.1393507421016693,0.23579193651676178,0.05046546831727028,0.07820229977369308,0.9180327653884888,0.007044825702905655
hill-valley,NeuralNetFastAI,1090,122,0.3254832625389099,0.4774683117866516,0.16990485787391663,0.23245763778686523,0.7622950673103333,0.005750000476837158
hill-valley,NeuralNetTorch,1090,122,0.1367524266242981,0.23522181808948517,0.052324093878269196,0.0908505767583847,0.9098360538482666,0.0055948663502931595
hill-valley,RandomForest,1090,122,0.472149133682251,0.6650372743606567,0.06007237359881401,0.05642218887805939,0.6639344096183777,0.005214264616370201
hill-valley,XGBoost,1090,122,0.48792484402656555,0.6810242533683777,0.04645805060863495,0.05964983254671097,0.5983606576919556,0.005097305402159691
hiva_agnostic,CatBoost,3806,423,0.0605626218020916,0.13587254285812378,0.01279924064874649,0.01918216235935688,0.9669030904769897,0.05624124314635992
hiva_agnostic,ExtraTrees,3806,423,0.06455686688423157,0.14014621078968048,0.012008934281766415,0.018233882263302803,0.9621749520301819,0.05447663180530071
hiva_agnostic,LightGBM,3806,423,0.06316246837377548,0.14046655595302582,0.013867760077118874,0.016866013407707214,0.9669030904769897,0.055124957114458084
hiva_agnostic,LinearModel,3806,423,0.06097413972020149,0.13464044034481049,0.008996302261948586,0.01165310200303793,0.9645389914512634,0.07186800334602594
hiva_agnostic,NeuralNetFastAI,3806,423,0.061659008264541626,0.1397733837366104,0.011831715703010559,0.0233912393450737,0.9669030904769897,0.06422174908220768
hiva_agnostic,NeuralNetTorch,3806,423,0.06184565648436546,0.14024657011032104,0.012895309366285801,0.01821937970817089,0.9716312289237976,0.06158468499779701
hiva_agnostic,RandomForest,3806,423,0.06437955796718597,0.1395939141511917,0.013212999328970909,0.018038185313344002,0.9598108530044556,0.05500477086752653
hiva_agnostic,XGBoost,3806,423,0.059535447508096695,0.13567355275154114,0.01584843546152115,0.01976570300757885,0.9692671298980713,0.05844710022211075
houses,CatBoost,18576,2064,0.016273684799671173,0.0287867933511734,0.0021969920489937067,0.006386161781847477,0.9903100728988647,1.8242635987699032
houses,ExtraTrees,18576,2064,0.015460049733519554,0.026766758412122726,0.0027595998253673315,0.004749902989715338,0.9898256063461304,1.7679568454623222
houses,LightGBM,18576,2064,0.017871737480163574,0.03118804469704628,0.0030345027334988117,0.005231604445725679,0.9869186282157898,1.8090392472222447
houses,LinearModel,18576,2064,0.04558665305376053,0.08018787950277328,0.00990308728069067,0.011738474480807781,0.9685077667236328,1.837710540741682
houses,NeuralNetFastAI,18576,2064,0.017746785655617714,0.029762838035821915,0.0033991909585893154,0.005506126210093498,0.9864341020584106,1.7804447961971164
houses,NeuralNetTorch,18576,2064,0.019072547554969788,0.03235866501927376,0.0038877520710229874,0.0064408364705741405,0.9859496355056763,1.77987758256495
houses,RandomForest,18576,2064,0.018716121092438698,0.03202129155397415,0.002554918872192502,0.005139102227985859,0.9874030947685242,1.807025176472962
houses,XGBoost,18576,2064,0.018009742721915245,0.03173071891069412,0.0034261969849467278,0.005680304020643234,0.9878876209259033,1.8137549674138427
ilpd,CatBoost,524,59,0.36332401633262634,0.5319377779960632,0.05635392665863037,0.06648877263069153,0.694915235042572,0.001980147324502468
ilpd,ExtraTrees,524,59,0.34919875860214233,0.5040140151977539,0.055425237864255905,0.13740473985671997,0.694915235042572,0.002036971040070057
ilpd,LightGBM,524,59,0.3602358400821686,0.5252997875213623,0.07700607180595398,0.13432636857032776,0.694915235042572,0.0019687190651893616
ilpd,LinearModel,524,59,0.35519933700561523,0.5091503858566284,0.0801239088177681,0.11465337872505188,0.7118644118309021,0.001981506124138832
ilpd,NeuralNetFastAI,524,59,0.3452013432979584,0.49323245882987976,0.08118744194507599,0.0877654105424881,0.7118644118309021,0.00195352453738451
ilpd,NeuralNetTorch,524,59,0.37630513310432434,0.5473403930664062,0.06651303172111511,0.12041045725345612,0.6440678238868713,0.001814642921090126
ilpd,RandomForest,524,59,0.36144956946372986,0.5237337946891785,0.04598614573478699,0.06756652146577835,0.7118644118309021,0.001983320340514183
ilpd,XGBoost,524,59,0.3683224320411682,0.5326510071754456,0.0672975480556488,0.07966938614845276,0.7118644118309021,0.0018747197464108467
jasmine,CatBoost,2685,299,0.26196834444999695,0.4063180983066559,0.01991800218820572,0.06048808619379997,0.8160535097122192,0.04266278259456158
jasmine,ExtraTrees,2685,299,0.27209073305130005,0.41328004002571106,0.02137458324432373,0.042381465435028076,0.8093645572662354,0.041108302772045135
jasmine,LightGBM,2685,299,0.25903281569480896,0.40343597531318665,0.02314455807209015,0.04014554247260094,0.8160535097122192,0.028897209092974663
jasmine,LinearModel,2685,299,0.2881810963153839,0.4441693127155304,0.023066267371177673,0.03317086398601532,0.7926421165466309,0.04397810250520706
jasmine,NeuralNetFastAI,2685,299,0.28142133355140686,0.4253108501434326,0.022036254405975342,0.029366204515099525,0.8060200810432434,0.04002629779279232
jasmine,NeuralNetTorch,2685,299,0.28090107440948486,0.4306888282299042,0.026443272829055786,0.04250764101743698,0.8127090334892273,0.03499203361570835
jasmine,RandomForest,2685,299,0.2633971571922302,0.40396785736083984,0.03740566968917847,0.08869120478630066,0.8260869383811951,0.04119644965976477
jasmine,XGBoost,2685,299,0.25663551688194275,0.40119996666908264,0.01663248986005783,0.03207854554057121,0.8260869383811951,0.03621967416256666
jm1,CatBoost,9796,1089,0.26660043001174927,0.4223569333553314,0.023797376081347466,0.033415764570236206,0.8181818127632141,0.43752966076135635
jm1,ExtraTrees,9796,1089,0.2628062963485718,0.4144672453403473,0.019756801426410675,0.03689911216497421,0.8200183510780334,0.44296195078641176
jm1,LightGBM,9796,1089,0.26584482192993164,0.4219212532043457,0.0229326244443655,0.03401875123381615,0.8246097564697266,0.4348292127251625
jm1,LinearModel,9796,1089,0.28038373589515686,0.4435696601867676,0.01764124259352684,0.01899835839867592,0.8154270052909851,0.43239510525017977
jm1,NeuralNetFastAI,9796,1089,0.27097100019454956,0.4329633414745331,0.021915674209594727,0.03084345906972885,0.8246097564697266,0.4411797896027565
jm1,NeuralNetTorch,9796,1089,0.27662819623947144,0.4377634823322296,0.02312651462852955,0.029727764427661896,0.8145087361335754,0.430486349388957
jm1,RandomForest,9796,1089,0.2632235288619995,0.41602587699890137,0.01607443019747734,0.026245728135108948,0.8209366202354431,0.4503218913450837
jm1,XGBoost,9796,1089,0.26585838198661804,0.4211307764053345,0.023155339062213898,0.031129911541938782,0.8181818127632141,0.43817872647196054
kc1,CatBoost,1898,211,0.18313243985176086,0.30878302454948425,0.02907947078347206,0.034015096724033356,0.8815165758132935,0.015628740191459656
kc1,ExtraTrees,1898,211,0.1859348714351654,0.3126375675201416,0.020080894231796265,0.036969080567359924,0.8767772316932678,0.019328693859279156
kc1,LightGBM,1898,211,0.19298386573791504,0.32057851552963257,0.030424904078245163,0.03627798706293106,0.8815165758132935,0.014809555374085903
kc1,LinearModel,1898,211,0.2145574539899826,0.34816303849220276,0.044057756662368774,0.06335540115833282,0.8578199148178101,0.01489038672298193
kc1,NeuralNetFastAI,1898,211,0.19809451699256897,0.32478779554367065,0.03571682795882225,0.055546388030052185,0.8530805706977844,0.01500428095459938
kc1,NeuralNetTorch,1898,211,0.21346406638622284,0.34326013922691345,0.036172255873680115,0.04429244622588158,0.8530805706977844,0.014688216149806976
kc1,RandomForest,1898,211,0.18603463470935822,0.30944007635116577,0.022171709686517715,0.043859779834747314,0.8862559199333191,0.02023635432124138
kc1,XGBoost,1898,211,0.20149792730808258,0.3346741199493408,0.031120996922254562,0.033111825585365295,0.8767772316932678,0.015191498212516308
kc2,CatBoost,469,53,0.27091944217681885,0.40868937969207764,0.10243110358715057,0.15959064662456512,0.7735849022865295,0.0018424512818455696
kc2,ExtraTrees,469,53,0.2881828844547272,0.4411800801753998,0.09997261315584183,0.12664102017879486,0.7924528121948242,0.0017682705074548721
kc2,LightGBM,469,53,0.2520785927772522,0.38040027022361755,0.10533956438302994,0.16388416290283203,0.8113207817077637,0.001605164259672165
kc2,LinearModel,469,53,0.2748962938785553,0.41393107175827026,0.10626828670501709,0.12162459641695023,0.7735849022865295,0.0017312336713075638
kc2,NeuralNetFastAI,469,53,0.2683677673339844,0.4001316428184509,0.09642313420772552,0.16691260039806366,0.8113207817077637,0.0016780169680714607
kc2,NeuralNetTorch,469,53,0.26707133650779724,0.40947097539901733,0.09081904590129852,0.12738792598247528,0.7924528121948242,0.001656481996178627
kc2,RandomForest,469,53,0.25277748703956604,0.38170352578163147,0.09036624431610107,0.16816295683383942,0.8113207817077637,0.0015783878043293953
kc2,XGBoost,469,53,0.25957590341567993,0.3961031138896942,0.10044257342815399,0.1494256556034088,0.8113207817077637,0.0015891380608081818
kdd_el_nino-small,CatBoost,703,79,0.1173606738448143,0.1912296563386917,0.03936459496617317,0.06227942928671837,0.9240506291389465,0.0034566689282655716
kdd_el_nino-small,ExtraTrees,703,79,0.11736355721950531,0.20235159993171692,0.030844824388623238,0.07292850315570831,0.9113923907279968,0.003133193589746952
kdd_el_nino-small,LightGBM,703,79,0.11661854386329651,0.19750525057315826,0.04153617471456528,0.06853510439395905,0.9367088675498962,0.0033475887030363083
kdd_el_nino-small,LinearModel,703,79,0.10939604043960571,0.17049947381019592,0.039140716195106506,0.0697789266705513,0.9113923907279968,0.004247269593179226
kdd_el_nino-small,NeuralNetFastAI,703,79,0.09607742726802826,0.21680580079555511,0.024422595277428627,0.04719146341085434,0.949367105960846,0.004082128405570984
kdd_el_nino-small,NeuralNetTorch,703,79,0.12874555587768555,0.24834489822387695,0.03929641842842102,0.08103278279304504,0.9113923907279968,0.0031027114018797874
kdd_el_nino-small,RandomForest,703,79,0.1080046072602272,0.16619300842285156,0.02942689135670662,0.059172485023736954,0.9240506291389465,0.0032865693792700768
kdd_el_nino-small,XGBoost,703,79,0.11967335641384125,0.22000183165073395,0.04067997634410858,0.06235264241695404,0.9367088675498962,0.0026019467040896416
kdd_internet_usage,CatBoost,9097,1011,0.15128187835216522,0.240461066365242,0.017294298857450485,0.031149324029684067,0.8991097807884216,0.5770293101668358
kdd_internet_usage,ExtraTrees,9097,1011,0.16139616072177887,0.253618985414505,0.020710062235593796,0.035220418125391006,0.8872403502464294,0.5548852914944291
kdd_internet_usage,LightGBM,9097,1011,0.150448277592659,0.2361551821231842,0.018317319452762604,0.024032311514019966,0.8931750655174255,0.5723977386951447
kdd_internet_usage,LinearModel,9097,1011,0.16959929466247559,0.27778586745262146,0.016137778759002686,0.03553785756230354,0.8783382773399353,0.5940631255507469
kdd_internet_usage,NeuralNetFastAI,9097,1011,0.15250875055789948,0.23608238995075226,0.020144686102867126,0.030603919178247452,0.8911968469619751,0.5704303430393338
kdd_internet_usage,NeuralNetTorch,9097,1011,0.15170417726039886,0.23419654369354248,0.02076685056090355,0.02953272871673107,0.8902077078819275,0.5541223026812077
kdd_internet_usage,RandomForest,9097,1011,0.1607019603252411,0.25072401762008667,0.018795158714056015,0.027952084317803383,0.8902077078819275,0.5789199592545629
kdd_internet_usage,XGBoost,9097,1011,0.1501591056585312,0.2379673570394516,0.017686674371361732,0.026608852669596672,0.8971315622329712,0.5707990182563663
kick,CatBoost,65684,7299,0.16310089826583862,0.28817737102508545,0.022654647007584572,0.02205681800842285,0.9034114480018616,3.655740527436137
kick,ExtraTrees,65684,7299,0.1705370396375656,0.29971328377723694,0.01809774711728096,0.025926539674401283,0.8991642594337463,3.3314418299123645
kick,LightGBM,65684,7299,0.16538099944591522,0.29259946942329407,0.015286223031580448,0.019665898755192757,0.9021784067153931,3.4264355087652802
kick,LinearModel,65684,7299,0.17206911742687225,0.3035402297973633,0.014620235189795494,0.015610058791935444,0.8983422517776489,3.3368787625804543
kick,NeuralNetFastAI,65684,7299,0.16487102210521698,0.29139259457588196,0.016985641792416573,0.019345901906490326,0.9019043445587158,3.5494977198541164
kick,NeuralNetTorch,65684,7299,0.16505658626556396,0.2925945818424225,0.016596905887126923,0.019198771566152573,0.9028633832931519,3.648294127546251
kick,RandomForest,65684,7299,0.1693861484527588,0.2981315553188324,0.019761105999350548,0.02658745087683201,0.8990272879600525,3.202677027322352
kick,XGBoost,65684,7299,0.16315318644046783,0.2880989611148834,0.017676960676908493,0.020976493135094643,0.903685450553894,3.5656822863966227
kin8nm,CatBoost,7372,820,0.14707154035568237,0.23759841918945312,0.021627355366945267,0.034889016300439835,0.8926829099655151,0.4229362839832902
kin8nm,ExtraTrees,7372,820,0.21435953676700592,0.3367157280445099,0.02164050005376339,0.04441959410905838,0.8463414907455444,0.27864551916718483
kin8nm,LightGBM,7372,820,0.15336306393146515,0.24663130939006805,0.020753908902406693,0.03436201065778732,0.8902438879013062,0.42657699063420296
kin8nm,LinearModel,7372,820,0.3543141782283783,0.5306134223937988,0.013998538255691528,0.03597906976938248,0.7317073345184326,0.2463878970593214
kin8nm,NeuralNetFastAI,7372,820,0.12920121848583221,0.21250975131988525,0.018862895667552948,0.02975679561495781,0.9024389982223511,0.43393745459616184
kin8nm,NeuralNetTorch,7372,820,0.1280907392501831,0.2039882242679596,0.016778800636529922,0.03692936897277832,0.9121951460838318,0.4123698612675071
kin8nm,RandomForest,7372,820,0.21281099319458008,0.3349169194698334,0.020617902278900146,0.04407599940896034,0.8500000238418579,0.26054530311375856
kin8nm,XGBoost,7372,820,0.17886927723884583,0.2894659638404846,0.0312255397439003,0.04439239576458931,0.8804877996444702,0.43044522125273943
madeline,CatBoost,2826,314,0.1940549910068512,0.3280840516090393,0.027666378766298294,0.056139037013053894,0.8662420511245728,0.04789665434509516
madeline,ExtraTrees,2826,314,0.22064155340194702,0.3612469732761383,0.019337397068738937,0.04110615700483322,0.843949019908905,0.03255988657474518
madeline,LightGBM,2826,314,0.21461224555969238,0.36017099022865295,0.028612051159143448,0.06183765456080437,0.8630573153495789,0.04076438955962658
madeline,LinearModel,2826,314,0.48363810777664185,0.676498293876648,0.023909226059913635,0.05178296938538551,0.5764331221580505,0.03295739274471998
madeline,NeuralNetFastAI,2826,314,0.3865703344345093,0.5703189373016357,0.05377425253391266,0.09976817667484283,0.7133758068084717,0.03372058644890785
madeline,NeuralNetTorch,2826,314,0.3513992428779602,0.5287297964096069,0.046889424324035645,0.07770243287086487,0.7611464858055115,0.03734065871685743
madeline,RandomForest,2826,314,0.23148484528064728,0.38139981031417847,0.021939236670732498,0.044589851051568985,0.8535031676292419,0.032360974699258804
madeline,XGBoost,2826,314,0.21888840198516846,0.3653808534145355,0.030010683462023735,0.04861622676253319,0.8694267272949219,0.037563941441476345
madelon,CatBoost,2340,260,0.18969190120697021,0.3179043233394623,0.027441609650850296,0.06960025429725647,0.8653846383094788,0.023174257017672062
madelon,ExtraTrees,2340,260,0.2193318009376526,0.36566293239593506,0.04601734131574631,0.07877802103757858,0.8615384697914124,0.02312970533967018
madelon,LightGBM,2340,260,0.18514055013656616,0.31835412979125977,0.037206344306468964,0.07220547646284103,0.8846153616905212,0.023526365868747234
madelon,LinearModel,2340,260,0.4856502115726471,0.6787055134773254,0.030354559421539307,0.04074477776885033,0.5807692408561707,0.02278481237590313
madelon,NeuralNetFastAI,2340,260,0.4041728079319,0.5924773812294006,0.07487066835165024,0.11379146575927734,0.7423076629638672,0.023266629315912724
madelon,NeuralNetTorch,2340,260,0.41490864753723145,0.6040194034576416,0.057122424244880676,0.07919725775718689,0.6846153736114502,0.028212993405759335
madelon,RandomForest,2340,260,0.21691811084747314,0.3604709208011627,0.030991043895483017,0.0865180492401123,0.8500000238418579,0.023367720656096935
madelon,XGBoost,2340,260,0.19473104178905487,0.3293823003768921,0.021417193114757538,0.05310031771659851,0.8769230842590332,0.023379667662084103
mammography,CatBoost,10064,1119,0.02160383202135563,0.053847432136535645,0.0066590216010808945,0.008961137384176254,0.9874888062477112,0.4983767857775092
mammography,ExtraTrees,10064,1119,0.025868214666843414,0.0619487464427948,0.006811222992837429,0.011953522451221943,0.9865951538085938,0.4873240729793906
mammography,LightGBM,10064,1119,0.02291201241314411,0.05447494983673096,0.007366850972175598,0.009910228662192822,0.9865951538085938,0.4990105554461479
mammography,LinearModel,10064,1119,0.030641775578260422,0.07197266817092896,0.007656249217689037,0.01181772816926241,0.9812332391738892,0.47819571383297443
mammography,NeuralNetFastAI,10064,1119,0.025410715490579605,0.060069967061281204,0.007271800190210342,0.012151486240327358,0.9839141964912415,0.5039735082536936
mammography,NeuralNetTorch,10064,1119,0.02543361485004425,0.061084531247615814,0.0070213922299444675,0.013216676190495491,0.9857015013694763,0.503805635496974
mammography,RandomForest,10064,1119,0.026666387915611267,0.06205257400870323,0.006698083132505417,0.010589693672955036,0.9857015013694763,0.4789663562551141
mammography,XGBoost,10064,1119,0.022818483412265778,0.0547448955476284,0.006659072823822498,0.009536263532936573,0.9883824586868286,0.49830984603613615
mc1,CatBoost,8519,947,0.01023467630147934,0.024801665917038918,0.003922533243894577,0.004353353753685951,0.9947201609611511,0.3013743320479989
mc1,ExtraTrees,8519,947,0.008412939496338367,0.021311428397893906,0.0026647155173122883,0.00335992150940001,0.9947201609611511,0.3074618997052312
mc1,LightGBM,8519,947,0.007206245791167021,0.018188411369919777,0.0029393145814538,0.002745311474427581,0.9957761168479919,0.3038301318883896
mc1,LinearModel,8519,947,0.010330255143344402,0.03066462278366089,0.004021476022899151,0.003613542066887021,0.9947201609611511,0.31115355994552374
mc1,NeuralNetFastAI,8519,947,0.010200629942119122,0.029117072001099586,0.0038648636545985937,0.003875412279739976,0.9947201609611511,0.3117315396666527
mc1,NeuralNetTorch,8519,947,0.01305497344583273,0.03459879010915756,0.005279697477817535,0.005702017806470394,0.9926082491874695,0.30519250500947237
mc1,RandomForest,8519,947,0.010181387886404991,0.026527561247348785,0.0040168906562030315,0.0042633539997041225,0.9947201609611511,0.3299960922449827
mc1,XGBoost,8519,947,0.009018709883093834,0.02036730945110321,0.003484343644231558,0.0036024644505232573,0.9947201609611511,0.3078772481530905
meta,CatBoost,475,53,0.08345630019903183,0.13555902242660522,0.030154362320899963,0.05525482818484306,0.9622641801834106,0.0017999066039919853
meta,ExtraTrees,475,53,0.12434395402669907,0.19608135521411896,0.054822005331516266,0.0958542600274086,0.9056603908538818,0.001872919499874115
meta,LightGBM,475,53,0.09443889558315277,0.15308016538619995,0.03030073456466198,0.0618097297847271,0.9245283007621765,0.001656373031437397
meta,LinearModel,475,53,0.08665281534194946,0.14819736778736115,0.02474498748779297,0.07991216331720352,0.9622641801834106,0.0015965504571795464
meta,NeuralNetFastAI,475,53,0.11090975999832153,0.17440082132816315,0.04972408339381218,0.08790989220142365,0.9245283007621765,0.0015783626586198807
meta,NeuralNetTorch,475,53,0.08921081572771072,0.141831636428833,0.0545051246881485,0.07807938009500504,0.9622641801834106,0.0016772188246250153
meta,RandomForest,475,53,0.11021033674478531,0.17309167981147766,0.051065053790807724,0.08914075791835785,0.9056603908538818,0.0017990749329328537
meta,XGBoost,475,53,0.08983117341995239,0.14507651329040527,0.03428856283426285,0.06235234811902046,0.9433962106704712,0.0016166185960173607
mozilla4,CatBoost,13990,1555,0.06879986822605133,0.12142417579889297,0.009749838151037693,0.015528157353401184,0.953054666519165,1.2724353224039078
mozilla4,ExtraTrees,13990,1555,0.06880157440900803,0.1221567839384079,0.008885536342859268,0.010465309023857117,0.9543408155441284,1.2820078684017062
mozilla4,LightGBM,13990,1555,0.06543922424316406,0.11601588129997253,0.010179233737289906,0.013589832000434399,0.9562700986862183,1.288864977657795
mozilla4,LinearModel,13990,1555,0.11326359957456589,0.20077992975711823,0.017891937866806984,0.016165055334568024,0.9344051480293274,1.303193029947579
mozilla4,NeuralNetFastAI,13990,1555,0.11607248336076736,0.20843562483787537,0.016358328983187675,0.018847111612558365,0.9260450005531311,1.2967408560216427
mozilla4,NeuralNetTorch,13990,1555,0.09247086942195892,0.1590098738670349,0.01679728925228119,0.015450214967131615,0.938906729221344,1.239236923865974
mozilla4,RandomForest,13990,1555,0.069130077958107,0.11789246648550034,0.00973423756659031,0.01392032764852047,0.9517685174942017,1.2708628354594111
mozilla4,XGBoost,13990,1555,0.06781596690416336,0.11940618604421616,0.009974204003810883,0.013564808294177055,0.953054666519165,1.262533750385046
no2,CatBoost,450,50,0.4407745599746704,0.6307351589202881,0.06915216147899628,0.1414550095796585,0.6000000238418579,0.0017335442826151848
no2,ExtraTrees,450,50,0.441041499376297,0.6314535737037659,0.0754438042640686,0.20611760020256042,0.5799999833106995,0.0015503782778978348
no2,LightGBM,450,50,0.43775665760040283,0.6279462575912476,0.04894518852233887,0.139564648270607,0.6600000262260437,0.0014813048765063286
no2,LinearModel,450,50,0.4874599575996399,0.6804993152618408,0.12235338240861893,0.1829802691936493,0.47999998927116394,0.0015493882820010185
no2,NeuralNetFastAI,450,50,0.4444742202758789,0.6355365514755249,0.06850829720497131,0.17265279591083527,0.6000000238418579,0.0013905903324484825
no2,NeuralNetTorch,450,50,0.4440222680568695,0.635506272315979,0.050011828541755676,0.07319769263267517,0.6399999856948853,0.001522044651210308
no2,RandomForest,450,50,0.4327160120010376,0.6210176348686218,0.06505538523197174,0.10898511856794357,0.5600000023841858,0.0015283133834600449
no2,XGBoost,450,50,0.4367724657058716,0.6269022226333618,0.05253777280449867,0.11490292847156525,0.6200000047683716,0.0014210566878318787
nomao,CatBoost,31018,3447,0.038494352251291275,0.07369998097419739,0.005363578908145428,0.010703102685511112,0.9744705557823181,2.743387677706778
nomao,ExtraTrees,31018,3447,0.05011754855513573,0.10075484216213226,0.0041392287239432335,0.011571301147341728,0.9675079584121704,2.7787247616797686
nomao,LightGBM,31018,3447,0.038414787501096725,0.07528422772884369,0.006273801438510418,0.010106464847922325,0.9756309986114502,2.703611700795591
nomao,LinearModel,31018,3447,0.07369094341993332,0.1295909285545349,0.007843147963285446,0.013533993624150753,0.9501015543937683,2.7795531330630183
nomao,NeuralNetFastAI,31018,3447,0.05311965197324753,0.10112573951482773,0.00636470690369606,0.012597037479281425,0.9663475751876831,2.7459724117070436
nomao,NeuralNetTorch,31018,3447,0.05276273190975189,0.09668596088886261,0.007523644249886274,0.013375291600823402,0.9648970365524292,2.8753759749233723
nomao,RandomForest,31018,3447,0.047117773443460464,0.08817519247531891,0.005243899300694466,0.008059092797338963,0.9704090356826782,2.872098620980978
nomao,XGBoost,31018,3447,0.038827084004879,0.0754811018705368,0.0042388588190078735,0.011228707619011402,0.9767914414405823,2.68701533600688
numerai28_6,CatBoost,86688,9632,0.49961724877357483,0.6927644610404968,0.009938543662428856,0.00047397613525390625,0.5146387219429016,5.6087622456252575
numerai28_6,ExtraTrees,86688,9632,0.4997546374797821,0.6929017901420593,0.012050524353981018,0.00540509819984436,0.5186877250671387,5.582581585273147
numerai28_6,LightGBM,86688,9632,0.4997361898422241,0.6928832530975342,0.011924435384571552,0.0033807754516601562,0.5069559812545776,5.5781273283064365
numerai28_6,LinearModel,86688,9632,0.49981871247291565,0.6929658651351929,0.013861000537872314,0.006524860858917236,0.5097591280937195,5.592199048027396
numerai28_6,NeuralNetFastAI,86688,9632,0.4996424615383148,0.6927895545959473,0.011108934879302979,0.0016257166862487793,0.5087209343910217,5.613350902684033
numerai28_6,NeuralNetTorch,86688,9632,0.49958622455596924,0.6927332878112793,0.013264894485473633,0.0058425068855285645,0.508617103099823,5.6039340775460005
numerai28_6,RandomForest,86688,9632,0.4996948838233948,0.6928420662879944,0.008820861577987671,0.0038587450981140137,0.5152616500854492,5.621926282532513
numerai28_6,XGBoost,86688,9632,0.4997776448726654,0.6929248571395874,0.010983484797179699,0.0016886591911315918,0.50633305311203,5.618697226978838
ozone-level-8hr,CatBoost,2280,254,0.08688678592443466,0.14686620235443115,0.024155566468834877,0.03710348904132843,0.9448819160461426,0.025162534788250923
ozone-level-8hr,ExtraTrees,2280,254,0.07510001957416534,0.12714143097400665,0.013295214623212814,0.019148463383316994,0.9409449100494385,0.02288999781012535
ozone-level-8hr,LightGBM,2280,254,0.08198345452547073,0.13665534555912018,0.021450133994221687,0.04528186842799187,0.9370078444480896,0.020551461726427078
ozone-level-8hr,LinearModel,2280,254,0.07447793334722519,0.1171272024512291,0.01527082547545433,0.035108782351017,0.9409449100494385,0.021960565820336342
ozone-level-8hr,NeuralNetFastAI,2280,254,0.07630129903554916,0.1258692592382431,0.015706287696957588,0.03543149307370186,0.9448819160461426,0.023099658079445362
ozone-level-8hr,NeuralNetTorch,2280,254,0.07220937311649323,0.12173140048980713,0.015624195337295532,0.01746251806616783,0.9409449100494385,0.02166025061160326
ozone-level-8hr,RandomForest,2280,254,0.07643827795982361,0.12744155526161194,0.014183213002979755,0.024378035217523575,0.9448819160461426,0.0216386616230011
ozone-level-8hr,XGBoost,2280,254,0.08883960545063019,0.15123270452022552,0.024832669645547867,0.04359045624732971,0.9370078444480896,0.020822035148739815
parity5_plus_5,CatBoost,1011,113,0.0,0.0,1.5610510812140292e-28,7.962356818325134e-08,1.0,0.00695574376732111
parity5_plus_5,ExtraTrees,1011,113,0.11770117282867432,0.2427443116903305,0.09716759622097015,0.18359239399433136,0.9646017551422119,0.00467691570520401
parity5_plus_5,LightGBM,1011,113,2.150850754544756e-24,0.0,1.379640623749498e-13,7.962356818325134e-08,1.0,0.007292523048818111
parity5_plus_5,LinearModel,1011,113,0.4992007315158844,0.6923478245735168,0.05448412895202637,0.0004464387893676758,0.5132743120193481,0.004824982024729252
parity5_plus_5,NeuralNetFastAI,1011,113,0.0,0.0,1.401298464324817e-44,7.962356818325134e-08,1.0,0.007544987834990025
parity5_plus_5,NeuralNetTorch,1011,113,0.0,0.0,1.1967675071879886e-31,7.962356818325134e-08,1.0,0.008181631565093994
parity5_plus_5,RandomForest,1011,113,0.12528939545154572,0.2526383399963379,0.09903187304735184,0.18608088791370392,0.9469026327133179,0.004914464429020882
parity5_plus_5,XGBoost,1011,113,1.6524158430453184e-10,1.2806674476451008e-06,1.2104487723263446e-06,1.2919999790028669e-06,1.0,0.004953314550220966
pbcseq,CatBoost,1750,195,0.1853301227092743,0.3196239769458771,0.03136682137846947,0.05350399762392044,0.8871794939041138,0.014800399541854858
pbcseq,ExtraTrees,1750,195,0.2364625632762909,0.38550302386283875,0.03516284003853798,0.06053944677114487,0.8410256505012512,0.013198357075452805
pbcseq,LightGBM,1750,195,0.19571298360824585,0.33087098598480225,0.031054634600877762,0.06649614870548248,0.8871794939041138,0.013843507505953312
pbcseq,LinearModel,1750,195,0.3979414999485016,0.5802624821662903,0.0469297394156456,0.08326064795255661,0.6717948913574219,0.01316981390118599
pbcseq,NeuralNetFastAI,1750,195,0.2898450493812561,0.4529385268688202,0.030313367024064064,0.05132376030087471,0.7897436022758484,0.01307404600083828
pbcseq,NeuralNetTorch,1750,195,0.279988169670105,0.444099098443985,0.044273197650909424,0.08568519353866577,0.7948718070983887,0.01617091614753008
pbcseq,RandomForest,1750,195,0.24174880981445312,0.39866113662719727,0.05481690913438797,0.09924747049808502,0.8666666746139526,0.013451221399009228
pbcseq,XGBoost,1750,195,0.1819927841424942,0.3184625208377838,0.03650938346982002,0.06497056782245636,0.8974359035491943,0.014707919210195541
pc1,CatBoost,998,111,0.08605775237083435,0.17490191757678986,0.03491762652993202,0.037383079528808594,0.9459459185600281,0.004626131616532803
pc1,ExtraTrees,998,111,0.08485635370016098,0.17026223242282867,0.029607348144054413,0.032922811806201935,0.9459459185600281,0.004440196789801121
pc1,LightGBM,998,111,0.08851965516805649,0.18358924984931946,0.03469199314713478,0.03915359824895859,0.9369369149208069,0.004288766533136368
pc1,LinearModel,998,111,0.10224635899066925,0.19903063774108887,0.03275309130549431,0.02287299558520317,0.9369369149208069,0.00427935179322958
pc1,NeuralNetFastAI,998,111,0.09535299241542816,0.19665373861789703,0.039869312196969986,0.04849303886294365,0.9459459185600281,0.004926769062876701
pc1,NeuralNetTorch,998,111,0.09744959324598312,0.18148575723171234,0.03177136555314064,0.02809131145477295,0.9459459185600281,0.00448187068104744
pc1,RandomForest,998,111,0.08217339962720871,0.15941627323627472,0.024643605574965477,0.03022499568760395,0.9459459185600281,0.005071911960840225
pc1,XGBoost,998,111,0.08807843178510666,0.1714131087064743,0.032712455838918686,0.024933990091085434,0.9459459185600281,0.004563400521874428
pc2,CatBoost,5030,559,0.007084340788424015,0.020796464756131172,0.0035139170940965414,0.0014777935575693846,0.9964221715927124,0.10200290102511644
pc2,ExtraTrees,5030,559,0.007069907616823912,0.019350437447428703,0.0034750173799693584,0.0023674736730754375,0.9964221715927124,0.09738737810403109
pc2,LightGBM,5030,559,0.007091765757650137,0.021009720861911774,0.003522224258631468,0.0013979377690702677,0.9964221715927124,0.09558319114148617
pc2,LinearModel,5030,559,0.007077876478433609,0.020650705322623253,0.003511367365717888,0.0011102319695055485,0.9964221715927124,0.09580389689654112
pc2,NeuralNetFastAI,5030,559,0.007109018508344889,0.02160867303609848,0.0035648923367261887,0.0020847234409302473,0.9964221715927124,0.09667723719030619
pc2,NeuralNetTorch,5030,559,0.007089380174875259,0.02018083818256855,0.0035513858310878277,0.002392970724031329,0.9964221715927124,0.09585083648562431
pc2,RandomForest,5030,559,0.007076832000166178,0.01958007924258709,0.0035348632372915745,0.002330273622646928,0.9964221715927124,0.09858412109315395
pc2,XGBoost,5030,559,0.006687615532428026,0.016345471143722534,0.0033956123515963554,0.0014097611419856548,0.9964221715927124,0.09602805599570274
pc3,CatBoost,1406,157,0.17543157935142517,0.29851531982421875,0.05197902396321297,0.0785943865776062,0.9044585824012756,0.008430317975580692
pc3,ExtraTrees,1406,157,0.16202354431152344,0.2631847858428955,0.04161318391561508,0.05788295716047287,0.8980891704559326,0.009860720485448837
pc3,LightGBM,1406,157,0.17386449873447418,0.29768627882003784,0.04495052248239517,0.0497424490749836,0.8917197585105896,0.008414230309426785
pc3,LinearModel,1406,157,0.1942492574453354,0.3369463384151459,0.04330972582101822,0.07250136137008667,0.8853503465652466,0.00839187577366829
pc3,NeuralNetFastAI,1406,157,0.18092800676822662,0.3061637580394745,0.04744301363825798,0.06902134418487549,0.8917197585105896,0.00825520046055317
pc3,NeuralNetTorch,1406,157,0.17598241567611694,0.30761730670928955,0.04565118998289108,0.06083398684859276,0.8980891704559326,0.008103316649794579
pc3,RandomForest,1406,157,0.16603979468345642,0.278818279504776,0.03546290472149849,0.05148793011903763,0.9044585824012756,0.00924077257514
pc3,XGBoost,1406,157,0.1810712218284607,0.30158305168151855,0.04898691549897194,0.06771279871463776,0.8853503465652466,0.008307374082505703
pc4,CatBoost,1312,146,0.12142236530780792,0.20300081372261047,0.02788344956934452,0.059179551899433136,0.9109588861465454,0.007884879596531391
pc4,ExtraTrees,1312,146,0.12423735857009888,0.20631852746009827,0.021257076412439346,0.05260992795228958,0.9041095972061157,0.008675722405314445
pc4,LightGBM,1312,146,0.12292537838220596,0.20522387325763702,0.024679837748408318,0.06676116585731506,0.9041095972061157,0.008052931167185307
pc4,LinearModel,1312,146,0.11352313309907913,0.18802087008953094,0.023296674713492393,0.04843970760703087,0.9246575236320496,0.008435478433966637
pc4,NeuralNetFastAI,1312,146,0.11657855659723282,0.2046068161725998,0.01924266293644905,0.05371556803584099,0.9383561611175537,0.007040027529001236
pc4,NeuralNetTorch,1312,146,0.13275720179080963,0.21532008051872253,0.031542882323265076,0.05572907626628876,0.9109588861465454,0.008591174148023129
pc4,RandomForest,1312,146,0.12421230226755142,0.19542819261550903,0.02565775252878666,0.0626550242304802,0.9178082346916199,0.0094856396317482
pc4,XGBoost,1312,146,0.13138242065906525,0.22155019640922546,0.028229020535945892,0.05988074466586113,0.9109588861465454,0.007478669285774231
philippine,CatBoost,5248,584,0.3185611367225647,0.4766838252544403,0.0210798978805542,0.05084477365016937,0.7705479264259338,0.1335246954113245
philippine,ExtraTrees,5248,584,0.31607717275619507,0.4752698540687561,0.0174090638756752,0.03861242160201073,0.7654109597206116,0.11501748021692038
philippine,LightGBM,5248,584,0.30157142877578735,0.45649227499961853,0.01802879199385643,0.03875771164894104,0.7773972749710083,0.1373636480420828
philippine,LinearModel,5248,584,0.3727412521839142,0.5556807518005371,0.01979561522603035,0.05946327745914459,0.7226027250289917,0.12320798262953758
philippine,NeuralNetFastAI,5248,584,0.3712858557701111,0.5474544763565063,0.03355695307254791,0.06822922825813293,0.7431507110595703,0.12485774513334036
philippine,NeuralNetTorch,5248,584,0.36510419845581055,0.5457150340080261,0.03120049647986889,0.05787859857082367,0.732876718044281,0.12049764767289162
philippine,RandomForest,5248,584,0.3213602304458618,0.48577880859375,0.01645180955529213,0.040134496986866,0.7619863152503967,0.1096497094258666
philippine,XGBoost,5248,584,0.2998814284801483,0.45649024844169617,0.02110949344933033,0.0525842159986496,0.7773972749710083,0.13564156461507082
phoneme,CatBoost,4863,541,0.13475114107131958,0.2202104777097702,0.01589195616543293,0.039505504071712494,0.9001848697662354,0.1608535721898079
phoneme,ExtraTrees,4863,541,0.12290063500404358,0.20002977550029755,0.011292461305856705,0.03244870528578758,0.9094269871711731,0.13176405429840088
phoneme,LightGBM,4863,541,0.13292914628982544,0.22098594903945923,0.011176753789186478,0.030611131340265274,0.9094269871711731,0.1607100972905755
phoneme,LinearModel,4863,541,0.32216620445251465,0.48310983180999756,0.02712765708565712,0.04157370701432228,0.7634010910987854,0.09364012349396944
phoneme,NeuralNetFastAI,4863,541,0.15671619772911072,0.2551896274089813,0.014670846052467823,0.03506244719028473,0.8853974342346191,0.15401881374418736
phoneme,NeuralNetTorch,4863,541,0.13934917747974396,0.2367364466190338,0.016268640756607056,0.047120433300733566,0.9112753868103027,0.1603838922455907
phoneme,RandomForest,4863,541,0.13178715109825134,0.21790802478790283,0.013494089245796204,0.03666112944483757,0.905730128288269,0.1444206004962325
phoneme,XGBoost,4863,541,0.13098914921283722,0.21818362176418304,0.013499466702342033,0.0498630627989769,0.9094269871711731,0.15143890213221312
pm10,CatBoost,450,50,0.4611102342605591,0.6540493965148926,0.11344769597053528,0.12938275933265686,0.7400000095367432,0.0016771331429481506
pm10,ExtraTrees,450,50,0.468923419713974,0.6618491411209106,0.09523403644561768,0.12151660770177841,0.699999988079071,0.0015445854514837265
pm10,LightGBM,450,50,0.45961254835128784,0.6525982022285461,0.09890662133693695,0.19261132180690765,0.699999988079071,0.0015065670013427734
pm10,LinearModel,450,50,0.49921467900276184,0.6923617720603943,0.07815208286046982,0.011537671089172363,0.5199999809265137,0.001418953761458397
pm10,NeuralNetFastAI,450,50,0.4957123100757599,0.6886962652206421,0.04781407117843628,0.04804183170199394,0.5199999809265137,0.0014989562332630157
pm10,NeuralNetTorch,450,50,0.4903889000415802,0.6829636096954346,0.07463997602462769,0.09756654500961304,0.47999998927116394,0.0015553012490272522
pm10,RandomForest,450,50,0.45108169317245483,0.6444926261901855,0.10166119039058685,0.1893368661403656,0.7200000286102295,0.0013168761506676674
pm10,XGBoost,450,50,0.46817219257354736,0.6611639261245728,0.10174933820962906,0.07384105026721954,0.699999988079071,0.001325272023677826
pollen,CatBoost,3463,385,0.4999554455280304,0.6931026577949524,0.03510440140962601,0.001280754804611206,0.5090909004211426,0.04729332681745291
pollen,ExtraTrees,3463,385,0.5004006624221802,0.6935530304908752,0.03654197230935097,0.0018592745764181018,0.4935064911842346,0.045602383092045784
pollen,LightGBM,3463,385,0.500060498714447,0.6932076811790466,0.036361321806907654,0.0036136209964752197,0.5064935088157654,0.04699717368930578
pollen,LinearModel,3463,385,0.49999144673347473,0.6931385397911072,0.028503023087978363,0.0017727315425872803,0.4987013041973114,0.047326771542429924
pollen,NeuralNetFastAI,3463,385,0.49987560510635376,0.6930227875709534,0.037445053458213806,0.0020706355571746826,0.5376623272895813,0.04578310810029507
pollen,NeuralNetTorch,3463,385,0.4999314248561859,0.6930786967277527,0.01912548765540123,0.0015703141689300537,0.5090909004211426,0.047276269644498825
pollen,RandomForest,3463,385,0.5000247359275818,0.6931719183921814,0.026570625603199005,0.004113107919692993,0.5038961172103882,0.047273822128772736
pollen,XGBoost,3463,385,0.5000261068344116,0.693173348903656,0.028709348291158676,0.001102834939956665,0.4571428596973419,0.047328569926321507
puma32H,CatBoost,7372,820,0.13068942725658417,0.20696406066417694,0.012394869700074196,0.02221888303756714,0.9085366129875183,0.4283503917977214
puma32H,ExtraTrees,7372,820,0.14247383177280426,0.2198505699634552,0.011296698823571205,0.0243107657879591,0.8951219320297241,0.38135348353534937
puma32H,LightGBM,7372,820,0.1424982100725174,0.222404345870018,0.007579147815704346,0.017770614475011826,0.8890243768692017,0.41369230952113867
puma32H,LinearModel,7372,820,0.4639967083930969,0.6566924452781677,0.02428935468196869,0.042755186557769775,0.6390243768692017,0.23897839151322842
puma32H,NeuralNetFastAI,7372,820,0.10482609272003174,0.17277947068214417,0.010403964668512344,0.02334700897336006,0.9280487895011902,0.42197463661432266
puma32H,NeuralNetTorch,7372,820,0.10897979885339737,0.18162958323955536,0.014049584977328777,0.02676786482334137,0.9219512343406677,0.41096816305071115
puma32H,RandomForest,7372,820,0.1509634256362915,0.23730702698230743,0.01415309589356184,0.04075951874256134,0.8865853548049927,0.398176402784884
puma32H,XGBoost,7372,820,0.14154762029647827,0.22546055912971497,0.010691625997424126,0.01881176419556141,0.8975609540939331,0.40471356455236673
puma8NH,CatBoost,7372,820,0.22950325906276703,0.362734317779541,0.017750917002558708,0.03303463011980057,0.8402438759803772,0.3047767039388418
puma8NH,ExtraTrees,7372,820,0.22586756944656372,0.3570438027381897,0.0157700777053833,0.038018688559532166,0.8426828980445862,0.302850560285151
puma8NH,LightGBM,7372,820,0.23074139654636383,0.3664326071739197,0.01535224262624979,0.036698393523693085,0.8414633870124817,0.30507816560566425
puma8NH,LinearModel,7372,820,0.24734441936016083,0.3908573389053345,0.018720164895057678,0.04157312214374542,0.8256097435951233,0.24084561225026846
puma8NH,NeuralNetFastAI,7372,820,0.22634871304035187,0.35752928256988525,0.017507728189229965,0.05757276341319084,0.8439024686813354,0.31849955953657627
puma8NH,NeuralNetTorch,7372,820,0.22459538280963898,0.35293349623680115,0.016383633017539978,0.049450427293777466,0.8414633870124817,0.30723157711327076
puma8NH,RandomForest,7372,820,0.22589074075222015,0.35826796293258667,0.016954485327005386,0.02657846175134182,0.8426828980445862,0.3133005788549781
puma8NH,XGBoost,7372,820,0.22888362407684326,0.36479446291923523,0.02244272083044052,0.035412661731243134,0.8439024686813354,0.28566086385399103
qsar-biodeg,CatBoost,949,106,0.17731164395809174,0.29255568981170654,0.02837902307510376,0.06626755744218826,0.8962264060974121,0.0049230121076107025
qsar-biodeg,ExtraTrees,949,106,0.18041636049747467,0.2927773594856262,0.031634602695703506,0.08497839421033859,0.8773584961891174,0.00471212062984705
qsar-biodeg,LightGBM,949,106,0.16749323904514313,0.2793808579444885,0.022122099995613098,0.08390752226114273,0.8962264060974121,0.004564655013382435
qsar-biodeg,LinearModel,949,106,0.18370074033737183,0.29675108194351196,0.037371791899204254,0.10038961470127106,0.8679245114326477,0.005045260302722454
qsar-biodeg,NeuralNetFastAI,949,106,0.1704167276620865,0.27059775590896606,0.03269604220986366,0.09834186732769012,0.8773584961891174,0.004710053093731403
qsar-biodeg,NeuralNetTorch,949,106,0.17993423342704773,0.2945673167705536,0.031163712963461876,0.0530928410589695,0.8773584961891174,0.004388733766973019
qsar-biodeg,RandomForest,949,106,0.16757947206497192,0.27631866931915283,0.02625167742371559,0.06393340229988098,0.8773584961891174,0.0043648285791277885
qsar-biodeg,XGBoost,949,106,0.172142893075943,0.2917000651359558,0.023590710014104843,0.06375148147344589,0.8867924809455872,0.004012070596218109
ringnorm,CatBoost,6660,740,0.030848663300275803,0.06453990191221237,0.0073930867947638035,0.018526839092373848,0.9824324250221252,0.33897056989371777
ringnorm,ExtraTrees,6660,740,0.033808767795562744,0.05899174511432648,0.005135103594511747,0.016601288691163063,0.9783783555030823,0.23034918867051601
ringnorm,LightGBM,6660,740,0.031185168772935867,0.06601215898990631,0.006829625926911831,0.014199191704392433,0.9824324250221252,0.33737865649163723
ringnorm,LinearModel,6660,740,0.30723661184310913,0.4617089033126831,0.01988658495247364,0.041454508900642395,0.7837837934494019,0.19511645752936602
ringnorm,NeuralNetFastAI,6660,740,0.035726264119148254,0.06900254637002945,0.006807025987654924,0.01604096032679081,0.9770269989967346,0.338006136007607
ringnorm,NeuralNetTorch,6660,740,0.030671697109937668,0.05550413951277733,0.005871851462870836,0.011483152396976948,0.9783783555030823,0.3411830961704254
ringnorm,RandomForest,6660,740,0.057358015328645706,0.10141869634389877,0.011943944729864597,0.018870966508984566,0.9635134935379028,0.29623689223080873
ringnorm,XGBoost,6660,740,0.03479968383908272,0.0731310322880745,0.00799621269106865,0.01923115737736225,0.9783783555030823,0.3354106079787016
rmftsa_ladata,CatBoost,457,51,0.1571231484413147,0.28132861852645874,0.048662640154361725,0.10873241722583771,0.9019607901573181,0.0017355475574731827
rmftsa_ladata,ExtraTrees,457,51,0.13450413942337036,0.22507457435131073,0.04044388234615326,0.1011718288064003,0.9215686321258545,0.001684362068772316
rmftsa_ladata,LightGBM,457,51,0.14930976927280426,0.25184211134910583,0.036334458738565445,0.11145959794521332,0.8823529481887817,0.0016131335869431496
rmftsa_ladata,LinearModel,457,51,0.0989777147769928,0.16921581327915192,0.021801218390464783,0.08622459322214127,0.9411764740943909,0.0016482993960380554
rmftsa_ladata,NeuralNetFastAI,457,51,0.09333019703626633,0.17775540053844452,0.03976045548915863,0.09572985768318176,0.9607843160629272,0.0015737852081656456
rmftsa_ladata,NeuralNetTorch,457,51,0.13595986366271973,0.2616477906703949,0.03677934408187866,0.10230108350515366,0.9019607901573181,0.001946968026459217
rmftsa_ladata,RandomForest,457,51,0.15504787862300873,0.2561827600002289,0.031815268099308014,0.0758831650018692,0.8823529481887817,0.0016650520265102386
rmftsa_ladata,XGBoost,457,51,0.1336325705051422,0.2519884407520294,0.03804633021354675,0.11692070960998535,0.9411764740943909,0.0015615765005350113
spambase,CatBoost,4140,461,0.08386421948671341,0.15665923058986664,0.028689533472061157,0.034566961228847504,0.9501084685325623,0.12554695270955563
spambase,ExtraTrees,4140,461,0.09029066562652588,0.16758354008197784,0.025627845898270607,0.03263549879193306,0.9479392766952515,0.1072940044105053
spambase,LightGBM,4140,461,0.08929368108510971,0.16769571602344513,0.029754243791103363,0.03981431946158409,0.9414316415786743,0.1308874860405922
spambase,LinearModel,4140,461,0.10594908893108368,0.18984463810920715,0.02865169569849968,0.03441648930311203,0.9284164905548096,0.12396037485450506
spambase,NeuralNetFastAI,4140,461,0.09313733875751495,0.17262697219848633,0.020350372418761253,0.032111942768096924,0.9392624497413635,0.12860580813139677
spambase,NeuralNetTorch,4140,461,0.09090972691774368,0.16971398890018463,0.028371207416057587,0.03226298466324806,0.9414316415786743,0.1274168761447072
spambase,RandomForest,4140,461,0.09251440316438675,0.170110821723938,0.030455179512500763,0.03770105540752411,0.9370932579040527,0.11863956321030855
spambase,XGBoost,4140,461,0.09472190588712692,0.16510489583015442,0.0330999456346035,0.043761540204286575,0.9327548742294312,0.13333559408783913
sylvine,CatBoost,4611,513,0.09041957557201385,0.16784945130348206,0.02851765602827072,0.028008081018924713,0.9415204524993896,0.1670857910066843
sylvine,ExtraTrees,4611,513,0.09059303998947144,0.1585770696401596,0.022429265081882477,0.03278660774230957,0.9376218318939209,0.14120010379701853
sylvine,LightGBM,4611,513,0.09066243469715118,0.16286611557006836,0.02515432983636856,0.0344819650053978,0.9376218318939209,0.169016239233315
sylvine,LinearModel,4611,513,0.15473949909210205,0.26632624864578247,0.023144472390413284,0.039554428309202194,0.8947368264198303,0.15066327899694443
sylvine,NeuralNetFastAI,4611,513,0.09973172098398209,0.1784963458776474,0.026990050449967384,0.0365024171769619,0.9376218318939209,0.16565312631428242
sylvine,NeuralNetTorch,4611,513,0.10092034935951233,0.18035577237606049,0.025995075702667236,0.035547129809856415,0.9337232112884521,0.16331706382334232
sylvine,RandomForest,4611,513,0.11230386793613434,0.19263501465320587,0.023893751204013824,0.032744817435741425,0.9259259104728699,0.13119759410619736
sylvine,XGBoost,4611,513,0.08958577364683151,0.16281066834926605,0.02516494318842888,0.031102877110242844,0.9395711421966553,0.16728605702519417
tokyo1,CatBoost,863,96,0.07928881794214249,0.13429255783557892,0.02643890678882599,0.048340294510126114,0.9166666865348816,0.004026358015835285
tokyo1,ExtraTrees,863,96,0.07853444665670395,0.1308581531047821,0.020605072379112244,0.06936298310756683,0.9375,0.005344563163816929
tokyo1,LightGBM,863,96,0.10860542207956314,0.1794341653585434,0.03249285742640495,0.041638072580099106,0.9166666865348816,0.003772241063416004
tokyo1,LinearModel,863,96,0.13560961186885834,0.2182544320821762,0.04102541506290436,0.07305579632520676,0.90625,0.0054437629878520966
tokyo1,NeuralNetFastAI,863,96,0.08840899914503098,0.13296890258789062,0.01675662025809288,0.04983216151595116,0.9270833134651184,0.004913897253572941
tokyo1,NeuralNetTorch,863,96,0.06966385990381241,0.11864205449819565,0.017302170395851135,0.03684993460774422,0.9583333134651184,0.00553514901548624
tokyo1,RandomForest,863,96,0.08327961713075638,0.1267600804567337,0.02777898497879505,0.050532326102256775,0.9166666865348816,0.005126365460455418
tokyo1,XGBoost,863,96,0.10890689492225647,0.17609328031539917,0.03146336227655411,0.05292261391878128,0.9166666865348816,0.0038061095401644707
twonorm,CatBoost,6660,740,0.03254005312919617,0.057468660175800323,0.007351383566856384,0.014350407756865025,0.9770269989967346,0.340260392986238
twonorm,ExtraTrees,6660,740,0.033348094671964645,0.06003527343273163,0.011277598328888416,0.014825443737208843,0.9797297120094299,0.22595236916095018
twonorm,LightGBM,6660,740,0.03414108604192734,0.0618576817214489,0.009077624417841434,0.015355905517935753,0.9797297120094299,0.3390732752159238
twonorm,LinearModel,6660,740,0.02945271134376526,0.057784486562013626,0.008007045835256577,0.015065500512719154,0.9810810685157776,0.3288193913176656
twonorm,NeuralNetFastAI,6660,740,0.03152093291282654,0.06035251170396805,0.010047614574432373,0.012865613214671612,0.9783783555030823,0.3420034795999527
twonorm,NeuralNetTorch,6660,740,0.02986888401210308,0.05641879513859749,0.00874197855591774,0.014833014458417892,0.9797297120094299,0.34332648385316133
twonorm,RandomForest,6660,740,0.031713664531707764,0.06035236641764641,0.00880978163331747,0.016913602128624916,0.9783783555030823,0.23888471629470587
twonorm,XGBoost,6660,740,0.0360114760696888,0.0643267035484314,0.00885780155658722,0.011260628700256348,0.9770269989967346,0.3420001696795225
visualizing_soil,CatBoost,7776,865,1.2287824484809389e-31,0.0,1.1918715578920405e-17,7.777107668971439e-08,1.0,0.44644023291766644
visualizing_soil,ExtraTrees,7776,865,1.3217023479228374e-05,9.089305240195245e-05,8.744001388549805e-05,8.748414256842807e-05,1.0,0.43517959769815207
visualizing_soil,LightGBM,7776,865,3.8894514774909686e-24,0.0,6.705576306893779e-14,7.777107668971439e-08,1.0,0.3904369957745075
visualizing_soil,LinearModel,7776,865,0.00012393001816235483,0.0003044356417376548,0.0002676844596862793,0.00026772639830596745,1.0,0.4119534017518163
visualizing_soil,NeuralNetFastAI,7776,865,4.343834370956756e-05,0.0002777171030174941,0.00019622707623057067,0.0002659379388205707,1.0,0.43875296134501696
visualizing_soil,NeuralNetTorch,7776,865,2.4206487508893204e-12,7.78644206889112e-08,7.608650776091963e-08,9.394613442736954e-08,1.0,0.4180170278996229
visualizing_soil,RandomForest,7776,865,1.0656538450065298e-15,1.3781420449276993e-10,1.1671185129458195e-09,7.777107668971439e-08,1.0,0.41206951439380646
visualizing_soil,XGBoost,7776,865,0.0,0.0,0.0,7.777107668971439e-08,1.0,0.38468997832387686
wilt,CatBoost,4355,484,0.0337417908012867,0.07494858652353287,0.010006328113377094,0.014404267072677612,0.9814049601554871,0.08558189310133457
wilt,ExtraTrees,4355,484,0.03198639303445816,0.06123596057295799,0.008274182677268982,0.014919989742338657,0.9814049601554871,0.08695176709443331
wilt,LightGBM,4355,484,0.03063117153942585,0.06656764447689056,0.008222716860473156,0.015576589852571487,0.9814049601554871,0.08577647712081671
wilt,LinearModel,4355,484,0.03257256746292114,0.060001175850629807,0.012923341244459152,0.01723272167146206,0.9793388247489929,0.08730026427656412
wilt,NeuralNetFastAI,4355,484,0.023892702534794807,0.04457370564341545,0.007596314884722233,0.015651172026991844,0.9834710955619812,0.0867754565551877
wilt,NeuralNetTorch,4355,484,0.02727869153022766,0.04867789149284363,0.008291586302220821,0.015864279121160507,0.9814049601554871,0.0897595165297389
wilt,RandomForest,4355,484,0.03624625504016876,0.06991339474916458,0.011149220168590546,0.015035518445074558,0.9752066135406494,0.08899701572954655
wilt,XGBoost,4355,484,0.03988892212510109,0.08765606582164764,0.015654301270842552,0.023045582696795464,0.9793388247489929,0.09001889545470476
wind,CatBoost,5916,658,0.18036463856697083,0.29120755195617676,0.015581381507217884,0.040562957525253296,0.8677811622619629,0.2345448974519968
wind,ExtraTrees,5916,658,0.1870560348033905,0.3020806908607483,0.013791285455226898,0.04068620502948761,0.8677811622619629,0.20898673497140408
wind,LightGBM,5916,658,0.1785920411348343,0.2876313626766205,0.017896384000778198,0.03614560514688492,0.8723404407501221,0.23305230867117643
wind,LinearModel,5916,658,0.1977379322052002,0.3162899315357208,0.015048883855342865,0.031202873215079308,0.8556231260299683,0.22374745458364487
wind,NeuralNetFastAI,5916,658,0.1735772341489792,0.2797653377056122,0.012697968631982803,0.030007431283593178,0.8814589381217957,0.23986116517335176
wind,NeuralNetTorch,5916,658,0.17449826002120972,0.28194230794906616,0.013204291462898254,0.027504075318574905,0.8784194588661194,0.23161137010902166
wind,RandomForest,5916,658,0.19000764191150665,0.3107143044471741,0.009854141622781754,0.03057679906487465,0.8708206415176392,0.22224953677505255
wind,XGBoost,5916,658,0.18061308562755585,0.29343536496162415,0.012976638972759247,0.0333794541656971,0.869300901889801,0.2301127528771758
