dataset,model,cal_size,test_size,LightGBM_brier,LightGBM_logloss,LightGBM_kuiper,LightGBM_ece-15,LightGBM_accuracy,LightGBM_time
2dplanes,CatBoost,36691,4077,0.09470734334069399,0.15078689330598055,0.008685322478413582,0.009174622595310211,0.9261711835861206,0.7591114938259125
2dplanes,ExtraTrees,36691,4077,0.09472357851597844,0.1521006575738659,0.004856221377849579,0.004405708983540535,0.9251900911331177,0.7630675109103322
2dplanes,LightGBM,36691,4077,0.09429497462128235,0.1508427458134907,0.005038305651396513,0.005960864946246147,0.9278881549835205,0.7323123030364513
2dplanes,LinearModel,36691,4077,0.22526446838132488,0.34926641210748854,0.009729438461363316,0.026791159063577652,0.843021810054779,0.7526517389342189
2dplanes,NeuralNetFastAI,36691,4077,0.09413957728259396,0.1502255489751317,0.004717548377811909,0.004100786987692118,0.9305862188339233,0.7288634851574898
2dplanes,NeuralNetTorch,36691,4077,0.09428037164649233,0.1513745734589452,0.003080405294895172,0.005928369238972664,0.9315673112869263,0.7400010842829943
2dplanes,RandomForest,36691,4077,0.09419643468098718,0.15277622324443157,0.0038039609789848328,0.005127456039190292,0.9323031902313232,0.7490277988836169
2dplanes,XGBoost,36691,4077,0.09426779595129002,0.15053789347753424,0.0045178234577178955,0.006011784076690674,0.9271523356437683,0.7504061022773385
APSFailure,CatBoost,68400,7600,0.007796478123630507,0.015559352317654316,0.0011251682881265879,0.0014117680257186294,0.9952631592750549,1.1732268370687962
APSFailure,ExtraTrees,68400,7600,0.009371426888321557,0.018128012075035147,0.001151363248936832,0.0018366212025284767,0.9940789341926575,1.098669996485114
APSFailure,LightGBM,68400,7600,0.00778016552613159,0.015313696376181489,0.0013142493553459644,0.0010963104432448745,0.9951315522193909,1.190618496388197
APSFailure,LinearModel,68400,7600,0.011760816396364568,0.022617800234566478,0.0016079809283837676,0.0021352109033614397,0.99289470911026,1.1407664958387613
APSFailure,NeuralNetFastAI,68400,7600,0.009335411079345728,0.0175180829668956,0.0014452878385782242,0.001965793315321207,0.9939473867416382,1.1674303179606795
APSFailure,NeuralNetTorch,68400,7600,0.011274741643386136,0.021714603080545226,0.0014578952686861157,0.0030272696167230606,0.9931579232215881,1.2439748337492347
APSFailure,RandomForest,68400,7600,0.007895393584785354,0.01608966647137048,0.0011729535181075335,0.002395705319941044,0.9948683977127075,1.0109096094965935
APSFailure,XGBoost,68400,7600,0.007700521234896955,0.015244456409660193,0.0010125929256901145,0.0016233695205301046,0.9952631592750549,1.1742764934897423
Amazon_employee_access,CatBoost,29492,3277,0.07228241905351408,0.13449823078931714,0.004208747763186693,0.010002541355788708,0.9527006149291992,0.5365105615928769
Amazon_employee_access,ExtraTrees,29492,3277,0.07896159272599093,0.1484526235735347,0.005892151966691017,0.009771892800927162,0.9490387439727783,0.4830628056079149
Amazon_employee_access,LightGBM,29492,3277,0.07923479592731643,0.15122353620626677,0.004174873232841492,0.011038947850465775,0.9487335681915283,0.501787050627172
Amazon_employee_access,LinearModel,29492,3277,0.08332934407256322,0.15637851719018514,0.004114938899874687,0.006805913057178259,0.9462923407554626,0.4940592162311077
Amazon_employee_access,NeuralNetFastAI,29492,3277,0.08332742904569693,0.1552365213478199,0.0038969595916569233,0.010586665011942387,0.9459871649742126,0.5175033006817102
Amazon_employee_access,NeuralNetTorch,29492,3277,0.0855908923972056,0.1611098574185587,0.007658615708351135,0.012203709222376347,0.9453768730163574,0.5353534612804651
Amazon_employee_access,RandomForest,29492,3277,0.07540521519005508,0.14274593788933632,0.0064993384294211864,0.013851575553417206,0.9511748552322388,0.5189073774963617
Amazon_employee_access,XGBoost,29492,3277,0.075280013678333,0.14402686131091116,0.0044691720977425575,0.009395822882652283,0.951785147190094,0.5277385665103793
Australian,CatBoost,621,69,0.1908859958732624,0.3358118249661999,0.05575818195939064,0.08909586071968079,0.8840579986572266,0.044807485304772854
Australian,ExtraTrees,621,69,0.17650110577907285,0.3034007112066458,0.05602741986513138,0.10970640182495117,0.8695651888847351,0.04095973540097475
Australian,LightGBM,621,69,0.18445438180443735,0.3237427733670028,0.0686158537864685,0.09942857176065445,0.8550724387168884,0.040216848254203796
Australian,LinearModel,621,69,0.16465631483585957,0.2984632324037403,0.07593103498220444,0.13005037605762482,0.9130434989929199,0.03993414808064699
Australian,NeuralNetFastAI,621,69,0.15739022687648394,0.28514879668501253,0.07156707346439362,0.10331664979457855,0.8985507488250732,0.04313707910478115
Australian,NeuralNetTorch,621,69,0.17223604216044322,0.2911064651298002,0.061954569071531296,0.10757413506507874,0.8840579986572266,0.04171410948038101
Australian,RandomForest,621,69,0.16736244252994623,0.2920864455876519,0.04366227239370346,0.07075580209493637,0.8550724387168884,0.039044611155986786
Australian,XGBoost,621,69,0.15320588579329633,0.27082289250065195,0.04600747302174568,0.08604960888624191,0.8985507488250732,0.04355337470769882
Bioresponse,CatBoost,3375,376,0.28298720190433335,0.4434195048078017,0.023545462638139725,0.05254625156521797,0.813829779624939,0.10494849272072315
Bioresponse,ExtraTrees,3375,376,0.28743736066298,0.4454354430033524,0.02439916878938675,0.04788624122738838,0.8005319237709045,0.09378128312528133
Bioresponse,LightGBM,3375,376,0.2815863033862666,0.4398716229218105,0.032264649868011475,0.06107468903064728,0.8164893388748169,0.10152141284197569
Bioresponse,LinearModel,3375,376,0.37305547616726015,0.559199970600285,0.05205279216170311,0.08713655918836594,0.7340425252914429,0.08590134512633085
Bioresponse,NeuralNetFastAI,3375,376,0.2881066971814985,0.44607888143119845,0.023317590355873108,0.04460567608475685,0.7765957713127136,0.10293224826455116
Bioresponse,NeuralNetTorch,3375,376,0.29920164812565375,0.46230753125984453,0.03120575100183487,0.053513288497924805,0.7765957713127136,0.094783715903759
Bioresponse,RandomForest,3375,376,0.28411772246946676,0.4407563255811262,0.028864020481705666,0.06603190302848816,0.8085106611251831,0.1006781542673707
Bioresponse,XGBoost,3375,376,0.2781163442528106,0.4377580140380248,0.029500756412744522,0.05177251622080803,0.8164893388748169,0.09902968816459179
Click_prediction_small,CatBoost,35953,3995,0.25355657722591585,0.41211170392224894,0.008575881831347942,0.012861895374953747,0.8362953662872314,0.659130091778934
Click_prediction_small,ExtraTrees,35953,3995,0.2603019033454063,0.4208959062044364,0.006808284670114517,0.008701277896761894,0.8340425491333008,0.6779572200030088
Click_prediction_small,LightGBM,35953,3995,0.25808838138478946,0.4188120268552497,0.007322445511817932,0.010160870850086212,0.8370463252067566,0.6461597802117467
Click_prediction_small,LinearModel,35953,3995,0.26106509617812734,0.4241666069847133,0.013183480128645897,0.020172717049717903,0.8350437879562378,0.63647654466331
Click_prediction_small,NeuralNetFastAI,35953,3995,0.2587562839773606,0.42038470711144754,0.009395994246006012,0.007465988863259554,0.8372966051101685,0.6233864882960916
Click_prediction_small,NeuralNetTorch,35953,3995,0.25924440802771226,0.41818051381469123,0.005567554384469986,0.00529533950611949,0.8345431685447693,0.6371083417907357
Click_prediction_small,RandomForest,35953,3995,0.25919821865869763,0.4181880217452338,0.005249788984656334,0.009677339345216751,0.8340425491333008,0.6620904076844454
Click_prediction_small,XGBoost,35953,3995,0.2576511905761469,0.4170123088573972,0.00738728791475296,0.012679312378168106,0.8362953662872314,0.6570392306894064
GAMETES_Epistasis_2-Way_1000atts_0_4H_EDM-1_EDM-1_1,CatBoost,1440,160,0.42611294921528187,0.6180940909253239,0.1009698212146759,0.1409536600112915,0.731249988079071,0.05388573184609413
GAMETES_Epistasis_2-Way_1000atts_0_4H_EDM-1_EDM-1_1,ExtraTrees,1440,160,0.4993891413159382,0.6925433087171315,0.06708137691020966,0.025806356221437454,0.518750011920929,0.0373504813760519
GAMETES_Epistasis_2-Way_1000atts_0_4H_EDM-1_EDM-1_1,LightGBM,1440,160,0.5143213325826462,0.707500998325479,0.09586212038993835,0.05690070241689682,0.36250001192092896,0.04005978815257549
GAMETES_Epistasis_2-Way_1000atts_0_4H_EDM-1_EDM-1_1,LinearModel,1440,160,0.5035440188618177,0.6966915847751163,0.07141777873039246,0.0046196081675589085,0.4375,0.043123011477291584
GAMETES_Epistasis_2-Way_1000atts_0_4H_EDM-1_EDM-1_1,NeuralNetFastAI,1440,160,0.49992360834436333,0.6930622322507538,0.06645403802394867,0.03304275497794151,0.4749999940395355,0.04497568402439356
GAMETES_Epistasis_2-Way_1000atts_0_4H_EDM-1_EDM-1_1,NeuralNetTorch,1440,160,0.5015650191382115,0.694711357749263,0.053531333804130554,0.006632569711655378,0.48124998807907104,0.03856831602752209
GAMETES_Epistasis_2-Way_1000atts_0_4H_EDM-1_EDM-1_1,RandomForest,1440,160,0.5020098527742934,0.6951589669612733,0.10132171213626862,0.010558608919382095,0.45625001192092896,0.03446361422538757
GAMETES_Epistasis_2-Way_1000atts_0_4H_EDM-1_EDM-1_1,XGBoost,1440,160,0.4990975703325976,0.6922417412677042,0.03238210082054138,0.003296764101833105,0.53125,0.03745325468480587
GAMETES_Epistasis_2-Way_20atts_0_1H_EDM-1_1,CatBoost,1440,160,0.414393924785021,0.6041431369939997,0.04665672779083252,0.06021862104535103,0.699999988079071,0.050945088267326355
GAMETES_Epistasis_2-Way_20atts_0_1H_EDM-1_1,ExtraTrees,1440,160,0.46670394794381853,0.6594428402923567,0.06516453623771667,0.10794766992330551,0.6312500238418579,0.0428650202229619
GAMETES_Epistasis_2-Way_20atts_0_1H_EDM-1_1,LightGBM,1440,160,0.44826833627918206,0.6397388670633382,0.05314724147319794,0.09401366114616394,0.6625000238418579,0.05184370093047619
GAMETES_Epistasis_2-Way_20atts_0_1H_EDM-1_1,LinearModel,1440,160,0.4975319453690027,0.6906710324773848,0.0389607809484005,0.011977174319326878,0.53125,0.04661486763507128
GAMETES_Epistasis_2-Way_20atts_0_1H_EDM-1_1,NeuralNetFastAI,1440,160,0.4150085868187051,0.6046406159415522,0.047183096408843994,0.07556791603565216,0.699999988079071,0.049887245520949364
GAMETES_Epistasis_2-Way_20atts_0_1H_EDM-1_1,NeuralNetTorch,1440,160,0.4114869822770828,0.6017821948799967,0.07198354601860046,0.07713628560304642,0.731249988079071,0.04775191564112902
GAMETES_Epistasis_2-Way_20atts_0_1H_EDM-1_1,RandomForest,1440,160,0.4845054428633473,0.6774561991324429,0.04079052805900574,0.03045753948390484,0.5874999761581421,0.0431317500770092
GAMETES_Epistasis_2-Way_20atts_0_1H_EDM-1_1,XGBoost,1440,160,0.4441402698314258,0.6351234044456527,0.052457042038440704,0.08238862454891205,0.643750011920929,0.05143945664167404
GAMETES_Epistasis_2-Way_20atts_0_4H_EDM-1_1,CatBoost,1440,160,0.294725655315742,0.4519777737105639,0.03724602609872818,0.08619698137044907,0.793749988079071,0.06033746711909771
GAMETES_Epistasis_2-Way_20atts_0_4H_EDM-1_1,ExtraTrees,1440,160,0.3922891410375053,0.5757333615828538,0.03845211863517761,0.04662724584341049,0.699999988079071,0.05219180416315794
GAMETES_Epistasis_2-Way_20atts_0_4H_EDM-1_1,LightGBM,1440,160,0.3081815107255669,0.4644539392583608,0.020968731492757797,0.06322377175092697,0.768750011920929,0.060211025178432465
GAMETES_Epistasis_2-Way_20atts_0_4H_EDM-1_1,LinearModel,1440,160,0.5052090656996079,0.6983934348947873,0.04189779609441757,0.04954510182142258,0.5,0.04225786682218313
GAMETES_Epistasis_2-Way_20atts_0_4H_EDM-1_1,NeuralNetFastAI,1440,160,0.2847388774951932,0.4384160218180866,0.050486668944358826,0.02009614184498787,0.793749988079071,0.059377013705670834
GAMETES_Epistasis_2-Way_20atts_0_4H_EDM-1_1,NeuralNetTorch,1440,160,0.2976814095119013,0.457972724920886,0.030105305835604668,0.0437496043741703,0.78125,0.05780186224728823
GAMETES_Epistasis_2-Way_20atts_0_4H_EDM-1_1,RandomForest,1440,160,0.3936513727504164,0.580431694238681,0.02533692494034767,0.05237114802002907,0.699999988079071,0.05487319175153971
GAMETES_Epistasis_2-Way_20atts_0_4H_EDM-1_1,XGBoost,1440,160,0.337973834252952,0.51036837684912,0.033023905009031296,0.0975523367524147,0.7437499761581421,0.05629437696188688
GAMETES_Epistasis_3-Way_20atts_0_2H_EDM-1_1,CatBoost,1440,160,0.3925584177532576,0.570632207625166,0.03098667412996292,0.058546584099531174,0.6625000238418579,0.05631351098418236
GAMETES_Epistasis_3-Way_20atts_0_2H_EDM-1_1,ExtraTrees,1440,160,0.5025191866684114,0.6962310747252707,0.0374143123626709,0.05274929851293564,0.5625,0.04492445848882198
GAMETES_Epistasis_3-Way_20atts_0_2H_EDM-1_1,LightGBM,1440,160,0.4908799547507227,0.6840473127245755,0.051019832491874695,0.0992286428809166,0.581250011920929,0.04360600654035807
GAMETES_Epistasis_3-Way_20atts_0_2H_EDM-1_1,LinearModel,1440,160,0.497778635953262,0.690917539840323,0.03836865723133087,0.01210117433220148,0.512499988079071,0.037275186739861965
GAMETES_Epistasis_3-Way_20atts_0_2H_EDM-1_1,NeuralNetFastAI,1440,160,0.3978896374143632,0.5685321453338004,0.05347271263599396,0.08508411049842834,0.643750011920929,0.053953091613948345
GAMETES_Epistasis_3-Way_20atts_0_2H_EDM-1_1,NeuralNetTorch,1440,160,0.4349579634603254,0.6235671127965075,0.046161700040102005,0.06537806242704391,0.643750011920929,0.05307160411030054
GAMETES_Epistasis_3-Way_20atts_0_2H_EDM-1_1,RandomForest,1440,160,0.49656063340188616,0.6897424286814816,0.043930113315582275,0.10086838901042938,0.574999988079071,0.042373293079435825
GAMETES_Epistasis_3-Way_20atts_0_2H_EDM-1_1,XGBoost,1440,160,0.5003267296162894,0.6936234295703525,0.0720602422952652,0.09818770736455917,0.5375000238418579,0.043756093829870224
GAMETES_Heterogeneity_20atts_1600_Het_0_4_0_2_50_EDM-2_001,CatBoost,1440,160,0.41249059234445384,0.5799327446779473,0.06635641306638718,0.12376362830400467,0.6499999761581421,0.05873464420437813
GAMETES_Heterogeneity_20atts_1600_Het_0_4_0_2_50_EDM-2_001,ExtraTrees,1440,160,0.4874636662223164,0.6836603985036677,0.04713812470436096,0.09958516061306,0.6187499761581421,0.05037995148450136
GAMETES_Heterogeneity_20atts_1600_Het_0_4_0_2_50_EDM-2_001,LightGBM,1440,160,0.4586366775195841,0.64919405905794,0.065775066614151,0.0862651914358139,0.6312500238418579,0.0585676459595561
GAMETES_Heterogeneity_20atts_1600_Het_0_4_0_2_50_EDM-2_001,LinearModel,1440,160,0.5015410390533533,0.6946567717853205,0.08525735139846802,0.04030655324459076,0.4749999940395355,0.03955314960330725
GAMETES_Heterogeneity_20atts_1600_Het_0_4_0_2_50_EDM-2_001,NeuralNetFastAI,1440,160,0.4392595612257583,0.6186532750281407,0.06816694140434265,0.12260165810585022,0.606249988079071,0.05415613390505314
GAMETES_Heterogeneity_20atts_1600_Het_0_4_0_2_50_EDM-2_001,NeuralNetTorch,1440,160,0.4496758585160122,0.6319252584015066,0.08228274434804916,0.14857500791549683,0.625,0.06025474239140749
GAMETES_Heterogeneity_20atts_1600_Het_0_4_0_2_50_EDM-2_001,RandomForest,1440,160,0.49349862597588956,0.690644650771949,0.0547122061252594,0.11949286609888077,0.6000000238418579,0.06090192124247551
GAMETES_Heterogeneity_20atts_1600_Het_0_4_0_2_50_EDM-2_001,XGBoost,1440,160,0.46453210760736924,0.6592075196212734,0.0539388433098793,0.08127761632204056,0.612500011920929,0.055231557227671146
GAMETES_Heterogeneity_20atts_1600_Het_0_4_0_2_75_EDM-2_001,CatBoost,1440,160,0.38048905448079895,0.5555219530563495,0.039787426590919495,0.08613427728414536,0.699999988079071,0.05962062906473875
GAMETES_Heterogeneity_20atts_1600_Het_0_4_0_2_75_EDM-2_001,ExtraTrees,1440,160,0.4091911811121808,0.597823355145542,0.03793764114379883,0.060488197952508926,0.699999988079071,0.05100566428154707
GAMETES_Heterogeneity_20atts_1600_Het_0_4_0_2_75_EDM-2_001,LightGBM,1440,160,0.3928161052392392,0.5802073641298163,0.03997519612312317,0.0603829026222229,0.699999988079071,0.05666098929941654
GAMETES_Heterogeneity_20atts_1600_Het_0_4_0_2_75_EDM-2_001,LinearModel,1440,160,0.4977278585643893,0.6908740161287923,0.05471453070640564,0.05444012209773064,0.5687500238418579,0.040923651307821274
GAMETES_Heterogeneity_20atts_1600_Het_0_4_0_2_75_EDM-2_001,NeuralNetFastAI,1440,160,0.38239669885140526,0.5644464058704888,0.041919589042663574,0.08124109357595444,0.6812499761581421,0.05563788674771786
GAMETES_Heterogeneity_20atts_1600_Het_0_4_0_2_75_EDM-2_001,NeuralNetTorch,1440,160,0.36698952221831865,0.5496039951658434,0.06575241684913635,0.07351158559322357,0.706250011920929,0.05243228282779455
GAMETES_Heterogeneity_20atts_1600_Het_0_4_0_2_75_EDM-2_001,RandomForest,1440,160,0.40616358704571287,0.5931896500905566,0.031567275524139404,0.07868146896362305,0.6937500238418579,0.0563926612958312
GAMETES_Heterogeneity_20atts_1600_Het_0_4_0_2_75_EDM-2_001,XGBoost,1440,160,0.40252950152889644,0.587717214786014,0.04371025413274765,0.0898175835609436,0.6812499761581421,0.060100420378148556
Internet-Advertisements,CatBoost,2951,328,0.043224636400568825,0.09186267257931185,0.0142325758934021,0.015419885516166687,0.9756097793579102,0.09421961009502411
Internet-Advertisements,ExtraTrees,2951,328,0.03005782250159795,0.07221158107944818,0.010018476285040379,0.014217394404113293,0.9817073345184326,0.09331484884023666
Internet-Advertisements,LightGBM,2951,328,0.043599610049541035,0.08450175427483125,0.01287020742893219,0.01367184054106474,0.9756097793579102,0.09343354310840368
Internet-Advertisements,LinearModel,2951,328,0.06343840062028319,0.13437608158868988,0.012682557106018066,0.0281965509057045,0.9603658318519592,0.09108987916260958
Internet-Advertisements,NeuralNetFastAI,2951,328,0.05441501737684098,0.11329796553568049,0.013533610850572586,0.025161240249872208,0.9664633870124817,0.09140067268162966
Internet-Advertisements,NeuralNetTorch,2951,328,0.04915948118985624,0.1039343500976655,0.015494213439524174,0.02133551612496376,0.9725610017776489,0.09637245256453753
Internet-Advertisements,RandomForest,2951,328,0.03912057404214207,0.07952749563900924,0.011453211307525635,0.017657531425356865,0.9786585569381714,0.08988604508340359
Internet-Advertisements,XGBoost,2951,328,0.05059448887086416,0.09800417106018212,0.011826902627944946,0.01671486161649227,0.9695122241973877,0.09700025524944067
OVA_Colon,CatBoost,1390,155,0.0741038859098585,0.1658552963946246,0.019541461020708084,0.035311535000801086,0.9612902998924255,0.06386186927556992
OVA_Colon,ExtraTrees,1390,155,0.06874178574696997,0.1468398458538098,0.018840491771697998,0.03370102494955063,0.9612902998924255,0.06220957823097706
OVA_Colon,LightGBM,1390,155,0.06064230502190977,0.12795376562244498,0.0133993960916996,0.02643459290266037,0.9677419066429138,0.0639275386929512
OVA_Colon,LinearModel,1390,155,0.06670435131109137,0.14952781027017428,0.01538483053445816,0.02615957520902157,0.9677419066429138,0.0544644920155406
OVA_Colon,NeuralNetFastAI,1390,155,0.08753012315859957,0.1960022436216525,0.026114769279956818,0.05523011088371277,0.9612902998924255,0.06569941435009241
OVA_Colon,NeuralNetTorch,1390,155,0.08930702301409928,0.1951182456750825,0.032154783606529236,0.06677602231502533,0.9290322661399841,0.06207711901515722
OVA_Colon,RandomForest,1390,155,0.08714053866970417,0.18877098303864842,0.018634140491485596,0.04448333755135536,0.948387086391449,0.06373185478150845
OVA_Colon,XGBoost,1390,155,0.07459839629325687,0.17047354786437702,0.019351664930582047,0.03234105557203293,0.9548386931419373,0.06336598377674818
OVA_Endometrium,CatBoost,1390,155,0.054850154266495005,0.10046005883865027,0.017976155504584312,0.026494426652789116,0.9677419066429138,0.05400147195905447
OVA_Endometrium,ExtraTrees,1390,155,0.059356734930914805,0.1169767135310462,0.01550767570734024,0.026527702808380127,0.9612902998924255,0.05778358597308397
OVA_Endometrium,LightGBM,1390,155,0.04759906514481537,0.09367070860788185,0.016777582466602325,0.02779841423034668,0.9612902998924255,0.052685054019093513
OVA_Endometrium,LinearModel,1390,155,0.038831593636468514,0.0686327575840234,0.015341673046350479,0.01916712522506714,0.9677419066429138,0.053345815278589725
OVA_Endometrium,NeuralNetFastAI,1390,155,0.04810814234151442,0.08296957186417708,0.014314493164420128,0.017696350812911987,0.9677419066429138,0.05428816843777895
OVA_Endometrium,NeuralNetTorch,1390,155,0.04483164606207824,0.09377814673046814,0.011257394216954708,0.0177531186491251,0.9741935729980469,0.05605397932231426
OVA_Endometrium,RandomForest,1390,155,0.05400537902839486,0.1107237125472036,0.020729225128889084,0.0401376448571682,0.9677419066429138,0.054383943788707256
OVA_Endometrium,XGBoost,1390,155,0.04701276500961774,0.08573356450549456,0.014625432901084423,0.029943495988845825,0.9612902998924255,0.05313376896083355
OVA_Kidney,CatBoost,1390,155,0.016099345495494136,0.04792420627025062,0.013939445838332176,0.016572603955864906,0.9935483932495117,0.0625051399692893
OVA_Kidney,ExtraTrees,1390,155,0.016013418717742846,0.04659778456310381,0.01335996389389038,0.017769144847989082,0.9935483932495117,0.0656049083918333
OVA_Kidney,LightGBM,1390,155,0.014720939054893908,0.0461371514159118,0.012766756117343903,0.014494516886770725,0.9935483932495117,0.06489653885364532
OVA_Kidney,LinearModel,1390,155,0.015496572072799886,0.04330358454256648,0.012842091731727123,0.0121657969430089,0.9935483932495117,0.058402543887495995
OVA_Kidney,NeuralNetFastAI,1390,155,0.019936906152324105,0.04875500343716343,0.014313098043203354,0.022745706140995026,0.9935483932495117,0.06125390622764826
OVA_Kidney,NeuralNetTorch,1390,155,0.018313174561450818,0.050125736444282656,0.01981116086244583,0.02256479673087597,0.9935483932495117,0.05916997231543064
OVA_Kidney,RandomForest,1390,155,0.015502025168460082,0.0471606050622379,0.014135393314063549,0.01747668907046318,0.9935483932495117,0.061033811420202255
OVA_Kidney,XGBoost,1390,155,0.016259704201184975,0.04642557807719833,0.012630997225642204,0.01655120588839054,0.9935483932495117,0.06413167715072632
OVA_Lung,CatBoost,1390,155,0.01479069803192585,0.05462044912108248,0.010630633682012558,0.010203482583165169,0.9935483932495117,0.05876860860735178
OVA_Lung,ExtraTrees,1390,155,0.024732086213482767,0.06347588598184058,0.010969853028655052,0.016356145963072777,0.9870967864990234,0.058613729663193226
OVA_Lung,LightGBM,1390,155,0.01935009480297777,0.059963234708062675,0.017523081973195076,0.01595686376094818,0.9870967864990234,0.06114291679114103
OVA_Lung,LinearModel,1390,155,0.03268641313524681,0.07057779736941124,0.014219574630260468,0.014477272517979145,0.9806451797485352,0.058473420329391956
OVA_Lung,NeuralNetFastAI,1390,155,0.03414567839119868,0.07269566424374578,0.011021262966096401,0.016603892669081688,0.9741935729980469,0.06230266112834215
OVA_Lung,NeuralNetTorch,1390,155,0.02601181896712857,0.07098768498485977,0.012999564409255981,0.010877955704927444,0.9870967864990234,0.0611355472356081
OVA_Lung,RandomForest,1390,155,0.036339154833684405,0.0853529908566305,0.01542763039469719,0.016475606709718704,0.9806451797485352,0.05834619700908661
OVA_Lung,XGBoost,1390,155,0.016148444153992126,0.05448339583840711,0.012580851092934608,0.0127112390473485,0.9935483932495117,0.060230900533497334
OVA_Ovary,CatBoost,1390,155,0.10595754381893313,0.1719940156807878,0.026021890342235565,0.05282989889383316,0.9225806593894958,0.061029182747006416
OVA_Ovary,ExtraTrees,1390,155,0.11716818381284458,0.1823753604821255,0.039985738694667816,0.0656420961022377,0.9161290526390076,0.06012437213212252
OVA_Ovary,LightGBM,1390,155,0.09567425426557223,0.15379070552776655,0.017659472301602364,0.035589754581451416,0.9354838728904724,0.06211845297366381
OVA_Ovary,LinearModel,1390,155,0.10938422657387042,0.1754619490522263,0.018183549866080284,0.04861803725361824,0.9290322661399841,0.056624749675393105
OVA_Ovary,NeuralNetFastAI,1390,155,0.10938277683498247,0.1725154114265802,0.028134167194366455,0.07758265733718872,0.9161290526390076,0.06065571494400501
OVA_Ovary,NeuralNetTorch,1390,155,0.09313027125987508,0.1459709763772185,0.02087896317243576,0.051270660012960434,0.9419354796409607,0.061216384172439575
OVA_Ovary,RandomForest,1390,155,0.12045727172122818,0.1821777726029702,0.03755047544836998,0.08536089956760406,0.9096774458885193,0.06218858528882265
OVA_Ovary,XGBoost,1390,155,0.10202682336857756,0.17658585761228113,0.024353621527552605,0.043674685060977936,0.9225806593894958,0.06112819630652666
OVA_Prostate,CatBoost,1390,155,0.021598260253506484,0.042667617810785534,0.006376646459102631,0.011390131898224354,0.9870967864990234,0.05749175511300564
OVA_Prostate,ExtraTrees,1390,155,0.020034736597312804,0.04040522016433975,0.006379261612892151,0.012775995768606663,0.9870967864990234,0.05881899129599333
OVA_Prostate,LightGBM,1390,155,0.012558835006793372,0.028856844369818634,0.0064618997275829315,0.006461901590228081,0.9935483932495117,0.056962884962558746
OVA_Prostate,LinearModel,1390,155,0.014770859366611717,0.0355556128878353,0.009421400725841522,0.009421405382454395,0.9935483932495117,0.06038282159715891
OVA_Prostate,NeuralNetFastAI,1390,155,0.01336819769835819,0.03453568796614242,0.00848684087395668,0.0084390789270401,0.9935483932495117,0.05866530817002058
OVA_Prostate,NeuralNetTorch,1390,155,0.012894877268591586,0.051865629501663894,0.006449524313211441,0.006446987856179476,0.9935483932495117,0.05997020751237869
OVA_Prostate,RandomForest,1390,155,0.013183378766961325,0.0327440918728554,0.0063844285905361176,0.008693189360201359,0.9935483932495117,0.05854445789009333
OVA_Prostate,XGBoost,1390,155,0.025265135332343158,0.06221598094343699,0.006500374060124159,0.012019047513604164,0.9870967864990234,0.060818870551884174
PhishingWebsites,CatBoost,9949,1106,0.04814242473176904,0.08644872287301275,0.00928211584687233,0.013594591058790684,0.9683544039726257,0.2364663751795888
PhishingWebsites,ExtraTrees,9949,1106,0.058028455484736355,0.10047131233875495,0.010614055208861828,0.014715108089148998,0.9638336300849915,0.2360169729217887
PhishingWebsites,LightGBM,9949,1106,0.04767932815383575,0.08241899637903635,0.00824672356247902,0.012824514880776405,0.9701627492904663,0.22981102392077446
PhishingWebsites,LinearModel,9949,1106,0.09452647046154561,0.15295546979532687,0.006479550618678331,0.012380747124552727,0.9349005222320557,0.2424731682986021
PhishingWebsites,NeuralNetFastAI,9949,1106,0.04799259182257358,0.0808996623869624,0.006909905932843685,0.009120846167206764,0.9683544039726257,0.23986791539937258
PhishingWebsites,NeuralNetTorch,9949,1106,0.0469609243673844,0.0812113622332242,0.009758219122886658,0.011967997997999191,0.9683544039726257,0.23662835080176592
PhishingWebsites,RandomForest,9949,1106,0.05603879011418509,0.10021787733035993,0.011145176365971565,0.012998766265809536,0.9638336300849915,0.23743286076933146
PhishingWebsites,XGBoost,9949,1106,0.04828911026120189,0.08664632060885696,0.008996151387691498,0.013387211598455906,0.9692586064338684,0.2327618869021535
Run_or_walk_information,CatBoost,79729,8859,0.00945112857501203,0.01771941604266398,0.002521047368645668,0.0035221732687205076,0.9942431449890137,1.4029392022639513
Run_or_walk_information,ExtraTrees,79729,8859,0.011721343003950765,0.02200178658389242,0.002060137689113617,0.002920252038165927,0.9928885698318481,1.3728314470499754
Run_or_walk_information,LightGBM,79729,8859,0.008751666412090015,0.016596876830931855,0.0025507225655019283,0.0030189251992851496,0.9943560361862183,1.4003665763884783
Run_or_walk_information,LinearModel,79729,8859,0.21097800181443158,0.32505122716511126,0.008258304558694363,0.013854886405169964,0.8438875675201416,1.5673942230641842
Run_or_walk_information,NeuralNetFastAI,79729,8859,0.013518231945727986,0.026320095366138784,0.0028351861983537674,0.003526500426232815,0.9916468858718872,1.4016958959400654
Run_or_walk_information,NeuralNetTorch,79729,8859,0.010913958842456247,0.021377566108221484,0.0037138485349714756,0.004767844919115305,0.9936787486076355,1.4018943551927805
Run_or_walk_information,RandomForest,79729,8859,0.013005182185113274,0.024419475113415176,0.002341373823583126,0.0027133875992149115,0.9922112822532654,1.3795768236741424
Run_or_walk_information,XGBoost,79729,8859,0.010280454102739409,0.01860372936247055,0.0022292518988251686,0.0030443761497735977,0.9933401346206665,1.3810037039220333
Satellite,CatBoost,4590,510,0.013614346678637403,0.02732916407175006,0.004772148095071316,0.0041427528485655785,0.9901960492134094,0.11118295229971409
Satellite,ExtraTrees,4590,510,0.016770007171223317,0.02774617095482513,0.0054766228422522545,0.007880252785980701,0.9882352948188782,0.12305913027375937
Satellite,LightGBM,4590,510,0.014130472608635309,0.02389591378658298,0.007308994419872761,0.005793707445263863,0.9901960492134094,0.10554702673107386
Satellite,LinearModel,4590,510,0.01438031165085702,0.027688688431510684,0.005209127441048622,0.00631521875038743,0.9921568632125854,0.11115552764385939
Satellite,NeuralNetFastAI,4590,510,0.010772736670491966,0.025153770111889306,0.004411730915307999,0.005479784682393074,0.9921568632125854,0.11645353958010674
Satellite,NeuralNetTorch,4590,510,0.015558320851927238,0.029064886703612285,0.0065200114622712135,0.007311351131647825,0.9882352948188782,0.11733161471784115
Satellite,RandomForest,4590,510,0.018557687614411164,0.031215250266973887,0.006220217794179916,0.007389868143945932,0.9882352948188782,0.11007228493690491
Satellite,XGBoost,4590,510,0.01554165734225005,0.026159434361094594,0.006214326247572899,0.0058518354780972,0.9901960492134094,0.11434165015816689
SpeedDating,CatBoost,7540,838,0.17771383766831292,0.29233056341401137,0.020209278911352158,0.0350211076438427,0.8818615674972534,0.18651170004159212
SpeedDating,ExtraTrees,7540,838,0.19249239407446536,0.3109100966690104,0.01638069376349449,0.03259611502289772,0.8699284195899963,0.18493010476231575
SpeedDating,LightGBM,7540,838,0.1788394988991829,0.29466780455121244,0.024176379665732384,0.037394650280475616,0.8890214562416077,0.1763916928321123
SpeedDating,LinearModel,7540,838,0.19050933276555823,0.31522985937510956,0.026587072759866714,0.033426232635974884,0.8747016787528992,0.18152882158756256
SpeedDating,NeuralNetFastAI,7540,838,0.18847100869030461,0.3100673135033725,0.021903425455093384,0.0337398461997509,0.8747016787528992,0.18302202597260475
SpeedDating,NeuralNetTorch,7540,838,0.18676451174809916,0.30631024222597,0.021442081779241562,0.026187008246779442,0.8735083341598511,0.18408141937106848
SpeedDating,RandomForest,7540,838,0.19159729938547718,0.3142605614168872,0.01990503817796707,0.03751184046268463,0.8711217045783997,0.18063759617507458
SpeedDating,XGBoost,7540,838,0.17620580993603827,0.28974681763069665,0.020106133073568344,0.0307767353951931,0.8854415416717529,0.19008138589560986
Titanic,CatBoost,1980,221,0.25488154913785627,0.4153127342827164,0.06213834881782532,0.054320078343153,0.8325791954994202,0.06760826520621777
Titanic,ExtraTrees,1980,221,0.2533003365339802,0.4100498540264908,0.07073558866977692,0.046993400901556015,0.8325791954994202,0.07976637315005064
Titanic,LightGBM,1980,221,0.2532754175464788,0.407816866883445,0.06727711111307144,0.05120887607336044,0.8325791954994202,0.06831755489110947
Titanic,LinearModel,1980,221,0.25160740668588866,0.40847900305809165,0.06705163419246674,0.04978151619434357,0.8325791954994202,0.0812352979555726
Titanic,NeuralNetFastAI,1980,221,0.25503443407034965,0.41582712535665345,0.06849873811006546,0.06083828955888748,0.8325791954994202,0.06514186877757311
Titanic,NeuralNetTorch,1980,221,0.2553157809095187,0.4128468399531562,0.06814757734537125,0.06598743796348572,0.8325791954994202,0.06357085984200239
Titanic,RandomForest,1980,221,0.254265773831163,0.40846277690744204,0.07042545080184937,0.04162025451660156,0.8325791954994202,0.08284336794167757
Titanic,XGBoost,1980,221,0.25449178555362895,0.41019294614514556,0.06425797939300537,0.05290587246417999,0.8325791954994202,0.06730091571807861
ada,CatBoost,3732,415,0.16996954685179635,0.2682847906200154,0.01238272339105606,0.03015061281621456,0.8795180916786194,0.11695617809891701
ada,ExtraTrees,3732,415,0.1972050572234481,0.3115764482195892,0.019634868949651718,0.036722660064697266,0.8554216623306274,0.10792692098766565
ada,LightGBM,3732,415,0.17268993572117539,0.27516581007429325,0.019397621974349022,0.03575902059674263,0.87469881772995,0.11679072212427855
ada,LinearModel,3732,415,0.19986905056021934,0.3162431038061904,0.01622621715068817,0.026771878823637962,0.8530120253562927,0.10766759887337685
ada,NeuralNetFastAI,3732,415,0.18662366580368367,0.30128764020159154,0.014675147831439972,0.032026030123233795,0.8722891807556152,0.11139307916164398
ada,NeuralNetTorch,3732,415,0.1842006821287354,0.2895627212716695,0.014182507991790771,0.02764136716723442,0.8722891807556152,0.11292629409581423
ada,RandomForest,3732,415,0.1809778529673082,0.28951126143533235,0.014961402863264084,0.03420542925596237,0.87469881772995,0.11407942045480013
ada,XGBoost,3732,415,0.17272082077926054,0.2767799219237862,0.01436280831694603,0.019304029643535614,0.87469881772995,0.11727222707122564
adult,CatBoost,43957,4885,0.1716562433372664,0.2707874965815302,0.006853107362985611,0.012456490658223629,0.8775844573974609,0.8759161503985524
adult,ExtraTrees,43957,4885,0.19023022670839035,0.3001208910845222,0.006988774985074997,0.017754260450601578,0.8595700860023499,0.8751606494188309
adult,LightGBM,43957,4885,0.1712932361592323,0.26922818328377024,0.006333701312541962,0.013722949661314487,0.8767656087875366,0.8743660673499107
adult,LinearModel,43957,4885,0.20310760264431535,0.3171737165103492,0.008218987844884396,0.010599242523312569,0.8530194759368896,0.8855072157457471
adult,NeuralNetFastAI,43957,4885,0.18977142581525427,0.29881291465954,0.008534330874681473,0.011802854016423225,0.8632548451423645,0.8754269862547517
adult,NeuralNetTorch,43957,4885,0.19165587818896215,0.30052166525408264,0.007392287254333496,0.0082105016335845,0.8628454208374023,0.8796707671135664
adult,RandomForest,43957,4885,0.18712133588974175,0.2942896258174596,0.007984340190887451,0.01183139719069004,0.8630501627922058,0.8727255221456289
adult,XGBoost,43957,4885,0.17031389635899868,0.2678805995137323,0.005556467920541763,0.01198873296380043,0.8773797154426575,0.8784122643992305
ailerons,CatBoost,12375,1375,0.15887621053464715,0.2604040797901486,0.006678543984889984,0.02288283221423626,0.8887272477149963,0.29616922698915005
ailerons,ExtraTrees,12375,1375,0.16816625868172203,0.2739461164181112,0.007204253226518631,0.01351005770266056,0.8799999952316284,0.3036964666098356
ailerons,LightGBM,12375,1375,0.15841659231502658,0.2578595534726425,0.007554629817605019,0.017356716096401215,0.8923636078834534,0.30185149144381285
ailerons,LinearModel,12375,1375,0.16950425747267686,0.27742703862085183,0.009829448536038399,0.024359803646802902,0.8814545273780823,0.2949410565197468
ailerons,NeuralNetFastAI,12375,1375,0.16652001442818032,0.27306931370270404,0.00914997048676014,0.021203694865107536,0.8829091191291809,0.29800828639417887
ailerons,NeuralNetTorch,12375,1375,0.16463967529745185,0.2678257997065837,0.0065860748291015625,0.018703661859035492,0.8836363554000854,0.30164745450019836
ailerons,RandomForest,12375,1375,0.16394334785052103,0.26980959166206164,0.009567447006702423,0.027686050161719322,0.8814545273780823,0.2942374497652054
ailerons,XGBoost,12375,1375,0.15897858706486817,0.25963738889561067,0.007143594324588776,0.014984143897891045,0.8894545435905457,0.3098450032994151
arcene,CatBoost,90,10,0.44402991486965127,0.6673231324121025,0.158258318901062,0.1795826256275177,0.699999988079071,0.024363957345485687
arcene,ExtraTrees,90,10,0.315920799437708,0.5027445026989669,0.11013544350862503,0.24996131658554077,0.8999999761581421,0.019847111776471138
arcene,LightGBM,90,10,0.4279888403807502,0.6576579462323868,0.12198925018310547,0.22979746758937836,0.699999988079071,0.023359432816505432
arcene,LinearModel,90,10,0.35952937243377586,0.5448934371010197,0.1237790659070015,0.18364204466342926,0.699999988079071,0.023311269469559193
arcene,NeuralNetFastAI,90,10,0.3239164843697257,0.5271472522655121,0.12026344984769821,0.23397235572338104,0.800000011920929,0.021795949898660183
arcene,NeuralNetTorch,90,10,0.37928529118679066,0.580693281964178,0.16734462976455688,0.24151583015918732,0.699999988079071,0.019987829960882664
arcene,RandomForest,90,10,0.3972901681166695,0.5866354962665651,0.14137011766433716,0.17437335848808289,0.699999988079071,0.023105503991246223
arcene,XGBoost,90,10,0.4009201743974654,0.5914842908823449,0.08706627041101456,0.06627044826745987,0.699999988079071,0.02116524800658226
arsenic-female-bladder,CatBoost,503,56,0.2140591269467139,0.33497350556943345,0.03307747840881348,0.03343668952584267,0.8571428656578064,0.03614471759647131
arsenic-female-bladder,ExtraTrees,503,56,0.24334215471709472,0.3853528801021141,0.03978371620178223,0.1168782189488411,0.8214285969734192,0.03865259885787964
arsenic-female-bladder,LightGBM,503,56,0.22197061402687382,0.37354228738481704,0.05055246129631996,0.07071591913700104,0.8571428656578064,0.03632342629134655
arsenic-female-bladder,LinearModel,503,56,0.23179505499635705,0.35280751628317564,0.06197571009397507,0.10206248611211777,0.8571428656578064,0.037368644028902054
arsenic-female-bladder,NeuralNetFastAI,503,56,0.22249153568743843,0.33831379725195904,0.06654120981693268,0.09814724326133728,0.8392857313156128,0.03532475512474775
arsenic-female-bladder,NeuralNetTorch,503,56,0.19197467103748983,0.3112618858834555,0.03361649066209793,0.05904009938240051,0.875,0.03415860142558813
arsenic-female-bladder,RandomForest,503,56,0.21765294938918398,0.3570585980574591,0.06244772672653198,0.09856408089399338,0.8571428656578064,0.03701248858124018
arsenic-female-bladder,XGBoost,503,56,0.20943194197839912,0.33626886077834167,0.03681664913892746,0.0650666207075119,0.8928571343421936,0.03634653426706791
autoUniv-au1-1000,CatBoost,900,100,0.37820373509483607,0.5660369376901707,0.07507732510566711,0.1383320540189743,0.7300000190734863,0.04239366948604584
autoUniv-au1-1000,ExtraTrees,900,100,0.3682358528561862,0.5539859020213496,0.04428517818450928,0.08795944601297379,0.7400000095367432,0.04296249616891146
autoUniv-au1-1000,LightGBM,900,100,0.3560302477177943,0.5419935945313589,0.05139771103858948,0.08180690556764603,0.7799999713897705,0.03988241497427225
autoUniv-au1-1000,LinearModel,900,100,0.3799578296921813,0.5692088805795633,0.06473764032125473,0.05099784955382347,0.7400000095367432,0.033725304529070854
autoUniv-au1-1000,NeuralNetFastAI,900,100,0.35375196471675097,0.5430072900402623,0.04349447041749954,0.06416254490613937,0.7699999809265137,0.041692218743264675
autoUniv-au1-1000,NeuralNetTorch,900,100,0.3536595588853943,0.5348756693541238,0.02701292186975479,0.039831411093473434,0.75,0.03919111005961895
autoUniv-au1-1000,RandomForest,900,100,0.3715618409343915,0.550862170701485,0.05973397195339203,0.08867590874433517,0.7300000190734863,0.04517017770558596
autoUniv-au1-1000,XGBoost,900,100,0.36829330483321654,0.5508416536994297,0.05995103716850281,0.11531214416027069,0.7099999785423279,0.04233272932469845
bank-marketing,CatBoost,40689,4522,0.11735081988567474,0.18704639342280777,0.005914431065320969,0.009336009621620178,0.915081799030304,0.7990294937044382
bank-marketing,ExtraTrees,40689,4522,0.12568238529470585,0.20033708644978576,0.0065053245052695274,0.011413175612688065,0.9062361717224121,0.793743934482336
bank-marketing,LightGBM,40689,4522,0.11929964296161047,0.18957457034183353,0.005295927636325359,0.009566701017320156,0.9128704071044922,0.8065165355801582
bank-marketing,LinearModel,40689,4522,0.14125160989073166,0.22749042699961486,0.0056349895894527435,0.008635328151285648,0.9002653956413269,0.7997353607788682
bank-marketing,NeuralNetFastAI,40689,4522,0.12064181859985135,0.191618988938946,0.006735494360327721,0.009882648475468159,0.9106590151786804,0.7988357124850154
bank-marketing,NeuralNetTorch,40689,4522,0.12020723043606828,0.1906936086350591,0.0073645515367388725,0.011865893378853798,0.9093321561813354,0.8190879225730896
bank-marketing,RandomForest,40689,4522,0.12523989944495428,0.19903536017648557,0.005581465549767017,0.009332163259387016,0.9086687564849854,0.8200563238933682
bank-marketing,XGBoost,40689,4522,0.11919067972245184,0.19042634479337583,0.00570334866642952,0.008038230240345001,0.9135338068008423,0.8253465304151177
bank32nh,CatBoost,7372,820,0.26951667661883943,0.4141420470631921,0.02029234915971756,0.04395788535475731,0.795121967792511,0.18792638462036848
bank32nh,ExtraTrees,7372,820,0.27055623142359064,0.41358505160473613,0.01939353533089161,0.043570030480623245,0.7987805008888245,0.19947706256061792
bank32nh,LightGBM,7372,820,0.26932800012056596,0.4192811158092684,0.020718248561024666,0.05025579780340195,0.79756098985672,0.1912015937268734
bank32nh,LinearModel,7372,820,0.26746805368348786,0.4074111620363603,0.02091793343424797,0.037787776440382004,0.79756098985672,0.18586090486496687
bank32nh,NeuralNetFastAI,7372,820,0.2562260972203245,0.3987466719615163,0.021519288420677185,0.03820833936333656,0.8085365891456604,0.1855136202648282
bank32nh,NeuralNetTorch,7372,820,0.2619897622063264,0.4048016140731076,0.01570400595664978,0.02223220281302929,0.800000011920929,0.1892348062247038
bank32nh,RandomForest,7372,820,0.28513826890673055,0.4357064752315201,0.02337571047246456,0.03780289739370346,0.790243923664093,0.19085664674639702
bank32nh,XGBoost,7372,820,0.27250270976767343,0.41974655675260014,0.019618187099695206,0.034846387803554535,0.7987805008888245,0.19000850152224302
bank8FM,CatBoost,7372,820,0.07393499200564198,0.1185883113688151,0.010914100334048271,0.017033923417329788,0.9475609660148621,0.18900506477802992
bank8FM,ExtraTrees,7372,820,0.07809674186821196,0.1235785073806168,0.010362697765231133,0.020837951451539993,0.9487804770469666,0.1891170246526599
bank8FM,LightGBM,7372,820,0.07543757636867972,0.11852063147899247,0.011039134114980698,0.02286927029490471,0.9475609660148621,0.18817309383302927
bank8FM,LinearModel,7372,820,0.08256084519697841,0.13524077069063806,0.009524591267108917,0.019863471388816833,0.9451219439506531,0.18839633278548717
bank8FM,NeuralNetFastAI,7372,820,0.07609269262165806,0.1160191561464575,0.010417615063488483,0.0185836311429739,0.9487804770469666,0.18925339449197054
bank8FM,NeuralNetTorch,7372,820,0.08094122410111994,0.12456515023120136,0.011178490705788136,0.014721168205142021,0.9439024329185486,0.18573976308107376
bank8FM,RandomForest,7372,820,0.0796894181222807,0.13504505909038908,0.010441161692142487,0.02268161065876484,0.9487804770469666,0.1951666148379445
bank8FM,XGBoost,7372,820,0.07582687426394326,0.1279558478369456,0.00947444885969162,0.018051927909255028,0.9439024329185486,0.18956920970231295
blood-transfusion-service-center,CatBoost,673,75,0.33173330032185333,0.5080184741013305,0.051955290138721466,0.10128942877054214,0.7599999904632568,0.03469156939536333
blood-transfusion-service-center,ExtraTrees,673,75,0.3377621371953007,0.508668708789093,0.08626343309879303,0.12336862832307816,0.7599999904632568,0.03604525048285723
blood-transfusion-service-center,LightGBM,673,75,0.3337548590128954,0.5045594519264991,0.05691799521446228,0.10460750013589859,0.7333333492279053,0.03674548491835594
blood-transfusion-service-center,LinearModel,673,75,0.3201606080541509,0.4812497104453781,0.0677233338356018,0.12758289277553558,0.746666669845581,0.03456677217036486
blood-transfusion-service-center,NeuralNetFastAI,673,75,0.3372072408391029,0.5057889214895263,0.07020167261362076,0.13219881057739258,0.746666669845581,0.037225899286568165
blood-transfusion-service-center,NeuralNetTorch,673,75,0.3126412612277767,0.4671982474105973,0.044176824390888214,0.07779556512832642,0.7733333110809326,0.03759298101067543
blood-transfusion-service-center,RandomForest,673,75,0.33524353084250863,0.5102142982456027,0.07446570694446564,0.07419339567422867,0.746666669845581,0.04498397558927536
blood-transfusion-service-center,XGBoost,673,75,0.3464322892419203,0.5247074643726279,0.045547597110271454,0.08274322748184204,0.746666669845581,0.033952078782022
boston_corrected,CatBoost,455,51,0.16911252183212389,0.2761692537721279,0.07526622712612152,0.08763554692268372,0.8823529481887817,0.040526811964809895
boston_corrected,ExtraTrees,455,51,0.16164667155504084,0.264677134637792,0.09426432847976685,0.11948360502719879,0.9019607901573181,0.03846780117601156
boston_corrected,LightGBM,455,51,0.15420540365076243,0.26112611879321834,0.08727183938026428,0.14118871092796326,0.9411764740943909,0.03825999516993761
boston_corrected,LinearModel,455,51,0.17526113851273709,0.27837796671062826,0.09053386747837067,0.12279491871595383,0.8823529481887817,0.03602802846580744
boston_corrected,NeuralNetFastAI,455,51,0.15038218076410934,0.25174963559564045,0.1286616176366806,0.15147992968559265,0.8627451062202454,0.038419684395194054
boston_corrected,NeuralNetTorch,455,51,0.22505920096275195,0.3302554778155443,0.11184684932231903,0.1433068960905075,0.8039215803146362,0.03910717461258173
boston_corrected,RandomForest,455,51,0.18817804229704604,0.30183347312544406,0.08532996475696564,0.0975877121090889,0.8627451062202454,0.0360143668949604
boston_corrected,XGBoost,455,51,0.20162221797369942,0.3121869597283615,0.08421134203672409,0.1113077700138092,0.8627451062202454,0.03947763983160257
churn,CatBoost,4500,500,0.08538588366521649,0.17842283225871033,0.016301454976201057,0.02276032418012619,0.9520000219345093,0.13321380224078894
churn,ExtraTrees,4500,500,0.08399424370382196,0.17119007189362656,0.01156143844127655,0.021595122292637825,0.9520000219345093,0.12517150305211544
churn,LightGBM,4500,500,0.08938941320021287,0.18294207090607614,0.013505297712981701,0.02684909850358963,0.9459999799728394,0.12396638747304678
churn,LinearModel,4500,500,0.18438559558681056,0.3021981269703942,0.021259158849716187,0.031355444341897964,0.8600000143051147,0.11982467956840992
churn,NeuralNetFastAI,4500,500,0.07743824303638039,0.1619225610580323,0.008979778736829758,0.017083752900362015,0.9559999704360962,0.12543912790715694
churn,NeuralNetTorch,4500,500,0.08522919366071138,0.17623155148873954,0.017643585801124573,0.029731599614024162,0.9520000219345093,0.12537741102278233
churn,RandomForest,4500,500,0.09895652662244073,0.19089920950804454,0.015161089599132538,0.02164873108267784,0.9380000233650208,0.13343310449272394
churn,XGBoost,4500,500,0.08619638356924589,0.17460105703797812,0.010329941287636757,0.02508869580924511,0.9440000057220459,0.12682915851473808
climate-model-simulation-crashes,CatBoost,486,54,0.09864059136530426,0.19313080449720632,0.05034506693482399,0.06522052735090256,0.9444444179534912,0.03713818918913603
climate-model-simulation-crashes,ExtraTrees,486,54,0.09840350424042625,0.19578052957342937,0.04501830041408539,0.06043912470340729,0.9444444179534912,0.033938685432076454
climate-model-simulation-crashes,LightGBM,486,54,0.09128052011807737,0.18510655354422248,0.0469825305044651,0.053847864270210266,0.9259259104728699,0.03635634109377861
climate-model-simulation-crashes,LinearModel,486,54,0.09483405066866689,0.2032754830303572,0.05227065458893776,0.06771644949913025,0.9444444179534912,0.036385674960911274
climate-model-simulation-crashes,NeuralNetFastAI,486,54,0.09015187716929027,0.2177658610098425,0.04317198693752289,0.06095385178923607,0.9629629850387573,0.03804163262248039
climate-model-simulation-crashes,NeuralNetTorch,486,54,0.1050547794785709,0.20418339105414246,0.04425565153360367,0.08263194561004639,0.9074074029922485,0.03623146936297417
climate-model-simulation-crashes,RandomForest,486,54,0.08834043988898095,0.1893140920346878,0.06867914646863937,0.07611168920993805,0.9629629850387573,0.03493061941117048
climate-model-simulation-crashes,XGBoost,486,54,0.08999253368491636,0.19098638131962015,0.05788220092654228,0.08475948125123978,0.9629629850387573,0.03684177156537771
colleges_usnews,CatBoost,1171,131,0.3676237000898512,0.534458956968763,0.0579078271985054,0.0946362167596817,0.7099236845970154,0.05561797600239515
colleges_usnews,ExtraTrees,1171,131,0.3639948971252428,0.5321461677145708,0.07431245595216751,0.12250427156686783,0.694656491279602,0.05186038929969072
colleges_usnews,LightGBM,1171,131,0.3885862705694625,0.5682636821285775,0.06038878858089447,0.11452990770339966,0.6641221642494202,0.04641754738986492
colleges_usnews,LinearModel,1171,131,0.40425564148282866,0.5929036139322418,0.05180644616484642,0.11039940267801285,0.6641221642494202,0.04833462182432413
colleges_usnews,NeuralNetFastAI,1171,131,0.39703275063303634,0.5713335392579497,0.07576094567775726,0.1324644684791565,0.7022900581359863,0.06086579244583845
colleges_usnews,NeuralNetTorch,1171,131,0.3790481121087872,0.5483892421769017,0.07901981472969055,0.16222432255744934,0.732824444770813,0.054086076095700264
colleges_usnews,RandomForest,1171,131,0.36817084904603814,0.5498171775259025,0.05718860402703285,0.10195483267307281,0.732824444770813,0.05199143011122942
colleges_usnews,XGBoost,1171,131,0.382208913816883,0.5506207495892593,0.06630174815654755,0.14309664070606232,0.694656491279602,0.05114301387220621
cpu_act,CatBoost,7372,820,0.06750311060615964,0.1151250620965176,0.015280773863196373,0.030344374477863312,0.959756076335907,0.1856140810996294
cpu_act,ExtraTrees,7372,820,0.07697530336086593,0.12918466817633772,0.014860620722174644,0.030088752508163452,0.95243901014328,0.19424003921449184
cpu_act,LightGBM,7372,820,0.06943444765386368,0.11591783777690097,0.01613207533955574,0.028405318036675453,0.9560975432395935,0.19165804982185364
cpu_act,LinearModel,7372,820,0.08564281438090166,0.14506848291993185,0.015659719705581665,0.028890525922179222,0.9439024329185486,0.18685097806155682
cpu_act,NeuralNetFastAI,7372,820,0.07319400317430513,0.12534687000655792,0.01877458393573761,0.034742094576358795,0.9451219439506531,0.19352342747151852
cpu_act,NeuralNetTorch,7372,820,0.0787886077464583,0.13369949567478442,0.019720641896128654,0.033630289137363434,0.9426829218864441,0.19305401854217052
cpu_act,RandomForest,7372,820,0.07552317056274697,0.13224315117987687,0.013913912698626518,0.025113310664892197,0.954878032207489,0.19504308607429266
cpu_act,XGBoost,7372,820,0.06699460791465696,0.1136529538660088,0.01595969870686531,0.02977704629302025,0.954878032207489,0.19482545088976622
cpu_small,CatBoost,7372,820,0.09797608763293382,0.15599928697540807,0.013193432241678238,0.026513107120990753,0.9317073225975037,0.20043829176574945
cpu_small,ExtraTrees,7372,820,0.10429419023867555,0.1667064550957901,0.009653955698013306,0.023545488715171814,0.9304878115653992,0.1994852079078555
cpu_small,LightGBM,7372,820,0.09908349423565568,0.15787851649707738,0.01290186494588852,0.030576545745134354,0.9378048777580261,0.19325652718544006
cpu_small,LinearModel,7372,820,0.12601579030872342,0.20011729189370125,0.011625062674283981,0.023804781958460808,0.9085366129875183,0.19433087762445211
cpu_small,NeuralNetFastAI,7372,820,0.10981727742518892,0.17204945819355463,0.008392219431698322,0.02290606126189232,0.9170731902122498,0.19288385845720768
cpu_small,NeuralNetTorch,7372,820,0.10288515011185242,0.16475551742862649,0.014430247247219086,0.02917323261499405,0.9256097674369812,0.1971900137141347
cpu_small,RandomForest,7372,820,0.10180098422246289,0.16335299311752563,0.013203207403421402,0.027112824842333794,0.9304878115653992,0.1978921052068472
cpu_small,XGBoost,7372,820,0.09969485905569304,0.15930828727491742,0.013612955808639526,0.03793702647089958,0.9329268336296082,0.1966420440003276
credit-g,CatBoost,900,100,0.2790927337606174,0.43305104724002247,0.04667563736438751,0.06702283024787903,0.7900000214576721,0.04677250050008297
credit-g,ExtraTrees,900,100,0.29838965539304657,0.46440885147227595,0.05971576273441315,0.09157904982566833,0.7799999713897705,0.040051596239209175
credit-g,LightGBM,900,100,0.2892370485682009,0.4497236427734397,0.04953445494174957,0.11143933236598969,0.800000011920929,0.04492157232016325
credit-g,LinearModel,900,100,0.32432196822391135,0.49556589304296567,0.05929936468601227,0.10866522043943405,0.7300000190734863,0.04310889821499586
credit-g,NeuralNetFastAI,900,100,0.3110744759547054,0.4713115747773509,0.028009161353111267,0.07216549664735794,0.75,0.04606902785599232
credit-g,NeuralNetTorch,900,100,0.30083954051177036,0.4631857887578802,0.04994915425777435,0.10938815772533417,0.7799999713897705,0.04468495026230812
credit-g,RandomForest,900,100,0.28170974896543527,0.4389463710711242,0.06661224365234375,0.14312055706977844,0.7699999809265137,0.04476374667137861
credit-g,XGBoost,900,100,0.2943697296019328,0.45230486493455585,0.052608489990234375,0.08888264000415802,0.7400000095367432,0.04137866944074631
cylinder-bands,CatBoost,486,54,0.19727042005655437,0.3267009213257359,0.031625933945178986,0.09085884690284729,0.8703703880310059,0.04372383374720812
cylinder-bands,ExtraTrees,486,54,0.18668972050860674,0.3100166288170941,0.046905022114515305,0.10882289707660675,0.8888888955116272,0.040173581801354885
cylinder-bands,LightGBM,486,54,0.20257167624511202,0.3359398201404897,0.043316882103681564,0.12501128017902374,0.8888888955116272,0.04101439192891121
cylinder-bands,LinearModel,486,54,0.2799727929086258,0.44238482674239815,0.048902079463005066,0.15598164498806,0.7962962985038757,0.03548118285834789
cylinder-bands,NeuralNetFastAI,486,54,0.24537638476280077,0.4067417199292823,0.06856749951839447,0.12794996798038483,0.8518518805503845,0.03700567502528429
cylinder-bands,NeuralNetTorch,486,54,0.222346132012952,0.3641766245757087,0.07451216876506805,0.12990766763687134,0.8518518805503845,0.03910276759415865
cylinder-bands,RandomForest,486,54,0.17247730090462512,0.2896547963624291,0.0314164012670517,0.09036382287740707,0.8888888955116272,0.03564260061830282
cylinder-bands,XGBoost,486,54,0.17192854687734885,0.3040622136819043,0.06403172016143799,0.13899172842502594,0.8518518805503845,0.038255201652646065
delta_ailerons,CatBoost,6416,713,0.09086835639421763,0.18309484877437215,0.010372767224907875,0.018528247252106667,0.948106586933136,0.1725958725437522
delta_ailerons,ExtraTrees,6416,713,0.09280987665204062,0.18373149437716343,0.011879746802151203,0.016139166429638863,0.9453015327453613,0.17906872555613518
delta_ailerons,LightGBM,6416,713,0.0912640272927015,0.18437295385022745,0.009264951571822166,0.023389380425214767,0.9424964785575867,0.17412682622671127
delta_ailerons,LinearModel,6416,713,0.11097606011229498,0.21944365159735416,0.01072530448436737,0.026317453011870384,0.9410939812660217,0.1679833335801959
delta_ailerons,NeuralNetFastAI,6416,713,0.10253844082175184,0.2045549869974564,0.011503989808261395,0.017797134816646576,0.9424964785575867,0.17327787540853024
delta_ailerons,NeuralNetTorch,6416,713,0.10130936187473973,0.1973440120626946,0.010834787972271442,0.023075435310602188,0.9453015327453613,0.17551675625145435
delta_ailerons,RandomForest,6416,713,0.09367013010319727,0.1814702442882525,0.01237997692078352,0.020869800820946693,0.9438990354537964,0.1715500634163618
delta_ailerons,XGBoost,6416,713,0.09167881467564781,0.1834655215117964,0.009500190615653992,0.024437878280878067,0.9453015327453613,0.17410827428102493
delta_elevators,CatBoost,8565,952,0.17795080409582986,0.2979316751978695,0.009934954345226288,0.0223957858979702,0.8844537734985352,0.21537245903164148
delta_elevators,ExtraTrees,8565,952,0.18003249928857037,0.30066197506222775,0.010806278325617313,0.028170013800263405,0.8802521228790283,0.2199682304635644
delta_elevators,LightGBM,8565,952,0.17769479713425929,0.29780291445724755,0.013292577117681503,0.03072582557797432,0.8897058963775635,0.2191362204030156
delta_elevators,LinearModel,8565,952,0.18018443984849128,0.3055691921241077,0.012931532226502895,0.026060523465275764,0.8823529481887817,0.2059546411037445
delta_elevators,NeuralNetFastAI,8565,952,0.17804003142070984,0.3000927017033212,0.009907670319080353,0.02048235945403576,0.881302535533905,0.2172857578843832
delta_elevators,NeuralNetTorch,8565,952,0.17648192701945625,0.29681569034590494,0.01066473126411438,0.021768223494291306,0.8855041861534119,0.2133373124524951
delta_elevators,RandomForest,8565,952,0.18344111244328512,0.30319161071386275,0.011885339394211769,0.026323478668928146,0.8728991746902466,0.2147442977875471
delta_elevators,XGBoost,8565,952,0.1763294673731767,0.29595297312185664,0.013421900570392609,0.03142216429114342,0.8823529481887817,0.2111271722242236
diabetes,CatBoost,691,77,0.25435067274383866,0.40437740778043435,0.061647724360227585,0.10706822574138641,0.8181818127632141,0.038946026004850864
diabetes,ExtraTrees,691,77,0.24485011783868532,0.38986480943740437,0.04625976085662842,0.11638660728931427,0.8311688303947449,0.042904977686703205
diabetes,LightGBM,691,77,0.2525471570733533,0.3991785491525175,0.05383884906768799,0.1242070198059082,0.7922077775001526,0.041130165569484234
diabetes,LinearModel,691,77,0.23567774981084424,0.3822806260659368,0.0734407901763916,0.13427557051181793,0.8311688303947449,0.03968519065529108
diabetes,NeuralNetFastAI,691,77,0.2557933460756192,0.39885900707460503,0.07177644968032837,0.14247359335422516,0.7922077775001526,0.03977702558040619
diabetes,NeuralNetTorch,691,77,0.24194788360025915,0.38222592382073967,0.06380592286586761,0.10625161975622177,0.8311688303947449,0.039521899074316025
diabetes,RandomForest,691,77,0.25440353518951736,0.4060336422747474,0.05393384397029877,0.10041631758213043,0.8181818127632141,0.04097979888319969
diabetes,XGBoost,691,77,0.2736752023320798,0.42922857934076475,0.05365424230694771,0.1149698793888092,0.8181818127632141,0.038109198212623596
dresses-sales,CatBoost,450,50,0.4579331619047249,0.6498147506770562,0.05974043160676956,0.07791037857532501,0.6200000047683716,0.027526870369911194
dresses-sales,ExtraTrees,450,50,0.5082061796318058,0.7034479329530082,0.09372001886367798,0.12380240112543106,0.5799999833106995,0.024844749830663204
dresses-sales,LightGBM,450,50,0.4911684239627741,0.6864592098213095,0.08359837532043457,0.15437720715999603,0.5600000023841858,0.029325207695364952
dresses-sales,LinearModel,450,50,0.47362742933699165,0.6665002210688742,0.10154774785041809,0.07168246060609818,0.5799999833106995,0.02564112190157175
dresses-sales,NeuralNetFastAI,450,50,0.5032067454587005,0.7015081604629596,0.08189305663108826,0.18937766551971436,0.5799999833106995,0.027661507949233055
dresses-sales,NeuralNetTorch,450,50,0.4949425879916179,0.6979228333449582,0.08332780003547668,0.11283675581216812,0.6200000047683716,0.03251965716481209
dresses-sales,RandomForest,450,50,0.5164013395126357,0.7158704808849827,0.08486661314964294,0.09131423383951187,0.6000000238418579,0.02743981033563614
dresses-sales,XGBoost,450,50,0.48679511077178494,0.6797932017954272,0.07052880525588989,0.0756123885512352,0.6000000238418579,0.026551970280706882
eeg-eye-state,CatBoost,13482,1498,0.06158032743751892,0.10727601136894452,0.008116648532450199,0.008647066541016102,0.9592790603637695,0.3091561393812299
eeg-eye-state,ExtraTrees,13482,1498,0.0813272105130966,0.1341902729869392,0.010727518238127232,0.017019938677549362,0.9412550330162048,0.3005167795345187
eeg-eye-state,LightGBM,13482,1498,0.06799276319023771,0.11475803716935067,0.009477539919316769,0.016652986407279968,0.9572763442993164,0.3136525209993124
eeg-eye-state,LinearModel,13482,1498,0.44636707281080035,0.6355190040331038,0.012806989252567291,0.023640848696231842,0.62950599193573,0.2605788055807352
eeg-eye-state,NeuralNetFastAI,13482,1498,0.25496720682854246,0.40281427568379263,0.04950137436389923,0.08038930594921112,0.8237650394439697,0.30370264407247305
eeg-eye-state,NeuralNetTorch,13482,1498,0.026797644027546617,0.047737492514917323,0.003774749580770731,0.010104071348905563,0.9833110570907593,0.2892135679721832
eeg-eye-state,RandomForest,13482,1498,0.09506530930336629,0.15941886600789146,0.010911444202065468,0.013777564279735088,0.935247004032135,0.3177888272330165
eeg-eye-state,XGBoost,13482,1498,0.07072174727980264,0.1202330500593631,0.008009791374206543,0.011313698254525661,0.9539386034011841,0.3135999273508787
electricity,CatBoost,40780,4532,0.08117297158621413,0.1410353543113307,0.005483272019773722,0.01293489895761013,0.947925865650177,0.8164568478241563
electricity,ExtraTrees,40780,4532,0.13721164731756189,0.22677398167259785,0.005896087735891342,0.00835829321295023,0.9048985242843628,0.8116652779281139
electricity,LightGBM,40780,4532,0.08178931792627053,0.14347104991289558,0.007268146611750126,0.012720993719995022,0.94748455286026,0.828895790502429
electricity,LinearModel,40780,4532,0.3294208410615487,0.4960056412478585,0.007079955190420151,0.013182338327169418,0.7563989162445068,0.7831645710393786
electricity,NeuralNetFastAI,40780,4532,0.2196115403991818,0.34519212372419417,0.010045742616057396,0.015002118423581123,0.8453221321105957,0.8334043845534325
electricity,NeuralNetTorch,40780,4532,0.18521549164596152,0.29897639762567496,0.016910815611481667,0.026295848190784454,0.8715798854827881,0.8316178889945149
electricity,RandomForest,40780,4532,0.1056197016017529,0.17969544920103184,0.004429614637047052,0.007440909277647734,0.9302735924720764,0.8241404872387648
electricity,XGBoost,40780,4532,0.0796921056033607,0.13999175111022163,0.006287295836955309,0.013807550072669983,0.94748455286026,0.8256774563342333
fri_c0_1000_5,CatBoost,900,100,0.11718712308151388,0.1826975879568564,0.052927859127521515,0.07467717677354813,0.8999999761581421,0.05404805298894644
fri_c0_1000_5,ExtraTrees,900,100,0.16605434298746574,0.24369500044377732,0.050942763686180115,0.07478586584329605,0.8899999856948853,0.05468865763396025
fri_c0_1000_5,LightGBM,900,100,0.12111874461685072,0.18866256564836204,0.04179362580180168,0.05942460522055626,0.8799999952316284,0.05176486261188984
fri_c0_1000_5,LinearModel,900,100,0.2298771365689403,0.3848244312170435,0.060393255203962326,0.09331446886062622,0.8399999737739563,0.05386513099074364
fri_c0_1000_5,NeuralNetFastAI,900,100,0.10016368243697174,0.159424851078682,0.04532894492149353,0.06887023895978928,0.9399999976158142,0.05864685121923685
fri_c0_1000_5,NeuralNetTorch,900,100,0.11496233646550151,0.1719900005538971,0.034460511058568954,0.07700174301862717,0.9100000262260437,0.051459155045449734
fri_c0_1000_5,RandomForest,900,100,0.1401161096564134,0.23382375619405743,0.05735406279563904,0.0752224549651146,0.9300000071525574,0.0533254100009799
fri_c0_1000_5,XGBoost,900,100,0.13078114610785818,0.20553227771197993,0.04971349239349365,0.07321526855230331,0.8999999761581421,0.05242771562188864
fri_c0_500_5,CatBoost,450,50,0.1833434535490027,0.3067821122260915,0.06333192437887192,0.0820336639881134,0.8600000143051147,0.03843119274824858
fri_c0_500_5,ExtraTrees,450,50,0.2515597947282787,0.40099610662336893,0.09126420319080353,0.11132020503282547,0.8399999737739563,0.03884819149971008
fri_c0_500_5,LightGBM,450,50,0.20366324835208005,0.3404998666643804,0.07204842567443848,0.09961104393005371,0.8799999952316284,0.03917490318417549
fri_c0_500_5,LinearModel,450,50,0.30696862927499985,0.49507332723681274,0.0530039519071579,0.14783123135566711,0.7799999713897705,0.035102659836411476
fri_c0_500_5,NeuralNetFastAI,450,50,0.203996673096297,0.33760626011795297,0.0695263147354126,0.1388171911239624,0.8399999737739563,0.03881891071796417
fri_c0_500_5,NeuralNetTorch,450,50,0.16758535969914745,0.2716655330077336,0.06905965507030487,0.11514617502689362,0.8399999737739563,0.04188274126499891
fri_c0_500_5,RandomForest,450,50,0.26317714383848584,0.43584709919563225,0.07840225100517273,0.12514634430408478,0.800000011920929,0.03707770258188248
fri_c0_500_5,XGBoost,450,50,0.220733201407335,0.3478700289985255,0.06405004858970642,0.10377275198698044,0.800000011920929,0.03984247799962759
fri_c1_1000_50,CatBoost,900,100,0.11435265467907339,0.20307820230706164,0.01570340245962143,0.049271516501903534,0.9300000071525574,0.05236413050442934
fri_c1_1000_50,ExtraTrees,900,100,0.11227848013898621,0.2006857641471532,0.02967825159430504,0.05389808490872383,0.9300000071525574,0.052880847826600075
fri_c1_1000_50,LightGBM,900,100,0.14807139567107053,0.23147369707526944,0.030522901564836502,0.08540548384189606,0.8700000047683716,0.05279449000954628
fri_c1_1000_50,LinearModel,900,100,0.4139470314890814,0.60114307480341,0.04607874155044556,0.06080761179327965,0.6800000071525574,0.04429686442017555
fri_c1_1000_50,NeuralNetFastAI,900,100,0.1343241674174788,0.23992579700564803,0.04807550460100174,0.07981827110052109,0.9200000166893005,0.056400125846266747
fri_c1_1000_50,NeuralNetTorch,900,100,0.24068838166106027,0.38485199293261696,0.04955444484949112,0.09397822618484497,0.8500000238418579,0.05333256907761097
fri_c1_1000_50,RandomForest,900,100,0.15428266999383358,0.26364149730334707,0.03710436820983887,0.08685106784105301,0.8999999761581421,0.05158847477287054
fri_c1_1000_50,XGBoost,900,100,0.12239458377089801,0.21556268837082404,0.026620766147971153,0.06435219198465347,0.9100000262260437,0.053444284945726395
fri_c2_1000_25,CatBoost,900,100,0.13135140019187458,0.22883742959265646,0.03523622080683708,0.06067367270588875,0.9100000262260437,0.05422851908951998
fri_c2_1000_25,ExtraTrees,900,100,0.14274090943624476,0.2481697446456957,0.022372666746377945,0.0571151077747345,0.8799999952316284,0.055322262458503246
fri_c2_1000_25,LightGBM,900,100,0.1430247888624556,0.24567992839533825,0.028425388038158417,0.0569198839366436,0.8899999856948853,0.05226815212517977
fri_c2_1000_25,LinearModel,900,100,0.3604590580961796,0.5313139372875192,0.0800122618675232,0.12143496423959732,0.7200000286102295,0.046826512552797794
fri_c2_1000_25,NeuralNetFastAI,900,100,0.12421252547096084,0.21178740728155163,0.02408427745103836,0.05939235910773277,0.9300000071525574,0.0527034942060709
fri_c2_1000_25,NeuralNetTorch,900,100,0.13790348935662447,0.24587847353582276,0.02867879904806614,0.0709822028875351,0.8999999761581421,0.05064033344388008
fri_c2_1000_25,RandomForest,900,100,0.16346041524011773,0.28656786237968546,0.036262791603803635,0.056678056716918945,0.8899999856948853,0.05009364429861307
fri_c2_1000_25,XGBoost,900,100,0.13958392595060753,0.24205829086002711,0.042518433183431625,0.06442885100841522,0.8899999856948853,0.0512993773445487
fri_c2_500_50,CatBoost,450,50,0.1957414350751843,0.2978584466811482,0.049924835562705994,0.10477282851934433,0.8399999737739563,0.03881767299026251
fri_c2_500_50,ExtraTrees,450,50,0.22651761796311942,0.33486123867750245,0.0546189621090889,0.16310596466064453,0.8199999928474426,0.03638612013310194
fri_c2_500_50,LightGBM,450,50,0.19599623888101728,0.2947608399324937,0.06208093464374542,0.12418858706951141,0.8600000143051147,0.03949651960283518
fri_c2_500_50,LinearModel,450,50,0.398185699253426,0.5777600194963796,0.08366952836513519,0.1584046483039856,0.7200000286102295,0.030766146257519722
fri_c2_500_50,NeuralNetFastAI,450,50,0.19923719621016786,0.3451928100712944,0.0633973628282547,0.14942732453346252,0.9200000166893005,0.03875266294926405
fri_c2_500_50,NeuralNetTorch,450,50,0.24810015054442133,0.4111634462408182,0.04252614080905914,0.10508612543344498,0.7799999713897705,0.03503791894763708
fri_c2_500_50,RandomForest,450,50,0.23317360443381205,0.3574480386990892,0.058601364493370056,0.11424625664949417,0.8199999928474426,0.0357049684971571
fri_c2_500_50,XGBoost,450,50,0.24173455965822144,0.36480688359359675,0.05510558560490608,0.10367001593112946,0.8399999737739563,0.03852954786270857
fri_c3_1000_10,CatBoost,900,100,0.10106947608788255,0.17803901407649192,0.02872953750193119,0.07800615578889847,0.949999988079071,0.053124867379665375
fri_c3_1000_10,ExtraTrees,900,100,0.09394999581868549,0.17245489251006652,0.019331926479935646,0.04535040631890297,0.9399999976158142,0.05259338114410639
fri_c3_1000_10,LightGBM,900,100,0.11665536191660354,0.1927919077171262,0.01954607479274273,0.04345820099115372,0.9300000071525574,0.05267207510769367
fri_c3_1000_10,LinearModel,900,100,0.39770330176213803,0.5828820320246156,0.06174643337726593,0.09868145734071732,0.7300000190734863,0.04429956618696451
fri_c3_1000_10,NeuralNetFastAI,900,100,0.09799805234326009,0.15827880896232888,0.028951821848750114,0.04592917114496231,0.9300000071525574,0.05226013343781233
fri_c3_1000_10,NeuralNetTorch,900,100,0.09402575249410884,0.17555476979807874,0.03988109529018402,0.04279826208949089,0.949999988079071,0.050800004974007607
fri_c3_1000_10,RandomForest,900,100,0.12616000459009633,0.22760212648079448,0.028108544647693634,0.07124882191419601,0.9300000071525574,0.05518254265189171
fri_c3_1000_10,XGBoost,900,100,0.11316501168600614,0.19258190819122717,0.040662430226802826,0.07080439478158951,0.9300000071525574,0.056485338136553764
fri_c3_1000_25,CatBoost,900,100,0.1333537827647299,0.20404597289836132,0.03298645094037056,0.10025065392255783,0.9200000166893005,0.055134885013103485
fri_c3_1000_25,ExtraTrees,900,100,0.10392388475208751,0.16127594863972183,0.01899278536438942,0.04405338689684868,0.9200000166893005,0.05419734213501215
fri_c3_1000_25,LightGBM,900,100,0.08077521554290361,0.13326223000555984,0.02415110357105732,0.03813036531209946,0.949999988079071,0.05316264182329178
fri_c3_1000_25,LinearModel,900,100,0.4342882679825766,0.621049397473621,0.047355957329273224,0.09005071222782135,0.6399999856948853,0.03935444075614214
fri_c3_1000_25,NeuralNetFastAI,900,100,0.07870863560542853,0.13817711384891884,0.0281356330960989,0.04559402912855148,0.949999988079071,0.052607228979468346
fri_c3_1000_25,NeuralNetTorch,900,100,0.08221058306299979,0.15151957657177495,0.03607190400362015,0.07101910561323166,0.9399999976158142,0.0549949761480093
fri_c3_1000_25,RandomForest,900,100,0.14076283421377586,0.21758170072203994,0.029296446591615677,0.0805097222328186,0.8899999856948853,0.04974649101495743
fri_c3_1000_25,XGBoost,900,100,0.09374122960534347,0.1610798264997024,0.02088378742337227,0.058645013719797134,0.9300000071525574,0.052298189140856266
fri_c3_500_10,CatBoost,450,50,0.19052137000907854,0.3199184898667429,0.06234884634613991,0.08465926349163055,0.8600000143051147,0.04130275920033455
fri_c3_500_10,ExtraTrees,450,50,0.23136188466238355,0.40592500732064307,0.07542572915554047,0.09929623454809189,0.8600000143051147,0.04190192651003599
fri_c3_500_10,LightGBM,450,50,0.27490563774997157,0.42686309531095473,0.07811697572469711,0.1544986516237259,0.800000011920929,0.04009205009788275
fri_c3_500_10,LinearModel,450,50,0.42172486742685455,0.6102112817472561,0.094524085521698,0.11647029966115952,0.6200000047683716,0.030491886660456657
fri_c3_500_10,NeuralNetFastAI,450,50,0.21095746724557307,0.37079385580280744,0.05828248709440231,0.11132340878248215,0.8600000143051147,0.040823365561664104
fri_c3_500_10,NeuralNetTorch,450,50,0.1923621893936419,0.3634588867453115,0.0434088297188282,0.12169259786605835,0.9200000166893005,0.03852916695177555
fri_c3_500_10,RandomForest,450,50,0.21958305551415333,0.3588969890825064,0.05903811752796173,0.1406136155128479,0.8399999737739563,0.03755310922861099
fri_c3_500_10,XGBoost,450,50,0.206578035431109,0.36001919776754077,0.05917523801326752,0.09735125303268433,0.8600000143051147,0.039382162503898144
fri_c3_500_50,CatBoost,450,50,0.21770309943483745,0.3629456762707302,0.06438504904508591,0.1496652364730835,0.800000011920929,0.038015637546777725
fri_c3_500_50,ExtraTrees,450,50,0.21464593309320534,0.3453493377305148,0.07767107337713242,0.16235408186912537,0.8399999737739563,0.037653688341379166
fri_c3_500_50,LightGBM,450,50,0.19449012491483114,0.3224840003225205,0.045701365917921066,0.09105818718671799,0.8600000143051147,0.03621301148086786
fri_c3_500_50,LinearModel,450,50,0.4097018835903266,0.5928966027987476,0.059355080127716064,0.10683967918157578,0.6200000047683716,0.03085692971944809
fri_c3_500_50,NeuralNetFastAI,450,50,0.4048140392245919,0.5890418038908305,0.06970183551311493,0.17969726026058197,0.6399999856948853,0.031128421425819397
fri_c3_500_50,NeuralNetTorch,450,50,0.3963780776628606,0.5837183514158908,0.08671440184116364,0.14825473725795746,0.7400000095367432,0.03401978965848684
fri_c3_500_50,RandomForest,450,50,0.19921188422481326,0.3166418503239368,0.04315359890460968,0.07962705940008163,0.8600000143051147,0.03851441200822592
fri_c3_500_50,XGBoost,450,50,0.18066701537634816,0.31496098796110666,0.04762718081474304,0.07992014288902283,0.8799999952316284,0.03630919009447098
fri_c4_500_100,CatBoost,450,50,0.17071319107547966,0.25660336008090795,0.04115375876426697,0.09957227855920792,0.8799999952316284,0.035981702618300915
fri_c4_500_100,ExtraTrees,450,50,0.1498283384692187,0.24619992691016665,0.07229194045066833,0.1063406690955162,0.8999999761581421,0.0380205400288105
fri_c4_500_100,LightGBM,450,50,0.18202492988251429,0.2893254178571221,0.051419515162706375,0.11130612343549728,0.8999999761581421,0.036732178181409836
fri_c4_500_100,LinearModel,450,50,0.44789920521239984,0.6383814850506656,0.10749389976263046,0.10831539332866669,0.5799999833106995,0.027258556336164474
fri_c4_500_100,NeuralNetFastAI,450,50,0.4578271398103771,0.6495962811095438,0.05962979048490524,0.08072127401828766,0.6399999856948853,0.029420722275972366
fri_c4_500_100,NeuralNetTorch,450,50,0.42317211782761815,0.6102006450624816,0.07032901048660278,0.14335374534130096,0.6600000262260437,0.03506284486502409
fri_c4_500_100,RandomForest,450,50,0.169269489029635,0.2633876149706645,0.04558826982975006,0.052132923156023026,0.8799999952316284,0.03860295098274946
fri_c4_500_100,XGBoost,450,50,0.147417852892805,0.23307369973671377,0.06414062529802322,0.07944139093160629,0.9200000166893005,0.038767119869589806
fried,CatBoost,36691,4077,0.09264353533024325,0.14641554253370634,0.006287057884037495,0.012133011594414711,0.9320578575134277,0.7146551124751568
fried,ExtraTrees,36691,4077,0.11403750779450095,0.17957109672340707,0.0088982367888093,0.018132055178284645,0.9183223247528076,0.7455119993537664
fried,LightGBM,36691,4077,0.09334212283249893,0.14789691052835663,0.006191188935190439,0.014409910887479782,0.9303409457206726,0.726901208050549
fried,LinearModel,36691,4077,0.23189526394057708,0.36704043902039035,0.010210186243057251,0.01442266907542944,0.8386068344116211,0.7427055928856134
fried,NeuralNetFastAI,36691,4077,0.09056643784730022,0.1425497531460154,0.005980776622891426,0.011253336444497108,0.9352465271949768,0.7276527229696512
fried,NeuralNetTorch,36691,4077,0.09057302864899036,0.14398206435253855,0.0061773937195539474,0.0081283925101161,0.9354918003082275,0.735399829223752
fried,RandomForest,36691,4077,0.1156791960028404,0.18288440820037197,0.008100079372525215,0.01565423607826233,0.9161148071289062,0.7521952716633677
fried,XGBoost,36691,4077,0.09490862327880067,0.150631370216991,0.007106862496584654,0.0118522047996521,0.9342653751373291,0.7347819451242685
gina,CatBoost,2837,316,0.06234106774286813,0.10588722808928114,0.011710931546986103,0.035423070192337036,0.9588607549667358,0.10149068105965853
gina,ExtraTrees,2837,316,0.09278688609371404,0.15841633762379187,0.011014522053301334,0.02672978863120079,0.9430379867553711,0.1017039343714714
gina,LightGBM,2837,316,0.06551185101939506,0.11323887616712594,0.009893824346363544,0.024938859045505524,0.9620253443717957,0.10139586310833693
gina,LinearModel,2837,316,0.22895084537328286,0.37320847185776945,0.050828125327825546,0.09284437447786331,0.8354430198669434,0.08867704123258591
gina,NeuralNetFastAI,2837,316,0.06307538133010515,0.11786290416678082,0.03254637122154236,0.05293138325214386,0.9715189933776855,0.09884870331734419
gina,NeuralNetTorch,2837,316,0.06732310018866466,0.12402041135432633,0.023134080693125725,0.04249799624085426,0.9556962251663208,0.09768910054117441
gina,RandomForest,2837,316,0.09191381049696458,0.16164165385629797,0.010984953492879868,0.01720457524061203,0.9398733973503113,0.10041046515107155
gina,XGBoost,2837,316,0.06813166893694153,0.12118644855062242,0.008337698876857758,0.015362314879894257,0.9588607549667358,0.09469432476907969
hill-valley,CatBoost,1090,122,0.49163682296274347,0.6847972768721952,0.053125105798244476,0.02664838917553425,0.5655737519264221,0.03707760851830244
hill-valley,ExtraTrees,1090,122,0.48482049761276996,0.6778450500741018,0.043912727385759354,0.04359204322099686,0.5491803288459778,0.042581409215927124
hill-valley,LightGBM,1090,122,0.4674882405651192,0.6598538728012566,0.045368701219558716,0.09073362499475479,0.6147540807723999,0.03753047715872526
hill-valley,LinearModel,1090,122,0.14364508176001503,0.23681441359047378,0.05239574611186981,0.05097775161266327,0.8934426307678223,0.060700456611812115
hill-valley,NeuralNetFastAI,1090,122,0.1905141814982723,0.3173080334764757,0.07837940007448196,0.1035657450556755,0.868852436542511,0.06347011681646109
hill-valley,NeuralNetTorch,1090,122,0.1379107616342136,0.23134344640195867,0.056803349405527115,0.08548479527235031,0.9098360538482666,0.053544227965176105
hill-valley,RandomForest,1090,122,0.4803854497633676,0.6733914934053669,0.0459999218583107,0.0773511677980423,0.5655737519264221,0.043678429909050465
hill-valley,XGBoost,1090,122,0.48077588318077646,0.6737500564659356,0.04451417922973633,0.05367045849561691,0.5819672346115112,0.03498884662985802
hiva_agnostic,CatBoost,3806,423,0.0632039561412552,0.13786219262130034,0.014636842533946037,0.0208878293633461,0.9645389914512634,0.09941481426358223
hiva_agnostic,ExtraTrees,3806,423,0.06763190676830723,0.1422139180955465,0.016485732048749924,0.015925144776701927,0.957446813583374,0.09679787885397673
hiva_agnostic,LightGBM,3806,423,0.0644820700952835,0.13868451465790657,0.010621599853038788,0.016237720847129822,0.9645389914512634,0.08415169548243284
hiva_agnostic,LinearModel,3806,423,0.061224367884773354,0.1338915559706204,0.014949895441532135,0.00699540413916111,0.9645389914512634,0.08711494039744139
hiva_agnostic,NeuralNetFastAI,3806,423,0.06330061618797352,0.13660857585341,0.006087601184844971,0.009314712136983871,0.9669030904769897,0.07674998976290226
hiva_agnostic,NeuralNetTorch,3806,423,0.062474542384451805,0.1425939932235579,0.013370586559176445,0.007977255620062351,0.9669030904769897,0.08376210834831
hiva_agnostic,RandomForest,3806,423,0.06858712964905236,0.14365783538536445,0.01550340373069048,0.019031498581171036,0.9550827145576477,0.09077017847448587
hiva_agnostic,XGBoost,3806,423,0.060417217719723436,0.13457202003970603,0.0119690652936697,0.01804109290242195,0.9716312289237976,0.0891793891787529
houses,CatBoost,18576,2064,0.016694866431516634,0.031042179564324666,0.004619434475898743,0.007424801588058472,0.9883720874786377,0.36786651983857155
houses,ExtraTrees,18576,2064,0.015656314415428935,0.02915024159819672,0.004179252777248621,0.006337711587548256,0.9903100728988647,0.3773584319278598
houses,LightGBM,18576,2064,0.019062098238785102,0.03365415129417948,0.005426529794931412,0.0073613193817436695,0.9864341020584106,0.37033849488943815
houses,LinearModel,18576,2064,0.04272279931088822,0.07226801198784398,0.005286922212690115,0.008827908895909786,0.9685077667236328,0.4035952799022198
houses,NeuralNetFastAI,18576,2064,0.018891258967328142,0.03354530846062434,0.0052719516679644585,0.0071882084012031555,0.9864341020584106,0.3797836368903518
houses,NeuralNetTorch,18576,2064,0.019762430957013515,0.03496472416532592,0.005007862113416195,0.007436245679855347,0.9859496355056763,0.38668955210596323
houses,RandomForest,18576,2064,0.01888198050483729,0.03298320356480016,0.004254586528986692,0.006916978862136602,0.9878876209259033,0.3768765442073345
houses,XGBoost,18576,2064,0.018727681632084613,0.03363311402515412,0.004719387739896774,0.007855262607336044,0.9864341020584106,0.37900165002793074
ilpd,CatBoost,524,59,0.3704100413094998,0.5410189338497912,0.061312101781368256,0.11758647859096527,0.694915235042572,0.0396999130025506
ilpd,ExtraTrees,524,59,0.358900386130368,0.5182479420692847,0.045895397663116455,0.06448057293891907,0.7118644118309021,0.038814419880509377
ilpd,LightGBM,524,59,0.3636695528303074,0.5359499465685126,0.06311876326799393,0.13485553860664368,0.7627118825912476,0.042041423730552197
ilpd,LinearModel,524,59,0.3818825315880225,0.547211426864492,0.0873982161283493,0.1475929617881775,0.6779661178588867,0.03047032654285431
ilpd,NeuralNetFastAI,524,59,0.3769219038031974,0.5283761608405755,0.06456897407770157,0.12137903273105621,0.6440678238868713,0.03535646200180054
ilpd,NeuralNetTorch,524,59,0.36625074385979833,0.5373054131862607,0.0713748037815094,0.1288323998451233,0.6440678238868713,0.03167938720434904
ilpd,RandomForest,524,59,0.39562195772799674,0.5680184844768537,0.0784970074892044,0.14716269075870514,0.6610169410705566,0.03323795087635517
ilpd,XGBoost,524,59,0.37660015007252295,0.5344019054097288,0.07545781135559082,0.0762031227350235,0.6779661178588867,0.03325855638831854
jasmine,CatBoost,2685,299,0.266381881026518,0.4082364330588886,0.02888040989637375,0.0585467666387558,0.8127090334892273,0.09120230656117201
jasmine,ExtraTrees,2685,299,0.27325114595039407,0.4139355778166251,0.022771593183279037,0.03461199626326561,0.8093645572662354,0.09657195582985878
jasmine,LightGBM,2685,299,0.2650615667390752,0.40902111675780056,0.028075464069843292,0.05138435214757919,0.8193979859352112,0.09490937553346157
jasmine,LinearModel,2685,299,0.28815545301127693,0.4394482870277563,0.020749133080244064,0.04176364094018936,0.7993311285972595,0.0947524681687355
jasmine,NeuralNetFastAI,2685,299,0.2812003052700519,0.42684830985482475,0.026671025902032852,0.06542608886957169,0.8026756048202515,0.09234639070928097
jasmine,NeuralNetTorch,2685,299,0.28371021797858453,0.4319972487281929,0.03208016976714134,0.059415772557258606,0.8060200810432434,0.09170200023800135
jasmine,RandomForest,2685,299,0.2646428179307247,0.40305844361694865,0.03998801112174988,0.08336665481328964,0.8026756048202515,0.09626246150583029
jasmine,XGBoost,2685,299,0.25868382311138405,0.40587985387316516,0.02401304990053177,0.035504791885614395,0.829431414604187,0.0951306214556098
jm1,CatBoost,9796,1089,0.26694736087781085,0.4217626989769613,0.010695930570363998,0.027593445032835007,0.8172635436058044,0.19466849323362112
jm1,ExtraTrees,9796,1089,0.26609151955972926,0.419720951763389,0.012552998960018158,0.027642540633678436,0.8172635436058044,0.20846888329833746
jm1,LightGBM,9796,1089,0.2647513192788017,0.4194578578653681,0.011414974927902222,0.021542103961110115,0.8264462947845459,0.2020618189126253
jm1,LinearModel,9796,1089,0.2811255343746067,0.4435575754835019,0.013428278267383575,0.023711923509836197,0.8154270052909851,0.1913464730605483
jm1,NeuralNetFastAI,9796,1089,0.2715714292638242,0.4322274706308601,0.016286224126815796,0.03467463701963425,0.8227731585502625,0.18613371159881353
jm1,NeuralNetTorch,9796,1089,0.27688301115571623,0.437038319910706,0.01813303679227829,0.028352471068501472,0.8117539286613464,0.19173406343907118
jm1,RandomForest,9796,1089,0.2633602363357607,0.41578095792743414,0.012876283377408981,0.013825605623424053,0.8227731585502625,0.22506652306765318
jm1,XGBoost,9796,1089,0.26539506095398296,0.4205690559473891,0.012109586037695408,0.024679185822606087,0.8163452744483948,0.18618245143443346
kc1,CatBoost,1898,211,0.19175823911762013,0.3166544434914617,0.026738867163658142,0.04459485039114952,0.8720378875732422,0.06891696248203516
kc1,ExtraTrees,1898,211,0.19122292666886997,0.3211179948677335,0.030466783791780472,0.02619948610663414,0.8815165758132935,0.06945402640849352
kc1,LightGBM,1898,211,0.19147652730526488,0.32297282954376194,0.025440910831093788,0.041332490742206573,0.8815165758132935,0.06629635114222765
kc1,LinearModel,1898,211,0.21478110694069277,0.3497351668169506,0.02950725145637989,0.03663007915019989,0.8625592589378357,0.06597118265926838
kc1,NeuralNetFastAI,1898,211,0.20078892379868649,0.32679918489617044,0.029346888884902,0.058202121406793594,0.8625592589378357,0.06788756977766752
kc1,NeuralNetTorch,1898,211,0.20894312608107377,0.33692676323393606,0.024090981110930443,0.04872388765215874,0.8483412265777588,0.06307874340564013
kc1,RandomForest,1898,211,0.18260759234706556,0.3048201986197877,0.030586985871195793,0.04790008068084717,0.8815165758132935,0.06963941361755133
kc1,XGBoost,1898,211,0.1963142892884134,0.32203804646851847,0.02729491889476776,0.04270978271961212,0.8767772316932678,0.06243342161178589
kc2,CatBoost,469,53,0.2634278914757647,0.39251427034615366,0.08103346824645996,0.13618981838226318,0.7924528121948242,0.030407418496906757
kc2,ExtraTrees,469,53,0.2662004481651983,0.39415302709547645,0.08041656017303467,0.161214217543602,0.7547169923782349,0.031273472122848034
kc2,LightGBM,469,53,0.20341734197328779,0.3123210157886092,0.06992184370756149,0.1433916687965393,0.7924528121948242,0.037835643626749516
kc2,LinearModel,469,53,0.27575586866615653,0.4093160242047354,0.09165912866592407,0.12505057454109192,0.7924528121948242,0.039825620129704475
kc2,NeuralNetFastAI,469,53,0.25911885080334907,0.3954654728822996,0.051552824676036835,0.1130419373512268,0.7924528121948242,0.037456328980624676
kc2,NeuralNetTorch,469,53,0.2854224005961717,0.45171092206972807,0.0596025213599205,0.14923200011253357,0.7735849022865295,0.03419872559607029
kc2,RandomForest,469,53,0.23968993646186473,0.3496701979015724,0.06170535087585449,0.1186465471982956,0.7924528121948242,0.03637465834617615
kc2,XGBoost,469,53,0.24861130935677914,0.37904460666076006,0.07474319636821747,0.10757480561733246,0.8113207817077637,0.03039324376732111
kdd_el_nino-small,CatBoost,703,79,0.10763628329636919,0.1555339208398588,0.04312467575073242,0.06740584969520569,0.9113923907279968,0.04713603854179382
kdd_el_nino-small,ExtraTrees,703,79,0.12658860516472184,0.22468810587701651,0.03469175100326538,0.06840431690216064,0.8987341523170471,0.04530433192849159
kdd_el_nino-small,LightGBM,703,79,0.12079546341958056,0.20402768834945917,0.04710642993450165,0.06457019597291946,0.8987341523170471,0.04569013696163893
kdd_el_nino-small,LinearModel,703,79,0.10799313978809028,0.16668591084801623,0.03017369657754898,0.07129140943288803,0.9240506291389465,0.04824525956064463
kdd_el_nino-small,NeuralNetFastAI,703,79,0.11083722382873626,0.20253042211603323,0.02297450229525566,0.06604047119617462,0.9367088675498962,0.04754053894430399
kdd_el_nino-small,NeuralNetTorch,703,79,0.13827906939723836,0.23491514327853344,0.03714767470955849,0.07312574982643127,0.9113923907279968,0.04727791529148817
kdd_el_nino-small,RandomForest,703,79,0.10500901948690801,0.1897041688907445,0.023013925179839134,0.05685420334339142,0.9367088675498962,0.04817389044910669
kdd_el_nino-small,XGBoost,703,79,0.10859573495888282,0.19374250175796143,0.03265094757080078,0.0667647197842598,0.9367088675498962,0.04800601303577423
kdd_internet_usage,CatBoost,9097,1011,0.14950391506250404,0.23428861856173555,0.011392613872885704,0.02851209230720997,0.9010880589485168,0.23295345064252615
kdd_internet_usage,ExtraTrees,9097,1011,0.1620825992225662,0.25440705627786775,0.014116603881120682,0.02060364931821823,0.8862512111663818,0.23759109992533922
kdd_internet_usage,LightGBM,9097,1011,0.1493599703116552,0.23271500816135238,0.012089833617210388,0.016270942986011505,0.8961424231529236,0.23092431016266346
kdd_internet_usage,LinearModel,9097,1011,0.16864991560427706,0.2728351578574436,0.010224096477031708,0.027299143373966217,0.8753709197044373,0.22377950977534056
kdd_internet_usage,NeuralNetFastAI,9097,1011,0.151298664846799,0.23428170435822482,0.012884644791483879,0.018969759345054626,0.8902077078819275,0.2300976337864995
kdd_internet_usage,NeuralNetTorch,9097,1011,0.15149756782667506,0.23329403170465998,0.015881288796663284,0.02565957047045231,0.8902077078819275,0.22950139362365007
kdd_internet_usage,RandomForest,9097,1011,0.15970625188439547,0.24808725187913422,0.015129853039979935,0.02720905840396881,0.8862512111663818,0.2395375892519951
kdd_internet_usage,XGBoost,9097,1011,0.1499970818908105,0.2365361415874837,0.012443061918020248,0.027700265869498253,0.8981207013130188,0.2305475901812315
kick,CatBoost,65684,7299,0.1613956412881913,0.2846286459215241,0.0045632123947143555,0.006733309011906385,0.9034114480018616,1.1782715637236834
kick,ExtraTrees,65684,7299,0.1686431863626394,0.296403356837197,0.004221568815410137,0.009772028774023056,0.8994382619857788,1.152670606970787
kick,LightGBM,65684,7299,0.16400410839545426,0.2893572233441328,0.0036383680999279022,0.006428278051316738,0.9020413756370544,1.1753046261146665
kick,LinearModel,65684,7299,0.1713079578111536,0.301797680303329,0.0032892636954784393,0.005681851878762245,0.8983422517776489,1.1222189823165536
kick,NeuralNetFastAI,65684,7299,0.16402400051239008,0.28929016916491634,0.004722930490970612,0.00921092089265585,0.9014933705329895,1.1701796790584922
kick,NeuralNetTorch,65684,7299,0.16371582011914665,0.28932160764222176,0.00404687225818634,0.008035436272621155,0.9028633832931519,1.1997413402423263
kick,RandomForest,65684,7299,0.16668678468633943,0.2932551261714668,0.0042267730459570885,0.011270307935774326,0.9003973007202148,1.1132505759596825
kick,XGBoost,65684,7299,0.16168020653776158,0.28536501388096236,0.003950692713260651,0.006646782625466585,0.9031374454498291,1.18566067609936
kin8nm,CatBoost,7372,820,0.14773657302633317,0.23528436396113822,0.017904698848724365,0.036502301692962646,0.8939024209976196,0.2009916715323925
kin8nm,ExtraTrees,7372,820,0.21570724867886137,0.33841780399668386,0.021543849259614944,0.037663135677576065,0.8402438759803772,0.1890524886548519
kin8nm,LightGBM,7372,820,0.1519774690960947,0.2431010778576608,0.017660409212112427,0.03275485336780548,0.8902438879013062,0.1966390460729599
kin8nm,LinearModel,7372,820,0.356678947093045,0.5352233081062989,0.012699946761131287,0.029366232454776764,0.7341463565826416,0.1722200307995081
kin8nm,NeuralNetFastAI,7372,820,0.12723738959462785,0.20457421209098312,0.014943581074476242,0.02538987062871456,0.9048780202865601,0.1907541835680604
kin8nm,NeuralNetTorch,7372,820,0.12580653402846523,0.19936532855004638,0.012648139148950577,0.02449006214737892,0.9134146571159363,0.19482708256691694
kin8nm,RandomForest,7372,820,0.21335399480524878,0.33773458712588184,0.019687026739120483,0.029350385069847107,0.8390243649482727,0.18888412695378065
kin8nm,XGBoost,7372,820,0.17901218113896813,0.2891339855226561,0.023105675354599953,0.03458089753985405,0.8804877996444702,0.1979502821341157
madeline,CatBoost,2826,314,0.19359676657751967,0.3310603100252539,0.025235231965780258,0.04826441407203674,0.8726114630699158,0.09653074853122234
madeline,ExtraTrees,2826,314,0.22393534149702418,0.3697960592503141,0.0199838075786829,0.04215959087014198,0.8407643437385559,0.09123792126774788
madeline,LightGBM,2826,314,0.21687908870847825,0.3585153833321983,0.02147054672241211,0.04671356827020645,0.8566879034042358,0.09471595380455256
madeline,LinearModel,2826,314,0.4878191325609809,0.6807655420881793,0.021934468299150467,0.04288763925433159,0.5732483863830566,0.06825746223330498
madeline,NeuralNetFastAI,2826,314,0.3980463445933795,0.5842408931186728,0.05199400335550308,0.0755673423409462,0.6974522471427917,0.0745735615491867
madeline,NeuralNetTorch,2826,314,0.3612408714475305,0.5435494506911782,0.05766591429710388,0.09418227523565292,0.7547770738601685,0.08151081670075655
madeline,RandomForest,2826,314,0.23037987678990304,0.3847204458097312,0.025677071884274483,0.07005976140499115,0.8535031676292419,0.09671555459499359
madeline,XGBoost,2826,314,0.21884123913371545,0.3618598925974304,0.025747742503881454,0.04125603288412094,0.8662420511245728,0.09052274189889431
madelon,CatBoost,2340,260,0.19223110359867968,0.3227651476986123,0.027821052819490433,0.07032715529203415,0.8653846383094788,0.08222209475934505
madelon,ExtraTrees,2340,260,0.20885755995337252,0.34782791170389016,0.033251676708459854,0.05258367955684662,0.857692301273346,0.08471706882119179
madelon,LightGBM,2340,260,0.1903398475510232,0.3249641669880615,0.04341604560613632,0.07847950607538223,0.8807692527770996,0.08153123687952757
madelon,LinearModel,2340,260,0.49341706879219605,0.6865543035655827,0.04996532201766968,0.01770835742354393,0.6038461327552795,0.05004177987575531
madelon,NeuralNetFastAI,2340,260,0.4030717636791599,0.5914259312845642,0.07183478027582169,0.11887922883033752,0.7384615540504456,0.06982146110385656
madelon,NeuralNetTorch,2340,260,0.43191130132175165,0.622643813354013,0.0640527606010437,0.09473498910665512,0.6884615421295166,0.06584669183939695
madelon,RandomForest,2340,260,0.21425756682561223,0.3541183481012714,0.02753002941608429,0.06342220306396484,0.8615384697914124,0.08428994659334421
madelon,XGBoost,2340,260,0.2003219204088892,0.3371006358879852,0.028847720474004745,0.05831814184784889,0.8653846383094788,0.07764322124421597
mammography,CatBoost,10064,1119,0.021160977197906675,0.04971038448404092,0.0034748262260109186,0.004611169453710318,0.9883824586868286,0.21687673032283783
mammography,ExtraTrees,10064,1119,0.025967730230212573,0.05895436029209919,0.006396769545972347,0.008768375031650066,0.9857015013694763,0.23390230908989906
mammography,LightGBM,10064,1119,0.022952242510414105,0.05223323419215319,0.004725830629467964,0.008561860769987106,0.9874888062477112,0.2101173922419548
mammography,LinearModel,10064,1119,0.03123067072522222,0.07005384155401992,0.006299812812358141,0.009320909157395363,0.9812332391738892,0.20462128147482872
mammography,NeuralNetFastAI,10064,1119,0.02441562644978235,0.052876439666946086,0.004224727861583233,0.007512744516134262,0.9848078489303589,0.21528553497046232
mammography,NeuralNetTorch,10064,1119,0.025677185887024865,0.054928484882037505,0.0033566467463970184,0.0074442652985453606,0.9839141964912415,0.20661764219403267
mammography,RandomForest,10064,1119,0.027302358910717733,0.05996273814508438,0.00635888148099184,0.008385589346289635,0.9839141964912415,0.2115193624049425
mammography,XGBoost,10064,1119,0.022961055114849235,0.05210762503632377,0.004677948076277971,0.008250441402196884,0.9883824586868286,0.20958227012306452
mc1,CatBoost,8519,947,0.00770841172108297,0.016367511800573165,0.0030155072454363108,0.00415498111397028,0.9947201609611511,0.15734080784022808
mc1,ExtraTrees,8519,947,0.008165982976723492,0.019135203674908424,0.0027132011018693447,0.002410651883110404,0.9947201609611511,0.17463631927967072
mc1,LightGBM,8519,947,0.007090690090872816,0.013927911302091955,0.0017493936466053128,0.0037869149819016457,0.9947201609611511,0.16681532934308052
mc1,LinearModel,8519,947,0.01039136834162366,0.030151440233396776,0.0051527321338653564,0.00135729496832937,0.9947201609611511,0.18763100914657116
mc1,NeuralNetFastAI,8519,947,0.010493946777795186,0.02996760231069934,0.00421230960637331,0.0045166281051933765,0.9947201609611511,0.18650449626147747
mc1,NeuralNetTorch,8519,947,0.013279374511282303,0.03267714940579958,0.004508599638938904,0.0030607336666435003,0.9926082491874695,0.1680923392996192
mc1,RandomForest,8519,947,0.010202310313370964,0.022672706236451068,0.003366779303178191,0.0018952070968225598,0.9947201609611511,0.16326593235135078
mc1,XGBoost,8519,947,0.008253146537656183,0.01542521699640359,0.0020108819007873535,0.0020317784510552883,0.9947201609611511,0.14723754487931728
meta,CatBoost,475,53,0.08531667837635917,0.14365086948966105,0.04191324859857559,0.06280571967363358,0.9622641801834106,0.03385704290121794
meta,ExtraTrees,475,53,0.168454570619017,0.2701391450227959,0.05223985016345978,0.07545863091945648,0.9056603908538818,0.03434876911342144
meta,LightGBM,475,53,0.10003833869605909,0.1620853642696844,0.051329292356967926,0.06830933690071106,0.9433962106704712,0.03339624498039484
meta,LinearModel,475,53,0.11078796601343555,0.1745197282124165,0.05043671652674675,0.05167170614004135,0.9056603908538818,0.03308558091521263
meta,NeuralNetFastAI,475,53,0.12147537006908463,0.2073247159696555,0.07418935000896454,0.1322958767414093,0.9056603908538818,0.037066828459501266
meta,NeuralNetTorch,475,53,0.08230295151448923,0.1467767071460819,0.051638729870319366,0.05160822719335556,0.9622641801834106,0.036150699481368065
meta,RandomForest,475,53,0.12185181876997968,0.20599591347290597,0.0479329377412796,0.12128332257270813,0.9433962106704712,0.032732244580984116
meta,XGBoost,475,53,0.10117505383396132,0.15637587525230426,0.043587394058704376,0.058898620307445526,0.9433962106704712,0.03985084779560566
mozilla4,CatBoost,13990,1555,0.0688221582939331,0.12248917071288787,0.008570156991481781,0.013706180267035961,0.9536977410316467,0.3051977902650833
mozilla4,ExtraTrees,13990,1555,0.06878325960669579,0.12228499574119366,0.005076058208942413,0.010945940390229225,0.9549839496612549,0.3110679564997554
mozilla4,LightGBM,13990,1555,0.0658346984049697,0.11818302555371109,0.009449057281017303,0.014383778907358646,0.9569131731987,0.31460019666701555
mozilla4,LinearModel,13990,1555,0.112115761748857,0.19726941056401842,0.008941024541854858,0.013025644235312939,0.9344051480293274,0.3146500149741769
mozilla4,NeuralNetFastAI,13990,1555,0.11411356870614536,0.20573947530506168,0.01014035940170288,0.016920551657676697,0.9260450005531311,0.31260896380990744
mozilla4,NeuralNetTorch,13990,1555,0.0913519905281685,0.159288681762933,0.011498585343360901,0.020204810425639153,0.9395498633384705,0.30938068591058254
mozilla4,RandomForest,13990,1555,0.068966198444168,0.11851248924860938,0.005909189581871033,0.017423545941710472,0.9517685174942017,0.31146447639912367
mozilla4,XGBoost,13990,1555,0.06759812102503844,0.12180594626780655,0.009634848684072495,0.016165070235729218,0.953054666519165,0.3184715546667576
no2,CatBoost,450,50,0.42308450963651834,0.6118253552015643,0.05116437375545502,0.11419685930013657,0.6399999856948853,0.03730476275086403
no2,ExtraTrees,450,50,0.4190323929014923,0.6086336834741727,0.054606229066848755,0.09760402143001556,0.6399999856948853,0.03307573031634092
no2,LightGBM,450,50,0.4604603267672181,0.6526617315459068,0.0772961676120758,0.08371872454881668,0.6200000047683716,0.03139254450798035
no2,LinearModel,450,50,0.4946404305421555,0.6877181135301379,0.16356520354747772,0.15814968943595886,0.4000000059604645,0.025109708309173584
no2,NeuralNetFastAI,450,50,0.4496825370709243,0.639805844683639,0.09673324227333069,0.16705045104026794,0.5799999833106995,0.0318375276401639
no2,NeuralNetTorch,450,50,0.4488128453892294,0.6390650762879673,0.0780377984046936,0.14840352535247803,0.6600000262260437,0.033951892517507076
no2,RandomForest,450,50,0.4394314155217324,0.628486444341388,0.06267157196998596,0.12725552916526794,0.6399999856948853,0.03146718814969063
no2,XGBoost,450,50,0.4532391301614609,0.6433471959422858,0.05301142483949661,0.15857994556427002,0.6399999856948853,0.02914160117506981
nomao,CatBoost,31018,3447,0.03829139736946105,0.06768607170048124,0.003061112482100725,0.006653948221355677,0.9744705557823181,0.6039934204891324
nomao,ExtraTrees,31018,3447,0.05033138249132222,0.0921871575302673,0.004529215861111879,0.00958172045648098,0.9663475751876831,0.5832263082265854
nomao,LightGBM,31018,3447,0.03797512091780613,0.06781089784811586,0.0027312880847603083,0.006539178546518087,0.9747606515884399,0.6053405832499266
nomao,LinearModel,31018,3447,0.0732613836341134,0.12476544063627532,0.004865675233304501,0.009655734524130821,0.9498114585876465,0.6226897602900863
nomao,NeuralNetFastAI,31018,3447,0.05221157113235945,0.0925497966120309,0.004935882054269314,0.008936043828725815,0.967798113822937,0.6159259574487805
nomao,NeuralNetTorch,31018,3447,0.05205992958453853,0.09141008169956835,0.004324164241552353,0.00771853094920516,0.9654772281646729,0.6198050966486335
nomao,RandomForest,31018,3447,0.04721126204905815,0.0871958964278246,0.00320071610622108,0.006405954714864492,0.9698288440704346,0.5810442874208093
nomao,XGBoost,31018,3447,0.03846829864843182,0.06828688661607951,0.0035198472905904055,0.0067528123036026955,0.9756309986114502,0.6041079293936491
numerai28_6,CatBoost,86688,9632,0.49892998447775677,0.6920754807254919,0.008138887584209442,0.001225780346430838,0.5145348906517029,1.1484608752653003
numerai28_6,ExtraTrees,86688,9632,0.49895258046878677,0.6920985475659889,0.005938510410487652,0.0020732542034238577,0.5148463249206543,1.0343296872451901
numerai28_6,LightGBM,86688,9632,0.4989429417990731,0.6920865778732896,0.009217232465744019,0.002282477682456374,0.5129776000976562,1.131583048030734
numerai28_6,LinearModel,86688,9632,0.4989249766556399,0.692070987913655,0.008809678256511688,0.0010833191918209195,0.5192068219184875,1.0853838054463267
numerai28_6,NeuralNetFastAI,86688,9632,0.4989859623828003,0.6921326238320163,0.007295813411474228,0.004076703917235136,0.5146387219429016,1.2175470078364015
numerai28_6,NeuralNetTorch,86688,9632,0.49883382714005964,0.6919808143487334,0.0072709619998931885,0.0018678121268749237,0.523567259311676,1.0765483723953366
numerai28_6,RandomForest,86688,9632,0.4993290376224299,0.692474967048377,0.007322341203689575,0.002358498051762581,0.5119393467903137,1.0410390347242355
numerai28_6,XGBoost,86688,9632,0.49932310214066783,0.6924707650190212,0.007187679409980774,0.003636416979134083,0.5139119625091553,1.1374062532559037
ozone-level-8hr,CatBoost,2280,254,0.08107009096091432,0.1342301899731506,0.014509845525026321,0.026330480352044106,0.9488189220428467,0.07507382705807686
ozone-level-8hr,ExtraTrees,2280,254,0.07850953867205035,0.1305801302394653,0.013875648379325867,0.032556723803281784,0.9488189220428467,0.0688108280301094
ozone-level-8hr,LightGBM,2280,254,0.08138355678721428,0.13375307984130663,0.01575440540909767,0.044811274856328964,0.9370078444480896,0.0766267217695713
ozone-level-8hr,LinearModel,2280,254,0.07689314980886157,0.12548413979280432,0.01632898859679699,0.027498625218868256,0.9409449100494385,0.0759674571454525
ozone-level-8hr,NeuralNetFastAI,2280,254,0.07491922825916245,0.12452102294396895,0.017992153763771057,0.02831331267952919,0.9409449100494385,0.07081351522356272
ozone-level-8hr,NeuralNetTorch,2280,254,0.07214610001948937,0.12569569844978795,0.012936566956341267,0.017155764624476433,0.9448819160461426,0.07545567583292723
ozone-level-8hr,RandomForest,2280,254,0.0768756281223716,0.12872200430960967,0.01631823182106018,0.02131938748061657,0.9448819160461426,0.07245369628071785
ozone-level-8hr,XGBoost,2280,254,0.08173072003341689,0.13781369152225614,0.014508180320262909,0.03318507969379425,0.9370078444480896,0.07277075666934252
parity5_plus_5,CatBoost,1011,113,9.592845501840026e-10,2.1900197937271886e-05,1.0945416761387605e-05,2.1899957573623396e-05,1.0,0.05697425454854965
parity5_plus_5,ExtraTrees,1011,113,0.05510586638936906,0.12495167635431619,0.01965394802391529,0.043510790914297104,0.9646017551422119,0.05893362034112215
parity5_plus_5,LightGBM,1011,113,9.592845501840355e-10,2.1900197937271886e-05,1.0945416761387605e-05,2.1899957573623396e-05,1.0,0.05777737870812416
parity5_plus_5,LinearModel,1011,113,0.4833753570511451,0.6761815384662628,0.05728284269571304,0.09350649267435074,0.5663716793060303,0.049052768386900425
parity5_plus_5,NeuralNetFastAI,1011,113,9.592845501840024e-10,2.1900197937271886e-05,1.0945416761387605e-05,2.1899957573623396e-05,1.0,0.05768634099513292
parity5_plus_5,NeuralNetTorch,1011,113,9.59284550184011e-10,2.1900197937271886e-05,1.0945416761387605e-05,2.1899957573623396e-05,1.0,0.057176374830305576
parity5_plus_5,RandomForest,1011,113,0.07061722081487191,0.12973085231121936,0.03438056632876396,0.054086506366729736,0.9469026327133179,0.055925143882632256
parity5_plus_5,XGBoost,1011,113,2.1325358305743316e-06,0.0010331251488443745,0.0005231907125562429,0.00103259168099612,1.0,0.05759733263403177
pbcseq,CatBoost,1750,195,0.19444331175317864,0.33047154353882224,0.03627566993236542,0.07452500611543655,0.892307698726654,0.07469118665903807
pbcseq,ExtraTrees,1750,195,0.23866265914467608,0.3882997024722795,0.038125816732645035,0.0687713548541069,0.8410256505012512,0.06375450175255537
pbcseq,LightGBM,1750,195,0.20481748448493642,0.34112034768497446,0.04299788177013397,0.07256343960762024,0.8820512890815735,0.06772235408425331
pbcseq,LinearModel,1750,195,0.41330451262271667,0.6013711479510409,0.03871278464794159,0.08990762382745743,0.656410276889801,0.06878457125276327
pbcseq,NeuralNetFastAI,1750,195,0.29166966067113176,0.4591962480985022,0.0360834002494812,0.06872280687093735,0.7897436022758484,0.062344265170395374
pbcseq,NeuralNetTorch,1750,195,0.30332595169436377,0.4766003115242095,0.06285259127616882,0.11887022107839584,0.800000011920929,0.06503054779022932
pbcseq,RandomForest,1750,195,0.24956454635697647,0.40760621287411075,0.050223469734191895,0.09615330398082733,0.8615384697914124,0.0668875528499484
pbcseq,XGBoost,1750,195,0.18723507200242331,0.3252800315523456,0.04494323581457138,0.07808515429496765,0.8871794939041138,0.0684761181473732
pc1,CatBoost,998,111,0.08733159967026978,0.17369183789619766,0.02464078925549984,0.037245262414216995,0.9459459185600281,0.04273432493209839
pc1,ExtraTrees,998,111,0.09032258644438064,0.19413547045442653,0.03343968838453293,0.05488093942403793,0.954954981803894,0.05028175096958876
pc1,LightGBM,998,111,0.09473566345656466,0.19958457163229687,0.027603991329669952,0.05650831386446953,0.9369369149208069,0.04598252195864916
pc1,LinearModel,998,111,0.10635238599394274,0.19613443000211603,0.025453919544816017,0.03176404908299446,0.9369369149208069,0.04786058608442545
pc1,NeuralNetFastAI,998,111,0.1080661923444439,0.21794020234144923,0.03544582799077034,0.07640082389116287,0.9459459185600281,0.04951374791562557
pc1,NeuralNetTorch,998,111,0.10323514116340105,0.19655577923474876,0.030024360865354538,0.04605895280838013,0.9459459185600281,0.050634343177080154
pc1,RandomForest,998,111,0.08023458319286232,0.1492885232663638,0.028560101985931396,0.05108027160167694,0.9459459185600281,0.045224472880363464
pc1,XGBoost,998,111,0.0881682011513443,0.16442435499286892,0.018205121159553528,0.02878209389746189,0.9459459185600281,0.0434602964669466
pc2,CatBoost,5030,559,0.006090849760911548,0.012823518342372987,0.0032306183129549026,0.002169894054532051,0.9964221715927124,0.09959878958761692
pc2,ExtraTrees,5030,559,0.006749873061076051,0.01580493929609907,0.003190224524587393,0.0019731014035642147,0.9964221715927124,0.08069788478314877
pc2,LightGBM,5030,559,0.007068372628672165,0.017286049230796203,0.003401284571737051,0.0014174866955727339,0.9964221715927124,0.10376986023038626
pc2,LinearModel,5030,559,0.0061902774373553465,0.013154620397838901,0.003746089758351445,0.0033711662981659174,0.9964221715927124,0.09898109547793865
pc2,NeuralNetFastAI,5030,559,0.006190681048393197,0.011992106976153539,0.0032163436990231276,0.0057640690356493,0.9964221715927124,0.1130142817273736
pc2,NeuralNetTorch,5030,559,0.006993446009965253,0.017510146945780587,0.0021349110174924135,0.00041938069625757635,0.9964221715927124,0.10954566951841116
pc2,RandomForest,5030,559,0.007123973476180632,0.017940414101167586,0.0031777594704180956,0.001187106012366712,0.9964221715927124,0.08950825873762369
pc2,XGBoost,5030,559,0.0065991592998271295,0.014182269243030713,0.002213577274233103,0.002520781010389328,0.9964221715927124,0.09887802693992853
pc3,CatBoost,1406,157,0.1722583743047409,0.2829897804261585,0.037368930876255035,0.0798882395029068,0.9044585824012756,0.05615151673555374
pc3,ExtraTrees,1406,157,0.1632577410887128,0.2638643789899116,0.026290372014045715,0.05399385467171669,0.8980891704559326,0.05448851641267538
pc3,LightGBM,1406,157,0.16687796814901418,0.2752240200532862,0.030497949570417404,0.05642680823802948,0.8853503465652466,0.05830331426113844
pc3,LinearModel,1406,157,0.178443275261707,0.3003049893595542,0.0336715392768383,0.05484532564878464,0.8853503465652466,0.05049718916416168
pc3,NeuralNetFastAI,1406,157,0.18058427250485007,0.3037594086592284,0.03943101316690445,0.048538688570261,0.8917197585105896,0.053628310561180115
pc3,NeuralNetTorch,1406,157,0.18460032254892617,0.3164487521781808,0.04221911355853081,0.07942111045122147,0.8980891704559326,0.06036509945988655
pc3,RandomForest,1406,157,0.16943880607168205,0.2788802608938315,0.027008071541786194,0.035244960337877274,0.8853503465652466,0.0563961248844862
pc3,XGBoost,1406,157,0.1727319660128562,0.2781938821063891,0.04229898005723953,0.06695099174976349,0.8789808750152588,0.057941594161093235
pc4,CatBoost,1312,146,0.11963004845780706,0.1939185028484456,0.0336676761507988,0.05222326144576073,0.9178082346916199,0.058195787481963634
pc4,ExtraTrees,1312,146,0.12335016903284894,0.20797768530294145,0.01972769945859909,0.0627739429473877,0.8904109597206116,0.053988004103302956
pc4,LightGBM,1312,146,0.12419134943585984,0.19472326197414574,0.02738848328590393,0.051703475415706635,0.8904109597206116,0.05543122161179781
pc4,LinearModel,1312,146,0.11680452348348541,0.19787177348954868,0.040326230227947235,0.049115754663944244,0.9246575236320496,0.05589467752724886
pc4,NeuralNetFastAI,1312,146,0.12090094727453549,0.20215202385672051,0.03224463015794754,0.052057020366191864,0.9246575236320496,0.055215710774064064
pc4,NeuralNetTorch,1312,146,0.130545121800868,0.2042146114243739,0.031463466584682465,0.04467209428548813,0.9178082346916199,0.05854442063719034
pc4,RandomForest,1312,146,0.12372017670743014,0.19261429989287066,0.029964696615934372,0.059620074927806854,0.9109588861465454,0.05465489439666271
pc4,XGBoost,1312,146,0.13004498290801056,0.20676635905147647,0.033736445009708405,0.05740651860833168,0.9109588861465454,0.05339354649186134
philippine,CatBoost,5248,584,0.3163185594685826,0.4715202328352722,0.02020617574453354,0.044376712292432785,0.7688356041908264,0.14273874834179878
philippine,ExtraTrees,5248,584,0.318193390589957,0.4787258941148928,0.013927802443504333,0.031893353909254074,0.767123281955719,0.14538347721099854
philippine,LightGBM,5248,584,0.30293953755007474,0.4564379761990568,0.018503770232200623,0.032386865466833115,0.7773972749710083,0.1432024883106351
philippine,LinearModel,5248,584,0.3759442466004427,0.5606047014262485,0.02455131709575653,0.0510190948843956,0.7243150472640991,0.12679987773299217
philippine,NeuralNetFastAI,5248,584,0.3667389244126397,0.543306817810298,0.02911524474620819,0.053164880722761154,0.7431507110595703,0.12856183107942343
philippine,NeuralNetTorch,5248,584,0.36539902094925725,0.5467959115889031,0.026657089591026306,0.06404773145914078,0.7345890402793884,0.13617467135190964
philippine,RandomForest,5248,584,0.321396136999548,0.4864886278063583,0.01853245496749878,0.05316717177629471,0.7602739930152893,0.14114711619913578
philippine,XGBoost,5248,584,0.300915381364126,0.457762460008825,0.019250530749559402,0.03743059188127518,0.7773972749710083,0.14672534260898829
phoneme,CatBoost,4863,541,0.13294845727331975,0.21752371365775477,0.013246234506368637,0.040368225425481796,0.902033269405365,0.14609515108168125
phoneme,ExtraTrees,4863,541,0.1250463086224307,0.20424818594463276,0.016903914511203766,0.025902768597006798,0.9112753868103027,0.14205805398523808
phoneme,LightGBM,4863,541,0.13512857788197716,0.22138655735694113,0.013381695374846458,0.03617481887340546,0.9131238460540771,0.14306522253900766
phoneme,LinearModel,4863,541,0.31962051639336075,0.47908505503376836,0.024103395640850067,0.040257107466459274,0.7634010910987854,0.1287612644955516
phoneme,NeuralNetFastAI,4863,541,0.15735018739147116,0.25389751730949284,0.017432773485779762,0.027728494256734848,0.8835489749908447,0.1422170465812087
phoneme,NeuralNetTorch,4863,541,0.14162954258758456,0.23754857733208384,0.02246749773621559,0.04520413652062416,0.9001848697662354,0.1420523626729846
phoneme,RandomForest,4863,541,0.13233667315573808,0.217464042191553,0.013864628970623016,0.036009591072797775,0.905730128288269,0.1381707303225994
phoneme,XGBoost,4863,541,0.13253115062535423,0.22018515998201865,0.018517866730690002,0.046249426901340485,0.9112753868103027,0.13940276391804218
pm10,CatBoost,450,50,0.44929452877384646,0.6433578043332472,0.11222144216299057,0.16465164721012115,0.699999988079071,0.02708974853157997
pm10,ExtraTrees,450,50,0.4589203151856106,0.6506271015914126,0.0956987589597702,0.11261678487062454,0.6399999856948853,0.03165887016803026
pm10,LightGBM,450,50,0.4443438018766967,0.6366050938535769,0.09116297215223312,0.1400613784790039,0.7200000286102295,0.030354325659573078
pm10,LinearModel,450,50,0.4917328749291088,0.6848702562906192,0.062481313943862915,0.011094173416495323,0.5799999833106995,0.023601661436259747
pm10,NeuralNetFastAI,450,50,0.5331039408329851,0.7274324438709873,0.09611281007528305,0.13692298531532288,0.47999998927116394,0.0324142724275589
pm10,NeuralNetTorch,450,50,0.5175447105295633,0.7100744008158572,0.0907495766878128,0.136831596493721,0.46000000834465027,0.03043279331177473
pm10,RandomForest,450,50,0.4567737591111428,0.6490223494923728,0.09472467750310898,0.11162099242210388,0.6600000262260437,0.02463328931480646
pm10,XGBoost,450,50,0.48588520828448617,0.680913556898986,0.05874249339103699,0.059294041246175766,0.5199999809265137,0.028928021900355816
pollen,CatBoost,3463,385,0.4998671295754701,0.6930185781898642,0.025096416473388672,0.004025752656161785,0.5298701524734497,0.07307213637977839
pollen,ExtraTrees,3463,385,0.5001938449468136,0.6933408907938237,0.02882586419582367,0.0029720570892095566,0.5038961172103882,0.06588207092136145
pollen,LightGBM,3463,385,0.5016128885900311,0.6947781436707972,0.1080360934138298,0.008577033877372742,0.516883134841919,0.05987909156829119
pollen,LinearModel,3463,385,0.502409423859653,0.6955572772325935,0.04578860104084015,0.0012567213270813227,0.44675323367118835,0.06592097971588373
pollen,NeuralNetFastAI,3463,385,0.5007092423006839,0.693887561229706,0.03284581005573273,0.005357678513973951,0.5298701524734497,0.07617249339818954
pollen,NeuralNetTorch,3463,385,0.5009800205856535,0.6941304617024684,0.05163662135601044,0.028588762506842613,0.4987013041973114,0.06557663809508085
pollen,RandomForest,3463,385,0.5001084291754292,0.6932553932393088,0.09431266784667969,0.001253996160812676,0.4909090995788574,0.05703173018991947
pollen,XGBoost,3463,385,0.5026194586987621,0.6957738421690536,0.030515462160110474,0.03655390068888664,0.4935064911842346,0.07636745553463697
puma32H,CatBoost,7372,820,0.13018463972744643,0.20440504039921792,0.010048821568489075,0.022941451519727707,0.9048780202865601,0.19577761832624674
puma32H,ExtraTrees,7372,820,0.1451786881300699,0.2243699173983272,0.011701295152306557,0.0277713630348444,0.8951219320297241,0.19652237463742495
puma32H,LightGBM,7372,820,0.14364197133606194,0.22418642039076708,0.011570639908313751,0.025369198992848396,0.8926829099655151,0.19097250886261463
puma32H,LinearModel,7372,820,0.46369576396000084,0.6564495069746846,0.020919546484947205,0.027837790548801422,0.6390243768692017,0.15212683472782373
puma32H,NeuralNetFastAI,7372,820,0.10548804400729347,0.17399939837308462,0.011798329651355743,0.02248295582830906,0.9280487895011902,0.19576395582407713
puma32H,NeuralNetTorch,7372,820,0.11051427146655962,0.18390787762990024,0.01724204793572426,0.02906007319688797,0.9207317233085632,0.1967556057497859
puma32H,RandomForest,7372,820,0.1503006849055965,0.2373625366692146,0.015105992555618286,0.03559568524360657,0.8865853548049927,0.19633297249674797
puma32H,XGBoost,7372,820,0.14551581019407442,0.2324068166746534,0.014543721452355385,0.034597430378198624,0.8926829099655151,0.1982781272381544
puma8NH,CatBoost,7372,820,0.22954114074819743,0.3638521018987976,0.016653604805469513,0.03954493626952171,0.8378048539161682,0.18585841357707977
puma8NH,ExtraTrees,7372,820,0.2274563797167349,0.35874685692518865,0.01979125291109085,0.04723131284117699,0.8390243649482727,0.19377988390624523
puma8NH,LightGBM,7372,820,0.23147597913461496,0.36706510890754374,0.02078312262892723,0.03660178184509277,0.8353658318519592,0.18942051194608212
puma8NH,LinearModel,7372,820,0.24520172851965705,0.3824698747276238,0.01326463371515274,0.042750827968120575,0.8317072987556458,0.19188646599650383
puma8NH,NeuralNetFastAI,7372,820,0.22719008709457786,0.35944885478394467,0.021017376333475113,0.05745164304971695,0.8451219797134399,0.18335777893662453
puma8NH,NeuralNetTorch,7372,820,0.2265184590480291,0.3553114611676062,0.017669349908828735,0.05458989366889,0.8390243649482727,0.19257739186286926
puma8NH,RandomForest,7372,820,0.22752746090762951,0.3635582259383323,0.0193963423371315,0.04457223042845726,0.8439024686813354,0.17642869800329208
puma8NH,XGBoost,7372,820,0.23026322470381894,0.3666294412067772,0.02286050096154213,0.03829842805862427,0.8414633870124817,0.17711877543479204
qsar-biodeg,CatBoost,949,106,0.18027181884778928,0.2975348940064079,0.022514332085847855,0.08703658729791641,0.8679245114326477,0.05335823632776737
qsar-biodeg,ExtraTrees,949,106,0.18273289887884026,0.3008541316180277,0.028950247913599014,0.07491515576839447,0.8584905862808228,0.04877167474478483
qsar-biodeg,LightGBM,949,106,0.1719639459520918,0.29479971032215,0.032535240054130554,0.061494261026382446,0.8962264060974121,0.04939383454620838
qsar-biodeg,LinearModel,949,106,0.18650687748536318,0.30376381591176055,0.03913589194417,0.11776389926671982,0.8679245114326477,0.049664778634905815
qsar-biodeg,NeuralNetFastAI,949,106,0.17656557509027124,0.287521528868917,0.040864452719688416,0.11488545686006546,0.8584905862808228,0.0521690146997571
qsar-biodeg,NeuralNetTorch,949,106,0.191728814001075,0.31368433671637397,0.026578649878501892,0.06794237345457077,0.8773584961891174,0.0551602253690362
qsar-biodeg,RandomForest,949,106,0.16905418085840526,0.2826061255914272,0.03628924489021301,0.06774284690618515,0.8773584961891174,0.05010002478957176
qsar-biodeg,XGBoost,949,106,0.1845957643235496,0.30919444307259075,0.028392428532242775,0.06884630769491196,0.8867924809455872,0.05330163985490799
ringnorm,CatBoost,6660,740,0.030885177374209802,0.05857630992547039,0.005814204923808575,0.012529535219073296,0.9824324250221252,0.17629999481141567
ringnorm,ExtraTrees,6660,740,0.03439429021475814,0.06046498080995885,0.005339200608432293,0.009413640014827251,0.9783783555030823,0.1781044313684106
ringnorm,LightGBM,6660,740,0.03122565499298424,0.06264680031975188,0.003959590569138527,0.007409268990159035,0.9824324250221252,0.17341906297951937
ringnorm,LinearModel,6660,740,0.30973117185359966,0.46478723573871467,0.017654888331890106,0.03786800429224968,0.7783783674240112,0.17042022198438644
ringnorm,NeuralNetFastAI,6660,740,0.03502505156153458,0.06425632348172303,0.00544689642265439,0.009145042859017849,0.9783783555030823,0.17305328510701656
ringnorm,NeuralNetTorch,6660,740,0.029213291201301894,0.05116708569181602,0.005698016844689846,0.006892104633152485,0.9783783555030823,0.16345555614680052
ringnorm,RandomForest,6660,740,0.05580047801529689,0.10011962218228138,0.008697600103914738,0.017991160973906517,0.9635134935379028,0.18200336210429668
ringnorm,XGBoost,6660,740,0.03403714132591582,0.0640100861266294,0.008370395749807358,0.016717882826924324,0.9783783555030823,0.17750783916562796
rmftsa_ladata,CatBoost,457,51,0.1790991040249094,0.2994687265916383,0.045863695442676544,0.08852808177471161,0.8823529481887817,0.04208328388631344
rmftsa_ladata,ExtraTrees,457,51,0.15092497419606202,0.23516852606251193,0.03758472949266434,0.11507922410964966,0.8627451062202454,0.037454621866345406
rmftsa_ladata,LightGBM,457,51,0.17324278944635854,0.2802769958666987,0.032398588955402374,0.07887737452983856,0.8823529481887817,0.039446487091481686
rmftsa_ladata,LinearModel,457,51,0.1151920500327257,0.20398785766073188,0.05797925591468811,0.10417340695858002,0.9411764740943909,0.037150182761251926
rmftsa_ladata,NeuralNetFastAI,457,51,0.10721887803472527,0.18623289977757562,0.05142582207918167,0.12340312451124191,0.9607843160629272,0.042198969051241875
rmftsa_ladata,NeuralNetTorch,457,51,0.14239157526215523,0.24516053382033054,0.04014443978667259,0.12595419585704803,0.8823529481887817,0.04005021881312132
rmftsa_ladata,RandomForest,457,51,0.15793517854471517,0.2538130698779103,0.030874446034431458,0.0749715194106102,0.8823529481887817,0.04137229826301336
rmftsa_ladata,XGBoost,457,51,0.18429226251874242,0.29274577183359146,0.03673020377755165,0.12970532476902008,0.9019607901573181,0.04000243078917265
spambase,CatBoost,4140,461,0.07957706331163715,0.13899462897043757,0.025456685572862625,0.031953804194927216,0.9479392766952515,0.12835204880684614
spambase,ExtraTrees,4140,461,0.08712412443067011,0.16038328939469693,0.024394311010837555,0.022635696455836296,0.9501084685325623,0.12830071803182364
spambase,LightGBM,4140,461,0.08853681609720945,0.15164550803288432,0.02859346941113472,0.03708115220069885,0.9414316415786743,0.12910964712500572
spambase,LinearModel,4140,461,0.10383579305058162,0.18571586196844547,0.02181330695748329,0.02386176399886608,0.9305856823921204,0.12709297984838486
spambase,NeuralNetFastAI,4140,461,0.09408367777234361,0.17356764657383716,0.01976179890334606,0.029478291049599648,0.9414316415786743,0.12801690213382244
spambase,NeuralNetTorch,4140,461,0.08988602383012105,0.1618150855030765,0.021756131201982498,0.027205176651477814,0.9349240660667419,0.1291653709486127
spambase,RandomForest,4140,461,0.08909315157350257,0.15543351386603813,0.026606859639286995,0.030743755400180817,0.9392624497413635,0.12783014122396708
spambase,XGBoost,4140,461,0.09339272646557767,0.15809196638365386,0.03446534276008606,0.042929355055093765,0.9305856823921204,0.12839509826153517
sylvine,CatBoost,4611,513,0.08628435061022044,0.15576436403442237,0.018406743183732033,0.018190786242485046,0.9415204524993896,0.13430031388998032
sylvine,ExtraTrees,4611,513,0.09126459771190293,0.16076482876482712,0.015150446444749832,0.03016209602355957,0.9376218318939209,0.13586041983217
sylvine,LightGBM,4611,513,0.0870301340658847,0.15319350057729048,0.0128231942653656,0.026054682210087776,0.9395711421966553,0.13832558877766132
sylvine,LinearModel,4611,513,0.1533125936654762,0.2609487756668538,0.014826018363237381,0.0304487906396389,0.892787516117096,0.13661455549299717
sylvine,NeuralNetFastAI,4611,513,0.09973100128295222,0.17404494998509615,0.01857609860599041,0.02232258766889572,0.9376218318939209,0.13430666644126177
sylvine,NeuralNetTorch,4611,513,0.10126842712299808,0.18005098738807448,0.01706697791814804,0.033495672047138214,0.9337232112884521,0.13395185209810734
sylvine,RandomForest,4611,513,0.109473987654393,0.1905380546627855,0.013088950887322426,0.029398605227470398,0.9259259104728699,0.13659700378775597
sylvine,XGBoost,4611,513,0.08750965191791786,0.15621408777136608,0.01208001933991909,0.027180492877960205,0.9415204524993896,0.13810963835567236
tokyo1,CatBoost,863,96,0.06947648760832154,0.115844133685419,0.020954225212335587,0.045562438666820526,0.9166666865348816,0.04946780018508434
tokyo1,ExtraTrees,863,96,0.07759824744860673,0.13460695289655308,0.0234234482049942,0.05868913605809212,0.9270833134651184,0.05349382199347019
tokyo1,LightGBM,863,96,0.09400783179356027,0.14955056460725394,0.02718454971909523,0.04608681797981262,0.9375,0.051946938037872314
tokyo1,LinearModel,863,96,0.1242744217695834,0.1965598773782388,0.038363419473171234,0.0872201919555664,0.90625,0.055612675845623016
tokyo1,NeuralNetFastAI,863,96,0.09219790453081896,0.1404280784046643,0.015398147515952587,0.05526115000247955,0.9166666865348816,0.051235257647931576
tokyo1,NeuralNetTorch,863,96,0.07564101655830764,0.13144312123598925,0.0190797857940197,0.04587099328637123,0.9479166865348816,0.04945885017514229
tokyo1,RandomForest,863,96,0.07043449019901991,0.11633190215361511,0.017986875027418137,0.04408452287316322,0.9375,0.05215751938521862
tokyo1,XGBoost,863,96,0.09718145037229385,0.1576695367006062,0.027059219777584076,0.038859911262989044,0.9166666865348816,0.04981548525393009
twonorm,CatBoost,6660,740,0.03262639546316367,0.0581078557059484,0.0073942928574979305,0.011638209223747253,0.9770269989967346,0.17471142020076513
twonorm,ExtraTrees,6660,740,0.032867197461877426,0.059228237546443026,0.009302297607064247,0.013597656972706318,0.9783783555030823,0.17266397923231125
twonorm,LightGBM,6660,740,0.03334261015948466,0.05973843740579039,0.006301758345216513,0.010777145624160767,0.9797297120094299,0.17488528043031693
twonorm,LinearModel,6660,740,0.029001380979078423,0.055137219721882576,0.008383732289075851,0.012345771305263042,0.9810810685157776,0.17658588755875826
twonorm,NeuralNetFastAI,6660,740,0.031586227437319085,0.059330308211667133,0.009437423199415207,0.009701259434223175,0.9783783555030823,0.17697670869529247
twonorm,NeuralNetTorch,6660,740,0.02913444899363707,0.055679208286074346,0.008137360215187073,0.01408668328076601,0.9797297120094299,0.17537956591695547
twonorm,RandomForest,6660,740,0.03332966022887523,0.06114868626024336,0.009424748830497265,0.015087535604834557,0.9797297120094299,0.17927264608442783
twonorm,XGBoost,6660,740,0.03578945822054927,0.06220513391938033,0.009020635858178139,0.014325628988444805,0.9770269989967346,0.17434071376919746
visualizing_soil,CatBoost,7776,865,5.698986126547006e-06,0.00022918067672446056,0.0001536785130156204,0.00022772207739762962,1.0,0.17710338160395622
visualizing_soil,ExtraTrees,7776,865,4.376261342368918e-08,0.00014726602894258388,7.404146163025871e-05,0.00014725509390700608,1.0,0.18549669068306684
visualizing_soil,LightGBM,7776,865,0.00011968701171141384,0.00032008266314645877,0.0002737729228101671,0.00028467384981922805,1.0,0.1927620591595769
visualizing_soil,LinearModel,7776,865,9.497084271096285e-10,2.1689082395213308e-05,1.090621663024649e-05,2.1688845663447864e-05,1.0,0.19166839588433504
visualizing_soil,NeuralNetFastAI,7776,865,9.481763956191555e-10,2.1675734170219863e-05,1.0893796570599079e-05,2.1675497919204645e-05,1.0,0.17945316154509783
visualizing_soil,NeuralNetTorch,7776,865,4.376632469646548e-08,0.00014727304280328724,7.404144707834348e-05,0.00014726209337823093,1.0,0.1839505946263671
visualizing_soil,RandomForest,7776,865,3.814411905090532e-05,0.00033927666513535257,0.0002557273837737739,0.0003289166488684714,1.0,0.1885778969153762
visualizing_soil,XGBoost,7776,865,9.481763956191578e-10,2.1675734170219863e-05,1.0893796570599079e-05,2.1675497919204645e-05,1.0,0.17483134660869837
wilt,CatBoost,4355,484,0.03177844138524616,0.054483921784032927,0.0062667266465723515,0.010423039086163044,0.9793388247489929,0.11713439412415028
wilt,ExtraTrees,4355,484,0.03217604060513713,0.06134776627082094,0.005416857078671455,0.014460906386375427,0.9814049601554871,0.11394277215003967
wilt,LightGBM,4355,484,0.031143870046239225,0.05958754216589481,0.005213587544858456,0.012868084944784641,0.9814049601554871,0.11579763051122427
wilt,LinearModel,4355,484,0.029756135507317965,0.05020069197059457,0.007753282785415649,0.013387885875999928,0.9814049601554871,0.11954879853874445
wilt,NeuralNetFastAI,4355,484,0.023235026073771193,0.037564194744696154,0.007245802786201239,0.005755279213190079,0.9834710955619812,0.11433541681617498
wilt,NeuralNetTorch,4355,484,0.026559434706656747,0.042422902197572575,0.006321223918348551,0.010931460186839104,0.9814049601554871,0.11591704282909632
wilt,RandomForest,4355,484,0.034662501395816864,0.05991819755886459,0.0064652650617063046,0.009099808521568775,0.9772727489471436,0.11469989642500877
wilt,XGBoost,4355,484,0.037286948616119045,0.06238033413063826,0.00792697723954916,0.019214225932955742,0.9752066135406494,0.11988776084035635
wind,CatBoost,5916,658,0.1826063092570613,0.2941569958990594,0.0202300027012825,0.03705645725131035,0.8632218837738037,0.16501226741820574
wind,ExtraTrees,5916,658,0.18636038563627502,0.30225486503523646,0.01705995947122574,0.03171898424625397,0.8738601803779602,0.16633164416998625
wind,LightGBM,5916,658,0.17984557983996,0.28928559546425003,0.02088945358991623,0.04319238290190697,0.869300901889801,0.1644916357472539
wind,LinearModel,5916,658,0.19882947184387298,0.3203132148085518,0.0171049851924181,0.021561134606599808,0.8601823449134827,0.1673968778923154
wind,NeuralNetFastAI,5916,658,0.17540924903703586,0.285015494882199,0.02113085240125656,0.03556865453720093,0.8784194588661194,0.16914081014692783
wind,NeuralNetTorch,5916,658,0.1752146741731036,0.28344643872103564,0.014280557632446289,0.03378521651029587,0.8784194588661194,0.16572241112589836
wind,RandomForest,5916,658,0.19160532850198847,0.311358123483594,0.012468419969081879,0.038314949721097946,0.8662614226341248,0.16124239843338728
wind,XGBoost,5916,658,0.18158942727805516,0.29729099458028374,0.021070241928100586,0.040125176310539246,0.8753799200057983,0.16429213993251324
