dataset,model,cal_size,test_size,Platt_brier,Platt_logloss,Platt_kuiper,Platt_ece-15,Platt_accuracy,Platt_time
2dplanes,CatBoost,36691,4077,0.10102904812952371,0.17441914571941403,0.01465657725930214,0.018754607066512108,0.9264164566993713,0.05267301097046584
2dplanes,ExtraTrees,36691,4077,0.09956168562514044,0.17340878168324042,0.013895567506551743,0.014708620496094227,0.9256806373596191,0.06697330204769969
2dplanes,LightGBM,36691,4077,0.10053087619151019,0.17604057634091597,0.014004811644554138,0.013806186616420746,0.9298503994941711,0.08186186291277409
2dplanes,LinearModel,36691,4077,0.23776287137038157,0.38076912615577013,0.021853655576705933,0.04892101511359215,0.8403237462043762,0.05568616499658674
2dplanes,NeuralNetFastAI,36691,4077,0.0987362943663183,0.1738949764831622,0.012490779161453247,0.012606579810380936,0.9330390095710754,0.05625461298041046
2dplanes,NeuralNetTorch,36691,4077,0.09953132277365623,0.17722115740199665,0.014076120220124722,0.011053397320210934,0.9320578575134277,0.05270904104690999
2dplanes,RandomForest,36691,4077,0.10084060048147857,0.17671231140968532,0.014902742579579353,0.015519012697041035,0.9269070625305176,0.056781078106723726
2dplanes,XGBoost,36691,4077,0.10108612208804112,0.17642139228060336,0.014507215470075607,0.01691596210002899,0.9276428818702698,0.054070069920271635
APSFailure,CatBoost,68400,7600,0.00863982976863117,0.02184395653102528,0.003020324744284153,0.0012222952209413052,0.9952631592750549,0.09501942002680153
APSFailure,ExtraTrees,68400,7600,0.009422725349794036,0.020212088722129276,0.0023750532418489456,0.001907426631078124,0.9940789341926575,0.09852332901209593
APSFailure,LightGBM,68400,7600,0.008406229298998754,0.02079806604410196,0.003109893761575222,0.0016193223418667912,0.9950000047683716,0.10101756302174181
APSFailure,LinearModel,68400,7600,0.012563453219069562,0.02932356580462524,0.00425655348226428,0.0020664928015321493,0.9927631616592407,0.09318914404138923
APSFailure,NeuralNetFastAI,68400,7600,0.010158210269461423,0.0244978432913668,0.0037409495562314987,0.0021918267011642456,0.9936842322349548,0.1026924829930067
APSFailure,NeuralNetTorch,68400,7600,0.011739918981194206,0.02663529232360572,0.004339046310633421,0.0032073757611215115,0.9931579232215881,0.10170936200302094
APSFailure,RandomForest,68400,7600,0.00818827671076424,0.017673849188158782,0.002126037608832121,0.0027027586475014687,0.9948683977127075,0.10045031097251922
APSFailure,XGBoost,68400,7600,0.00843930267745932,0.02120038225380653,0.0031006201170384884,0.001473898533731699,0.9950000047683716,0.10114093997981399
Amazon_employee_access,CatBoost,29492,3277,0.0750925043943992,0.14646625237864636,0.015659406781196594,0.014769097790122032,0.9542264342308044,0.062398470006883144
Amazon_employee_access,ExtraTrees,29492,3277,0.08256045322823347,0.15749898482796681,0.012491378001868725,0.0207813810557127,0.9481232762336731,0.044990109046921134
Amazon_employee_access,LightGBM,29492,3277,0.0817595708491556,0.15865385619678907,0.012190490029752254,0.012569750659167767,0.9493439197540283,0.052320294082164764
Amazon_employee_access,LinearModel,29492,3277,0.087323866375984,0.16576912315599146,0.012370383366942406,0.01814999245107174,0.9465975165367126,0.04475126601755619
Amazon_employee_access,NeuralNetFastAI,29492,3277,0.087647913596197,0.1693497165615107,0.016414325684309006,0.022114083170890808,0.9462923407554626,0.03455717000178993
Amazon_employee_access,NeuralNetTorch,29492,3277,0.08800127674664722,0.1684492660805365,0.014973730780184269,0.021870175376534462,0.9462923407554626,0.045091178035363555
Amazon_employee_access,RandomForest,29492,3277,0.07937612170941884,0.15190890585874137,0.014110990799963474,0.02267196774482727,0.9502593874931335,0.04538605595007539
Amazon_employee_access,XGBoost,29492,3277,0.07876406896422927,0.1537229703958449,0.01394127868115902,0.015055028721690178,0.952090322971344,0.04528905497863889
Australian,CatBoost,621,69,0.18337569137036278,0.30653099321747096,0.050888244062662125,0.08181565254926682,0.8695651888847351,0.008419458055868745
Australian,ExtraTrees,621,69,0.17165010339806444,0.29402175753328924,0.058568887412548065,0.09322123974561691,0.8550724387168884,0.007193305995315313
Australian,LightGBM,621,69,0.17843572431055235,0.303453448006043,0.06421979516744614,0.09362141788005829,0.8695651888847351,0.00915001705288887
Australian,LinearModel,621,69,0.1663842523226551,0.2918883253101304,0.05481826514005661,0.11284031718969345,0.8840579986572266,0.00815378490369767
Australian,NeuralNetFastAI,621,69,0.15418143033351783,0.2742013346303643,0.05747266858816147,0.07463698834180832,0.8985507488250732,0.006937258061952889
Australian,NeuralNetTorch,621,69,0.16366070329425933,0.2849152400447042,0.040773481130599976,0.09614921361207962,0.8840579986572266,0.007279639015905559
Australian,RandomForest,621,69,0.17407504183260544,0.29099023562018955,0.05472720041871071,0.08432621508836746,0.8550724387168884,0.0087887579575181
Australian,XGBoost,621,69,0.15252199015513807,0.26584721505948206,0.05125436931848526,0.06065450236201286,0.8840579986572266,0.006980711012147367
Bioresponse,CatBoost,3375,376,0.2799903816303913,0.4429426484895715,0.02716410532593727,0.057850029319524765,0.8164893388748169,0.01819106808397919
Bioresponse,ExtraTrees,3375,376,0.28473341765312665,0.43805346114128096,0.023374997079372406,0.05349491909146309,0.7978723645210266,0.010776343988254666
Bioresponse,LightGBM,3375,376,0.2794302186133575,0.4406878180095915,0.02723146416246891,0.054271355271339417,0.8218085169792175,0.010720234946347773
Bioresponse,LinearModel,3375,376,0.3644968078855402,0.5495144992000937,0.032320283353328705,0.07164502143859863,0.7446808218955994,0.011640433920547366
Bioresponse,NeuralNetFastAI,3375,376,0.2897746479140079,0.448530436876852,0.022135475650429726,0.07118604332208633,0.7792553305625916,0.01174546789843589
Bioresponse,NeuralNetTorch,3375,376,0.2932363602795802,0.4549179610357569,0.0208544060587883,0.044150643050670624,0.789893627166748,0.01156658201944083
Bioresponse,RandomForest,3375,376,0.28127665783590344,0.4375162397462141,0.028321944177150726,0.0548865981400013,0.8164893388748169,0.011262055952101946
Bioresponse,XGBoost,3375,376,0.27819113555177594,0.4392681345041643,0.02602091245353222,0.05033045634627342,0.8164893388748169,0.011337884003296494
Click_prediction_small,CatBoost,35953,3995,0.2539038555971179,0.4135940666945818,0.009316962212324142,0.019278503954410553,0.8382978439331055,0.05715255404356867
Click_prediction_small,ExtraTrees,35953,3995,0.2603528366385594,0.42158647114206205,0.009000945836305618,0.01170057337731123,0.8342928886413574,0.05150792992208153
Click_prediction_small,LightGBM,35953,3995,0.2587148517866235,0.42077706089122224,0.00771036371588707,0.010080103762447834,0.837797224521637,0.057592281023971736
Click_prediction_small,LinearModel,35953,3995,0.2599449226768895,0.4232640956027536,0.00892002135515213,0.018758613616228104,0.8362953662872314,0.05764712893869728
Click_prediction_small,NeuralNetFastAI,35953,3995,0.2587436119704992,0.421298933628102,0.012328989803791046,0.01641874946653843,0.8372966051101685,0.05454247200395912
Click_prediction_small,NeuralNetTorch,35953,3995,0.260508106745907,0.42133259304883414,0.010458394885063171,0.017064379528164864,0.8335419297218323,0.052240092074498534
Click_prediction_small,RandomForest,35953,3995,0.2597377695983682,0.4201244196677611,0.008588423952460289,0.00831310823559761,0.8352941274642944,0.06452522100880742
Click_prediction_small,XGBoost,35953,3995,0.2590101749769273,0.4199014855047218,0.007952572777867317,0.016565101221203804,0.8347935080528259,0.057656822027638555
GAMETES_Epistasis_2-Way_1000atts_0_4H_EDM-1_EDM-1_1,CatBoost,1440,160,0.3952700706421733,0.5842627608922286,0.07062514126300812,0.13632157444953918,0.7437499761581421,0.008363727945834398
GAMETES_Epistasis_2-Way_1000atts_0_4H_EDM-1_EDM-1_1,ExtraTrees,1440,160,0.504355832655672,0.6975095500965913,0.07341079413890839,0.04931220784783363,0.4749999940395355,0.007648963015526533
GAMETES_Epistasis_2-Way_1000atts_0_4H_EDM-1_EDM-1_1,LightGBM,1440,160,0.5123881471071978,0.7055635576177084,0.08627122640609741,0.043728623539209366,0.3812499940395355,0.007774007972329855
GAMETES_Epistasis_2-Way_1000atts_0_4H_EDM-1_EDM-1_1,LinearModel,1440,160,0.500506193433632,0.6936534308174125,0.030320167541503906,9.33109095058171e-06,0.48124998807907104,0.007282703998498619
GAMETES_Epistasis_2-Way_1000atts_0_4H_EDM-1_EDM-1_1,NeuralNetFastAI,1440,160,0.49016668817277953,0.6832940191710893,0.05716127157211304,0.05929630249738693,0.5874999761581421,0.008511206950061023
GAMETES_Epistasis_2-Way_1000atts_0_4H_EDM-1_EDM-1_1,NeuralNetTorch,1440,160,0.5069059852673142,0.700072209344917,0.05229902267456055,0.048062797635793686,0.45625001192092896,0.011339311953634024
GAMETES_Epistasis_2-Way_1000atts_0_4H_EDM-1_EDM-1_1,RandomForest,1440,160,0.5072395682061012,0.7004096834373784,0.04730867221951485,0.04433790594339371,0.4375,0.008489466970786452
GAMETES_Epistasis_2-Way_1000atts_0_4H_EDM-1_EDM-1_1,XGBoost,1440,160,0.5024322547996795,0.6955971753538298,0.03583955764770508,0.054128315299749374,0.5062500238418579,0.008539407048374414
GAMETES_Epistasis_2-Way_20atts_0_1H_EDM-1_1,CatBoost,1440,160,0.4137118070604597,0.6042156097904139,0.04395236447453499,0.06728113442659378,0.699999988079071,0.009348361985757947
GAMETES_Epistasis_2-Way_20atts_0_1H_EDM-1_1,ExtraTrees,1440,160,0.46753568452550354,0.6600229040151923,0.04453059285879135,0.05146891996264458,0.6000000238418579,0.009285275940783322
GAMETES_Epistasis_2-Way_20atts_0_1H_EDM-1_1,LightGBM,1440,160,0.4371463523647817,0.6284023618498318,0.057451240718364716,0.11052132397890091,0.6625000238418579,0.00875568191986531
GAMETES_Epistasis_2-Way_20atts_0_1H_EDM-1_1,LinearModel,1440,160,0.5014253597773013,0.6945699730775085,0.04393881931900978,0.025358378887176514,0.5,0.008839447051286697
GAMETES_Epistasis_2-Way_20atts_0_1H_EDM-1_1,NeuralNetFastAI,1440,160,0.410093449386817,0.5992696654666722,0.04922778904438019,0.0920538678765297,0.699999988079071,0.008790832944214344
GAMETES_Epistasis_2-Way_20atts_0_1H_EDM-1_1,NeuralNetTorch,1440,160,0.41058200651719023,0.6020192093626573,0.0439600832760334,0.08934503048658371,0.699999988079071,0.00947565899696201
GAMETES_Epistasis_2-Way_20atts_0_1H_EDM-1_1,RandomForest,1440,160,0.47628117992959995,0.6692894190605914,0.039949461817741394,0.06116262078285217,0.612500011920929,0.008797080954536796
GAMETES_Epistasis_2-Way_20atts_0_1H_EDM-1_1,XGBoost,1440,160,0.4424321547243165,0.6341514450445053,0.0393013060092926,0.054211609065532684,0.6625000238418579,0.009063767036423087
GAMETES_Epistasis_2-Way_20atts_0_4H_EDM-1_1,CatBoost,1440,160,0.3132788391182241,0.4689635977510811,0.04885135591030121,0.10318932682275772,0.75,0.010934115969575942
GAMETES_Epistasis_2-Way_20atts_0_4H_EDM-1_1,ExtraTrees,1440,160,0.398853238710071,0.5871140700140713,0.04806721955537796,0.10566851496696472,0.6937500238418579,0.009049889980815351
GAMETES_Epistasis_2-Way_20atts_0_4H_EDM-1_1,LightGBM,1440,160,0.35094257070873036,0.5185290825242022,0.06901896744966507,0.15383024513721466,0.731249988079071,0.008765468024648726
GAMETES_Epistasis_2-Way_20atts_0_4H_EDM-1_1,LinearModel,1440,160,0.4971445165075908,0.6902801594289499,0.03458816930651665,0.03900723531842232,0.5,0.01111533201765269
GAMETES_Epistasis_2-Way_20atts_0_4H_EDM-1_1,NeuralNetFastAI,1440,160,0.2875690295577379,0.443389311763961,0.03931642696261406,0.056257057934999466,0.793749988079071,0.008320769993588328
GAMETES_Epistasis_2-Way_20atts_0_4H_EDM-1_1,NeuralNetTorch,1440,160,0.3052576002986801,0.46857050351217333,0.044385720044374466,0.09861504286527634,0.793749988079071,0.008166244952008128
GAMETES_Epistasis_2-Way_20atts_0_4H_EDM-1_1,RandomForest,1440,160,0.3954781838786366,0.5837738952030224,0.04621578007936478,0.10113658756017685,0.699999988079071,0.008441908983513713
GAMETES_Epistasis_2-Way_20atts_0_4H_EDM-1_1,XGBoost,1440,160,0.3607603532634522,0.5343021297798591,0.0636187195777893,0.1150403693318367,0.731249988079071,0.008260987000539899
GAMETES_Epistasis_3-Way_20atts_0_2H_EDM-1_1,CatBoost,1440,160,0.40856140733298557,0.5889070402648159,0.05539719760417938,0.108808733522892,0.637499988079071,0.011711764964275062
GAMETES_Epistasis_3-Way_20atts_0_2H_EDM-1_1,ExtraTrees,1440,160,0.4875610587204241,0.6806513481980294,0.03248494863510132,0.0555809810757637,0.5562499761581421,0.0077181600499898195
GAMETES_Epistasis_3-Way_20atts_0_2H_EDM-1_1,LightGBM,1440,160,0.48551846242303076,0.6784509776615677,0.044264055788517,0.0308605395257473,0.5874999761581421,0.008334968006238341
GAMETES_Epistasis_3-Way_20atts_0_2H_EDM-1_1,LinearModel,1440,160,0.4995103775558814,0.6926582720997093,0.038918159902095795,0.01398917380720377,0.5062500238418579,0.008167065912857652
GAMETES_Epistasis_3-Way_20atts_0_2H_EDM-1_1,NeuralNetFastAI,1440,160,0.40594352716575255,0.5822816264400598,0.05270272493362427,0.11438698321580887,0.65625,0.008250452927313745
GAMETES_Epistasis_3-Way_20atts_0_2H_EDM-1_1,NeuralNetTorch,1440,160,0.42720444882010344,0.6149535426523973,0.04653535410761833,0.08235927671194077,0.637499988079071,0.008840176044031978
GAMETES_Epistasis_3-Way_20atts_0_2H_EDM-1_1,RandomForest,1440,160,0.49242987716950626,0.6853779422150088,0.049174726009368896,0.10019313544034958,0.512499988079071,0.00838392204605043
GAMETES_Epistasis_3-Way_20atts_0_2H_EDM-1_1,XGBoost,1440,160,0.48832358579636354,0.6812889894076525,0.05609923601150513,0.07178200036287308,0.5687500238418579,0.011784001952037215
GAMETES_Heterogeneity_20atts_1600_Het_0_4_0_2_50_EDM-2_001,CatBoost,1440,160,0.4311016484451966,0.6111996443685205,0.07905714958906174,0.16631776094436646,0.6499999761581421,0.008929534000344574
GAMETES_Heterogeneity_20atts_1600_Het_0_4_0_2_50_EDM-2_001,ExtraTrees,1440,160,0.4964418727136729,0.696323269681865,0.06583968549966812,0.1361183226108551,0.6187499761581421,0.011694888002239168
GAMETES_Heterogeneity_20atts_1600_Het_0_4_0_2_50_EDM-2_001,LightGBM,1440,160,0.4684553855679619,0.6621924357922934,0.07748543471097946,0.11301220953464508,0.6312500238418579,0.008406348992139101
GAMETES_Heterogeneity_20atts_1600_Het_0_4_0_2_50_EDM-2_001,LinearModel,1440,160,0.49710744481332353,0.6902534407362773,0.06545092165470123,0.0002127032057614997,0.550000011920929,0.008665102068334818
GAMETES_Heterogeneity_20atts_1600_Het_0_4_0_2_50_EDM-2_001,NeuralNetFastAI,1440,160,0.4684179849653621,0.6577311328609732,0.0859665647149086,0.157843217253685,0.606249988079071,0.00870798493269831
GAMETES_Heterogeneity_20atts_1600_Het_0_4_0_2_50_EDM-2_001,NeuralNetTorch,1440,160,0.4519402334929346,0.6411011939324923,0.06955593824386597,0.13729240000247955,0.6499999761581421,0.013792817015200853
GAMETES_Heterogeneity_20atts_1600_Het_0_4_0_2_50_EDM-2_001,RandomForest,1440,160,0.4968282331238615,0.6964496219622365,0.06125372648239136,0.12649832665920258,0.606249988079071,0.01087280793581158
GAMETES_Heterogeneity_20atts_1600_Het_0_4_0_2_50_EDM-2_001,XGBoost,1440,160,0.45847633714097097,0.6521678663977831,0.05616749823093414,0.09450868517160416,0.6499999761581421,0.0093260589055717
GAMETES_Heterogeneity_20atts_1600_Het_0_4_0_2_75_EDM-2_001,CatBoost,1440,160,0.3772318207425088,0.5566587131962971,0.05134601891040802,0.08826971799135208,0.699999988079071,0.012835394940339029
GAMETES_Heterogeneity_20atts_1600_Het_0_4_0_2_75_EDM-2_001,ExtraTrees,1440,160,0.4168752251314395,0.606093179316334,0.0365547314286232,0.07227625697851181,0.668749988079071,0.008945096051320434
GAMETES_Heterogeneity_20atts_1600_Het_0_4_0_2_75_EDM-2_001,LightGBM,1440,160,0.38583171338285477,0.5711762610116162,0.03728443384170532,0.06943150609731674,0.699999988079071,0.01116601296234876
GAMETES_Heterogeneity_20atts_1600_Het_0_4_0_2_75_EDM-2_001,LinearModel,1440,160,0.5031823047759939,0.6963407003691984,0.056176163256168365,0.08122027665376663,0.45625001192092896,0.008294424042105675
GAMETES_Heterogeneity_20atts_1600_Het_0_4_0_2_75_EDM-2_001,NeuralNetFastAI,1440,160,0.37756669791292213,0.5578504255768005,0.054348379373550415,0.11316566169261932,0.706250011920929,0.008817874011583626
GAMETES_Heterogeneity_20atts_1600_Het_0_4_0_2_75_EDM-2_001,NeuralNetTorch,1440,160,0.350447617301036,0.526732516072783,0.06266903877258301,0.1023193821310997,0.731249988079071,0.010418382938951254
GAMETES_Heterogeneity_20atts_1600_Het_0_4_0_2_75_EDM-2_001,RandomForest,1440,160,0.4054974893915674,0.5941917556002096,0.03688329458236694,0.08494475483894348,0.699999988079071,0.007709950092248619
GAMETES_Heterogeneity_20atts_1600_Het_0_4_0_2_75_EDM-2_001,XGBoost,1440,160,0.38864726761025475,0.5734398198722903,0.032790474593639374,0.07689661532640457,0.6937500238418579,0.007893061032518744
Internet-Advertisements,CatBoost,2951,328,0.045296744766845344,0.10323669470588147,0.0186464786529541,0.015564586967229843,0.9756097793579102,0.009222324006259441
Internet-Advertisements,ExtraTrees,2951,328,0.02961256134750287,0.0689394977407235,0.009347736835479736,0.014065844006836414,0.9817073345184326,0.009509315015748143
Internet-Advertisements,LightGBM,2951,328,0.05005958666303581,0.10632489491343998,0.021214932203292847,0.016555406153202057,0.9695122241973877,0.01038185297511518
Internet-Advertisements,LinearModel,2951,328,0.06877214540488621,0.14047814066093722,0.017785660922527313,0.02362467348575592,0.9603658318519592,0.009452639962546527
Internet-Advertisements,NeuralNetFastAI,2951,328,0.05978394492001954,0.12139000739000962,0.017288699746131897,0.023327002301812172,0.9603658318519592,0.013201546971686184
Internet-Advertisements,NeuralNetTorch,2951,328,0.05553019485670776,0.11471188548514234,0.0191916823387146,0.020320110023021698,0.9664633870124817,0.009355321992188692
Internet-Advertisements,RandomForest,2951,328,0.036952602047938155,0.07842041280968363,0.013934612274169922,0.015631763264536858,0.9786585569381714,0.011467662057839334
Internet-Advertisements,XGBoost,2951,328,0.054348200955508005,0.11591764491692233,0.018591444939374924,0.017633292824029922,0.9695122241973877,0.011719043017365038
OVA_Colon,CatBoost,1390,155,0.0750958734349907,0.1697078366308413,0.019326001405715942,0.026177003979682922,0.9612902998924255,0.008299231994897127
OVA_Colon,ExtraTrees,1390,155,0.07006995439346705,0.15420851814686248,0.022427327930927277,0.02387234941124916,0.9612902998924255,0.012467861059121788
OVA_Colon,LightGBM,1390,155,0.06389654893978437,0.1504504866545861,0.015251359902322292,0.018820246681571007,0.9677419066429138,0.010982255917042494
OVA_Colon,LinearModel,1390,155,0.062042153955066466,0.13978694601831704,0.013839628547430038,0.009049774147570133,0.9677419066429138,0.008292458020150661
OVA_Colon,NeuralNetFastAI,1390,155,0.06995849092115562,0.15250091890824446,0.02148793265223503,0.021502863615751266,0.9612902998924255,0.00862471607979387
OVA_Colon,NeuralNetTorch,1390,155,0.0632566677086948,0.1409400666923275,0.02068464085459709,0.014560419134795666,0.9677419066429138,0.008225572062656283
OVA_Colon,RandomForest,1390,155,0.08065354346137182,0.17654763298244605,0.02111748605966568,0.037286464124917984,0.948387086391449,0.008772282977588475
OVA_Colon,XGBoost,1390,155,0.07265721227943804,0.16265467310439333,0.019245920702815056,0.026526067405939102,0.9612902998924255,0.008749791071750224
OVA_Endometrium,CatBoost,1390,155,0.06079157720363919,0.11839513360321494,0.024019256234169006,0.02702346444129944,0.9612902998924255,0.008322292007505894
OVA_Endometrium,ExtraTrees,1390,155,0.05623257084578291,0.10399068229403663,0.014112545177340508,0.023060455918312073,0.9548386931419373,0.008640661952085793
OVA_Endometrium,LightGBM,1390,155,0.057631288733737615,0.11473788786803334,0.026416108012199402,0.029216894879937172,0.9612902998924255,0.008723384002223611
OVA_Endometrium,LinearModel,1390,155,0.05611302256437253,0.11593529243952384,0.0282907634973526,0.01545778103172779,0.9677419066429138,0.00780486804433167
OVA_Endometrium,NeuralNetFastAI,1390,155,0.053146349290211274,0.10878713387434058,0.02707614004611969,0.015640094876289368,0.9677419066429138,0.008375574019737542
OVA_Endometrium,NeuralNetTorch,1390,155,0.0546971396034483,0.10852205840340148,0.024945855140686035,0.02211698517203331,0.9677419066429138,0.0100017519434914
OVA_Endometrium,RandomForest,1390,155,0.05658881215993801,0.11801936069309037,0.015483945608139038,0.029455937445163727,0.9612902998924255,0.008127394947223365
OVA_Endometrium,XGBoost,1390,155,0.05990366484345738,0.11605608239587578,0.025432169437408447,0.025551695376634598,0.9612902998924255,0.00992743601091206
OVA_Kidney,CatBoost,1390,155,0.01299019477098177,0.04213844477821309,0.014516670256853104,0.014109709300100803,0.9935483932495117,0.008106084074825048
OVA_Kidney,ExtraTrees,1390,155,0.013689628284202681,0.05355315624623725,0.015077641233801842,0.0170548427850008,0.9935483932495117,0.007886331994086504
OVA_Kidney,LightGBM,1390,155,0.012820043434409347,0.038880577776166936,0.012754983268678188,0.012167312204837799,0.9935483932495117,0.01019213197287172
OVA_Kidney,LinearModel,1390,155,0.012672246281238283,0.036607418340666775,0.013054422102868557,0.010870213620364666,0.9935483932495117,0.008572591934353113
OVA_Kidney,NeuralNetFastAI,1390,155,0.012888666410647913,0.03607782083866059,0.011006619781255722,0.009533064439892769,0.9935483932495117,0.008417665027081966
OVA_Kidney,NeuralNetTorch,1390,155,0.012914785884963883,0.040267242456034295,0.012632603757083416,0.012195039540529251,0.9935483932495117,0.008748503983952105
OVA_Kidney,RandomForest,1390,155,0.013762080297409721,0.05364530623888384,0.01415067445486784,0.017564062029123306,0.9935483932495117,0.012123147957026958
OVA_Kidney,XGBoost,1390,155,0.012895957072590893,0.040745110634950114,0.014933248981833458,0.014415723271667957,0.9935483932495117,0.0081890809815377
OVA_Lung,CatBoost,1390,155,0.015227002260935922,0.04511634683304376,0.01015277300029993,0.01042898464947939,0.9935483932495117,0.010123588028363883
OVA_Lung,ExtraTrees,1390,155,0.024177007511311844,0.06200741367040383,0.012744201347231865,0.012566887773573399,0.9870967864990234,0.010869846912100911
OVA_Lung,LightGBM,1390,155,0.021917658215439496,0.0533833153584632,0.012967931106686592,0.013498503714799881,0.9870967864990234,0.008162167971022427
OVA_Lung,LinearModel,1390,155,0.025370980307091173,0.06624356902477813,0.012788806110620499,0.011312759481370449,0.9870967864990234,0.008732812013477087
OVA_Lung,NeuralNetFastAI,1390,155,0.04562160247417202,0.09103959072520112,0.011591531336307526,0.019884441047906876,0.9741935729980469,0.011655096081085503
OVA_Lung,NeuralNetTorch,1390,155,0.022882228431770787,0.05652127955497156,0.01606091670691967,0.013125956058502197,0.9870967864990234,0.008651940966956317
OVA_Lung,RandomForest,1390,155,0.032575294849203844,0.07744714993130819,0.012907508760690689,0.011104563251137733,0.9806451797485352,0.008494629990309477
OVA_Lung,XGBoost,1390,155,0.014736985738892922,0.04532014096467582,0.008830418810248375,0.010688175447285175,0.9935483932495117,0.007978187990374863
OVA_Ovary,CatBoost,1390,155,0.12698584247434716,0.23785903005517675,0.038509540259838104,0.054292239248752594,0.9225806593894958,0.010568753932602704
OVA_Ovary,ExtraTrees,1390,155,0.1307649273170249,0.2174687021578015,0.04039813578128815,0.0817495584487915,0.9161290526390076,0.008430649060755968
OVA_Ovary,LightGBM,1390,155,0.11401623616339449,0.2195606237475288,0.034950293600559235,0.05604641139507294,0.9290322661399841,0.008219463052228093
OVA_Ovary,LinearModel,1390,155,0.12482841325546949,0.22282825283138238,0.040671974420547485,0.04134943336248398,0.9225806593894958,0.008470908971503377
OVA_Ovary,NeuralNetFastAI,1390,155,0.14142561435384204,0.23267000520847858,0.04888468235731125,0.09792309254407883,0.9161290526390076,0.00795663706958294
OVA_Ovary,NeuralNetTorch,1390,155,0.11144766617980799,0.17964619226747405,0.03522641584277153,0.0750369131565094,0.9225806593894958,0.008422861923463643
OVA_Ovary,RandomForest,1390,155,0.13047847443522304,0.2175751741358441,0.041348896920681,0.08994492143392563,0.9096774458885193,0.007035010028630495
OVA_Ovary,XGBoost,1390,155,0.11742710401484345,0.2151948052118957,0.03901379555463791,0.06825005263090134,0.9290322661399841,0.00933066091965884
OVA_Prostate,CatBoost,1390,155,0.025377344687085832,0.06460227596658966,0.006483553908765316,0.009603836573660374,0.9870967864990234,0.008707932895049453
OVA_Prostate,ExtraTrees,1390,155,0.024566333192514212,0.05503353329957866,0.006482657976448536,0.00958940014243126,0.9870967864990234,0.008171641966328025
OVA_Prostate,LightGBM,1390,155,0.012887833839924801,0.03380304141119844,0.007732812315225601,0.009243451990187168,0.9935483932495117,0.008229251950979233
OVA_Prostate,LinearModel,1390,155,0.013406818012718215,0.032874994671651905,0.010284213349223137,0.010014137253165245,0.9935483932495117,0.007891356013715267
OVA_Prostate,NeuralNetFastAI,1390,155,0.014678060402508191,0.03554850440803586,0.006390418857336044,0.010464041493833065,0.9935483932495117,0.008738098898902535
OVA_Prostate,NeuralNetTorch,1390,155,0.012690800621515607,0.032710275783106035,0.007798571139574051,0.007745947688817978,0.9935483932495117,0.00850646395701915
OVA_Prostate,RandomForest,1390,155,0.02329644760771412,0.05544252619274671,0.0064323414117097855,0.01483391784131527,0.9870967864990234,0.008570277015678585
OVA_Prostate,XGBoost,1390,155,0.025172900417085396,0.05893789780026915,0.006596529856324196,0.010115177370607853,0.9870967864990234,0.008420535014010966
PhishingWebsites,CatBoost,9949,1106,0.053291213044777845,0.10176349033110152,0.0162496380507946,0.022060520946979523,0.9629294872283936,0.021792480954900384
PhishingWebsites,ExtraTrees,9949,1106,0.05808763717191797,0.10290628490743396,0.01287686638534069,0.016993448138237,0.9638336300849915,0.01957939297426492
PhishingWebsites,LightGBM,9949,1106,0.051869642391157544,0.09992539346019322,0.015250429511070251,0.018011366948485374,0.9647377729415894,0.020691366051323712
PhishingWebsites,LinearModel,9949,1106,0.1008517504333909,0.17617088604140604,0.017932197079062462,0.0236632339656353,0.9339963793754578,0.01792296103667468
PhishingWebsites,NeuralNetFastAI,9949,1106,0.05431120730476081,0.10424012054174185,0.01615174487233162,0.01661473512649536,0.965641975402832,0.018992468947544694
PhishingWebsites,NeuralNetTorch,9949,1106,0.05567829755028659,0.10517720398671483,0.018689945340156555,0.021997874602675438,0.9647377729415894,0.01786490506492555
PhishingWebsites,RandomForest,9949,1106,0.05803071829236465,0.10362249250267633,0.01365219708532095,0.01990119181573391,0.9629294872283936,0.016429616953246295
PhishingWebsites,XGBoost,9949,1106,0.05172396186044913,0.10117548788489023,0.015787199139595032,0.018146973103284836,0.965641975402832,0.019089543959125876
Run_or_walk_information,CatBoost,79729,8859,0.01046173179564041,0.024320519770581972,0.002999335527420044,0.0038443722296506166,0.9942431449890137,0.0989558839937672
Run_or_walk_information,ExtraTrees,79729,8859,0.011720995084715809,0.023929341551109946,0.0026578977704048157,0.0039266981184482574,0.9931143522262573,0.09776019596029073
Run_or_walk_information,LightGBM,79729,8859,0.00920233129777595,0.021053830827916068,0.0027873776853084564,0.0028178850188851357,0.9943560361862183,0.14765708392951638
Run_or_walk_information,LinearModel,79729,8859,0.2762949752852022,0.420152593283058,0.0612761452794075,0.12448378652334213,0.7437633872032166,0.1051012419629842
Run_or_walk_information,NeuralNetFastAI,79729,8859,0.013737562653356291,0.031172530690831184,0.003950744867324829,0.004696579650044441,0.9914211630821228,0.10378425801172853
Run_or_walk_information,NeuralNetTorch,79729,8859,0.010616778036127065,0.02528589488783183,0.004169967025518417,0.003183516673743725,0.9936787486076355,0.09521556098479778
Run_or_walk_information,RandomForest,79729,8859,0.013159847893368088,0.02769931070039709,0.00299840047955513,0.0023910803720355034,0.991985559463501,0.09878178406506777
Run_or_walk_information,XGBoost,79729,8859,0.011074683367873843,0.025957106136670637,0.00365346297621727,0.0037321685813367367,0.9934529662132263,0.09734535904135555
Satellite,CatBoost,4590,510,0.018987843695122013,0.04691718543225487,0.009417221881449223,0.0054605696350336075,0.9901960492134094,0.012782687088474631
Satellite,ExtraTrees,4590,510,0.01968691273899124,0.03787935942534999,0.008498886600136757,0.007184827700257301,0.9882352948188782,0.011338636046275496
Satellite,LightGBM,4590,510,0.019457025219699615,0.05028091772575086,0.009850649163126945,0.006143206264823675,0.9901960492134094,0.01250013301614672
Satellite,LinearModel,4590,510,0.0162066620198211,0.0428477767152329,0.007978977635502815,0.005590202286839485,0.9921568632125854,0.0099467410473153
Satellite,NeuralNetFastAI,4590,510,0.0156383700675202,0.0395361887814954,0.007873345166444778,0.005547996144741774,0.9921568632125854,0.011044288985431194
Satellite,NeuralNetTorch,4590,510,0.022685818948078897,0.05740465744218118,0.01135026104748249,0.007320260629057884,0.9882352948188782,0.011184289935044944
Satellite,RandomForest,4590,510,0.017345583137157006,0.03380609109667563,0.007836812175810337,0.006937609985470772,0.9882352948188782,0.011248950031585991
Satellite,XGBoost,4590,510,0.019095266859476923,0.04967568723281118,0.009581631049513817,0.005392695311456919,0.9901960492134094,0.012395831989124417
SpeedDating,CatBoost,7540,838,0.17648703069853916,0.298291333332064,0.01998203620314598,0.0402383878827095,0.8806682825088501,0.014973103068768978
SpeedDating,ExtraTrees,7540,838,0.19211211772385522,0.3127693386213759,0.01202729158103466,0.030032910406589508,0.8687350749969482,0.015474579995498061
SpeedDating,LightGBM,7540,838,0.17396592690761184,0.29555108227445614,0.015194758772850037,0.035695694386959076,0.8866348266601562,0.0158277100417763
SpeedDating,LinearModel,7540,838,0.18667902961220928,0.31441833895616944,0.014124682173132896,0.026159511879086494,0.8782815933227539,0.01521382899954915
SpeedDating,NeuralNetFastAI,7540,838,0.1844443430345824,0.3092551416430487,0.013524946756660938,0.02944091707468033,0.8747016787528992,0.014606634038500488
SpeedDating,NeuralNetTorch,7540,838,0.18543236583545541,0.3091833988212539,0.01516278088092804,0.038343872874975204,0.8687350749969482,0.016188320936635137
SpeedDating,RandomForest,7540,838,0.18974817178332481,0.31186885562258637,0.013585000298917294,0.03645488619804382,0.8711217045783997,0.01548707892652601
SpeedDating,XGBoost,7540,838,0.17428173987571632,0.2944426388852514,0.016831273213028908,0.03824203461408615,0.8830549120903015,0.014841293916106224
Titanic,CatBoost,1980,221,0.25219830202090626,0.40953594629941104,0.06235792487859726,0.04491075128316879,0.8325791954994202,0.008752155001275241
Titanic,ExtraTrees,1980,221,0.26400440630698463,0.43014886800985036,0.07531668245792389,0.0707816556096077,0.8325791954994202,0.0091254300205037
Titanic,LightGBM,1980,221,0.252088898709444,0.409244159239845,0.06687520444393158,0.04541899263858795,0.8325791954994202,0.008585704024881124
Titanic,LinearModel,1980,221,0.2790720913043928,0.45335168033111906,0.060210220515728,0.060085445642471313,0.8325791954994202,0.009063111967407167
Titanic,NeuralNetFastAI,1980,221,0.25171137353831385,0.4083014556376684,0.06543976068496704,0.04473409801721573,0.8325791954994202,0.009052576962858438
Titanic,NeuralNetTorch,1980,221,0.2525765706966938,0.41070445295103963,0.06263867020606995,0.04450742527842522,0.8325791954994202,0.008987535024061799
Titanic,RandomForest,1980,221,0.25862671749711297,0.4213884792961882,0.07113102078437805,0.06241457536816597,0.8325791954994202,0.01503405999392271
Titanic,XGBoost,1980,221,0.2522258882229799,0.4094941187477032,0.06680967658758163,0.04570531100034714,0.8325791954994202,0.009145054034888744
ada,CatBoost,3732,415,0.17370330387927263,0.28630254562469426,0.025839433073997498,0.05551179498434067,0.8867470026016235,0.01268160401377827
ada,ExtraTrees,3732,415,0.19653047569386334,0.3179326920181462,0.023215070366859436,0.06108223646879196,0.8674699068069458,0.011127747013233602
ada,LightGBM,3732,415,0.1735102616493123,0.2893310848530637,0.019619010388851166,0.04294871538877487,0.8843373656272888,0.010915608028881252
ada,LinearModel,3732,415,0.20013939256042704,0.3260091258309562,0.024817291647195816,0.05865861102938652,0.8554216623306274,0.011644138023257256
ada,NeuralNetFastAI,3732,415,0.18704064730075787,0.30744936627400166,0.021436117589473724,0.048136454075574875,0.87469881772995,0.017020655912347138
ada,NeuralNetTorch,3732,415,0.1867383044497017,0.30411114761509705,0.02127821370959282,0.05363292992115021,0.8722891807556152,0.012927345000207424
ada,RandomForest,3732,415,0.18320529692549611,0.29729347015205837,0.017688114196062088,0.04522668570280075,0.8722891807556152,0.012035165913403034
ada,XGBoost,3732,415,0.17315425870563142,0.28581367648007944,0.021605845540761948,0.07205475866794586,0.8819277286529541,0.011548707960173488
adult,CatBoost,43957,4885,0.17598861542168706,0.28708772753446354,0.02282140590250492,0.039141539484262466,0.8769702911376953,0.06326277402695268
adult,ExtraTrees,43957,4885,0.19339184042930627,0.3120915002018449,0.02210431918501854,0.034674957394599915,0.864483118057251,0.06716336600948125
adult,LightGBM,43957,4885,0.1758796393792126,0.2869597748262554,0.023253247141838074,0.03731219470500946,0.8771750330924988,0.05796207906678319
adult,LinearModel,43957,4885,0.20919973707057224,0.3355740010268246,0.02782236598432064,0.049139924347400665,0.853428840637207,0.06756260292604566
adult,NeuralNetFastAI,43957,4885,0.19247754676945333,0.3109435913163402,0.02190815657377243,0.034578487277030945,0.8638690114021301,0.07074951194226742
adult,NeuralNetTorch,43957,4885,0.1963417216602821,0.31637644039653595,0.024142734706401825,0.04183033108711243,0.8628454208374023,0.07014889398124069
adult,RandomForest,43957,4885,0.19142820820101175,0.30750553543404036,0.02352239191532135,0.038263950496912,0.8626407384872437,0.06836919393390417
adult,XGBoost,43957,4885,0.1749947640398881,0.2852703050188548,0.023668181151151657,0.03743519261479378,0.8759467601776123,0.1270486629800871
ailerons,CatBoost,12375,1375,0.1662087239919238,0.2804614812633027,0.01915173977613449,0.04613400250673294,0.8909090757369995,0.020429650088772178
ailerons,ExtraTrees,12375,1375,0.17196356472988827,0.281312307514537,0.014988232403993607,0.03865670785307884,0.8799999952316284,0.023891296004876494
ailerons,LightGBM,12375,1375,0.1634842376534195,0.2746702060122527,0.018250133842229843,0.03800155967473984,0.8930909037590027,0.017697939998470247
ailerons,LinearModel,12375,1375,0.1731028978517824,0.2890625077488401,0.016501523554325104,0.038413092494010925,0.8843636512756348,0.020854533999226987
ailerons,NeuralNetFastAI,12375,1375,0.17155121339324375,0.28461723568379693,0.017758049070835114,0.03775574639439583,0.8807272911071777,0.023860072949901223
ailerons,NeuralNetTorch,12375,1375,0.17025442939182808,0.2824358573542283,0.01689176633954048,0.03625745698809624,0.8814545273780823,0.022282426012679935
ailerons,RandomForest,12375,1375,0.16665679430760547,0.2767800517860963,0.015768717974424362,0.030695341527462006,0.8829091191291809,0.03623155097011477
ailerons,XGBoost,12375,1375,0.1649715291683738,0.27666661003120263,0.01768871769309044,0.04052704572677612,0.8872727155685425,0.03750193794257939
arcene,CatBoost,90,10,0.3598717158593038,0.5720910363074203,0.14775685966014862,0.24768052995204926,0.699999988079071,0.006524609983898699
arcene,ExtraTrees,90,10,0.2754409631491856,0.47557003779161455,0.10194707661867142,0.2660135328769684,0.8999999761581421,0.00580702000297606
arcene,LightGBM,90,10,0.38183086907322494,0.5724615352178877,0.14004720747470856,0.26584404706954956,0.699999988079071,0.006207149010151625
arcene,LinearModel,90,10,0.31944953769504236,0.49345658745124715,0.11451499164104462,0.19662275910377502,0.800000011920929,0.00593281292822212
arcene,NeuralNetFastAI,90,10,0.31538610662818606,0.5392427948711165,0.12008831650018692,0.22557303309440613,0.800000011920929,0.005975394044071436
arcene,NeuralNetTorch,90,10,0.3194468108241838,0.5171189568041732,0.1494137942790985,0.26177719235420227,0.800000011920929,0.006177819101139903
arcene,RandomForest,90,10,0.3724891460148298,0.5840557585572254,0.09471756964921951,0.2733360230922699,0.800000011920929,0.007490218966268003
arcene,XGBoost,90,10,0.36893348119842423,0.5564775081818161,0.10678740590810776,0.23466095328330994,0.800000011920929,0.00617618509568274
arsenic-female-bladder,CatBoost,503,56,0.19603812076652014,0.3258063744544451,0.04035884141921997,0.06609047204256058,0.8928571343421936,0.0071430259849876165
arsenic-female-bladder,ExtraTrees,503,56,0.20726284436084996,0.34659114504210675,0.052427902817726135,0.10820462554693222,0.875,0.005940357921645045
arsenic-female-bladder,LightGBM,503,56,0.21654032295994124,0.35886477696470703,0.04979811608791351,0.11247210949659348,0.8571428656578064,0.006097417906858027
arsenic-female-bladder,LinearModel,503,56,0.24354552318412429,0.39042485257391235,0.05996619164943695,0.09974128007888794,0.8392857313156128,0.006802613963373005
arsenic-female-bladder,NeuralNetFastAI,503,56,0.2234091557924224,0.35137379724599527,0.04418136924505234,0.10099572688341141,0.8392857313156128,0.006824298994615674
arsenic-female-bladder,NeuralNetTorch,503,56,0.18282324022286026,0.30292587441011626,0.04214559495449066,0.10264857113361359,0.875,0.006949074915610254
arsenic-female-bladder,RandomForest,503,56,0.21854238338518023,0.3692114139099489,0.059443533420562744,0.09718706458806992,0.8571428656578064,0.007048271014355123
arsenic-female-bladder,XGBoost,503,56,0.21227669713485428,0.35119784416590855,0.04059524089097977,0.11730816215276718,0.8571428656578064,0.007000828976742923
autoUniv-au1-1000,CatBoost,900,100,0.36536193702367536,0.5542923941579673,0.053515560925006866,0.08450821042060852,0.7599999904632568,0.007610053056851029
autoUniv-au1-1000,ExtraTrees,900,100,0.35994978582369797,0.5486059136622269,0.038364946842193604,0.09145292639732361,0.7599999904632568,0.0074649619637057185
autoUniv-au1-1000,LightGBM,900,100,0.3547103770552973,0.5447356613923715,0.05263008549809456,0.13110442459583282,0.7699999809265137,0.007234634947963059
autoUniv-au1-1000,LinearModel,900,100,0.3768609374348732,0.5680130412503155,0.06407461315393448,0.09299207478761673,0.7599999904632568,0.00685591995716095
autoUniv-au1-1000,NeuralNetFastAI,900,100,0.3476087072504566,0.5331684084185623,0.04000689461827278,0.10078959167003632,0.7799999713897705,0.007419847999699414
autoUniv-au1-1000,NeuralNetTorch,900,100,0.35196093497482756,0.533196154886686,0.03639386594295502,0.04568219184875488,0.75,0.007677939021959901
autoUniv-au1-1000,RandomForest,900,100,0.38040937080192305,0.5722874071098899,0.04944664239883423,0.15179045498371124,0.7300000190734863,0.00774638494476676
autoUniv-au1-1000,XGBoost,900,100,0.36499860732768624,0.5513257062550875,0.04736361652612686,0.09131673723459244,0.7599999904632568,0.007272554095834494
bank-marketing,CatBoost,40689,4522,0.12468395759450242,0.20942539469233015,0.024431386962532997,0.037424616515636444,0.9106590151786804,0.05877562309615314
bank-marketing,ExtraTrees,40689,4522,0.13235155487252195,0.21848196630765457,0.022599125280976295,0.03835522383451462,0.904245913028717,0.06322226894553751
bank-marketing,LightGBM,40689,4522,0.12673427234962512,0.2116567351181854,0.023473698645830154,0.03558320924639702,0.9119858741760254,0.05601039598695934
bank-marketing,LinearModel,40689,4522,0.15157731849260547,0.2567184721565012,0.028572704643011093,0.04920932650566101,0.8987174034118652,0.057713410002179444
bank-marketing,NeuralNetFastAI,40689,4522,0.1246285955787767,0.20657703166878172,0.019225291907787323,0.02539491094648838,0.9126492738723755,0.06584052497055382
bank-marketing,NeuralNetTorch,40689,4522,0.12675226412680027,0.2113979827665942,0.022626031190156937,0.033183105289936066,0.9104378819465637,0.06109947303775698
bank-marketing,RandomForest,40689,4522,0.1315253660616475,0.21792526152387798,0.023329628631472588,0.036936886608600616,0.9062361717224121,0.06456745695322752
bank-marketing,XGBoost,40689,4522,0.12836589624975114,0.21497965669422897,0.025943836197257042,0.03845972567796707,0.9077841639518738,0.1010209599044174
bank32nh,CatBoost,7372,820,0.2771125408915028,0.4273906314746918,0.0307571142911911,0.06572440266609192,0.7939024567604065,0.022780546103604138
bank32nh,ExtraTrees,7372,820,0.27288099302033886,0.4201778763034681,0.022972557693719864,0.051323141902685165,0.7987805008888245,0.021637976984493434
bank32nh,LightGBM,7372,820,0.27409010496151587,0.4247521424864779,0.02697937563061714,0.0551026314496994,0.79756098985672,0.01539392804261297
bank32nh,LinearModel,7372,820,0.2767437723835059,0.42883761927780056,0.03562228009104729,0.059433020651340485,0.795121967792511,0.023265525000169873
bank32nh,NeuralNetFastAI,7372,820,0.2592021205623863,0.4040613151975674,0.021385323256254196,0.04358181729912758,0.8134146332740784,0.022317006019875407
bank32nh,NeuralNetTorch,7372,820,0.26783034451302823,0.416590058970585,0.027385760098695755,0.05476469174027443,0.8024390339851379,0.015988135943189263
bank32nh,RandomForest,7372,820,0.2880392033542202,0.4427838289781762,0.026634784415364265,0.05601226165890694,0.790243923664093,0.017033750074915588
bank32nh,XGBoost,7372,820,0.27709355767369886,0.42933087671369297,0.026102475821971893,0.05748550593852997,0.8036585450172424,0.02087615104392171
bank8FM,CatBoost,7372,820,0.07732289742653607,0.13623252306167916,0.011147534474730492,0.025555159896612167,0.9475609660148621,0.012589500052854419
bank8FM,ExtraTrees,7372,820,0.08014597331369522,0.13082100095902122,0.012834466993808746,0.023482663556933403,0.9451219439506531,0.02287391305435449
bank8FM,LightGBM,7372,820,0.07848635763721364,0.1382489849447878,0.012433139607310295,0.023938583210110664,0.949999988079071,0.01478572003543377
bank8FM,LinearModel,7372,820,0.08483274476089701,0.15259733853361324,0.01399356871843338,0.015971263870596886,0.9451219439506531,0.013955845031887293
bank8FM,NeuralNetFastAI,7372,820,0.0815612860382152,0.139254158040784,0.014673996716737747,0.027847370132803917,0.9475609660148621,0.01651642599608749
bank8FM,NeuralNetTorch,7372,820,0.08272392527740315,0.13900715306893918,0.01671365275979042,0.03086426667869091,0.9426829218864441,0.017512505990453064
bank8FM,RandomForest,7372,820,0.08059051679581257,0.13999740181128958,0.013136537745594978,0.029738694429397583,0.9439024329185486,0.01411206100601703
bank8FM,XGBoost,7372,820,0.08055625688062375,0.1440985202525206,0.014290356077253819,0.029715321958065033,0.9451219439506531,0.014562334050424397
blood-transfusion-service-center,CatBoost,673,75,0.33011241704720085,0.49927683682756463,0.07457917183637619,0.09511341899633408,0.7599999904632568,0.006465507089160383
blood-transfusion-service-center,ExtraTrees,673,75,0.3183157892176029,0.48154670263499716,0.05579456686973572,0.09579211473464966,0.7599999904632568,0.008214458008296788
blood-transfusion-service-center,LightGBM,673,75,0.3221168663349357,0.487411381118064,0.06239134818315506,0.12325896322727203,0.7733333110809326,0.007302223006263375
blood-transfusion-service-center,LinearModel,673,75,0.31741521599959954,0.476915038130816,0.07002104818820953,0.10869003087282181,0.746666669845581,0.007356540998443961
blood-transfusion-service-center,NeuralNetFastAI,673,75,0.32540314470314496,0.48881832231583605,0.07002176344394684,0.1294381469488144,0.7733333110809326,0.007429967052303255
blood-transfusion-service-center,NeuralNetTorch,673,75,0.3251318976877327,0.49024768203889457,0.07817672938108444,0.14424820244312286,0.746666669845581,0.007030267035588622
blood-transfusion-service-center,RandomForest,673,75,0.3242078525265498,0.4936606286816389,0.06541646271944046,0.13974601030349731,0.7733333110809326,0.00734103808645159
blood-transfusion-service-center,XGBoost,673,75,0.3329851604335418,0.5073661917749849,0.051869042217731476,0.07983788847923279,0.746666669845581,0.007092267973348498
boston_corrected,CatBoost,455,51,0.16677304426874254,0.27975098377717833,0.08409778028726578,0.10625091940164566,0.8823529481887817,0.00715988501906395
boston_corrected,ExtraTrees,455,51,0.13142690127709122,0.23239256762110067,0.08779719471931458,0.12112335860729218,0.9019607901573181,0.00651366007514298
boston_corrected,LightGBM,455,51,0.15631660902363073,0.2656915203117578,0.08456353843212128,0.14715510606765747,0.9215686321258545,0.006872765952721238
boston_corrected,LinearModel,455,51,0.17575718697943826,0.2909745810605477,0.08288545161485672,0.13114972412586212,0.8823529481887817,0.00674865604378283
boston_corrected,NeuralNetFastAI,455,51,0.13645753637636304,0.23730920012988044,0.10512450337409973,0.1255885362625122,0.9019607901573181,0.0076373020419850945
boston_corrected,NeuralNetTorch,455,51,0.1677671416252023,0.27462045516358086,0.08370546996593475,0.17133012413978577,0.8823529481887817,0.006682222941890359
boston_corrected,RandomForest,455,51,0.1644563885421868,0.2762463886394713,0.07927573472261429,0.1029312014579773,0.8823529481887817,0.006549741025082767
boston_corrected,XGBoost,455,51,0.2008225334210214,0.32450965817044963,0.0863586887717247,0.16612762212753296,0.8823529481887817,0.008926390903070569
churn,CatBoost,4500,500,0.08641826002603464,0.174341350325799,0.013285232707858086,0.0254976823925972,0.949999988079071,0.011299857054837048
churn,ExtraTrees,4500,500,0.08368663641397424,0.1753335732471426,0.014990831725299358,0.02254488691687584,0.9480000138282776,0.011927118990570307
churn,LightGBM,4500,500,0.09042319536655899,0.18263481300539922,0.012198030948638916,0.025792298838496208,0.9480000138282776,0.01610978099051863
churn,LinearModel,4500,500,0.22062904722898277,0.3524809350424614,0.043719179928302765,0.0851360335946083,0.8460000157356262,0.011229096096940339
churn,NeuralNetFastAI,4500,500,0.07515743187209717,0.15809029781267367,0.008212299086153507,0.01947876438498497,0.9580000042915344,0.011490134987980127
churn,NeuralNetTorch,4500,500,0.07898368373058783,0.16567042677987753,0.009317133575677872,0.01985931023955345,0.9559999704360962,0.012428542948327959
churn,RandomForest,4500,500,0.10040148735889477,0.19531019823392198,0.01267638336867094,0.02089976891875267,0.9380000233650208,0.011379880015738308
churn,XGBoost,4500,500,0.08934429201139805,0.17889146222048954,0.014364659786224365,0.028189582750201225,0.9480000138282776,0.011380556970834732
climate-model-simulation-crashes,CatBoost,486,54,0.09981560032870641,0.19815249570594526,0.0479930080473423,0.041008953005075455,0.9444444179534912,0.00736347702331841
climate-model-simulation-crashes,ExtraTrees,486,54,0.08384752681457591,0.17885031922721784,0.04739876836538315,0.055827680975198746,0.9444444179534912,0.006873823003843427
climate-model-simulation-crashes,LightGBM,486,54,0.0964047298742493,0.18256105394265665,0.05478821322321892,0.04041285067796707,0.9444444179534912,0.006716334959492087
climate-model-simulation-crashes,LinearModel,486,54,0.09131201215528034,0.1906218452374958,0.053799595683813095,0.04547157883644104,0.9444444179534912,0.007077012909576297
climate-model-simulation-crashes,NeuralNetFastAI,486,54,0.08698306870442407,0.18827680000676233,0.04508444666862488,0.040711939334869385,0.9444444179534912,0.006604620022699237
climate-model-simulation-crashes,NeuralNetTorch,486,54,0.10563276213614994,0.19497910332498236,0.03394584357738495,0.05096668750047684,0.9444444179534912,0.006270244950428605
climate-model-simulation-crashes,RandomForest,486,54,0.0947833806274782,0.2151597042945324,0.06661664694547653,0.07162446528673172,0.9444444179534912,0.006865372997708619
climate-model-simulation-crashes,XGBoost,486,54,0.06632130802077701,0.1422794753052069,0.05095600709319115,0.04136599600315094,0.9629629850387573,0.008612826000899076
colleges_usnews,CatBoost,1171,131,0.38524475077967407,0.5637715206635123,0.06792980432510376,0.1183554157614708,0.7022900581359863,0.00843086198437959
colleges_usnews,ExtraTrees,1171,131,0.3788510673075219,0.5569247480689187,0.06633687764406204,0.11943405121564865,0.7022900581359863,0.007303830003365874
colleges_usnews,LightGBM,1171,131,0.396185511221032,0.5773577658291003,0.08666855096817017,0.11571495234966278,0.7022900581359863,0.008201848017051816
colleges_usnews,LinearModel,1171,131,0.4029630750299116,0.5840087117265085,0.07400539517402649,0.12577836215496063,0.6793892979621887,0.011279364000074565
colleges_usnews,NeuralNetFastAI,1171,131,0.41356936675311656,0.5978814767556938,0.09458298236131668,0.12682543694972992,0.6793892979621887,0.00797824002802372
colleges_usnews,NeuralNetTorch,1171,131,0.40314198039712007,0.5851597420437737,0.09444260597229004,0.1346374899148941,0.6870229244232178,0.007625673082657158
colleges_usnews,RandomForest,1171,131,0.37287897678981435,0.5527366966083607,0.06677091121673584,0.10076098889112473,0.7022900581359863,0.007718532928265631
colleges_usnews,XGBoost,1171,131,0.4077454555560492,0.5883171782102691,0.08807920664548874,0.12937752902507782,0.694656491279602,0.007658955990336835
cpu_act,CatBoost,7372,820,0.0659700393162832,0.12262855990241514,0.014143908396363258,0.03316882997751236,0.9585365653038025,0.022471608011983335
cpu_act,ExtraTrees,7372,820,0.07500563089533016,0.13189248862185443,0.011458732187747955,0.02838454395532608,0.95243901014328,0.02554844890255481
cpu_act,LightGBM,7372,820,0.06723129395553291,0.12397771843474449,0.012596664018929005,0.030265334993600845,0.9609755873680115,0.016425993060693145
cpu_act,LinearModel,7372,820,0.08359713548457497,0.15295243826352528,0.01230850163847208,0.027911605313420296,0.9451219439506531,0.01605728198774159
cpu_act,NeuralNetFastAI,7372,820,0.06962070040103277,0.12871598915599017,0.012758285738527775,0.03263778239488602,0.95243901014328,0.01646827592048794
cpu_act,NeuralNetTorch,7372,820,0.07092157347376209,0.13193313192972322,0.012259678915143013,0.02992420643568039,0.9585365653038025,0.015805702074430883
cpu_act,RandomForest,7372,820,0.0723771961314377,0.13153040270159722,0.011021530255675316,0.029386939480900764,0.9560975432395935,0.016148847993463278
cpu_act,XGBoost,7372,820,0.06635403325853227,0.12259936145560867,0.014858636073768139,0.03756386414170265,0.9560975432395935,0.01574132894165814
cpu_small,CatBoost,7372,820,0.09910187356176839,0.1730422019746962,0.017403636127710342,0.042119670659303665,0.9365853667259216,0.015179343987256289
cpu_small,ExtraTrees,7372,820,0.1046748889044372,0.17313471437784533,0.010581078939139843,0.024856064468622208,0.9280487895011902,0.02375423803459853
cpu_small,LightGBM,7372,820,0.09896728373384653,0.17474087265998914,0.015265876427292824,0.03688068315386772,0.9341463446617126,0.016260260017588735
cpu_small,LinearModel,7372,820,0.1350049156455108,0.22524648758446947,0.02180970460176468,0.050741732120513916,0.9085366129875183,0.01600523095112294
cpu_small,NeuralNetFastAI,7372,820,0.11563129948266077,0.19399763786113136,0.02081257291138172,0.03331736847758293,0.9207317233085632,0.016507556079886854
cpu_small,NeuralNetTorch,7372,820,0.10676023850513336,0.18071863499012444,0.014162019826471806,0.04342483729124069,0.9207317233085632,0.01693303498905152
cpu_small,RandomForest,7372,820,0.10180125253056889,0.17283883751194473,0.011270323768258095,0.0345248207449913,0.9329268336296082,0.022037944989278913
cpu_small,XGBoost,7372,820,0.1001168044554691,0.17820679295419223,0.01635916531085968,0.030307332053780556,0.9365853667259216,0.015072557958774269
credit-g,CatBoost,900,100,0.2742811100120818,0.43201038617878224,0.044896211475133896,0.10642436146736145,0.8199999928474426,0.008978271973319352
credit-g,ExtraTrees,900,100,0.2810054673406989,0.43880744163921276,0.04802992567420006,0.12807759642601013,0.8199999928474426,0.00726489897351712
credit-g,LightGBM,900,100,0.2840617269944861,0.4461128354433881,0.0431838184595108,0.0968591496348381,0.800000011920929,0.006855326006188989
credit-g,LinearModel,900,100,0.30393705290675466,0.47062133746086277,0.04432855546474457,0.11205070465803146,0.7900000214576721,0.0074676970252767205
credit-g,NeuralNetFastAI,900,100,0.2946574153286353,0.45394150140765244,0.036090970039367676,0.1129826232790947,0.7799999713897705,0.009245089022442698
credit-g,NeuralNetTorch,900,100,0.2962449152620867,0.45817246967116687,0.05434414744377136,0.10424650460481644,0.75,0.008407842018641531
credit-g,RandomForest,900,100,0.2697280788948586,0.42479921907414153,0.05418454110622406,0.11523589491844177,0.800000011920929,0.006990220979787409
credit-g,XGBoost,900,100,0.2961951928760489,0.4539105763156108,0.040928080677986145,0.11862075328826904,0.7699999809265137,0.007185106980614364
cylinder-bands,CatBoost,486,54,0.1989426032068773,0.3271402473012116,0.05750390142202377,0.11265328526496887,0.8518518805503845,0.006458521937020123
cylinder-bands,ExtraTrees,486,54,0.17234207573573787,0.29336161196605975,0.04949668049812317,0.10877805948257446,0.8888888955116272,0.007868509972468019
cylinder-bands,LightGBM,486,54,0.18225878506072016,0.3058133559646213,0.04636785387992859,0.12741412222385406,0.8518518805503845,0.0064669480780139565
cylinder-bands,LinearModel,486,54,0.2715793463236102,0.43672691322072044,0.04749724268913269,0.11819130182266235,0.8148148059844971,0.006243671989068389
cylinder-bands,NeuralNetFastAI,486,54,0.21594526357906646,0.36731819445812125,0.059934988617897034,0.13380612432956696,0.8703703880310059,0.006284169037826359
cylinder-bands,NeuralNetTorch,486,54,0.1830565440806317,0.32435263045742413,0.05349772796034813,0.10259727388620377,0.8888888955116272,0.0064779530512169
cylinder-bands,RandomForest,486,54,0.17064088637851965,0.28683223029831234,0.037642497569322586,0.10997364670038223,0.8888888955116272,0.006709640030749142
cylinder-bands,XGBoost,486,54,0.17041086790558013,0.2943956297309798,0.059389617294073105,0.12521807849407196,0.8703703880310059,0.006596660008653998
delta_ailerons,CatBoost,6416,713,0.09025014985336748,0.17962251563871753,0.010047966614365578,0.019043277949094772,0.9453015327453613,0.014920079032890499
delta_ailerons,ExtraTrees,6416,713,0.09343069462618925,0.18169912502240335,0.01482438761740923,0.02214597910642624,0.9453015327453613,0.013995742076076567
delta_ailerons,LightGBM,6416,713,0.09223509917340118,0.18032066538537095,0.011256346479058266,0.020531143993139267,0.9424964785575867,0.014808840001933277
delta_ailerons,LinearModel,6416,713,0.10854457100289408,0.2129724308857047,0.0120476596057415,0.019059734418988228,0.9368863701820374,0.014062179019674659
delta_ailerons,NeuralNetFastAI,6416,713,0.1005280281640281,0.19921956814580094,0.013891713693737984,0.02048337459564209,0.9438990354537964,0.014224582933820784
delta_ailerons,NeuralNetTorch,6416,713,0.10038101596481377,0.19775325400400787,0.014747092500329018,0.023400599136948586,0.9438990354537964,0.015336398035287857
delta_ailerons,RandomForest,6416,713,0.0936768165773386,0.18231793892030818,0.015176231972873211,0.022321753203868866,0.9438990354537964,0.014012495055794716
delta_ailerons,XGBoost,6416,713,0.09159237633464537,0.18077816587231646,0.011420725844800472,0.02563260868191719,0.946704089641571,0.014367599971592426
delta_elevators,CatBoost,8565,952,0.17976246397749782,0.3047685192860881,0.019634950906038284,0.044495947659015656,0.8855041861534119,0.019176286994479597
delta_elevators,ExtraTrees,8565,952,0.18161796546540893,0.30469793807731976,0.01918703317642212,0.0343715101480484,0.8802521228790283,0.01793085690587759
delta_elevators,LightGBM,8565,952,0.17798546674327112,0.3024605722319644,0.02274690940976143,0.042831677943468094,0.8897058963775635,0.019103566999547184
delta_elevators,LinearModel,8565,952,0.18123017640876557,0.30941572805374,0.017339052632451057,0.03940661624073982,0.881302535533905,0.01822086307220161
delta_elevators,NeuralNetFastAI,8565,952,0.18058493835915035,0.3049261108127266,0.01719215326011181,0.030355503782629967,0.8781512379646301,0.016736587043851614
delta_elevators,NeuralNetTorch,8565,952,0.1787297134891582,0.30267189314469767,0.01782047562301159,0.04016338288784027,0.8823529481887817,0.0189083389705047
delta_elevators,RandomForest,8565,952,0.18663584134658875,0.3113981788492652,0.02353746071457863,0.0354471430182457,0.8739495873451233,0.016906447941437364
delta_elevators,XGBoost,8565,952,0.18015643966820435,0.3046927771626158,0.01872006617486477,0.03866288810968399,0.8823529481887817,0.017788829980418086
diabetes,CatBoost,691,77,0.24863816966453461,0.3971201191170339,0.046233441680669785,0.13937784731388092,0.8311688303947449,0.00726561201736331
diabetes,ExtraTrees,691,77,0.23231550500492723,0.3769632692699815,0.05137951672077179,0.08721034973859787,0.8571428656578064,0.0067564030177891254
diabetes,LightGBM,691,77,0.24448044440627603,0.3926406268907586,0.036608852446079254,0.08324205875396729,0.8311688303947449,0.00705360306892544
diabetes,LinearModel,691,77,0.22549824582197578,0.3716084596815274,0.05882791429758072,0.17383238673210144,0.8311688303947449,0.0071706699673086405
diabetes,NeuralNetFastAI,691,77,0.24188837387883116,0.38794441490567066,0.059051912277936935,0.13385941088199615,0.8181818127632141,0.00910442997701466
diabetes,NeuralNetTorch,691,77,0.24875944394808958,0.39083475120646993,0.05096138268709183,0.1631557047367096,0.8181818127632141,0.007124735973775387
diabetes,RandomForest,691,77,0.2406248375678328,0.3889655554104814,0.04408396780490875,0.11583076417446136,0.8311688303947449,0.007263557985424995
diabetes,XGBoost,691,77,0.26082737640718345,0.41367961433487,0.044556815177202225,0.15437297523021698,0.8181818127632141,0.007367876009084284
dresses-sales,CatBoost,450,50,0.4779930433144572,0.671061383006886,0.07122741639614105,0.05604957044124603,0.6000000238418579,0.006452535977587104
dresses-sales,ExtraTrees,450,50,0.5082636450769276,0.7031123965546735,0.10612961649894714,0.1452208310365677,0.5799999833106995,0.0066032459726557136
dresses-sales,LightGBM,450,50,0.49296697772847126,0.6887173522750056,0.08091330528259277,0.16724689304828644,0.5799999833106995,0.007227335940115154
dresses-sales,LinearModel,450,50,0.47731873368240857,0.6722719177585791,0.08568070828914642,0.1462361216545105,0.6600000262260437,0.006942123989574611
dresses-sales,NeuralNetFastAI,450,50,0.48314976938554144,0.6818449436247457,0.08379312604665756,0.1864546239376068,0.6600000262260437,0.006719828932546079
dresses-sales,NeuralNetTorch,450,50,0.47910415583912913,0.6751189666143154,0.07730168104171753,0.13938193023204803,0.6399999856948853,0.006928398972377181
dresses-sales,RandomForest,450,50,0.51136679825494,0.7068718764902002,0.0897265076637268,0.15394724905490875,0.5799999833106995,0.006730640074238181
dresses-sales,XGBoost,450,50,0.49803627722863486,0.6944546751458376,0.0669071301817894,0.08986756950616837,0.6000000238418579,0.008094148011878133
eeg-eye-state,CatBoost,13482,1498,0.06499137680907331,0.12361450763805146,0.014228115789592266,0.013224577531218529,0.9599465727806091,0.03499329707119614
eeg-eye-state,ExtraTrees,13482,1498,0.0811603002593537,0.13519133722490068,0.011009925976395607,0.013645767234265804,0.9405874609947205,0.026465118979103863
eeg-eye-state,LightGBM,13482,1498,0.0719816105996536,0.13833603257687094,0.016980983316898346,0.013007651083171368,0.9559412598609924,0.021449094056151807
eeg-eye-state,LinearModel,13482,1498,0.44781902037392957,0.6385340988535352,0.01974012702703476,0.04698288068175316,0.6301735639572144,0.02713046595454216
eeg-eye-state,NeuralNetFastAI,13482,1498,0.24659707556012658,0.3939188542570492,0.044255200773477554,0.07681269198656082,0.8197596669197083,0.025269986013881862
eeg-eye-state,NeuralNetTorch,13482,1498,0.027982578527866297,0.05786925462654438,0.005594016518443823,0.00765461940318346,0.9819759726524353,0.02442710695322603
eeg-eye-state,RandomForest,13482,1498,0.09483661578681475,0.16049681316339998,0.010708324611186981,0.02047685533761978,0.936582088470459,0.02637442306149751
eeg-eye-state,XGBoost,13482,1498,0.07595843071997893,0.1438278129372355,0.01717010885477066,0.012540067546069622,0.9546061158180237,0.02199127001222223
electricity,CatBoost,40780,4532,0.08369291889845873,0.15566340109894164,0.009799538180232048,0.018208106979727745,0.947043240070343,0.059555438929237425
electricity,ExtraTrees,40780,4532,0.13798251458889532,0.23003332361703427,0.009251736104488373,0.022176722064614296,0.906222403049469,0.06199976499192417
electricity,LightGBM,40780,4532,0.08331334014296365,0.15479519125847332,0.009315663948655128,0.019577963277697563,0.9485878348350525,0.05820463004056364
electricity,LinearModel,40780,4532,0.33006783052551525,0.49915642009288597,0.010438289493322372,0.02364213392138481,0.7570608854293823,0.06468907801900059
electricity,NeuralNetFastAI,40780,4532,0.2224613587747317,0.3569226215335508,0.011858060956001282,0.03493761643767357,0.8435569405555725,0.06571096903644502
electricity,NeuralNetTorch,40780,4532,0.18619721983956383,0.3086006899012188,0.013621347025036812,0.035887788981199265,0.8722418546676636,0.08172695396933705
electricity,RandomForest,40780,4532,0.10617590928144517,0.1836363901073412,0.007236136123538017,0.015418673865497112,0.9300529360771179,0.06588618492241949
electricity,XGBoost,40780,4532,0.08195755686714233,0.1532797936238748,0.009457376785576344,0.017183488234877586,0.9490291476249695,0.0609730159630999
fri_c0_1000_5,CatBoost,900,100,0.12439623785147658,0.20510744493681649,0.06321971863508224,0.1099136620759964,0.9100000262260437,0.009420625981874764
fri_c0_1000_5,ExtraTrees,900,100,0.14474795846076172,0.22496340836165798,0.056522220373153687,0.08269217610359192,0.8799999952316284,0.007213501958176494
fri_c0_1000_5,LightGBM,900,100,0.11877952294364327,0.19225031560911407,0.040112994611263275,0.08708050847053528,0.8999999761581421,0.007611216977238655
fri_c0_1000_5,LinearModel,900,100,0.19959465744240593,0.34162544173102966,0.057492394000291824,0.0945417582988739,0.8899999856948853,0.007824335945770144
fri_c0_1000_5,NeuralNetFastAI,900,100,0.10449795001665327,0.17576184444746665,0.044406190514564514,0.09773683547973633,0.9399999976158142,0.008633718942292035
fri_c0_1000_5,NeuralNetTorch,900,100,0.10268228820760004,0.16249657437980106,0.030811857432127,0.09574055671691895,0.9100000262260437,0.007183318957686424
fri_c0_1000_5,RandomForest,900,100,0.12490286864079973,0.21725914450700629,0.05060127004981041,0.07941307127475739,0.9300000071525574,0.007440545014105737
fri_c0_1000_5,XGBoost,900,100,0.14690674905735848,0.2391308599894222,0.04085857793688774,0.1082194596529007,0.8799999952316284,0.00785258796531707
fri_c0_500_5,CatBoost,450,50,0.21469745863190123,0.3386850906293455,0.08065234124660492,0.14847485721111298,0.8399999737739563,0.00915950199123472
fri_c0_500_5,ExtraTrees,450,50,0.256830344929744,0.3925025792027844,0.09540082514286041,0.15149050951004028,0.800000011920929,0.006951357936486602
fri_c0_500_5,LightGBM,450,50,0.2108686777258684,0.34461403542309876,0.08833204209804535,0.1367276906967163,0.8799999952316284,0.006708787987008691
fri_c0_500_5,LinearModel,450,50,0.28994130503502813,0.44389675834105247,0.042375996708869934,0.09808064997196198,0.7799999713897705,0.00710417190566659
fri_c0_500_5,NeuralNetFastAI,450,50,0.22986546154668056,0.3484987622797271,0.09497535228729248,0.13336625695228577,0.8399999737739563,0.008254913031123579
fri_c0_500_5,NeuralNetTorch,450,50,0.21835278017648194,0.333636605270032,0.08401894569396973,0.12334121763706207,0.8600000143051147,0.00824202096555382
fri_c0_500_5,RandomForest,450,50,0.27421381166457504,0.40854123106162954,0.09252727776765823,0.1529548019170761,0.7799999713897705,0.006888670031912625
fri_c0_500_5,XGBoost,450,50,0.24077195740371804,0.3797414182635451,0.08838722109794617,0.14025475084781647,0.800000011920929,0.008038990083150566
fri_c1_1000_50,CatBoost,900,100,0.12285825712005692,0.20888312212588672,0.01866459660232067,0.07417729496955872,0.9100000262260437,0.012231857981532812
fri_c1_1000_50,ExtraTrees,900,100,0.11539841345044502,0.19759555088649405,0.024648021906614304,0.06771718710660934,0.9200000166893005,0.007845503045246005
fri_c1_1000_50,LightGBM,900,100,0.15165169137580198,0.24125883897301495,0.03678498789668083,0.10153907537460327,0.8799999952316284,0.007799021084792912
fri_c1_1000_50,LinearModel,900,100,0.4120440332721026,0.5994054937572567,0.045689575374126434,0.10514028370380402,0.6700000166893005,0.008557114051654935
fri_c1_1000_50,NeuralNetFastAI,900,100,0.1402728151258669,0.2515943587837387,0.04339053854346275,0.0760679766535759,0.8999999761581421,0.00800823897588998
fri_c1_1000_50,NeuralNetTorch,900,100,0.23161292646267134,0.36946339639953735,0.05188887566328049,0.0993356704711914,0.8500000238418579,0.007348401006311178
fri_c1_1000_50,RandomForest,900,100,0.15615001114981208,0.2634683259732868,0.0289872195571661,0.0711791142821312,0.8999999761581421,0.007578487973660231
fri_c1_1000_50,XGBoost,900,100,0.1316767938293535,0.2122629868032729,0.034334298223257065,0.09073346853256226,0.8999999761581421,0.007099943934008479
fri_c2_1000_25,CatBoost,900,100,0.1283018422252079,0.22171711493984728,0.031846784055233,0.06572314351797104,0.9200000166893005,0.007288978085853159
fri_c2_1000_25,ExtraTrees,900,100,0.14931740072537142,0.25197475046577483,0.030699491500854492,0.06748830527067184,0.8799999952316284,0.00785401405300945
fri_c2_1000_25,LightGBM,900,100,0.15318147052888795,0.2558734868284365,0.03488360717892647,0.05450069159269333,0.8899999856948853,0.0074044810608029366
fri_c2_1000_25,LinearModel,900,100,0.35960202970437066,0.5366957884916084,0.05324932932853699,0.11170107871294022,0.7099999785423279,0.0072788960533216596
fri_c2_1000_25,NeuralNetFastAI,900,100,0.130908518239915,0.22917207033786852,0.032483670860528946,0.08195171505212784,0.9200000166893005,0.007693601073697209
fri_c2_1000_25,NeuralNetTorch,900,100,0.13011464434432057,0.22813016369342975,0.021148651838302612,0.05353690683841705,0.9100000262260437,0.007327810977585614
fri_c2_1000_25,RandomForest,900,100,0.15563053254151163,0.26698070895525644,0.0399896465241909,0.056456856429576874,0.8899999856948853,0.007720056921243668
fri_c2_1000_25,XGBoost,900,100,0.1529947803883187,0.25693530093586825,0.04063861817121506,0.07100307196378708,0.8899999856948853,0.009452698985114694
fri_c2_500_50,CatBoost,450,50,0.2053082260426821,0.32669781124104624,0.060538142919540405,0.1264195293188095,0.8600000143051147,0.006741894991137087
fri_c2_500_50,ExtraTrees,450,50,0.22289917346102645,0.3409857514982487,0.049427762627601624,0.12992922961711884,0.8399999737739563,0.006904009962454438
fri_c2_500_50,LightGBM,450,50,0.19891921355859998,0.32369122852759646,0.06415538489818573,0.09215322136878967,0.8799999952316284,0.005934546003118157
fri_c2_500_50,LinearModel,450,50,0.3874315975345719,0.5686522962818374,0.07890073210000992,0.09430058300495148,0.7400000095367432,0.0066656689159572124
fri_c2_500_50,NeuralNetFastAI,450,50,0.19646515676038465,0.34387496774630155,0.06942405551671982,0.1394658088684082,0.8799999952316284,0.006527064950205386
fri_c2_500_50,NeuralNetTorch,450,50,0.262649826860468,0.42005605719581873,0.055508702993392944,0.17328573763370514,0.7799999713897705,0.00687021401245147
fri_c2_500_50,RandomForest,450,50,0.23272436000424862,0.3582367464708051,0.05946514010429382,0.13304728269577026,0.8199999928474426,0.007227977039292455
fri_c2_500_50,XGBoost,450,50,0.25535891269987276,0.4097727044707058,0.06449040025472641,0.12199055403470993,0.8399999737739563,0.0064260149374604225
fri_c3_1000_10,CatBoost,900,100,0.10579036337851289,0.19550703022425675,0.04009661823511124,0.050210580229759216,0.9300000071525574,0.00703620002605021
fri_c3_1000_10,ExtraTrees,900,100,0.09189156555568204,0.16915486302050675,0.019585495814681053,0.04474956542253494,0.9399999976158142,0.008090118994005024
fri_c3_1000_10,LightGBM,900,100,0.11405164324988767,0.20004561124975762,0.03375244140625,0.05950448662042618,0.9200000166893005,0.007504581939429045
fri_c3_1000_10,LinearModel,900,100,0.3836155921273579,0.5669306315300425,0.0440908819437027,0.13361865282058716,0.7200000286102295,0.007752505945973098
fri_c3_1000_10,NeuralNetFastAI,900,100,0.08203688222725197,0.15280015686797643,0.031111476942896843,0.05586167052388191,0.949999988079071,0.007188564050011337
fri_c3_1000_10,NeuralNetTorch,900,100,0.09347492607780014,0.1691419186489271,0.030253063887357712,0.06089812144637108,0.949999988079071,0.007586979074403644
fri_c3_1000_10,RandomForest,900,100,0.11135507795836146,0.20582979016294106,0.02376464381814003,0.07368557155132294,0.9300000071525574,0.009823390049859881
fri_c3_1000_10,XGBoost,900,100,0.09745936253656164,0.18912683358398472,0.03632320836186409,0.06333502382040024,0.9399999976158142,0.009750583907589316
fri_c3_1000_25,CatBoost,900,100,0.121865558194945,0.19457177546605653,0.034510403871536255,0.09041137993335724,0.9100000262260437,0.007354064960964024
fri_c3_1000_25,ExtraTrees,900,100,0.10288077884378327,0.1604332904073631,0.02258416637778282,0.0679691806435585,0.9200000166893005,0.008204051060602069
fri_c3_1000_25,LightGBM,900,100,0.07772843698023386,0.14264832776465902,0.021651774644851685,0.060673411935567856,0.9599999785423279,0.007176498998887837
fri_c3_1000_25,LinearModel,900,100,0.43519882845071167,0.621619358986895,0.058204807341098785,0.08849243074655533,0.6499999761581421,0.007090281927958131
fri_c3_1000_25,NeuralNetFastAI,900,100,0.07762017144838047,0.1408658446089286,0.0224776528775692,0.046290092170238495,0.949999988079071,0.010722869075834751
fri_c3_1000_25,NeuralNetTorch,900,100,0.07664378171344641,0.15166504907327263,0.03132897615432739,0.07528568804264069,0.9599999785423279,0.00786007393617183
fri_c3_1000_25,RandomForest,900,100,0.139385283217879,0.22112516575056812,0.029354944825172424,0.09092409908771515,0.9100000262260437,0.007880241028033197
fri_c3_1000_25,XGBoost,900,100,0.10362218338154104,0.18022700878234768,0.0271140206605196,0.06983721256256104,0.9300000071525574,0.006985923973843455
fri_c3_500_10,CatBoost,450,50,0.22427140671157922,0.36943941381199963,0.0752461850643158,0.10949898511171341,0.8600000143051147,0.00846273300703615
fri_c3_500_10,ExtraTrees,450,50,0.24468265478899895,0.41641616435749484,0.0847577229142189,0.1462269425392151,0.8600000143051147,0.007180356071330607
fri_c3_500_10,LightGBM,450,50,0.28305522105963954,0.44945785904565416,0.0842224583029747,0.1373390555381775,0.800000011920929,0.0063793930457904935
fri_c3_500_10,LinearModel,450,50,0.39784868861611483,0.5850795768693439,0.07312352955341339,0.1985081136226654,0.7200000286102295,0.007372680935077369
fri_c3_500_10,NeuralNetFastAI,450,50,0.22525289451579047,0.3777024800113159,0.0673055574297905,0.14520350098609924,0.8399999737739563,0.00817924493458122
fri_c3_500_10,NeuralNetTorch,450,50,0.17682435949078226,0.29198288784206466,0.04169837385416031,0.10484302043914795,0.9200000166893005,0.0064870360074564815
fri_c3_500_10,RandomForest,450,50,0.22883142261517186,0.3775511720628593,0.07437784224748611,0.1365542858839035,0.8399999737739563,0.006224354030564427
fri_c3_500_10,XGBoost,450,50,0.2270257755313497,0.37330391197796076,0.07715995609760284,0.10806486010551453,0.8600000143051147,0.005808247020468116
fri_c3_500_50,CatBoost,450,50,0.23737776876020816,0.3671809199036062,0.07920309156179428,0.1462095081806183,0.800000011920929,0.008187870029360056
fri_c3_500_50,ExtraTrees,450,50,0.19998032180241554,0.3179115537965371,0.08041262626647949,0.17049306631088257,0.8600000143051147,0.00667706795502454
fri_c3_500_50,LightGBM,450,50,0.18220445333575108,0.302020137682683,0.031843677163124084,0.10328570753335953,0.8799999952316284,0.006303705973550677
fri_c3_500_50,LinearModel,450,50,0.44161202618244255,0.6283275165569677,0.10494966804981232,0.19293488562107086,0.5600000023841858,0.00861404207535088
fri_c3_500_50,NeuralNetFastAI,450,50,0.43120482885362643,0.6167482696468247,0.09213808178901672,0.14162112772464752,0.6600000262260437,0.0064895820105448365
fri_c3_500_50,NeuralNetTorch,450,50,0.3884858757110045,0.5725861247264813,0.07940761744976044,0.11997425556182861,0.7200000286102295,0.009560949052684009
fri_c3_500_50,RandomForest,450,50,0.191017357037404,0.30828491507144323,0.03669572249054909,0.11176155507564545,0.8799999952316284,0.00732282898388803
fri_c3_500_50,XGBoost,450,50,0.17463582660647917,0.28978812304962637,0.03699362650513649,0.10939174890518188,0.8999999761581421,0.007683907984755933
fri_c4_500_100,CatBoost,450,50,0.17675022483727956,0.28240940207401044,0.06172855198383331,0.1394175887107849,0.8999999761581421,0.0074515920132398605
fri_c4_500_100,ExtraTrees,450,50,0.14847355663134162,0.2302756692139611,0.049986109137535095,0.12417904287576675,0.8999999761581421,0.006607029004953802
fri_c4_500_100,LightGBM,450,50,0.15553765847844503,0.2623260701418259,0.06268901377916336,0.11817573010921478,0.8999999761581421,0.00898848194628954
fri_c4_500_100,LinearModel,450,50,0.4649446155434849,0.6565722194920675,0.08961296081542969,0.16347800195217133,0.5600000023841858,0.00544355099555105
fri_c4_500_100,NeuralNetFastAI,450,50,0.4443991120865327,0.6334545022103569,0.09166824817657471,0.15758416056632996,0.6200000047683716,0.006512792082503438
fri_c4_500_100,NeuralNetTorch,450,50,0.43341887904997134,0.6233582305236842,0.09524814784526825,0.14795470237731934,0.699999988079071,0.006312867975793779
fri_c4_500_100,RandomForest,450,50,0.1715928776895861,0.2681487292347836,0.03808712959289551,0.11069576442241669,0.8799999952316284,0.006774442037567496
fri_c4_500_100,XGBoost,450,50,0.15289819203867097,0.24644357383994037,0.06025397777557373,0.11507219076156616,0.8999999761581421,0.006671054987236857
fried,CatBoost,36691,4077,0.09684223075702471,0.16138378914008883,0.015005156397819519,0.024447988718748093,0.9313220381736755,0.055904626031406224
fried,ExtraTrees,36691,4077,0.11622502016864462,0.18663929160817574,0.013913558796048164,0.02487950026988983,0.9200392365455627,0.05646723206155002
fried,LightGBM,36691,4077,0.09979190129070205,0.1686800845771655,0.016919318586587906,0.030722396448254585,0.9291145205497742,0.052656417014077306
fried,LinearModel,36691,4077,0.23339922331366464,0.3760279906779245,0.01226271316409111,0.028895026072859764,0.8400784730911255,0.08356043300591409
fried,NeuralNetFastAI,36691,4077,0.09761897275049539,0.167460711372821,0.017202813178300858,0.026491042226552963,0.9347559213638306,0.04914129595272243
fried,NeuralNetTorch,36691,4077,0.09519765927692841,0.16048994678361708,0.014708351343870163,0.02618989534676075,0.9354918003082275,0.05262549303006381
fried,RandomForest,36691,4077,0.1186546937115735,0.19358246671325435,0.015728281810879707,0.02472597360610962,0.9156242609024048,0.053310738992877305
fried,XGBoost,36691,4077,0.09929815728861405,0.16964430713492637,0.014846405014395714,0.027102328836917877,0.9335295557975769,0.05769254395272583
gina,CatBoost,2837,316,0.06471523244523664,0.12211957679702817,0.013793382793664932,0.03714844584465027,0.9620253443717957,0.011993382009677589
gina,ExtraTrees,2837,316,0.09384924287693612,0.1638548582898225,0.012388486415147781,0.030989371240139008,0.9430379867553711,0.014403452980332077
gina,LightGBM,2837,316,0.06677678566222767,0.1302567806474171,0.013771578669548035,0.030667409300804138,0.9588607549667358,0.013686168007552624
gina,LinearModel,2837,316,0.23477032157205002,0.38982864982305343,0.04860170930624008,0.07941490411758423,0.844936728477478,0.0104929159861058
gina,NeuralNetFastAI,2837,316,0.049775764368777654,0.11115562761502731,0.02250072918832302,0.04880979284644127,0.9683544039726257,0.009700638009235263
gina,NeuralNetTorch,2837,316,0.04690619026940956,0.10737715945124435,0.021517440676689148,0.04865619167685509,0.9778481125831604,0.012059403001330793
gina,RandomForest,2837,316,0.09144179849907068,0.15863128877979157,0.009855454787611961,0.03268546238541603,0.9398733973503113,0.014136489946395159
gina,XGBoost,2837,316,0.07185477868628741,0.1379895566615794,0.014005273580551147,0.030838487669825554,0.9588607549667358,0.00939790706615895
hill-valley,CatBoost,1090,122,0.47870635839122366,0.6714410281368789,0.05218127369880676,0.05968736112117767,0.5655737519264221,0.008024437935091555
hill-valley,ExtraTrees,1090,122,0.46601024749717174,0.6585029289773808,0.04046621918678284,0.0759010761976242,0.5901639461517334,0.007752425968647003
hill-valley,LightGBM,1090,122,0.45004602899905405,0.6411681179761883,0.0470871701836586,0.08036492764949799,0.5983606576919556,0.0076222800416871905
hill-valley,LinearModel,1090,122,0.13677352574768648,0.23653596453375483,0.04436187073588371,0.059522755444049835,0.9098360538482666,0.009330432047136128
hill-valley,NeuralNetFastAI,1090,122,0.2741529108505083,0.4187891240368724,0.13922330737113953,0.23542755842208862,0.8606557250022888,0.008173138019628823
hill-valley,NeuralNetTorch,1090,122,0.13237247489357395,0.22192566798749064,0.0493335947394371,0.07000907510519028,0.9016393423080444,0.008502962999045849
hill-valley,RandomForest,1090,122,0.4673269112661098,0.6598608145613046,0.05279693007469177,0.056867387145757675,0.631147563457489,0.007692179991863668
hill-valley,XGBoost,1090,122,0.47491678004759696,0.667548358538144,0.03537470102310181,0.04567260295152664,0.5901639461517334,0.007865029037930071
hiva_agnostic,CatBoost,3806,423,0.06083645719386885,0.13552491018798535,0.010630691424012184,0.014009764418005943,0.9645389914512634,0.011619723052717745
hiva_agnostic,ExtraTrees,3806,423,0.06691899573474593,0.14023425207969195,0.01235048845410347,0.01688324473798275,0.9598108530044556,0.017582823056727648
hiva_agnostic,LightGBM,3806,423,0.06255423612921139,0.1372254542132425,0.011077916249632835,0.01662577874958515,0.9645389914512634,0.01120910095050931
hiva_agnostic,LinearModel,3806,423,0.06056977151743534,0.13277181175585032,0.007117556873708963,0.010662412270903587,0.9669030904769897,0.010820596013218164
hiva_agnostic,NeuralNetFastAI,3806,423,0.05910088702868434,0.13399214785792382,0.008893213234841824,0.015524189919233322,0.9716312289237976,0.010239916038699448
hiva_agnostic,NeuralNetTorch,3806,423,0.061314711416974914,0.13685202653658324,0.00892649032175541,0.014100619591772556,0.9669030904769897,0.010816770023666322
hiva_agnostic,RandomForest,3806,423,0.06691479208845996,0.13998553950347845,0.012954486533999443,0.01843029446899891,0.9598108530044556,0.011271876050159335
hiva_agnostic,XGBoost,3806,423,0.057642141992057555,0.13054643815087272,0.012627863325178623,0.011896058917045593,0.9692671298980713,0.01004442002158612
houses,CatBoost,18576,2064,0.01737641262266682,0.03720130470940218,0.004795007407665253,0.008038275875151157,0.9903100728988647,0.028596939984709024
houses,ExtraTrees,18576,2064,0.01572289024841176,0.03034765398610331,0.0040119364857673645,0.008704328909516335,0.9898256063461304,0.028156928019598126
houses,LightGBM,18576,2064,0.01962011023653702,0.0390759757770873,0.006294901482760906,0.009700366295874119,0.9869186282157898,0.02928342402447015
houses,LinearModel,18576,2064,0.05187781806740278,0.1027197861429596,0.011856527999043465,0.01876576617360115,0.9685077667236328,0.030448821024037898
houses,NeuralNetFastAI,18576,2064,0.019161823720725914,0.03717771546360678,0.005759779829531908,0.010698063299059868,0.9864341020584106,0.045123042073100805
houses,NeuralNetTorch,18576,2064,0.019143304692345132,0.035268446651805875,0.004150073044002056,0.008837786503136158,0.9864341020584106,0.03275461995508522
houses,RandomForest,18576,2064,0.019089570925558744,0.037352549818377184,0.004818962421268225,0.007476622238755226,0.9883720874786377,0.029543561046011746
houses,XGBoost,18576,2064,0.018102407878981853,0.03787944388891657,0.004842306952923536,0.00878821313381195,0.9893410801887512,0.02804280596319586
ilpd,CatBoost,524,59,0.37667244947343803,0.5500633460332349,0.07165766507387161,0.10159499943256378,0.694915235042572,0.006752026965841651
ilpd,ExtraTrees,524,59,0.3616877978015438,0.527774857337208,0.05617658793926239,0.10536516457796097,0.7118644118309021,0.00691190198995173
ilpd,LightGBM,524,59,0.3720709378333233,0.5422134328174503,0.08378524333238602,0.18108806014060974,0.7118644118309021,0.007296325056813657
ilpd,LinearModel,524,59,0.4184175370840518,0.5959907189448687,0.09385178983211517,0.1599034070968628,0.6440678238868713,0.006603176007047296
ilpd,NeuralNetFastAI,524,59,0.3727797487335407,0.5316811487068347,0.07857044041156769,0.1578296422958374,0.6610169410705566,0.007001986028626561
ilpd,NeuralNetTorch,524,59,0.3881776134425646,0.562347245492839,0.0707574337720871,0.16202251613140106,0.6779661178588867,0.006787924910895526
ilpd,RandomForest,524,59,0.37114634710737826,0.5434549118460984,0.06488551944494247,0.13166536390781403,0.7118644118309021,0.007009643944911659
ilpd,XGBoost,524,59,0.382646384219575,0.5578014093158604,0.07876421511173248,0.11997056007385254,0.6779661178588867,0.008563222945667803
jasmine,CatBoost,2685,299,0.26891220826662615,0.41638862289728407,0.03925258666276932,0.07315146178007126,0.8193979859352112,0.010514821973629296
jasmine,ExtraTrees,2685,299,0.2743612757106008,0.41588815590622075,0.029006559401750565,0.05056142807006836,0.8093645572662354,0.010273554944433272
jasmine,LightGBM,2685,299,0.26300367577315203,0.40599291691673334,0.03246215358376503,0.056155573576688766,0.8127090334892273,0.010473618051037192
jasmine,LinearModel,2685,299,0.3032544519488511,0.4651745154144119,0.04915603995323181,0.08350164443254471,0.7792642116546631,0.00937949598301202
jasmine,NeuralNetFastAI,2685,299,0.2855664229694306,0.43834755790292074,0.036154985427856445,0.07933612912893295,0.8026756048202515,0.010279953945428133
jasmine,NeuralNetTorch,2685,299,0.2906260577315767,0.4423876509045695,0.04180452227592468,0.05899173393845558,0.7993311285972595,0.009008903987705708
jasmine,RandomForest,2685,299,0.26512959490186444,0.40260189871470775,0.04023164510726929,0.10289210826158524,0.7993311285972595,0.009564799023792148
jasmine,XGBoost,2685,299,0.2621229753316794,0.4055359217701613,0.03357021510601044,0.0544230155646801,0.8227424621582031,0.01033285807352513
jm1,CatBoost,9796,1089,0.26783047340716043,0.425732169673787,0.023760715499520302,0.04252017289400101,0.8145087361335754,0.021199587965384126
jm1,ExtraTrees,9796,1089,0.26389267449795967,0.4178951173730851,0.019914887845516205,0.041108325123786926,0.8246097564697266,0.03158473805524409
jm1,LightGBM,9796,1089,0.266590306150097,0.42443031224689654,0.021415676921606064,0.03565899282693863,0.8181818127632141,0.03030968492385
jm1,LinearModel,9796,1089,0.28086733920303075,0.4447175802101593,0.016116974875330925,0.028389116749167442,0.8071625232696533,0.03174837597180158
jm1,NeuralNetFastAI,9796,1089,0.26968000070121784,0.4322233016623574,0.021330159157514572,0.041830409318208694,0.8273645639419556,0.01953061600215733
jm1,NeuralNetTorch,9796,1089,0.27588578223026816,0.438091246466741,0.022625703364610672,0.03161953389644623,0.8154270052909851,0.020148542011156678
jm1,RandomForest,9796,1089,0.2641310167039832,0.41954991450116663,0.017516225576400757,0.03826543688774109,0.8209366202354431,0.02099752996582538
jm1,XGBoost,9796,1089,0.2669570946812202,0.4244636133754503,0.02348906174302101,0.037835996598005295,0.8191000819206238,0.02019870502408594
kc1,CatBoost,1898,211,0.1809060570592534,0.31084518572401026,0.023102743551135063,0.05562081187963486,0.8767772316932678,0.009724783012643456
kc1,ExtraTrees,1898,211,0.18150188239008969,0.3085708883817171,0.01736936718225479,0.0429086796939373,0.8767772316932678,0.01154513901565224
kc1,LightGBM,1898,211,0.1906093162878471,0.32198371475641974,0.020915640518069267,0.05244682729244232,0.8767772316932678,0.008784784004092216
kc1,LinearModel,1898,211,0.21820681979019912,0.35775885214158565,0.03770530968904495,0.08412537723779678,0.8530805706977844,0.008813083986751735
kc1,NeuralNetFastAI,1898,211,0.189069427153774,0.3188400555337844,0.028984462842345238,0.07053714245557785,0.8720378875732422,0.00793265295214951
kc1,NeuralNetTorch,1898,211,0.21631234079773382,0.351790430023518,0.03387070447206497,0.06036142632365227,0.8530805706977844,0.008145721047185361
kc1,RandomForest,1898,211,0.18341972665817183,0.31015947699898994,0.020617656409740448,0.04510671645402908,0.8862559199333191,0.008271722006611526
kc1,XGBoost,1898,211,0.2007617007340777,0.33622788142163207,0.02574341744184494,0.04192015156149864,0.8767772316932678,0.010875710053369403
kc2,CatBoost,469,53,0.26514152526151347,0.3995220078982345,0.09215246140956879,0.1565922349691391,0.7924528121948242,0.006206920952536166
kc2,ExtraTrees,469,53,0.2552970112339261,0.3833660522658067,0.06955172121524811,0.14117743074893951,0.7735849022865295,0.007907413993962109
kc2,LightGBM,469,53,0.24360489800312057,0.3675789643634556,0.09469009935855865,0.19233529269695282,0.7924528121948242,0.006346430047415197
kc2,LinearModel,469,53,0.26469168541038296,0.40557944853745725,0.09277749806642532,0.11801595985889435,0.7547169923782349,0.006475354079157114
kc2,NeuralNetFastAI,469,53,0.2681107823787005,0.39984200363942995,0.0834973007440567,0.15143448114395142,0.7735849022865295,0.006154060014523566
kc2,NeuralNetTorch,469,53,0.2711173190224513,0.4143162647451952,0.08464659750461578,0.13739296793937683,0.7735849022865295,0.0072923729894682765
kc2,RandomForest,469,53,0.25240884019657184,0.38269437444529436,0.08296474069356918,0.13940830528736115,0.7735849022865295,0.00545566703658551
kc2,XGBoost,469,53,0.2550180009275914,0.3901864197436553,0.0932123214006424,0.1537744104862213,0.7924528121948242,0.0063213290413841605
kdd_el_nino-small,CatBoost,703,79,0.11823622901342488,0.19621225356920072,0.03966984897851944,0.046034056693315506,0.9113923907279968,0.006964528001844883
kdd_el_nino-small,ExtraTrees,703,79,0.11591089311555375,0.19328237252288843,0.030240856111049652,0.06791887432336807,0.9367088675498962,0.006622990011237562
kdd_el_nino-small,LightGBM,703,79,0.11907620416233232,0.20193131219852176,0.0425955206155777,0.05354783684015274,0.9240506291389465,0.006750505999661982
kdd_el_nino-small,LinearModel,703,79,0.11117687028232652,0.18139749211292439,0.03615564852952957,0.0726882740855217,0.9113923907279968,0.006550161982886493
kdd_el_nino-small,NeuralNetFastAI,703,79,0.09782206797218669,0.1984326175139818,0.02137242630124092,0.03922379016876221,0.949367105960846,0.008743454935029149
kdd_el_nino-small,NeuralNetTorch,703,79,0.13143017831253948,0.2276881587060626,0.03976476937532425,0.06478516012430191,0.9113923907279968,0.008407037938013673
kdd_el_nino-small,RandomForest,703,79,0.10961881559879559,0.17558902188132486,0.029865063726902008,0.055201876908540726,0.9367088675498962,0.006797029986046255
kdd_el_nino-small,XGBoost,703,79,0.115996922152252,0.2116848747344011,0.036946240812540054,0.044644225388765335,0.9367088675498962,0.0068725390592589974
kdd_internet_usage,CatBoost,9097,1011,0.15706591512374407,0.26182336873142037,0.027033425867557526,0.04378054663538933,0.9000989198684692,0.017590663977898657
kdd_internet_usage,ExtraTrees,9097,1011,0.16686241320522102,0.26974349380096785,0.02745848149061203,0.04273274540901184,0.8872403502464294,0.016909157042391598
kdd_internet_usage,LightGBM,9097,1011,0.15795987476785678,0.2598639221047762,0.02800694853067398,0.04626897722482681,0.8941642045974731,0.025802413932979107
kdd_internet_usage,LinearModel,9097,1011,0.1744834368565317,0.2895559880376856,0.024192042648792267,0.04937756806612015,0.8793274164199829,0.01843468693550676
kdd_internet_usage,NeuralNetFastAI,9097,1011,0.15954335872098024,0.2598035455699489,0.030327457934617996,0.047068264335393906,0.8892185688018799,0.03375168202910572
kdd_internet_usage,NeuralNetTorch,9097,1011,0.1592977695798578,0.25880138004556147,0.02676139399409294,0.054749615490436554,0.8892185688018799,0.0182091579772532
kdd_internet_usage,RandomForest,9097,1011,0.1657761712414568,0.27188479623160855,0.027336377650499344,0.03969385474920273,0.8902077078819275,0.01677182293497026
kdd_internet_usage,XGBoost,9097,1011,0.156299115342926,0.25854229875892365,0.026152370497584343,0.044220130890607834,0.8981207013130188,0.018563190009444952
kick,CatBoost,65684,7299,0.16358604998174298,0.2904901615970499,0.014818575233221054,0.025106357410550117,0.903274416923523,0.0871683619916439
kick,ExtraTrees,65684,7299,0.17186241633986052,0.3030945292959312,0.014946832321584225,0.02458304539322853,0.8982052206993103,0.08832339802756906
kick,LightGBM,65684,7299,0.16577803627075444,0.29417387194266315,0.011621265672147274,0.023550214245915413,0.901219367980957,0.0851783319376409
kick,LinearModel,65684,7299,0.17191124310809228,0.30431742287742897,0.010333707556128502,0.019572654739022255,0.8975201845169067,0.07353389402851462
kick,NeuralNetFastAI,65684,7299,0.1656649490351916,0.29408280149818344,0.013124585151672363,0.024280663579702377,0.901219367980957,0.07991847407538444
kick,NeuralNetTorch,65684,7299,0.1654016063692697,0.2946165248770398,0.012801345437765121,0.02061430551111698,0.9028633832931519,0.13616533298045397
kick,RandomForest,65684,7299,0.16903356410918485,0.2977376825529338,0.011354833841323853,0.02347998507320881,0.8982052206993103,0.07821495807729661
kick,XGBoost,65684,7299,0.16364712861617775,0.29060540424847114,0.0131598562002182,0.02411622367799282,0.903274416923523,0.09574079199228436
kin8nm,CatBoost,7372,820,0.1527271192484465,0.25529768485468535,0.02825036272406578,0.04773881286382675,0.8939024209976196,0.016181734041310847
kin8nm,ExtraTrees,7372,820,0.21548548216766347,0.3411600059436702,0.024676743894815445,0.04911161959171295,0.8500000238418579,0.01814198202919215
kin8nm,LightGBM,7372,820,0.16050530811075622,0.26615182665585935,0.026900388300418854,0.04731510952115059,0.8902438879013062,0.01664046896621585
kin8nm,LinearModel,7372,820,0.3580605191501219,0.5348094559960247,0.02811412513256073,0.045948367565870285,0.7292683124542236,0.01636795501690358
kin8nm,NeuralNetFastAI,7372,820,0.13789721862495155,0.2297186844328143,0.024776726961135864,0.044254906475543976,0.9036585092544556,0.015928898938000202
kin8nm,NeuralNetTorch,7372,820,0.13314592916374088,0.2177367816088846,0.02169625088572502,0.03537135198712349,0.9121951460838318,0.014729807036928833
kin8nm,RandomForest,7372,820,0.21462865506133422,0.33949719093021563,0.022885583341121674,0.045692913234233856,0.8487805128097534,0.017418515984900296
kin8nm,XGBoost,7372,820,0.18137045199052482,0.30530257756968443,0.029178977012634277,0.054855842143297195,0.8804877996444702,0.017628532950766385
madeline,CatBoost,2826,314,0.19647861388182294,0.3305098440678274,0.022573567926883698,0.05574873834848404,0.8694267272949219,0.009637680021114647
madeline,ExtraTrees,2826,314,0.22105976358544613,0.3631259874600588,0.02353449910879135,0.04233976826071739,0.843949019908905,0.010330746066756546
madeline,LightGBM,2826,314,0.21381614433677393,0.3561262557686755,0.023760616779327393,0.05510127544403076,0.8662420511245728,0.009530068025924265
madeline,LinearModel,2826,314,0.4830342805967705,0.6758640581563684,0.024448230862617493,0.0385819710791111,0.5891719460487366,0.009878432028926909
madeline,NeuralNetFastAI,2826,314,0.3804778047279673,0.5643782220050769,0.045149534940719604,0.08431185781955719,0.7197452187538147,0.010702049941755831
madeline,NeuralNetTorch,2826,314,0.35223354927382666,0.5319335520282459,0.04474027454853058,0.06990733742713928,0.7547770738601685,0.009842450963333249
madeline,RandomForest,2826,314,0.2313483667769431,0.38314243289796335,0.024138392880558968,0.04041292890906334,0.8535031676292419,0.010577298933640122
madeline,XGBoost,2826,314,0.21828107106557934,0.36295282864552264,0.025238245725631714,0.05278303474187851,0.8662420511245728,0.013026537955738604
madelon,CatBoost,2340,260,0.19091652618242447,0.3214086270186415,0.02869672328233719,0.057703182101249695,0.8692307472229004,0.010785114020109177
madelon,ExtraTrees,2340,260,0.20965794408712246,0.34894590707118633,0.028419682756066322,0.06285461038351059,0.8653846383094788,0.009710943093523383
madelon,LightGBM,2340,260,0.18453405993737051,0.3195117230634322,0.03461429476737976,0.08128353953361511,0.8807692527770996,0.009724211995489895
madelon,LinearModel,2340,260,0.486518399492011,0.6796053052125679,0.034184422343969345,0.03795916959643364,0.5884615182876587,0.012699289945885539
madelon,NeuralNetFastAI,2340,260,0.3899969288096059,0.5775525619801095,0.0635513886809349,0.11544857919216156,0.7346153855323792,0.009555868920870125
madelon,NeuralNetTorch,2340,260,0.4145935824804268,0.6047642574627983,0.051444366574287415,0.08714304864406586,0.6807692050933838,0.012914784951135516
madelon,RandomForest,2340,260,0.21499425210595882,0.3565446064462046,0.025766022503376007,0.08688811957836151,0.8538461327552795,0.010142993996851146
madelon,XGBoost,2340,260,0.19424475587379555,0.32987270661029094,0.020783841609954834,0.052310917526483536,0.8769230842590332,0.009942864999175072
mammography,CatBoost,10064,1119,0.022033738375351955,0.05452312938362606,0.006682493723928928,0.004670890513807535,0.9883824586868286,0.02950121706817299
mammography,ExtraTrees,10064,1119,0.02565863328274641,0.05933687768889711,0.0061614299193024635,0.006729349493980408,0.9865951538085938,0.016114530037157238
mammography,LightGBM,10064,1119,0.022952617884366415,0.055275473751741085,0.007830262184143066,0.006315127480775118,0.9874888062477112,0.028246520087122917
mammography,LinearModel,10064,1119,0.033052450660621235,0.07300612185261846,0.00458130007609725,0.007783990353345871,0.9803395867347717,0.019855793099850416
mammography,NeuralNetFastAI,10064,1119,0.02532661184833413,0.059843055633514455,0.007518185302615166,0.0075990897603333,0.9839141964912415,0.03189287299755961
mammography,NeuralNetTorch,10064,1119,0.0255538331764986,0.059861614640382844,0.007276222109794617,0.00697273388504982,0.9857015013694763,0.015462082927115262
mammography,RandomForest,10064,1119,0.02630740395551066,0.06004633134263947,0.006371662020683289,0.005892845802009106,0.9857015013694763,0.03295472695026547
mammography,XGBoost,10064,1119,0.022255004176514683,0.05446299902113443,0.007153451442718506,0.00415475619956851,0.9883824586868286,0.018631387036293745
mc1,CatBoost,8519,947,0.010334392337255437,0.027814579070690414,0.003646144177764654,0.001139469793997705,0.9947201609611511,0.01745281694456935
mc1,ExtraTrees,8519,947,0.008982602460021687,0.0276608044349982,0.002905159257352352,0.004792293533682823,0.9936642050743103,0.015519950073212385
mc1,LightGBM,8519,947,0.007357725401197282,0.020890438387162293,0.0038492183666676283,0.0040453155525028706,0.9947201609611511,0.016553873079828918
mc1,LinearModel,8519,947,0.010415464954516965,0.03066846838859459,0.0037547850515693426,0.001649915357120335,0.9947201609611511,0.015926220105029643
mc1,NeuralNetFastAI,8519,947,0.010438378992576658,0.0304853385649867,0.003496982157230377,0.0015263744862750173,0.9947201609611511,0.02346625691279769
mc1,NeuralNetTorch,8519,947,0.01101677205936129,0.030464799926387134,0.0038546142168343067,0.002764892065897584,0.9926082491874695,0.023019970045424998
mc1,RandomForest,8519,947,0.010864439482174634,0.030743136087664782,0.003810752648860216,0.0023102080449461937,0.9947201609611511,0.015636736061424017
mc1,XGBoost,8519,947,0.009501612545647709,0.023576755970821643,0.003706541145220399,0.00438475888222456,0.9947201609611511,0.01773741201031953
meta,CatBoost,475,53,0.08951086441484218,0.15573591035913564,0.04798893630504608,0.09668950736522675,0.9433962106704712,0.006747976993210614
meta,ExtraTrees,475,53,0.12843567076110865,0.219752736904251,0.06207148730754852,0.11879699677228928,0.8867924809455872,0.006799052003771067
meta,LightGBM,475,53,0.1028692329239457,0.17989336313266013,0.05601663142442703,0.11022288352251053,0.9433962106704712,0.006383138010278344
meta,LinearModel,475,53,0.08663798401255315,0.15688253391095203,0.048563022166490555,0.08883684873580933,0.9433962106704712,0.00895522499922663
meta,NeuralNetFastAI,475,53,0.10663995370041805,0.18128541993555036,0.05493054911494255,0.11588796228170395,0.9245283007621765,0.006646877969615161
meta,NeuralNetTorch,475,53,0.07503089042475874,0.13161899927495213,0.04928653687238693,0.07474928349256516,0.9622641801834106,0.007939561968669295
meta,RandomForest,475,53,0.10986920086908734,0.19379424243194832,0.06739038228988647,0.14506827294826508,0.8867924809455872,0.00814035499934107
meta,XGBoost,475,53,0.0854569965028049,0.16333480164192224,0.05363418161869049,0.08795494586229324,0.9433962106704712,0.007066091988235712
mozilla4,CatBoost,13990,1555,0.07118619820605286,0.13353767746977044,0.011559197679162025,0.02172955870628357,0.9562700986862183,0.025178920943289995
mozilla4,ExtraTrees,13990,1555,0.07149396675986645,0.13060740078926858,0.010136457160115242,0.017592402175068855,0.9536977410316467,0.02632401091977954
mozilla4,LightGBM,13990,1555,0.0702165116013669,0.13055231339725018,0.012843210250139236,0.030662095174193382,0.9549839496612549,0.03678389801643789
mozilla4,LinearModel,13990,1555,0.11983603842071629,0.21409063263358108,0.01909480057656765,0.03190183266997337,0.927974283695221,0.04729220096487552
mozilla4,NeuralNetFastAI,13990,1555,0.1177057886664689,0.21559779129074474,0.015140362083911896,0.02798895537853241,0.9273312091827393,0.022183366934768856
mozilla4,NeuralNetTorch,13990,1555,0.09353225211509503,0.16814304105831923,0.0154489204287529,0.032828327268362045,0.9395498633384705,0.023849918972700834
mozilla4,RandomForest,13990,1555,0.07202448689695569,0.1277829077954806,0.011187317781150341,0.026080669835209846,0.9524115920066833,0.022960814065299928
mozilla4,XGBoost,13990,1555,0.07097098415857471,0.13021956517382502,0.011681441217660904,0.027533385902643204,0.953054666519165,0.02826479694340378
no2,CatBoost,450,50,0.4401241409054834,0.6274569088958423,0.07144588232040405,0.143293097615242,0.6000000238418579,0.006752646993845701
no2,ExtraTrees,450,50,0.4343367621075646,0.6211563026012646,0.08377190679311752,0.20926715433597565,0.6399999856948853,0.006619961000978947
no2,LightGBM,450,50,0.4303452652453785,0.6177444865528243,0.052215903997421265,0.11678162962198257,0.6399999856948853,0.007121993927285075
no2,LinearModel,450,50,0.479278331603414,0.6717480273727583,0.13284027576446533,0.1808122992515564,0.5,0.00678148795850575
no2,NeuralNetFastAI,450,50,0.4299981053023417,0.6179644250806067,0.07490834593772888,0.1537531465291977,0.6399999856948853,0.007146624964661896
no2,NeuralNetTorch,450,50,0.4416056593618506,0.6325180546322717,0.05254151672124863,0.13752077519893646,0.6600000262260437,0.006568987970240414
no2,RandomForest,450,50,0.43072563411732473,0.6166810151223784,0.07119755446910858,0.2207917869091034,0.6000000238418579,0.0069143479922786355
no2,XGBoost,450,50,0.42754821284117983,0.6140885380473974,0.04803945869207382,0.09238194674253464,0.6000000238418579,0.006847437005490065
nomao,CatBoost,31018,3447,0.04077002808601742,0.08293013009863659,0.008352268487215042,0.009583375416696072,0.9762111902236938,0.04401645506732166
nomao,ExtraTrees,31018,3447,0.05140108430966838,0.09714080077385406,0.008291147649288177,0.011550171300768852,0.9669277667999268,0.060471369070000947
nomao,LightGBM,31018,3447,0.040692293836896244,0.08334915579306482,0.00899133738130331,0.009106968529522419,0.9756309986114502,0.047624498954974115
nomao,LinearModel,31018,3447,0.07774329435777318,0.14129413971515403,0.013488588854670525,0.01642746478319168,0.9492312073707581,0.05034548998810351
nomao,NeuralNetFastAI,31018,3447,0.054503864003296404,0.10740569054944257,0.010609349235892296,0.010425735265016556,0.967798113822937,0.04415513598360121
nomao,NeuralNetTorch,31018,3447,0.05545535801553179,0.10760127591588149,0.01079082116484642,0.010253528133034706,0.9654772281646729,0.05092833295930177
nomao,RandomForest,31018,3447,0.04793542956714597,0.0912054032198634,0.007339822128415108,0.00881697703152895,0.9706991314888,0.039695221930742264
nomao,XGBoost,31018,3447,0.04018452417539523,0.08265379857487375,0.00835413672029972,0.007657946087419987,0.9756309986114502,0.047207127092406154
numerai28_6,CatBoost,86688,9632,0.49910494160637364,0.6922516584607936,0.00789158046245575,0.002638469683006406,0.5151578187942505,0.12234926398377866
numerai28_6,ExtraTrees,86688,9632,0.4990281790149861,0.6921733183738674,0.004990741610527039,0.004865080118179321,0.5165074467658997,0.11918144102673978
numerai28_6,LightGBM,86688,9632,0.49907792934146794,0.6922224036602523,0.008030012249946594,0.0027614939026534557,0.5125622749328613,0.09250316000543535
numerai28_6,LinearModel,86688,9632,0.49908336106517925,0.6922296634072144,0.005463127046823502,0.0010226811282336712,0.5194144248962402,0.09879336692392826
numerai28_6,NeuralNetFastAI,86688,9632,0.4988939964466929,0.6920408439541684,0.005539596080780029,0.000972393318079412,0.5204526782035828,0.11381016205996275
numerai28_6,NeuralNetTorch,86688,9632,0.49878656205114164,0.691932517617826,0.004423901438713074,0.002251771278679371,0.523982584476471,0.10166332894004881
numerai28_6,RandomForest,86688,9632,0.49922478746171634,0.6923701605994439,0.007167331874370575,0.002615814795717597,0.5127699375152588,0.11778461607173085
numerai28_6,XGBoost,86688,9632,0.4991428222967713,0.6922896336775811,0.007567748427391052,0.004151053261011839,0.5136004686355591,0.12330756697338074
ozone-level-8hr,CatBoost,2280,254,0.09859255816473303,0.18045030788954478,0.02286277711391449,0.06280010938644409,0.9370078444480896,0.009608843014575541
ozone-level-8hr,ExtraTrees,2280,254,0.08540570537841724,0.15047615762043257,0.021680958569049835,0.027662400156259537,0.9448819160461426,0.008516098954714835
ozone-level-8hr,LightGBM,2280,254,0.09395297934440985,0.165532183381242,0.02476334571838379,0.05163091421127319,0.9291338324546814,0.00930435094051063
ozone-level-8hr,LinearModel,2280,254,0.08212751000649918,0.14291353396888667,0.022810019552707672,0.059478141367435455,0.9409449100494385,0.008632512064650655
ozone-level-8hr,NeuralNetFastAI,2280,254,0.08173299905006248,0.14572355670351905,0.01861172914505005,0.04146553575992584,0.9448819160461426,0.00867974094580859
ozone-level-8hr,NeuralNetTorch,2280,254,0.07685790835077005,0.14002751026750274,0.018930727615952492,0.04598556458950043,0.9409449100494385,0.007968106074258685
ozone-level-8hr,RandomForest,2280,254,0.08633462124707456,0.1495971092596215,0.021486029028892517,0.04244624823331833,0.9448819160461426,0.009162838920019567
ozone-level-8hr,XGBoost,2280,254,0.09752947076795078,0.17592757035324671,0.0245599914342165,0.06420077383518219,0.9370078444480896,0.011223637964576483
parity5_plus_5,CatBoost,1011,113,7.780299095440768e-06,0.001972469180339963,0.0009885973995551467,0.00197052164003253,1.0,0.008075678022578359
parity5_plus_5,ExtraTrees,1011,113,0.04846493323578198,0.0841912892601956,0.019603360444307327,0.04857274889945984,0.9646017551422119,0.007368994993157685
parity5_plus_5,LightGBM,1011,113,8.14128137307862e-06,0.0019453744854695382,0.0010115017648786306,0.0019433357520028949,1.0,0.007159919012337923
parity5_plus_5,LinearModel,1011,113,0.4850285709584614,0.6780587350632341,0.03836798667907715,0.04588158056139946,0.5663716793060303,0.0072800369234755635
parity5_plus_5,NeuralNetFastAI,1011,113,7.759444347216802e-06,0.001971522418198957,0.000985658261924982,0.0019695800729095936,1.0,0.007534999982453883
parity5_plus_5,NeuralNetTorch,1011,113,7.677863809775456e-06,0.0019588510958179067,0.000978859607130289,0.0019569292198866606,1.0,0.007311036926694214
parity5_plus_5,RandomForest,1011,113,0.05718728823751124,0.0991749504767672,0.023726996034383774,0.0409737192094326,0.9557521939277649,0.007711944985203445
parity5_plus_5,XGBoost,1011,113,6.1587191668254745e-06,0.0014438057669352079,0.0008147236076183617,0.0014422622043639421,1.0,0.007441623951308429
pbcseq,CatBoost,1750,195,0.18133158842908878,0.31757402037938404,0.027285095304250717,0.0461466945707798,0.8820512890815735,0.008097368059679866
pbcseq,ExtraTrees,1750,195,0.2331372527998471,0.37991909449445715,0.027267035096883774,0.0595373660326004,0.8410256505012512,0.008546847035177052
pbcseq,LightGBM,1750,195,0.19077759253406992,0.3280810602469565,0.025210782885551453,0.06872017681598663,0.8871794939041138,0.009630669956095517
pbcseq,LinearModel,1750,195,0.3996453870214174,0.5815531841027418,0.04903362691402435,0.0977017804980278,0.6666666865348816,0.010402005049400032
pbcseq,NeuralNetFastAI,1750,195,0.28995755890277547,0.4539966667846813,0.03070494346320629,0.06710032373666763,0.7897436022758484,0.011145779048092663
pbcseq,NeuralNetTorch,1750,195,0.2820231511141303,0.4500504156201417,0.04459396004676819,0.09272915869951248,0.8051282167434692,0.00847752601839602
pbcseq,RandomForest,1750,195,0.23407778788807537,0.3888250576105939,0.04474662244319916,0.09807568043470383,0.8717948794364929,0.008619970991276205
pbcseq,XGBoost,1750,195,0.1786419624581262,0.3166912614411242,0.03401908650994301,0.06488189846277237,0.892307698726654,0.008446555002592504
pc1,CatBoost,998,111,0.07886167315351815,0.16598177141256962,0.02190292999148369,0.02594118006527424,0.954954981803894,0.007244725013151765
pc1,ExtraTrees,998,111,0.07805005914009708,0.16029362722072701,0.016470598056912422,0.01824716106057167,0.954954981803894,0.006814644089899957
pc1,LightGBM,998,111,0.0784681572116477,0.16793228112912842,0.01800861395895481,0.015539930202066898,0.954954981803894,0.007203085930086672
pc1,LinearModel,998,111,0.10044387901828242,0.20118184491626928,0.02903352491557598,0.026074932888150215,0.9459459185600281,0.007650427985936403
pc1,NeuralNetFastAI,998,111,0.08865617353518299,0.18582071385631455,0.03369048237800598,0.022602852433919907,0.954954981803894,0.007296405965462327
pc1,NeuralNetTorch,998,111,0.09297816575188088,0.17241537524510966,0.027645234018564224,0.02288404107093811,0.9459459185600281,0.007145524024963379
pc1,RandomForest,998,111,0.07986201460397561,0.16242328287052957,0.020400792360305786,0.04049580171704292,0.954954981803894,0.007891830988228321
pc1,XGBoost,998,111,0.08552564687027571,0.17111542068746466,0.02461335062980652,0.02881627529859543,0.954954981803894,0.007096379064023495
pc2,CatBoost,5030,559,0.0070959085395679395,0.022173575650035086,0.0039777373895049095,0.0004777782305609435,0.9964221715927124,0.01744250301271677
pc2,ExtraTrees,5030,559,0.006911372884553283,0.017332825520917885,0.003193322801962495,0.0002496308006811887,0.9964221715927124,0.013830011012032628
pc2,LightGBM,5030,559,0.006880732062916842,0.01741048477981562,0.0035449762362986803,0.00020451999444048852,0.9964221715927124,0.013125900994054973
pc2,LinearModel,5030,559,0.007076616987856138,0.021411535960278224,0.0038799168542027473,0.00046929242671467364,0.9964221715927124,0.018326012999750674
pc2,NeuralNetFastAI,5030,559,0.007095150015985684,0.02185249322412038,0.003555926028639078,5.0563972763484344e-05,0.9964221715927124,0.01776525005698204
pc2,NeuralNetTorch,5030,559,0.00709156625902932,0.021796911436805212,0.003731271717697382,0.0002709598047658801,0.9964221715927124,0.012805855018086731
pc2,RandomForest,5030,559,0.00700603481233262,0.018678158622297727,0.0034635644406080246,0.00023908271396066993,0.9964221715927124,0.012311903992667794
pc2,XGBoost,5030,559,0.0068888687952165075,0.018814518772014385,0.0038561124820262194,0.0004170325119048357,0.9964221715927124,0.01395620801486075
pc3,CatBoost,1406,157,0.18148185130770633,0.3059097471015279,0.04840750992298126,0.07760630548000336,0.8789808750152588,0.0081877950578928
pc3,ExtraTrees,1406,157,0.17129617932220212,0.2788368436639177,0.04289361089468002,0.08365726470947266,0.8853503465652466,0.008357669925317168
pc3,LightGBM,1406,157,0.18068021163122736,0.3045926799660532,0.0389154814183712,0.07048963010311127,0.8853503465652466,0.008145625935867429
pc3,LinearModel,1406,157,0.194258900232521,0.3341583275684957,0.03468930721282959,0.05988501012325287,0.8853503465652466,0.008550365921109915
pc3,NeuralNetFastAI,1406,157,0.18164536461312147,0.3077442593508448,0.04363086074590683,0.07283185422420502,0.8980891704559326,0.008476214949041605
pc3,NeuralNetTorch,1406,157,0.17726427780930004,0.30555461330193434,0.04209326207637787,0.05828389152884483,0.9044585824012756,0.00787729094736278
pc3,RandomForest,1406,157,0.17636082703500522,0.2890531198674962,0.034470658749341965,0.07359448075294495,0.8726114630699158,0.008478070027194917
pc3,XGBoost,1406,157,0.19018939142485522,0.31403979287204326,0.04302413761615753,0.0795063003897667,0.8789808750152588,0.00823783699888736
pc4,CatBoost,1312,146,0.12133144397333077,0.20320257830508806,0.024312473833560944,0.05751312896609306,0.9041095972061157,0.011677861912176013
pc4,ExtraTrees,1312,146,0.13276150434723508,0.21124319580384535,0.026556499302387238,0.057859186083078384,0.8972602486610413,0.008132296963594854
pc4,LightGBM,1312,146,0.12550700117197072,0.21215414390446025,0.02343243733048439,0.08093623071908951,0.9109588861465454,0.008189056999981403
pc4,LinearModel,1312,146,0.1176333855136223,0.19970776048448394,0.03530391305685043,0.07133030891418457,0.9246575236320496,0.0068219039821997285
pc4,NeuralNetFastAI,1312,146,0.11586750734727945,0.2053429908617395,0.01957695558667183,0.06621697545051575,0.931506872177124,0.008410144946537912
pc4,NeuralNetTorch,1312,146,0.13785477115099976,0.22200209849735308,0.03843788430094719,0.04921482503414154,0.9041095972061157,0.008678050013259053
pc4,RandomForest,1312,146,0.1268771197676562,0.20408099070893276,0.02875533327460289,0.060063693672418594,0.9041095972061157,0.008069433039054275
pc4,XGBoost,1312,146,0.12963343986566112,0.22210725534727224,0.025692272931337357,0.05318031087517738,0.9178082346916199,0.008104710024781525
philippine,CatBoost,5248,584,0.32272013258110593,0.4897903317499315,0.025801418349146843,0.06290383636951447,0.7705479264259338,0.01775879703927785
philippine,ExtraTrees,5248,584,0.31753541309890027,0.4794752139238033,0.02370339445769787,0.050314728170633316,0.7636986374855042,0.013249296927824616
philippine,LightGBM,5248,584,0.30463283667517627,0.46577338343867464,0.023516476154327393,0.04508444294333458,0.7739726305007935,0.012607538956217468
philippine,LinearModel,5248,584,0.37108445121431843,0.5534812940147608,0.017761461436748505,0.06600188463926315,0.7226027250289917,0.020672012004069984
philippine,NeuralNetFastAI,5248,584,0.3675809703990327,0.5452565443538641,0.026958614587783813,0.0691874548792839,0.7363013625144958,0.020966415060684085
philippine,NeuralNetTorch,5248,584,0.36194001534819203,0.5421151371766251,0.026533907279372215,0.04608485847711563,0.732876718044281,0.01398125197738409
philippine,RandomForest,5248,584,0.3238469455616532,0.48970943899058544,0.01985584944486618,0.05315924808382988,0.7619863152503967,0.015320876962505281
philippine,XGBoost,5248,584,0.30409291340515443,0.46574457501311495,0.027220891788601875,0.049960266798734665,0.7808219194412231,0.020571152912452817
phoneme,CatBoost,4863,541,0.14144502386888252,0.23791748712875344,0.0200001560151577,0.051443107426166534,0.902033269405365,0.013816092978231609
phoneme,ExtraTrees,4863,541,0.12491850632548541,0.2056737128988313,0.014816667884588242,0.028446119278669357,0.905730128288269,0.013495931052602828
phoneme,LightGBM,4863,541,0.136068086519269,0.23274903782987344,0.015522257424890995,0.04341098293662071,0.9075785875320435,0.012486492982134223
phoneme,LinearModel,4863,541,0.3325335315852364,0.4989620716979554,0.046850718557834625,0.08963941037654877,0.7486136555671692,0.011402698000892997
phoneme,NeuralNetFastAI,4863,541,0.15854740717060833,0.26353440027040015,0.01473268959671259,0.034875571727752686,0.8872458338737488,0.014208088046871126
phoneme,NeuralNetTorch,4863,541,0.13998915461343678,0.2438654030807448,0.016743909567594528,0.04860786721110344,0.9094269871711731,0.012950783013366163
phoneme,RandomForest,4863,541,0.13372334632863309,0.22385605867738761,0.01680774614214897,0.04002855345606804,0.905730128288269,0.012965811998583376
phoneme,XGBoost,4863,541,0.13225338462525996,0.22813974520887834,0.018803074955940247,0.06254889070987701,0.9112753868103027,0.017492183949798346
pm10,CatBoost,450,50,0.42906123464503,0.6209244629786871,0.09103257209062576,0.17120465636253357,0.7599999904632568,0.006896249018609524
pm10,ExtraTrees,450,50,0.44852220040384916,0.6406780122657354,0.08501206338405609,0.13054490089416504,0.6399999856948853,0.008608274976722896
pm10,LightGBM,450,50,0.42705385882896096,0.6190268412277362,0.09298768639564514,0.14171971380710602,0.6800000071525574,0.006707449094392359
pm10,LinearModel,450,50,0.4992128265914648,0.6923585568665814,0.0807749330997467,0.013163382187485695,0.47999998927116394,0.006611485034227371
pm10,NeuralNetFastAI,450,50,0.5026675344413798,0.6954983097657644,0.06392449140548706,0.08569648861885071,0.5,0.008941321051679552
pm10,NeuralNetTorch,450,50,0.49746643725655737,0.6900197959606424,0.07370896637439728,0.11130879819393158,0.5400000214576721,0.0070439319824799895
pm10,RandomForest,450,50,0.4256880543468013,0.6178992634293984,0.07986995577812195,0.14922618865966797,0.7200000286102295,0.006327043054625392
pm10,XGBoost,450,50,0.4462754486212743,0.6389469956100907,0.08986269682645798,0.12836937606334686,0.6600000262260437,0.00687390798702836
pollen,CatBoost,3463,385,0.4997936648334768,0.6929394595732201,0.03534922003746033,0.00595360342413187,0.4987013041973114,0.011643190984614193
pollen,ExtraTrees,3463,385,0.500105053345702,0.6932522480371774,0.029554560780525208,0.0014239038573578,0.5272727012634277,0.009805285022594035
pollen,LightGBM,3463,385,0.5011099417569762,0.6942628109175997,0.03456112742424011,0.002496445784345269,0.5350649356842041,0.011089536012150347
pollen,LinearModel,3463,385,0.4997316757433417,0.6928787791571037,0.02934309095144272,0.0016374336555600166,0.5064935088157654,0.012269239057786763
pollen,NeuralNetFastAI,3463,385,0.4996365365269413,0.6927903561843072,0.03822559863328934,0.006888553500175476,0.5376623272895813,0.009989636018872261
pollen,NeuralNetTorch,3463,385,0.49989754490915306,0.6930451458461339,0.017934728413820267,0.004556615371257067,0.5090909004211426,0.010582461021840572
pollen,RandomForest,3463,385,0.49984061174174915,0.6929877821896044,0.03194397687911987,0.0014326277887448668,0.4987013041973114,0.01354602596256882
pollen,XGBoost,3463,385,0.5008369113637686,0.6939843200695867,0.029151353985071182,0.0065504563972353935,0.4909090995788574,0.010641569970175624
puma32H,CatBoost,7372,820,0.13855912395878728,0.23476028169119204,0.02220272459089756,0.05337328836321831,0.9060975313186646,0.022048001061193645
puma32H,ExtraTrees,7372,820,0.14490348596816263,0.23437774499765437,0.014044709503650665,0.03701745346188545,0.8963414430618286,0.023015098995529115
puma32H,LightGBM,7372,820,0.14974300775647723,0.24796765158229264,0.019112195819616318,0.06133377552032471,0.8914633989334106,0.013519922969862819
puma32H,LinearModel,7372,820,0.46734262350545674,0.6604055602802136,0.028314843773841858,0.0502956248819828,0.6390243768692017,0.015669898013584316
puma32H,NeuralNetFastAI,7372,820,0.10620799855665992,0.1845284185325911,0.011529029347002506,0.02879897691309452,0.9268292784690857,0.015052661066874862
puma32H,NeuralNetTorch,7372,820,0.1070629485645623,0.185554550484002,0.009942106902599335,0.022986695170402527,0.9231707453727722,0.014991740928962827
puma32H,RandomForest,7372,820,0.15361872831937973,0.25279072950846676,0.016065165400505066,0.03947365656495094,0.8878048658370972,0.01661724003497511
puma32H,XGBoost,7372,820,0.1471379000787868,0.24766141772726857,0.01705983281135559,0.06022047623991966,0.8951219320297241,0.022334825014695525
puma8NH,CatBoost,7372,820,0.23368049000014876,0.37360613760155453,0.026479799300432205,0.04749717190861702,0.8402438759803772,0.014487672946415842
puma8NH,ExtraTrees,7372,820,0.22793868944813933,0.3647559015716964,0.021468348801136017,0.05429494380950928,0.8414633870124817,0.017350923037156463
puma8NH,LightGBM,7372,820,0.23371987117080686,0.37590429951719595,0.022074298933148384,0.0452762246131897,0.8414633870124817,0.01677278010174632
puma8NH,LinearModel,7372,820,0.28172118172666943,0.4638558082135284,0.04721355438232422,0.09493375569581985,0.8256097435951233,0.016463704989291728
puma8NH,NeuralNetFastAI,7372,820,0.2302063032237766,0.3684719373748139,0.024023454636335373,0.06795819103717804,0.8390243649482727,0.01679409691132605
puma8NH,NeuralNetTorch,7372,820,0.22829698997240186,0.3648482831372182,0.022178765386343002,0.06706959009170532,0.8414633870124817,0.017848240910097957
puma8NH,RandomForest,7372,820,0.22850898932122263,0.3662779300355668,0.022989189252257347,0.055798739194869995,0.8414633870124817,0.01687079994007945
puma8NH,XGBoost,7372,820,0.2335846938199056,0.3750711209839437,0.027278363704681396,0.05945560336112976,0.8426828980445862,0.016770455054938793
qsar-biodeg,CatBoost,949,106,0.1789691167263292,0.2998676429169858,0.025621801614761353,0.0796455517411232,0.8773584961891174,0.00760598003398627
qsar-biodeg,ExtraTrees,949,106,0.18064584975660852,0.29588207081648615,0.030998926609754562,0.07611775398254395,0.8773584961891174,0.008100521052256227
qsar-biodeg,LightGBM,949,106,0.16840911219030888,0.2855496971843559,0.01902942731976509,0.08339551091194153,0.8962264060974121,0.007519938983023167
qsar-biodeg,LinearModel,949,106,0.18348841959747192,0.30040005234614614,0.037167299538850784,0.11865032464265823,0.8679245114326477,0.009541049017570913
qsar-biodeg,NeuralNetFastAI,949,106,0.17211279420595801,0.2794541531371416,0.03256843984127045,0.1042051613330841,0.8773584961891174,0.007020961958914995
qsar-biodeg,NeuralNetTorch,949,106,0.18000666027836104,0.3016628923648559,0.032860830426216125,0.04784989356994629,0.8773584961891174,0.007653184933587909
qsar-biodeg,RandomForest,949,106,0.1686394018258118,0.28105165510039004,0.02694016322493553,0.09378471970558167,0.8773584961891174,0.008276144973933697
qsar-biodeg,XGBoost,949,106,0.17264047953250672,0.296196025233757,0.021695438772439957,0.08443811535835266,0.8867924809455872,0.009963875054381788
ringnorm,CatBoost,6660,740,0.03149179198153238,0.07007659818914115,0.0072999270632863045,0.014595124870538712,0.9810810685157776,0.016252420959062874
ringnorm,ExtraTrees,6660,740,0.033693728117248106,0.06034376100201048,0.00481632724404335,0.015354640781879425,0.9783783555030823,0.020803382038138807
ringnorm,LightGBM,6660,740,0.031170119409185643,0.06949226224692034,0.006013150326907635,0.00873196218162775,0.9824324250221252,0.014839098090305924
ringnorm,LinearModel,6660,740,0.32303958804359967,0.4938929711531067,0.04629980027675629,0.0889817625284195,0.7770270109176636,0.01614779990632087
ringnorm,NeuralNetFastAI,6660,740,0.03722197096530157,0.0776478146352615,0.007314084097743034,0.010341772809624672,0.9797297120094299,0.02145952603314072
ringnorm,NeuralNetTorch,6660,740,0.03260995711763925,0.06194333592584613,0.006221267860382795,0.010651620104908943,0.9797297120094299,0.014582165982574224
ringnorm,RandomForest,6660,740,0.0590279852291728,0.10819747187792261,0.012736542150378227,0.0245958361774683,0.9648648500442505,0.02086803107522428
ringnorm,XGBoost,6660,740,0.03511361400612248,0.07628694660735368,0.007515135686844587,0.014629710465669632,0.9770269989967346,0.015005610068328679
rmftsa_ladata,CatBoost,457,51,0.14009565202280289,0.24989032903354344,0.04506818950176239,0.09576310962438583,0.9215686321258545,0.006812007981352508
rmftsa_ladata,ExtraTrees,457,51,0.13138612106145683,0.22263443013368828,0.04602919518947601,0.11460291594266891,0.9215686321258545,0.008248858037404716
rmftsa_ladata,LightGBM,457,51,0.13683687860097757,0.23710041070779642,0.033711403608322144,0.08981645107269287,0.9019607901573181,0.007512620068155229
rmftsa_ladata,LinearModel,457,51,0.10297017244856375,0.19576181280911573,0.031983811408281326,0.10060595721006393,0.9411764740943909,0.007785398978739977
rmftsa_ladata,NeuralNetFastAI,457,51,0.09040906007613947,0.18024077409076006,0.04705941677093506,0.09060462564229965,0.9607843160629272,0.006943951942957938
rmftsa_ladata,NeuralNetTorch,457,51,0.12907689277550308,0.23502428406836565,0.03644953668117523,0.10633876919746399,0.9215686321258545,0.007074409048072994
rmftsa_ladata,RandomForest,457,51,0.14937443497424208,0.2506334528678204,0.033583059906959534,0.0705634132027626,0.8823529481887817,0.007015274954028428
rmftsa_ladata,XGBoost,457,51,0.12586578915460506,0.234561500766586,0.03901946544647217,0.13333174586296082,0.9215686321258545,0.008185506914742291
spambase,CatBoost,4140,461,0.08303694000950305,0.15851366124090172,0.02729046531021595,0.025150269269943237,0.952277660369873,0.01190314197447151
spambase,ExtraTrees,4140,461,0.08944043970719057,0.16015359296294548,0.02372809685766697,0.029015488922595978,0.9479392766952515,0.012532794964499772
spambase,LightGBM,4140,461,0.09019693088439587,0.16996489913523488,0.030138205736875534,0.028928998857736588,0.9392624497413635,0.010945426998659968
spambase,LinearModel,4140,461,0.11016846416627057,0.1973997530271428,0.02878820337355137,0.037578705698251724,0.9284164905548096,0.011437698034569621
spambase,NeuralNetFastAI,4140,461,0.09563208471757545,0.17735375194433012,0.019303729757666588,0.027993595227599144,0.9392624497413635,0.013964157900772989
spambase,NeuralNetTorch,4140,461,0.09242803315306924,0.1712757044164628,0.02796522155404091,0.02825837954878807,0.9414316415786743,0.010827494086697698
spambase,RandomForest,4140,461,0.09239204159086978,0.15877681312975267,0.028729641810059547,0.034477926790714264,0.9327548742294312,0.02138862293213606
spambase,XGBoost,4140,461,0.09937561910061143,0.17554498162719087,0.03545883670449257,0.02950463630259037,0.9305856823921204,0.014474158990196884
sylvine,CatBoost,4611,513,0.09464417057388037,0.17012353648630435,0.026275131851434708,0.026625335216522217,0.9395711421966553,0.013723428011871874
sylvine,ExtraTrees,4611,513,0.09048291140096643,0.1572481246501102,0.01883012056350708,0.025883983820676804,0.9395711421966553,0.01277754397597164
sylvine,LightGBM,4611,513,0.0949615882428399,0.16901047052253007,0.023231489583849907,0.027654403820633888,0.9376218318939209,0.01154759107157588
sylvine,LinearModel,4611,513,0.15597380086240797,0.2661602908989441,0.017891421914100647,0.03145322576165199,0.8947368264198303,0.013105371035635471
sylvine,NeuralNetFastAI,4611,513,0.10156317774345162,0.1800964434330009,0.023913506418466568,0.03139171004295349,0.9337232112884521,0.016107043949887156
sylvine,NeuralNetTorch,4611,513,0.10602087593705337,0.1850643568063927,0.026408294215798378,0.03903820738196373,0.9259259104728699,0.012272082036361098
sylvine,RandomForest,4611,513,0.11532316835193664,0.19958684177954164,0.020355839282274246,0.03736133128404617,0.9259259104728699,0.011468318058177829
sylvine,XGBoost,4611,513,0.09460121103643768,0.16978420263463675,0.02104422077536583,0.027857733890414238,0.9395711421966553,0.01316784298978746
tokyo1,CatBoost,863,96,0.09161401156232324,0.1536847973982736,0.028825581073760986,0.0624566376209259,0.9166666865348816,0.007437819964252412
tokyo1,ExtraTrees,863,96,0.08600317249183363,0.1442985074723195,0.022218819707632065,0.06681067496538162,0.9375,0.007421261980198324
tokyo1,LightGBM,863,96,0.11453623380641548,0.1916933921005767,0.03267364576458931,0.06976863741874695,0.9166666865348816,0.009161988040432334
tokyo1,LinearModel,863,96,0.14249457055698134,0.24125073254762022,0.04352651536464691,0.08869799971580505,0.90625,0.0074131370056420565
tokyo1,NeuralNetFastAI,863,96,0.09508575632442011,0.1578191676610595,0.020406339317560196,0.0726335272192955,0.9270833134651184,0.007553649018518627
tokyo1,NeuralNetTorch,863,96,0.0670360753132248,0.12015173617018876,0.01508211437612772,0.04302239790558815,0.9583333134651184,0.007751929922960699
tokyo1,RandomForest,863,96,0.09212434386732789,0.1488530133973143,0.03020419552922249,0.07021421194076538,0.9166666865348816,0.007292951922863722
tokyo1,XGBoost,863,96,0.1154276317014194,0.190496940131459,0.032026756554841995,0.07529503852128983,0.9166666865348816,0.007687305915169418
twonorm,CatBoost,6660,740,0.03586778788850696,0.07031194930257481,0.008178042247891426,0.012737120501697063,0.9770269989967346,0.015710224048234522
twonorm,ExtraTrees,6660,740,0.03245950767941142,0.05842231981947511,0.009865732863545418,0.01651681587100029,0.9783783555030823,0.015026813955046237
twonorm,LightGBM,6660,740,0.03618898710037396,0.073511520307504,0.008323909714818,0.009533582255244255,0.9797297120094299,0.015245011076331139
twonorm,LinearModel,6660,740,0.031816740429885505,0.06490724372920184,0.0077820876613259315,0.013540767133235931,0.9810810685157776,0.014473414979875088
twonorm,NeuralNetFastAI,6660,740,0.034298070965473326,0.06856664523907911,0.009793095290660858,0.01242605410516262,0.9783783555030823,0.013768314966000617
twonorm,NeuralNetTorch,6660,740,0.032041169661639,0.06146768233306741,0.008598562330007553,0.01421290636062622,0.9810810685157776,0.015009049908258021
twonorm,RandomForest,6660,740,0.03096844557919515,0.05859709947960557,0.006566374562680721,0.01407664641737938,0.9783783555030823,0.016094135935418308
twonorm,XGBoost,6660,740,0.037556215939208056,0.07525278942362727,0.008041329681873322,0.01290783192962408,0.9770269989967346,0.015024637919850647
visualizing_soil,CatBoost,7776,865,1.9143715904667174e-07,0.0002785310000214187,0.00019207209697924554,0.0002784831158351153,1.0,0.016790412948466837
visualizing_soil,ExtraTrees,7776,865,7.619375162193527e-05,0.00042998770545102816,0.0002676197327673435,0.000408277875976637,1.0,0.02045934193301946
visualizing_soil,LightGBM,7776,865,7.77756433415055e-07,0.00045925043848764514,0.00041636661626398563,0.000459055881947279,1.0,0.016015958972275257
visualizing_soil,LinearModel,7776,865,0.00016648920042026803,0.0005905085057744271,0.00033666467061266303,0.0005395429907366633,1.0,0.016062207985669374
visualizing_soil,NeuralNetFastAI,7776,865,0.00017711999947664424,0.0009614665952137401,0.0004932812880724669,0.0009115775465033948,1.0,0.01739661709871143
visualizing_soil,NeuralNetTorch,7776,865,1.3171713367407249e-06,0.00026119833623380277,0.0002046596782747656,0.0002608672948554158,1.0,0.017061566933989525
visualizing_soil,RandomForest,7776,865,6.156771706470842e-06,0.000368036804036981,0.00021637356257997453,0.0003664455725811422,1.0,0.016101217013783753
visualizing_soil,XGBoost,7776,865,1.2880358820263382e-07,0.00025311266431155417,0.0001454946759622544,0.0002530804486013949,1.0,0.015272771008312702
wilt,CatBoost,4355,484,0.03420578759728886,0.07501236129158692,0.0112447589635849,0.012607119046151638,0.9814049601554871,0.01197339897044003
wilt,ExtraTrees,4355,484,0.03396779069052493,0.06678222304268308,0.010654399171471596,0.013039949350059032,0.9793388247489929,0.011314359959214926
wilt,LightGBM,4355,484,0.03299208496194436,0.06860504002140078,0.010282677598297596,0.010904326103627682,0.9772727489471436,0.016181841026991606
wilt,LinearModel,4355,484,0.04055395961213445,0.0748993332537547,0.016635853797197342,0.01625124178826809,0.9731404781341553,0.011330767069011927
wilt,NeuralNetFastAI,4355,484,0.025237063850139053,0.05089556401212058,0.010085821151733398,0.010051366873085499,0.9855371713638306,0.012046783929690719
wilt,NeuralNetTorch,4355,484,0.02836697539515467,0.0569287235576734,0.009676829911768436,0.01321001723408699,0.9834710955619812,0.016442213905975223
wilt,RandomForest,4355,484,0.03713875620347714,0.07378425562115805,0.01224035955965519,0.012547041289508343,0.9772727489471436,0.012195484014227986
wilt,XGBoost,4355,484,0.042979826048167524,0.08994770668016372,0.01821308024227619,0.01628091000020504,0.9731404781341553,0.011470730067230761
wind,CatBoost,5916,658,0.1856093695648213,0.30546833999666384,0.020950715988874435,0.05324186012148857,0.8677811622619629,0.015130699030123651
wind,ExtraTrees,5916,658,0.18919140955819574,0.3075286455064229,0.01770871691405773,0.04308991879224777,0.8662614226341248,0.02125309791881591
wind,LightGBM,5916,658,0.1822194829594401,0.29914320865639077,0.022295624017715454,0.0495418943464756,0.869300901889801,0.014838541974313557
wind,LinearModel,5916,658,0.2028739351280314,0.3291023167955616,0.022015200927853584,0.05560864508152008,0.8556231260299683,0.013602530932985246
wind,NeuralNetFastAI,5916,658,0.1776109494157591,0.2934365044881918,0.01791541650891304,0.05137275159358978,0.8799391984939575,0.014096032013185322
wind,NeuralNetTorch,5916,658,0.17836282442739992,0.29445816237112876,0.017887670546770096,0.04825533553957939,0.8799391984939575,0.014602415030822158
wind,RandomForest,5916,658,0.19156395141944976,0.31470135481658124,0.015556886792182922,0.04397860914468765,0.8708206415176392,0.01916659506969154
wind,XGBoost,5916,658,0.18455049827711514,0.30453797516342956,0.015229025855660439,0.038422927260398865,0.869300901889801,0.01512378896586597
