dataset,model,cal_size,test_size,Quadratic_brier,Quadratic_logloss,Quadratic_kuiper,Quadratic_ece-15,Quadratic_accuracy,Quadratic_time
2dplanes,CatBoost,36691,4077,0.09566527910005172,0.1523340690876544,0.006405113730579615,0.012893262319266796,0.9266617894172668,0.022836964577436447
2dplanes,ExtraTrees,36691,4077,0.09492398521414915,0.15251597426142618,0.006259171292185783,0.009755506180226803,0.9256806373596191,0.11886041238904
2dplanes,LightGBM,36691,4077,0.09542841890212782,0.15328950304942648,0.0061273155733942986,0.011566750705242157,0.9298503994941711,0.017128005623817444
2dplanes,LinearModel,36691,4077,0.23364466513682827,0.36683152448169487,0.011979317292571068,0.02517130598425865,0.8410596251487732,0.020016971975564957
2dplanes,NeuralNetFastAI,36691,4077,0.09425646191467074,0.1507144448372332,0.004203156102448702,0.008672005496919155,0.9330390095710754,0.05009295791387558
2dplanes,NeuralNetTorch,36691,4077,0.09469047315916991,0.15212876855721968,0.005045017227530479,0.008033459074795246,0.9315673112869263,0.04723532870411873
2dplanes,RandomForest,36691,4077,0.09548553830039672,0.15410877338174392,0.005518120247870684,0.014411915093660355,0.9269070625305176,0.08688687160611153
2dplanes,XGBoost,36691,4077,0.09558732840592084,0.1529235404602186,0.006134346127510071,0.014301789924502373,0.9276428818702698,0.015688925981521606
APSFailure,CatBoost,68400,7600,0.007761673096358784,0.015222348441923631,0.000924941967241466,0.0023854279424995184,0.9948683977127075,0.08609263971447945
APSFailure,ExtraTrees,68400,7600,0.00930227946270615,0.018289959218764446,0.0012514959089457989,0.0029324025381356478,0.9943420886993408,0.16850030794739723
APSFailure,LightGBM,68400,7600,0.007724283333619762,0.01527021763834372,0.0007160180248320103,0.001966311829164624,0.995394766330719,0.06155749037861824
APSFailure,LinearModel,68400,7600,0.011553998929587275,0.021876148142792238,0.001561762997880578,0.0030470998026430607,0.9930263161659241,0.08594939112663269
APSFailure,NeuralNetFastAI,68400,7600,0.009216042149901208,0.017045400400732175,0.0012875935062766075,0.002501137088984251,0.9940789341926575,0.1353468932211399
APSFailure,NeuralNetTorch,68400,7600,0.010900943821857089,0.021043905813464353,0.0019433088600635529,0.003944776486605406,0.9930263161659241,0.07444223761558533
APSFailure,RandomForest,68400,7600,0.008079287451156488,0.016233637637154696,0.0012763836421072483,0.0033104398753494024,0.9947368502616882,0.1648910492658615
APSFailure,XGBoost,68400,7600,0.007538455337906121,0.014741603770260701,0.0008467050502076745,0.002196207642555237,0.9951315522193909,0.08201968669891357
Amazon_employee_access,CatBoost,29492,3277,0.07183045469668654,0.13352066261821008,0.0042937882244586945,0.014485704712569714,0.9551419019699097,0.02394808828830719
Amazon_employee_access,ExtraTrees,29492,3277,0.08009338288851846,0.14972479970008304,0.0075223445892333984,0.013189536519348621,0.9475129842758179,0.0544443242251873
Amazon_employee_access,LightGBM,29492,3277,0.07933777522133037,0.15140904524574955,0.004671306814998388,0.012156329117715359,0.9502593874931335,0.02514830231666565
Amazon_employee_access,LinearModel,29492,3277,0.08405773294817717,0.1566111901612784,0.004652786999940872,0.00881000142544508,0.9456820487976074,0.027856968343257904
Amazon_employee_access,NeuralNetFastAI,29492,3277,0.08354347297138018,0.1553111648957024,0.005582324229180813,0.011699244379997253,0.9462923407554626,0.032453909516334534
Amazon_employee_access,NeuralNetTorch,29492,3277,0.08580825334859649,0.1610587846253998,0.008755074813961983,0.01625409908592701,0.9459871649742126,0.023216892033815384
Amazon_employee_access,RandomForest,29492,3277,0.07740132271691348,0.14395393852024285,0.008800320327281952,0.01705789379775524,0.9478181004524231,0.058754194527864456
Amazon_employee_access,XGBoost,29492,3277,0.07541127794018522,0.14356268266607225,0.004351565148681402,0.007850224152207375,0.951785147190094,0.02759406343102455
Australian,CatBoost,621,69,0.17539256556091642,0.29029386319930195,0.04997086524963379,0.06503137201070786,0.8695651888847351,0.0031429678201675415
Australian,ExtraTrees,621,69,0.16927595544377674,0.28677125157941635,0.05937346816062927,0.101055808365345,0.8550724387168884,0.0025927983224391937
Australian,LightGBM,621,69,0.17862620094468526,0.3290525063677451,0.06249047443270683,0.0983603373169899,0.8695651888847351,0.00316692516207695
Australian,LinearModel,621,69,0.16906338706749416,0.29055648855025396,0.05706293135881424,0.14345891773700714,0.8840579986572266,0.0027218014001846313
Australian,NeuralNetFastAI,621,69,0.15538368220753304,0.27838975996564386,0.062344688922166824,0.07438932359218597,0.8985507488250732,0.0032593421638011932
Australian,NeuralNetTorch,621,69,0.1655499116451283,0.28229055629406163,0.043446287512779236,0.11216525733470917,0.8840579986572266,0.002904500812292099
Australian,RandomForest,621,69,0.1696793983342911,0.31333435055734454,0.05416093021631241,0.09705483913421631,0.8550724387168884,0.0069684311747550964
Australian,XGBoost,621,69,0.1526091735716492,0.26921085791077926,0.04738447070121765,0.09477508813142776,0.8985507488250732,0.0033873766660690308
Bioresponse,CatBoost,3375,376,0.27785001151451844,0.4358298366825301,0.0266183540225029,0.0597226545214653,0.8218085169792175,0.004729457199573517
Bioresponse,ExtraTrees,3375,376,0.2830324600382792,0.43141360711076865,0.022254278883337975,0.04736236482858658,0.7978723645210266,0.009124606847763062
Bioresponse,LightGBM,3375,376,0.2776549632024676,0.4337631477196254,0.029770459979772568,0.05998693406581879,0.8164893388748169,0.00477982684969902
Bioresponse,LinearModel,3375,376,0.39002334582841525,0.578103673175793,0.0695229321718216,0.10653440654277802,0.728723406791687,0.01125316321849823
Bioresponse,NeuralNetFastAI,3375,376,0.2870947945306101,0.44338484748547724,0.026773912832140923,0.051653336733579636,0.7765957713127136,0.003805294632911682
Bioresponse,NeuralNetTorch,3375,376,0.29239581908004425,0.4504254581105196,0.029330000281333923,0.062333572655916214,0.7872340679168701,0.0046432726085186005
Bioresponse,RandomForest,3375,376,0.2807635362799956,0.4327935907338871,0.02644989639520645,0.0573507696390152,0.811170220375061,0.00332670658826828
Bioresponse,XGBoost,3375,376,0.27583307295250226,0.43253767122804027,0.0290190652012825,0.05124024301767349,0.813829779624939,0.004814896732568741
Click_prediction_small,CatBoost,35953,3995,0.25345533021592787,0.4120023652592202,0.009294288232922554,0.011608603410422802,0.8365457057952881,0.0309220589697361
Click_prediction_small,ExtraTrees,35953,3995,0.2600237421634872,0.4207077830498527,0.005738317966461182,0.005418713204562664,0.8345431685447693,0.03517908602952957
Click_prediction_small,LightGBM,35953,3995,0.2580956284385904,0.418952153044123,0.008266590535640717,0.012047835625708103,0.8367959856987,0.029766470193862915
Click_prediction_small,LinearModel,35953,3995,0.2604606729190413,0.4231759561824577,0.010810822248458862,0.0172201469540596,0.8357947468757629,0.027416616678237915
Click_prediction_small,NeuralNetFastAI,35953,3995,0.2586626317903998,0.4203835690087483,0.0071947574615478516,0.008688151836395264,0.8370463252067566,0.07399877905845642
Click_prediction_small,NeuralNetTorch,35953,3995,0.2594849266888481,0.418509153537136,0.005110766738653183,0.0058838180266320705,0.8340425491333008,0.030337996780872345
Click_prediction_small,RandomForest,35953,3995,0.25908103246276143,0.41833148002120757,0.005582014098763466,0.010155878029763699,0.8345431685447693,0.08177205920219421
Click_prediction_small,XGBoost,35953,3995,0.25795423067353057,0.4171748948537806,0.00851408950984478,0.013399569317698479,0.8347935080528259,0.030124474316835403
GAMETES_Epistasis_2-Way_1000atts_0_4H_EDM-1_EDM-1_1,CatBoost,1440,160,0.4077007912222307,0.5983161052582546,0.0814790278673172,0.14660930633544922,0.7437499761581421,0.0027213580906391144
GAMETES_Epistasis_2-Way_1000atts_0_4H_EDM-1_EDM-1_1,ExtraTrees,1440,160,0.500973599756161,0.6941214939369813,0.0625508651137352,0.011525583453476429,0.5249999761581421,0.0024005137383937836
GAMETES_Epistasis_2-Way_1000atts_0_4H_EDM-1_EDM-1_1,LightGBM,1440,160,0.5128180780917031,0.7060024040941468,0.09016615152359009,0.06013939902186394,0.4375,0.0025642402470111847
GAMETES_Epistasis_2-Way_1000atts_0_4H_EDM-1_EDM-1_1,LinearModel,1440,160,0.5043695513251845,0.6975218452869523,0.04206933081150055,0.023213647305965424,0.45625001192092896,0.007041413336992264
GAMETES_Epistasis_2-Way_1000atts_0_4H_EDM-1_EDM-1_1,NeuralNetFastAI,1440,160,0.4931180452638458,0.6862575524367327,0.05793014168739319,0.023661332204937935,0.59375,0.003467526286840439
GAMETES_Epistasis_2-Way_1000atts_0_4H_EDM-1_EDM-1_1,NeuralNetTorch,1440,160,0.5020595001164879,0.6952072978507374,0.05414104461669922,0.003479636274278164,0.4312500059604645,0.006273820996284485
GAMETES_Epistasis_2-Way_1000atts_0_4H_EDM-1_EDM-1_1,RandomForest,1440,160,0.5070979462003371,0.7002743685698121,0.04753619432449341,0.04123644158244133,0.44999998807907104,0.002689976245164871
GAMETES_Epistasis_2-Way_1000atts_0_4H_EDM-1_EDM-1_1,XGBoost,1440,160,0.502250239503688,0.6954139962507592,0.03516864776611328,0.04872199520468712,0.4937500059604645,0.0023245811462402344
GAMETES_Epistasis_2-Way_20atts_0_1H_EDM-1_1,CatBoost,1440,160,0.41531019216336257,0.606080064843779,0.047156985849142075,0.06792717427015305,0.699999988079071,0.0024029500782489777
GAMETES_Epistasis_2-Way_20atts_0_1H_EDM-1_1,ExtraTrees,1440,160,0.46798243186521116,0.6606250753762359,0.041088029742240906,0.04868282005190849,0.6312500238418579,0.0026346147060394287
GAMETES_Epistasis_2-Way_20atts_0_1H_EDM-1_1,LightGBM,1440,160,0.4376712623414334,0.6290590478873697,0.055581171065568924,0.1175384372472763,0.675000011920929,0.0023291371762752533
GAMETES_Epistasis_2-Way_20atts_0_1H_EDM-1_1,LinearModel,1440,160,0.5020823081655245,0.6952226383044936,0.04438778758049011,0.024265559390187263,0.48124998807907104,0.002378523349761963
GAMETES_Epistasis_2-Way_20atts_0_1H_EDM-1_1,NeuralNetFastAI,1440,160,0.4109069368781121,0.6001797893796765,0.05087960511445999,0.07465103268623352,0.699999988079071,0.002464510500431061
GAMETES_Epistasis_2-Way_20atts_0_1H_EDM-1_1,NeuralNetTorch,1440,160,0.4074518881461141,0.5957713269731084,0.050628527998924255,0.07628694921731949,0.7124999761581421,0.002647567540407181
GAMETES_Epistasis_2-Way_20atts_0_1H_EDM-1_1,RandomForest,1440,160,0.4755970693581529,0.6684944886288028,0.03890229016542435,0.061184361577034,0.5874999761581421,0.0027583912014961243
GAMETES_Epistasis_2-Way_20atts_0_1H_EDM-1_1,XGBoost,1440,160,0.44319131968950015,0.634331327231879,0.046708568930625916,0.0579829178750515,0.6625000238418579,0.0021585561335086823
GAMETES_Epistasis_2-Way_20atts_0_4H_EDM-1_1,CatBoost,1440,160,0.3054656195096394,0.4589373192251133,0.043428950011730194,0.10069014877080917,0.7562500238418579,0.002667345106601715
GAMETES_Epistasis_2-Way_20atts_0_4H_EDM-1_1,ExtraTrees,1440,160,0.39427540226407576,0.5867582531670458,0.04670688882470131,0.08871934562921524,0.6875,0.002341959625482559
GAMETES_Epistasis_2-Way_20atts_0_4H_EDM-1_1,LightGBM,1440,160,0.33949628552299266,0.5085776093771048,0.06317846477031708,0.1416313499212265,0.737500011920929,0.003086451441049576
GAMETES_Epistasis_2-Way_20atts_0_4H_EDM-1_1,LinearModel,1440,160,0.5035713163074,0.6968051649064013,0.036325957626104355,0.033842381089925766,0.512499988079071,0.0023658834397792816
GAMETES_Epistasis_2-Way_20atts_0_4H_EDM-1_1,NeuralNetFastAI,1440,160,0.28553121491055444,0.43486806989591537,0.041996780782938004,0.016169343143701553,0.793749988079071,0.0039566755294799805
GAMETES_Epistasis_2-Way_20atts_0_4H_EDM-1_1,NeuralNetTorch,1440,160,0.30460723125879685,0.4654376275612632,0.03982554376125336,0.0806376114487648,0.78125,0.007185820490121841
GAMETES_Epistasis_2-Way_20atts_0_4H_EDM-1_1,RandomForest,1440,160,0.3906219397716383,0.5841323423457103,0.03583993762731552,0.08679091185331345,0.706250011920929,0.0027853064239025116
GAMETES_Epistasis_2-Way_20atts_0_4H_EDM-1_1,XGBoost,1440,160,0.3523036263093367,0.530912155520431,0.05408501625061035,0.10876822471618652,0.737500011920929,0.0029338784515857697
GAMETES_Epistasis_3-Way_20atts_0_2H_EDM-1_1,CatBoost,1440,160,0.4036248747508342,0.5816689775172612,0.050877783447504044,0.11973126977682114,0.6312500238418579,0.0024927258491516113
GAMETES_Epistasis_3-Way_20atts_0_2H_EDM-1_1,ExtraTrees,1440,160,0.48801590776910053,0.6811086460960573,0.03152364492416382,0.04961168393492699,0.5687500238418579,0.0022432804107666016
GAMETES_Epistasis_3-Way_20atts_0_2H_EDM-1_1,LightGBM,1440,160,0.4855849422336808,0.6785263404390612,0.04389916732907295,0.03808313608169556,0.574999988079071,0.0021995417773723602
GAMETES_Epistasis_3-Way_20atts_0_2H_EDM-1_1,LinearModel,1440,160,0.5002779366676362,0.6934292080312646,0.041570886969566345,0.02359934337437153,0.5062500238418579,0.002310022711753845
GAMETES_Epistasis_3-Way_20atts_0_2H_EDM-1_1,NeuralNetFastAI,1440,160,0.39576618896954746,0.5652306170460376,0.04671308398246765,0.09590739756822586,0.668749988079071,0.0028639845550060272
GAMETES_Epistasis_3-Way_20atts_0_2H_EDM-1_1,NeuralNetTorch,1440,160,0.42478914947392826,0.6121491104684018,0.03957519307732582,0.09507609158754349,0.637499988079071,0.0027556419372558594
GAMETES_Epistasis_3-Way_20atts_0_2H_EDM-1_1,RandomForest,1440,160,0.49210696233006124,0.6848661417499302,0.04753690958023071,0.08477305620908737,0.518750011920929,0.0024234168231487274
GAMETES_Epistasis_3-Way_20atts_0_2H_EDM-1_1,XGBoost,1440,160,0.48786446703022934,0.6808031595063243,0.053917378187179565,0.06407681852579117,0.581250011920929,0.0027464106678962708
GAMETES_Heterogeneity_20atts_1600_Het_0_4_0_2_50_EDM-2_001,CatBoost,1440,160,0.4177333346256088,0.5871428191993958,0.07513342797756195,0.11858778446912766,0.6312500238418579,0.0024777501821517944
GAMETES_Heterogeneity_20atts_1600_Het_0_4_0_2_50_EDM-2_001,ExtraTrees,1440,160,0.49043981411813375,0.691328002749547,0.06000369414687157,0.11718740314245224,0.612500011920929,0.002604883164167404
GAMETES_Heterogeneity_20atts_1600_Het_0_4_0_2_50_EDM-2_001,LightGBM,1440,160,0.4639231085429859,0.65532525453447,0.073293037712574,0.08344630897045135,0.625,0.0021394826471805573
GAMETES_Heterogeneity_20atts_1600_Het_0_4_0_2_50_EDM-2_001,LinearModel,1440,160,0.502581524922838,0.6957498750679185,0.04837935417890549,0.021789494901895523,0.48124998807907104,0.0023765191435813904
GAMETES_Heterogeneity_20atts_1600_Het_0_4_0_2_50_EDM-2_001,NeuralNetFastAI,1440,160,0.45912867875385943,0.642982148316856,0.0837007611989975,0.15556232631206512,0.6187499761581421,0.0024616532027721405
GAMETES_Heterogeneity_20atts_1600_Het_0_4_0_2_50_EDM-2_001,NeuralNetTorch,1440,160,0.4466739191434739,0.6310626111863502,0.0713074803352356,0.1363050788640976,0.6312500238418579,0.0025564655661582947
GAMETES_Heterogeneity_20atts_1600_Het_0_4_0_2_50_EDM-2_001,RandomForest,1440,160,0.49023669271752546,0.6886794913529671,0.05723914876580238,0.1205054298043251,0.5874999761581421,0.0026969164609909058
GAMETES_Heterogeneity_20atts_1600_Het_0_4_0_2_50_EDM-2_001,XGBoost,1440,160,0.45517349350678427,0.6464357865104072,0.055752918124198914,0.07387393712997437,0.6499999761581421,0.0026826784014701843
GAMETES_Heterogeneity_20atts_1600_Het_0_4_0_2_75_EDM-2_001,CatBoost,1440,160,0.37534619223539756,0.5521533232227119,0.05115865170955658,0.08031227439641953,0.699999988079071,0.002597358077764511
GAMETES_Heterogeneity_20atts_1600_Het_0_4_0_2_75_EDM-2_001,ExtraTrees,1440,160,0.4178515092545879,0.6068775234155501,0.040644243359565735,0.07575087994337082,0.6812499761581421,0.0025381967425346375
GAMETES_Heterogeneity_20atts_1600_Het_0_4_0_2_75_EDM-2_001,LightGBM,1440,160,0.3875063426811919,0.5722807819550751,0.04376864433288574,0.06611140072345734,0.706250011920929,0.0025414936244487762
GAMETES_Heterogeneity_20atts_1600_Het_0_4_0_2_75_EDM-2_001,LinearModel,1440,160,0.5006378597267747,0.6936317810009321,0.05190398544073105,0.06425986438989639,0.512499988079071,0.002490609884262085
GAMETES_Heterogeneity_20atts_1600_Het_0_4_0_2_75_EDM-2_001,NeuralNetFastAI,1440,160,0.3759660639464871,0.5561410543554738,0.05630681663751602,0.10554607212543488,0.706250011920929,0.002552635967731476
GAMETES_Heterogeneity_20atts_1600_Het_0_4_0_2_75_EDM-2_001,NeuralNetTorch,1440,160,0.3538462256875691,0.5321344911387073,0.07198740541934967,0.10132540017366409,0.7250000238418579,0.0026487931609153748
GAMETES_Heterogeneity_20atts_1600_Het_0_4_0_2_75_EDM-2_001,RandomForest,1440,160,0.4060859846296002,0.5936267806496028,0.04433649778366089,0.06741275638341904,0.699999988079071,0.0026825889945030212
GAMETES_Heterogeneity_20atts_1600_Het_0_4_0_2_75_EDM-2_001,XGBoost,1440,160,0.3889818929640228,0.571075666680829,0.043008625507354736,0.07147229462862015,0.6937500238418579,0.0025263354182243347
Internet-Advertisements,CatBoost,2951,328,0.04441543111222674,0.09039688565993707,0.014764368534088135,0.024540670216083527,0.9725610017776489,0.005937814712524414
Internet-Advertisements,ExtraTrees,2951,328,0.04347387807923571,0.09824975789843564,0.023882001638412476,0.04185597226023674,0.9786585569381714,0.014307770878076553
Internet-Advertisements,LightGBM,2951,328,0.044674078962023744,0.09164770415178278,0.013085275888442993,0.024090224876999855,0.9725610017776489,0.006048247218132019
Internet-Advertisements,LinearModel,2951,328,0.06345655883137055,0.13365380651846007,0.013515209779143333,0.027093930169939995,0.9634146094322205,0.011082876473665237
Internet-Advertisements,NeuralNetFastAI,2951,328,0.05633828233719319,0.11220979256669082,0.015517473220825195,0.02199508808553219,0.9664633870124817,0.013523299247026443
Internet-Advertisements,NeuralNetTorch,2951,328,0.05130779860061209,0.12058080685697045,0.011190235614776611,0.028987035155296326,0.9725610017776489,0.006772667169570923
Internet-Advertisements,RandomForest,2951,328,0.04523556286121431,0.0935342776200342,0.021917350590229034,0.039690908044576645,0.9725610017776489,0.01520838588476181
Internet-Advertisements,XGBoost,2951,328,0.050138042762166185,0.10133723953820782,0.011778414249420166,0.021302221342921257,0.9695122241973877,0.006040383130311966
OVA_Colon,CatBoost,1390,155,0.07332253463023472,0.16981252600864477,0.019639302045106888,0.031887199729681015,0.9612902998924255,0.004436001181602478
OVA_Colon,ExtraTrees,1390,155,0.06917766406553169,0.15326669011832805,0.021206365898251534,0.03519807010889053,0.9612902998924255,0.004326071590185165
OVA_Colon,LightGBM,1390,155,0.06389667534844984,0.1516925742569888,0.018091410398483276,0.025200707837939262,0.9677419066429138,0.007788635790348053
OVA_Colon,LinearModel,1390,155,0.06866291332804271,0.1904930493040938,0.016250643879175186,0.029941251501441002,0.9677419066429138,0.008431464433670044
OVA_Colon,NeuralNetFastAI,1390,155,0.08407786640166563,0.19134371466329272,0.02811313234269619,0.04436388239264488,0.948387086391449,0.005380425602197647
OVA_Colon,NeuralNetTorch,1390,155,0.0694690660018222,0.16058110923967014,0.02052682638168335,0.037471704185009,0.9677419066429138,0.004730511456727982
OVA_Colon,RandomForest,1390,155,0.08059084286883167,0.17656747302655607,0.019153863191604614,0.044339440762996674,0.948387086391449,0.006978977471590042
OVA_Colon,XGBoost,1390,155,0.07122686859952226,0.16873647859279856,0.018860766664147377,0.033561524003744125,0.9612902998924255,0.004180923104286194
OVA_Endometrium,CatBoost,1390,155,0.05586952838951372,0.10427249354558563,0.01968023180961609,0.028534628450870514,0.9612902998924255,0.004518616944551468
OVA_Endometrium,ExtraTrees,1390,155,0.05596481155182579,0.1004264322902017,0.015902284532785416,0.03740232065320015,0.9677419066429138,0.004635948687791824
OVA_Endometrium,LightGBM,1390,155,0.04626869507214215,0.09073374123424573,0.01892080530524254,0.03955208882689476,0.9741935729980469,0.004470221698284149
OVA_Endometrium,LinearModel,1390,155,0.03820260708791958,0.07176384638946512,0.013083322905004025,0.02067716047167778,0.9806451797485352,0.005391169339418411
OVA_Endometrium,NeuralNetFastAI,1390,155,0.04392545625844714,0.0782188049200425,0.01021131593734026,0.017478130757808685,0.9741935729980469,0.005082529038190842
OVA_Endometrium,NeuralNetTorch,1390,155,0.04382671822496139,0.09322185492009401,0.013563929125666618,0.02322797290980816,0.9806451797485352,0.005588371306657791
OVA_Endometrium,RandomForest,1390,155,0.060421362673435564,0.11828917558704376,0.022444311529397964,0.04096989706158638,0.9612902998924255,0.0045559220016002655
OVA_Endometrium,XGBoost,1390,155,0.05094155026827323,0.10151627828265015,0.02084944024682045,0.03735194355249405,0.9677419066429138,0.0045265816152095795
OVA_Kidney,CatBoost,1390,155,0.013376235628021052,0.039856388468622495,0.009833344258368015,0.010542178526520729,0.9935483932495117,0.004994668066501617
OVA_Kidney,ExtraTrees,1390,155,0.015630365823336594,0.06421953322800315,0.015757275745272636,0.019070612266659737,0.9935483932495117,0.008285831660032272
OVA_Kidney,LightGBM,1390,155,0.013758694038251395,0.039432973147191006,0.011039646342396736,0.010552187450230122,0.9935483932495117,0.004717197269201279
OVA_Kidney,LinearModel,1390,155,0.014716554345489288,0.03999543567365984,0.013486775569617748,0.012464026920497417,0.9935483932495117,0.007653642445802689
OVA_Kidney,NeuralNetFastAI,1390,155,0.016971264580685996,0.04191531995403624,0.012409307062625885,0.02058514580130577,0.9935483932495117,0.006008274853229523
OVA_Kidney,NeuralNetTorch,1390,155,0.016564122964024323,0.04507230212822069,0.016731884330511093,0.016085300594568253,0.9935483932495117,0.004787541925907135
OVA_Kidney,RandomForest,1390,155,0.016490402678336073,0.05124375438310575,0.01301821693778038,0.018416425213217735,0.9935483932495117,0.004414558410644531
OVA_Kidney,XGBoost,1390,155,0.013599273384286828,0.040555992928876794,0.012002809904515743,0.011642293073236942,0.9935483932495117,0.00458473339676857
OVA_Lung,CatBoost,1390,155,0.016124122605579057,0.052009184663951775,0.012379706837236881,0.008802531287074089,0.9935483932495117,0.004921168088912964
OVA_Lung,ExtraTrees,1390,155,0.023697620216654086,0.08089152497066728,0.010653244331479073,0.01028656680136919,0.9870967864990234,0.0032878555357456207
OVA_Lung,LightGBM,1390,155,0.01907043936871448,0.061660725148614724,0.01540551707148552,0.01150796189904213,0.9935483932495117,0.004961512982845306
OVA_Lung,LinearModel,1390,155,0.027914371287477712,0.06445701995379577,0.013924972154200077,0.015647171065211296,0.9806451797485352,0.009180862456560135
OVA_Lung,NeuralNetFastAI,1390,155,0.03730752173517512,0.06988940607239917,0.009363682940602303,0.018460117280483246,0.9741935729980469,0.005206294357776642
OVA_Lung,NeuralNetTorch,1390,155,0.02604254679695469,0.07426957821835516,0.020774967968463898,0.018025582656264305,0.9870967864990234,0.0040879398584365845
OVA_Lung,RandomForest,1390,155,0.033086124405425875,0.11262119182352422,0.014705909416079521,0.014372270554304123,0.9806451797485352,0.007417745888233185
OVA_Lung,XGBoost,1390,155,0.01656437604142502,0.05067050998499367,0.012257731519639492,0.010288606397807598,0.9935483932495117,0.004321496933698654
OVA_Ovary,CatBoost,1390,155,0.10627562353354876,0.17684889681494284,0.023249369114637375,0.049931902438402176,0.9225806593894958,0.00438728928565979
OVA_Ovary,ExtraTrees,1390,155,0.11902138211553118,0.18609866425708538,0.03358672186732292,0.07541072368621826,0.9161290526390076,0.009192682802677155
OVA_Ovary,LightGBM,1390,155,0.09687778370496841,0.16057050929634561,0.021759390830993652,0.04433263838291168,0.9419354796409607,0.004525866359472275
OVA_Ovary,LinearModel,1390,155,0.11036278370728698,0.1837110045758044,0.024762317538261414,0.05718659982085228,0.9290322661399841,0.00807465985417366
OVA_Ovary,NeuralNetFastAI,1390,155,0.111208264765739,0.17243369909119521,0.03125791251659393,0.07279849052429199,0.9096774458885193,0.00489339604973793
OVA_Ovary,NeuralNetTorch,1390,155,0.09687923698162838,0.15143723516779817,0.026770293712615967,0.053449954837560654,0.9290322661399841,0.003454301506280899
OVA_Ovary,RandomForest,1390,155,0.119290886856811,0.1854956136417865,0.03683200478553772,0.07656663656234741,0.9225806593894958,0.005765262991189957
OVA_Ovary,XGBoost,1390,155,0.09679084830667331,0.16770590616686623,0.023666102439165115,0.03982410579919815,0.9354838728904724,0.004384633153676987
OVA_Prostate,CatBoost,1390,155,0.014312890682144381,0.06851903843722602,0.0064513469114899635,0.009354996494948864,0.9935483932495117,0.005896992981433868
OVA_Prostate,ExtraTrees,1390,155,0.014147960057413008,0.07576230072472556,0.006451521068811417,0.00985360611230135,0.9935483932495117,0.008384481072425842
OVA_Prostate,LightGBM,1390,155,0.012893761546583003,0.05048383109911004,0.006776303052902222,0.006771381478756666,0.9935483932495117,0.0071054622530937195
OVA_Prostate,LinearModel,1390,155,0.025479114590238754,0.5921934425404499,0.013592064380645752,0.013592058792710304,0.9870967864990234,0.00719243660569191
OVA_Prostate,NeuralNetFastAI,1390,155,0.025806451612921194,1.126923205698076,0.012903233990073204,0.012903321534395218,0.9870967864990234,0.007981814444065094
OVA_Prostate,NeuralNetTorch,1390,155,0.012903225806446794,0.1890907208332065,0.006451614201068878,0.006451702676713467,0.9935483932495117,0.00606454536318779
OVA_Prostate,RandomForest,1390,155,0.016474938514670467,0.05960112326846698,0.00853474996984005,0.01379840262234211,0.9935483932495117,0.012495432049036026
OVA_Prostate,XGBoost,1390,155,0.020104669837615784,0.05676018897846522,0.006446952000260353,0.012426132336258888,0.9870967864990234,0.004921168088912964
PhishingWebsites,CatBoost,9949,1106,0.04883078538686383,0.0857994657148295,0.009259073995053768,0.02015804499387741,0.9629294872283936,0.02645615115761757
PhishingWebsites,ExtraTrees,9949,1106,0.056920992868676225,0.09861255052977841,0.010397477075457573,0.016249822452664375,0.9638336300849915,0.031168460845947266
PhishingWebsites,LightGBM,9949,1106,0.047313258555994185,0.07983759571988554,0.009130769409239292,0.01516752876341343,0.9647377729415894,0.0256832055747509
PhishingWebsites,LinearModel,9949,1106,0.09420748587113939,0.15239826388423697,0.008268071338534355,0.022788582369685173,0.9339963793754578,0.012776624411344528
PhishingWebsites,NeuralNetFastAI,9949,1106,0.04914976182857491,0.08176082518924951,0.007148155942559242,0.01509573683142662,0.965641975402832,0.023905090987682343
PhishingWebsites,NeuralNetTorch,9949,1106,0.04879347532261814,0.08242868842099775,0.009107961319386959,0.015611985698342323,0.9647377729415894,0.021064244210720062
PhishingWebsites,RandomForest,9949,1106,0.0563881045011485,0.0984500898939769,0.010895775631070137,0.014583462849259377,0.9620253443717957,0.03456056863069534
PhishingWebsites,XGBoost,9949,1106,0.04812268746680964,0.08493813399407754,0.008659305050969124,0.013950505293905735,0.965641975402832,0.02488894760608673
Run_or_walk_information,CatBoost,79729,8859,0.009260762725261091,0.01718144797593015,0.0022513228468596935,0.0032363696955144405,0.9939045310020447,0.07378034293651581
Run_or_walk_information,ExtraTrees,79729,8859,0.011991618576927975,0.02333104284562282,0.0037190131843090057,0.00536404550075531,0.9931143522262573,0.18939509242773056
Run_or_walk_information,LightGBM,79729,8859,0.008503293414412427,0.0161781771811445,0.002208514604717493,0.0023874850012362003,0.9943560361862183,0.10708166658878326
Run_or_walk_information,LinearModel,79729,8859,0.26580689636099836,0.40168800976007296,0.049748290330171585,0.10306472331285477,0.789818286895752,0.08396656438708305
Run_or_walk_information,NeuralNetFastAI,79729,8859,0.013230125304579668,0.025840597902827306,0.0027256510220468044,0.003295908449217677,0.9914211630821228,0.12352003902196884
Run_or_walk_information,NeuralNetTorch,79729,8859,0.010788761002372037,0.020989493525857043,0.003630617167800665,0.00439030397683382,0.9935658574104309,0.23320670798420906
Run_or_walk_information,RandomForest,79729,8859,0.013235505598966597,0.02510518079232988,0.0034672380425035954,0.005385321099311113,0.99232417345047,0.14296098425984383
Run_or_walk_information,XGBoost,79729,8859,0.009981349430003263,0.018231407316207444,0.002186208963394165,0.0032086879946291447,0.9934529662132263,0.08025715500116348
Satellite,CatBoost,4590,510,0.014152826769373584,0.02513788003620992,0.006227250676602125,0.007281783036887646,0.9882352948188782,0.0075626373291015625
Satellite,ExtraTrees,4590,510,0.01577424912453986,0.025345251871250793,0.0058419848792254925,0.007727500516921282,0.9882352948188782,0.01691804826259613
Satellite,LightGBM,4590,510,0.01554847328107082,0.026430774323944275,0.0069940355606377125,0.007671944797039032,0.9882352948188782,0.010375633835792542
Satellite,LinearModel,4590,510,0.015110153490919856,0.026235607493550528,0.0061184437945485115,0.007361155468970537,0.9921568632125854,0.00944429263472557
Satellite,NeuralNetFastAI,4590,510,0.012435656558464991,0.02354437435713702,0.004521641880273819,0.007475301157683134,0.9921568632125854,0.018158767372369766
Satellite,NeuralNetTorch,4590,510,0.016438400042405203,0.029931950459155542,0.0068184444680809975,0.007974171079695225,0.9882352948188782,0.012402534484863281
Satellite,RandomForest,4590,510,0.013519530670469064,0.024352987562146364,0.004756811074912548,0.009124252013862133,0.9882352948188782,0.01744919642806053
Satellite,XGBoost,4590,510,0.01487845546167945,0.02607175987986614,0.00612357072532177,0.006249241065233946,0.9901960492134094,0.008023910224437714
SpeedDating,CatBoost,7540,838,0.17620086359769035,0.28958322861819574,0.018254291266202927,0.02818915620446205,0.8830549120903015,0.0088050477206707
SpeedDating,ExtraTrees,7540,838,0.19214912811587656,0.3091313275863915,0.016636233776807785,0.03536510467529297,0.8687350749969482,0.02385278046131134
SpeedDating,LightGBM,7540,838,0.17610099221986794,0.2900898068606739,0.02188744582235813,0.03013208881020546,0.8866348266601562,0.009042326360940933
SpeedDating,LinearModel,7540,838,0.18911296530564733,0.3114430841518298,0.026654459536075592,0.03581363707780838,0.8723150491714478,0.01090903952717781
SpeedDating,NeuralNetFastAI,7540,838,0.18730697513992955,0.3062932025996407,0.022429579868912697,0.0316130667924881,0.8782815933227539,0.009823232889175415
SpeedDating,NeuralNetTorch,7540,838,0.18749528046236297,0.3067522686156664,0.0220066849142313,0.02965828776359558,0.8675417900085449,0.010939724743366241
SpeedDating,RandomForest,7540,838,0.19040171268337577,0.3100997462734051,0.020421400666236877,0.03492197394371033,0.8699284195899963,0.034414198249578476
SpeedDating,XGBoost,7540,838,0.1750942347338887,0.2888722389146724,0.021028950810432434,0.02461199276149273,0.8830549120903015,0.010147176682949066
Titanic,CatBoost,1980,221,0.25295267030313545,0.40844780216992577,0.06500279158353806,0.0507243350148201,0.8325791954994202,0.0032158493995666504
Titanic,ExtraTrees,1980,221,0.2596687693327303,0.42187763777321957,0.06905154138803482,0.06389419734477997,0.8325791954994202,0.0031392648816108704
Titanic,LightGBM,1980,221,0.2528273015492212,0.40801409375786485,0.06589507311582565,0.051262591034173965,0.8325791954994202,0.003380458801984787
Titanic,LinearModel,1980,221,0.2700891721575921,0.44027197586913913,0.06924455612897873,0.08164820075035095,0.8325791954994202,0.0033348090946674347
Titanic,NeuralNetFastAI,1980,221,0.2534278265832167,0.4084370459232106,0.06712246686220169,0.05568991228938103,0.8325791954994202,0.0028561241924762726
Titanic,NeuralNetTorch,1980,221,0.2538081855450836,0.4105466826689485,0.06670372188091278,0.05354387313127518,0.8325791954994202,0.003060370683670044
Titanic,RandomForest,1980,221,0.25612322253079395,0.4157420205560612,0.06654287129640579,0.0502115860581398,0.8325791954994202,0.0033267438411712646
Titanic,XGBoost,1980,221,0.25320531366843446,0.40854139009841833,0.06587087363004684,0.052293796092271805,0.8325791954994202,0.0032080188393592834
ada,CatBoost,3732,415,0.1700322697762155,0.267167373423052,0.013038456439971924,0.031139208003878593,0.8867470026016235,0.006881840527057648
ada,ExtraTrees,3732,415,0.19418798699559073,0.30468394477051547,0.016812000423669815,0.039536409080028534,0.8602409362792969,0.015627894550561905
ada,LightGBM,3732,415,0.17139852151477158,0.27337319416432554,0.015213314443826675,0.046465914696455,0.8819277286529541,0.006237424910068512
ada,LinearModel,3732,415,0.19709371942628365,0.3111667233980264,0.014094721525907516,0.03380923718214035,0.8554216623306274,0.018949303776025772
ada,NeuralNetFastAI,3732,415,0.1861369291071033,0.29562940374658153,0.017787130549550056,0.03337782248854637,0.8771084547042847,0.009370379149913788
ada,NeuralNetTorch,3732,415,0.18466281033612925,0.28870247109747177,0.014019355177879333,0.03803062066435814,0.8698795437812805,0.005060873925685883
ada,RandomForest,3732,415,0.18132325576569905,0.2876278203692064,0.011633321642875671,0.04031650349497795,0.8771084547042847,0.005894776433706284
ada,XGBoost,3732,415,0.1696144839373632,0.26803776051935085,0.009619196876883507,0.0299124363809824,0.8819277286529541,0.0069279782474040985
adult,CatBoost,43957,4885,0.17123098025872296,0.2706662670727258,0.00527927465736866,0.009998798370361328,0.8771750330924988,0.045387230813503265
adult,ExtraTrees,43957,4885,0.19002806801274394,0.3000094722000079,0.005671785678714514,0.017015818506479263,0.8638690114021301,0.1068531982600689
adult,LightGBM,43957,4885,0.17077260357370694,0.2689324186576926,0.005871661938726902,0.01286805048584938,0.8769702911376953,0.04494543373584747
adult,LinearModel,43957,4885,0.20331880401462044,0.31880807651563087,0.008915053680539131,0.011628304608166218,0.8538382649421692,0.07339003309607506
adult,NeuralNetFastAI,43957,4885,0.18922384419346033,0.29940075328290333,0.007876068353652954,0.008713467046618462,0.8640736937522888,0.053567953407764435
adult,NeuralNetTorch,43957,4885,0.19131152749855196,0.30105500985417494,0.007125470321625471,0.01175593864172697,0.8628454208374023,0.05031930282711983
adult,RandomForest,43957,4885,0.1870664414515093,0.2939678302588518,0.006748721934854984,0.01300886832177639,0.8630501627922058,0.08602993562817574
adult,XGBoost,43957,4885,0.17014695993458864,0.2679894961692235,0.0056967297568917274,0.012140236794948578,0.8765609264373779,0.044071268290281296
ailerons,CatBoost,12375,1375,0.15974780737833905,0.2603045850576822,0.012650560587644577,0.026046177372336388,0.8909090757369995,0.013899896293878555
ailerons,ExtraTrees,12375,1375,0.16839078835389623,0.2753927199607775,0.008270896971225739,0.02090860716998577,0.8807272911071777,0.018681950867176056
ailerons,LightGBM,12375,1375,0.15868227641647553,0.25808350847703243,0.010344166308641434,0.020801883190870285,0.8909090757369995,0.0155661441385746
ailerons,LinearModel,12375,1375,0.16989273341428254,0.276040096820587,0.010041657835245132,0.0194809939712286,0.8814545273780823,0.010823775082826614
ailerons,NeuralNetFastAI,12375,1375,0.16665306891423218,0.2701880343946047,0.009660884737968445,0.02293700911104679,0.8821818232536316,0.01658453792333603
ailerons,NeuralNetTorch,12375,1375,0.16475754748707175,0.26770047696827254,0.00904257781803608,0.02411862462759018,0.8829091191291809,0.015330348163843155
ailerons,RandomForest,12375,1375,0.1635375146125237,0.32829151674001233,0.00928646232932806,0.026483498513698578,0.8807272911071777,0.041967302560806274
ailerons,XGBoost,12375,1375,0.15921139145771784,0.25863954106331577,0.009075237438082695,0.024188822135329247,0.8880000114440918,0.015719443559646606
arcene,CatBoost,90,10,0.3940082023834621,0.8119893861794566,0.14268386363983154,0.2593673765659332,0.699999988079071,0.0024459101259708405
arcene,ExtraTrees,90,10,0.27181409000161005,0.48418621619611474,0.0977022647857666,0.24025657773017883,0.8999999761581421,0.0021205805242061615
arcene,LightGBM,90,10,0.4070887728281349,0.6518838113141194,0.1344110071659088,0.2895696759223938,0.699999988079071,0.003024827688932419
arcene,LinearModel,90,10,0.27555044437076315,0.4208795518242872,0.10751157253980637,0.2883449196815491,0.699999988079071,0.00336412712931633
arcene,NeuralNetFastAI,90,10,0.3238418952889893,0.5599010174386488,0.1249297708272934,0.27401283383369446,0.800000011920929,0.005264397710561752
arcene,NeuralNetTorch,90,10,0.37378132715564427,0.8773184068181397,0.15501195192337036,0.2531372606754303,0.699999988079071,0.0027342699468135834
arcene,RandomForest,90,10,0.39134447656778604,0.736908069583106,0.09890301525592804,0.2740163207054138,0.800000011920929,0.0020308122038841248
arcene,XGBoost,90,10,0.395082749501751,0.6146599007124696,0.11110316216945648,0.2650425434112549,0.699999988079071,0.0021350234746932983
arsenic-female-bladder,CatBoost,503,56,0.19621637089351932,0.31317357942497936,0.024284791201353073,0.0724453330039978,0.8928571343421936,0.002916228026151657
arsenic-female-bladder,ExtraTrees,503,56,0.20871674414008953,0.3337943682521581,0.04039577394723892,0.10045173019170761,0.8571428656578064,0.005000442266464233
arsenic-female-bladder,LightGBM,503,56,0.21424944891690986,0.341332991115074,0.04360991716384888,0.07432543486356735,0.8571428656578064,0.004106197506189346
arsenic-female-bladder,LinearModel,503,56,0.23957592245606385,0.3720931444278116,0.04615183174610138,0.09668930619955063,0.8392857313156128,0.0026362016797065735
arsenic-female-bladder,NeuralNetFastAI,503,56,0.20824924233386474,0.31614839782083143,0.034927695989608765,0.07239146530628204,0.8392857313156128,0.003451865166425705
arsenic-female-bladder,NeuralNetTorch,503,56,0.18497060074421334,0.30937950624844535,0.04737555980682373,0.0971045047044754,0.875,0.004577189683914185
arsenic-female-bladder,RandomForest,503,56,0.21871477063541359,0.35776154800641363,0.04847535490989685,0.08132094889879227,0.8571428656578064,0.007041111588478088
arsenic-female-bladder,XGBoost,503,56,0.20933992459669007,0.34021900384510795,0.027556151151657104,0.0703185424208641,0.8571428656578064,0.0029073506593704224
autoUniv-au1-1000,CatBoost,900,100,0.3624475003611917,0.5502573117543083,0.04810471832752228,0.10097096115350723,0.7799999713897705,0.0028563477098941803
autoUniv-au1-1000,ExtraTrees,900,100,0.3610573018652584,0.5581803026040536,0.03086322546005249,0.08108824491500854,0.7699999809265137,0.002749059349298477
autoUniv-au1-1000,LightGBM,900,100,0.3525969260288236,0.5467721431794631,0.042572021484375,0.14165477454662323,0.7799999713897705,0.002650432288646698
autoUniv-au1-1000,LinearModel,900,100,0.37871067217305765,0.5713932009907492,0.0655151829123497,0.11744137108325958,0.75,0.002698466181755066
autoUniv-au1-1000,NeuralNetFastAI,900,100,0.3501506813539358,0.5378377976870644,0.04027566686272621,0.08818502724170685,0.7799999713897705,0.0027709007263183594
autoUniv-au1-1000,NeuralNetTorch,900,100,0.3540038408070297,0.5361902890186012,0.04945404827594757,0.051282044500112534,0.75,0.0030818842351436615
autoUniv-au1-1000,RandomForest,900,100,0.38214541926275636,0.5694656515848385,0.04402020573616028,0.11370497196912766,0.7300000190734863,0.002687569707632065
autoUniv-au1-1000,XGBoost,900,100,0.36314500503756575,0.5486424145679609,0.0516047477722168,0.11896291375160217,0.75,0.0027745068073272705
bank-marketing,CatBoost,40689,4522,0.1172728558174229,0.1864671659101437,0.005309343338012695,0.008177550509572029,0.9130915403366089,0.03459349647164345
bank-marketing,ExtraTrees,40689,4522,0.12629316200251794,0.2006903243928775,0.009236261248588562,0.013071655295789242,0.904245913028717,0.13718030601739883
bank-marketing,LightGBM,40689,4522,0.11933437754418963,0.18903684675426904,0.005667626857757568,0.01000557653605938,0.9122070074081421,0.03492070361971855
bank-marketing,LinearModel,40689,4522,0.14114015189282456,0.2279673742942372,0.006321784108877182,0.007033522706478834,0.8987174034118652,0.034289829432964325
bank-marketing,NeuralNetFastAI,40689,4522,0.12030431455636052,0.19093270570603785,0.0058984942734241486,0.009672306478023529,0.9119858741760254,0.038150493055582047
bank-marketing,NeuralNetTorch,40689,4522,0.12020741354013924,0.19055907470964686,0.0071199992671608925,0.00912532676011324,0.9113224148750305,0.03845789283514023
bank-marketing,RandomForest,40689,4522,0.12541535355293484,0.19899203606445107,0.0083975400775671,0.011210893280804157,0.9057939052581787,0.1051163598895073
bank-marketing,XGBoost,40689,4522,0.11926435843694341,0.19008187133554033,0.0058969054371118546,0.007600758224725723,0.9130915403366089,0.030807655304670334
bank32nh,CatBoost,7372,820,0.26946548178528995,0.41268021442351616,0.022236496210098267,0.04849422723054886,0.792682945728302,0.009870778769254684
bank32nh,ExtraTrees,7372,820,0.27120210724002286,0.4162870303001423,0.023619644343852997,0.045593395829200745,0.7987805008888245,0.006164956837892532
bank32nh,LightGBM,7372,820,0.2686692558894887,0.4126616667591136,0.024789318442344666,0.04616343602538109,0.79756098985672,0.009901333600282669
bank32nh,LinearModel,7372,820,0.26883449735586157,0.4108178769804005,0.0210710521787405,0.03997271507978439,0.7939024567604065,0.011567343026399612
bank32nh,NeuralNetFastAI,7372,820,0.255479079861971,0.39551457497979803,0.022805646061897278,0.03476963937282562,0.8097561001777649,0.010869581252336502
bank32nh,NeuralNetTorch,7372,820,0.2616303330791987,0.404313289341587,0.017206745222210884,0.027788516134023666,0.8085365891456604,0.009372808039188385
bank32nh,RandomForest,7372,820,0.285076042578275,0.43571508616362364,0.0262969508767128,0.04026053100824356,0.790243923664093,0.007334943860769272
bank32nh,XGBoost,7372,820,0.27253630395202216,0.4189075509835194,0.021686900407075882,0.04209776967763901,0.8012195229530334,0.00876595452427864
bank8FM,CatBoost,7372,820,0.07433582502350007,0.12002744960647051,0.008639122359454632,0.014520318247377872,0.9475609660148621,0.011018555611371994
bank8FM,ExtraTrees,7372,820,0.07894227819497933,0.1266623411736833,0.010837411507964134,0.019387470558285713,0.9451219439506531,0.011647865176200867
bank8FM,LightGBM,7372,820,0.07541244147995638,0.12045595584952005,0.009185154922306538,0.019414769485592842,0.9487804770469666,0.011066034436225891
bank8FM,LinearModel,7372,820,0.08166935988057557,0.13374964501286885,0.00851483829319477,0.02084212750196457,0.9451219439506531,0.012900903820991516
bank8FM,NeuralNetFastAI,7372,820,0.0763203489906759,0.11770162512263259,0.00911988876760006,0.023934051394462585,0.9487804770469666,0.010961510241031647
bank8FM,NeuralNetTorch,7372,820,0.07895298141853914,0.12277811461529481,0.010703266598284245,0.019536029547452927,0.9439024329185486,0.011714912950992584
bank8FM,RandomForest,7372,820,0.07794007839937402,0.1302024398664024,0.008810803294181824,0.019241588190197945,0.9439024329185486,0.013955842703580856
bank8FM,XGBoost,7372,820,0.0763841924467459,0.1263891856919703,0.008842171169817448,0.021810831502079964,0.9463414549827576,0.010025009512901306
blood-transfusion-service-center,CatBoost,673,75,0.32931805015667864,0.4976773692122983,0.07404658198356628,0.07814394682645798,0.7599999904632568,0.0027295872569084167
blood-transfusion-service-center,ExtraTrees,673,75,0.32292391296931167,0.48950258065154256,0.06127844378352165,0.10738196969032288,0.7599999904632568,0.0027835890650749207
blood-transfusion-service-center,LightGBM,673,75,0.32029673269928577,0.4840254419162202,0.0592198446393013,0.11192311346530914,0.7599999904632568,0.002786841243505478
blood-transfusion-service-center,LinearModel,673,75,0.3114357836317062,0.4674037149378657,0.0651024580001831,0.08774516731500626,0.7333333492279053,0.003095146268606186
blood-transfusion-service-center,NeuralNetFastAI,673,75,0.3147250860946628,0.47247029179388134,0.06369069963693619,0.09734756499528885,0.7733333110809326,0.0027314871549606323
blood-transfusion-service-center,NeuralNetTorch,673,75,0.32355524063283136,0.4873996009897284,0.07675091922283173,0.1419529765844345,0.7333333492279053,0.0034165382385253906
blood-transfusion-service-center,RandomForest,673,75,0.3247233583932539,0.49277360857936836,0.06327774375677109,0.1038324162364006,0.7733333110809326,0.0027430616319179535
blood-transfusion-service-center,XGBoost,673,75,0.33308708687992444,0.5071756516999432,0.04867066442966461,0.09921320527791977,0.746666669845581,0.002569485455751419
boston_corrected,CatBoost,455,51,0.16942280255583597,0.27533931412021373,0.08560249209403992,0.1084076464176178,0.8627451062202454,0.002935834228992462
boston_corrected,ExtraTrees,455,51,0.14408531864973048,0.2467232630554985,0.09098094701766968,0.12681646645069122,0.9019607901573181,0.005270913243293762
boston_corrected,LightGBM,455,51,0.15807698804861398,0.26047143148106344,0.08369238674640656,0.13395200669765472,0.9215686321258545,0.0029650740325450897
boston_corrected,LinearModel,455,51,0.18405150472022405,0.2927626147289763,0.09337068349123001,0.1449289619922638,0.8627451062202454,0.0030859708786010742
boston_corrected,NeuralNetFastAI,455,51,0.15096724551171728,0.2528286644927748,0.11058303713798523,0.12810787558555603,0.8823529481887817,0.0026265867054462433
boston_corrected,NeuralNetTorch,455,51,0.1789738487569109,0.28230301242947414,0.09416185319423676,0.16278484463691711,0.8627451062202454,0.0032247602939605713
boston_corrected,RandomForest,455,51,0.16975093601486752,0.2805899719220899,0.08201630413532257,0.1290280818939209,0.8823529481887817,0.004929631948471069
boston_corrected,XGBoost,455,51,0.19923483976468112,0.3122350619652544,0.08525419235229492,0.1355515867471695,0.8823529481887817,0.00309063121676445
churn,CatBoost,4500,500,0.08519091711237226,0.17381672005048235,0.012087629176676273,0.021688377484679222,0.949999988079071,0.008291799575090408
churn,ExtraTrees,4500,500,0.08719025653889519,0.2050223571887764,0.019132835790514946,0.03206551820039749,0.9480000138282776,0.015524208545684814
churn,LightGBM,4500,500,0.09075401348094954,0.18698372909814684,0.014842640608549118,0.03279909864068031,0.9459999799728394,0.006583988666534424
churn,LinearModel,4500,500,0.19896561278862487,0.32303300720698747,0.02742396853864193,0.06607691198587418,0.8479999899864197,0.00635884702205658
churn,NeuralNetFastAI,4500,500,0.07615454370991319,0.1619490150629894,0.008698658086359501,0.019139207899570465,0.9580000042915344,0.010533761233091354
churn,NeuralNetTorch,4500,500,0.08363980353091555,0.17723262091182151,0.018625658005475998,0.029480768367648125,0.9520000219345093,0.007912453263998032
churn,RandomForest,4500,500,0.09892008445233497,0.21127188704743183,0.017426351085305214,0.029011104255914688,0.9399999976158142,0.013008832931518555
churn,XGBoost,4500,500,0.0875794280196406,0.1790525527063009,0.013891841284930706,0.03202642500400543,0.9520000219345093,0.007247161120176315
climate-model-simulation-crashes,CatBoost,486,54,0.09385896920578628,0.195719901298946,0.04432867467403412,0.05939445272088051,0.9444444179534912,0.0035818368196487427
climate-model-simulation-crashes,ExtraTrees,486,54,0.0864119394912536,0.3699152921936062,0.04690178111195564,0.06617854535579681,0.9444444179534912,0.002994157373905182
climate-model-simulation-crashes,LightGBM,486,54,0.09659740474638236,0.344640858889852,0.0515727624297142,0.06000100076198578,0.9444444179534912,0.0036440640687942505
climate-model-simulation-crashes,LinearModel,486,54,0.10077818326061659,0.32142428585947297,0.061641592532396317,0.07584008574485779,0.9444444179534912,0.004534386098384857
climate-model-simulation-crashes,NeuralNetFastAI,486,54,0.09712507261681436,0.3637145598555308,0.04890120401978493,0.060155853629112244,0.9444444179534912,0.004527661949396133
climate-model-simulation-crashes,NeuralNetTorch,486,54,0.10523318610832927,0.34574374063412927,0.04327641800045967,0.08111261576414108,0.9074074029922485,0.004650082439184189
climate-model-simulation-crashes,RandomForest,486,54,0.09890730822019975,0.24504217228161895,0.06749999523162842,0.07987955957651138,0.9259259104728699,0.00408998504281044
climate-model-simulation-crashes,XGBoost,486,54,0.09217291947706883,0.22297339707003078,0.061142079532146454,0.0713454857468605,0.9259259104728699,0.003150511533021927
colleges_usnews,CatBoost,1171,131,0.37565132727084727,0.545984420169448,0.05695715919137001,0.11256694793701172,0.7099236845970154,0.0032051987946033478
colleges_usnews,ExtraTrees,1171,131,0.3713301511381403,0.5435794384912336,0.06066303700208664,0.13960175216197968,0.694656491279602,0.003773406147956848
colleges_usnews,LightGBM,1171,131,0.3870660503623823,0.5610464341222329,0.07403465360403061,0.12610997259616852,0.7099236845970154,0.0029870793223381042
colleges_usnews,LinearModel,1171,131,0.39105540420676405,0.5640494370572979,0.060157693922519684,0.1273041069507599,0.6717557311058044,0.0032612644135951996
colleges_usnews,NeuralNetFastAI,1171,131,0.39841548955601436,0.5712714274151138,0.07960247248411179,0.12542758882045746,0.6793892979621887,0.003319069743156433
colleges_usnews,NeuralNetTorch,1171,131,0.3855548411036568,0.5553168067044957,0.07550543546676636,0.165940523147583,0.694656491279602,0.003664858639240265
colleges_usnews,RandomForest,1171,131,0.36889374193077146,0.5587707205833492,0.05781019479036331,0.14384868741035461,0.694656491279602,0.004283163696527481
colleges_usnews,XGBoost,1171,131,0.3938606966322135,0.5671507908466707,0.07563881576061249,0.14732252061367035,0.6793892979621887,0.0029346495866775513
cpu_act,CatBoost,7372,820,0.06476945708688067,0.11094705848620527,0.013886556029319763,0.024538980796933174,0.9585365653038025,0.010508324950933456
cpu_act,ExtraTrees,7372,820,0.0758800740383695,0.1274242524656461,0.014270853251218796,0.03020833060145378,0.95243901014328,0.022137999534606934
cpu_act,LightGBM,7372,820,0.06651065457636106,0.11222539477085382,0.013171650469303131,0.02673540636897087,0.9609755873680115,0.010752443224191666
cpu_act,LinearModel,7372,820,0.08408639850033893,0.1433319112862173,0.015626735985279083,0.02828090824186802,0.9426829218864441,0.015347417443990707
cpu_act,NeuralNetFastAI,7372,820,0.07068643640213347,0.12068211337228006,0.01711396872997284,0.036589834839105606,0.949999988079071,0.017174452543258667
cpu_act,NeuralNetTorch,7372,820,0.0736642971737211,0.12672940627510026,0.017932524904608727,0.031768787652254105,0.959756076335907,0.010332327336072922
cpu_act,RandomForest,7372,820,0.07398348872743399,0.1274581013100627,0.015118440613150597,0.02773478999733925,0.9560975432395935,0.02564959228038788
cpu_act,XGBoost,7372,820,0.06438370614379398,0.10991892306485627,0.014532632194459438,0.026919739320874214,0.9560975432395935,0.010295350104570389
cpu_small,CatBoost,7372,820,0.09562469863536173,0.1536274981747918,0.011073563247919083,0.03143066167831421,0.9365853667259216,0.010184284299612045
cpu_small,ExtraTrees,7372,820,0.10364598479848672,0.16475284276684166,0.009727101773023605,0.01727049984037876,0.9280487895011902,0.02897784858942032
cpu_small,LightGBM,7372,820,0.09608404748467037,0.15476109988138403,0.010191205888986588,0.03527539595961571,0.9353658556938171,0.009497281163930893
cpu_small,LinearModel,7372,820,0.12632392075846782,0.20018871931477922,0.010081224143505096,0.024358302354812622,0.9085366129875183,0.028932616114616394
cpu_small,NeuralNetFastAI,7372,820,0.1088045623949617,0.17009033588682554,0.008038416504859924,0.032923225313425064,0.9207317233085632,0.013583485037088394
cpu_small,NeuralNetTorch,7372,820,0.10339316809127584,0.16492586275148124,0.012351050972938538,0.02835949882864952,0.9207317233085632,0.010273315012454987
cpu_small,RandomForest,7372,820,0.10182282835157787,0.16420906830996854,0.01306094229221344,0.025620978325605392,0.9329268336296082,0.025673750787973404
cpu_small,XGBoost,7372,820,0.09804368742462376,0.15814137497224695,0.010853921994566917,0.03262299671769142,0.9365853667259216,0.010616090148687363
credit-g,CatBoost,900,100,0.2743567119395732,0.4242791030090288,0.05001188442111015,0.10728764533996582,0.8199999928474426,0.0028955116868019104
credit-g,ExtraTrees,900,100,0.2815752463393622,0.43811669246879814,0.049502868205308914,0.12875141203403473,0.8199999928474426,0.0027872100472450256
credit-g,LightGBM,900,100,0.28642133898322825,0.44486833134423376,0.04624728858470917,0.06576033681631088,0.800000011920929,0.00299728661775589
credit-g,LinearModel,900,100,0.30710553537835444,0.4689229796879374,0.04991143196821213,0.08516828715801239,0.7900000214576721,0.002915583550930023
credit-g,NeuralNetFastAI,900,100,0.2950919028644965,0.4506615656201244,0.04028339684009552,0.06985481083393097,0.7699999809265137,0.002769090235233307
credit-g,NeuralNetTorch,900,100,0.3082187218256163,0.47314509591044845,0.07428766787052155,0.08609649538993835,0.7799999713897705,0.003779686987400055
credit-g,RandomForest,900,100,0.27358250656117555,0.42498729455354306,0.059547364711761475,0.09932459890842438,0.7900000214576721,0.009759970009326935
credit-g,XGBoost,900,100,0.2928288518616318,0.44475230898378804,0.04237125813961029,0.07234817743301392,0.7699999809265137,0.0030301548540592194
cylinder-bands,CatBoost,486,54,0.18771588860340438,0.3069389740193377,0.049968037754297256,0.11653857678174973,0.8518518805503845,0.0029902085661888123
cylinder-bands,ExtraTrees,486,54,0.17406381691311457,0.29236139348466045,0.05141972750425339,0.12416896224021912,0.8888888955116272,0.005932126194238663
cylinder-bands,LightGBM,486,54,0.1825199731671951,0.3042690725052987,0.051606275141239166,0.1296481490135193,0.8703703880310059,0.0028410330414772034
cylinder-bands,LinearModel,486,54,0.2672690916596445,0.4155022812789059,0.04909951239824295,0.11943572014570236,0.7777777910232544,0.0035047493875026703
cylinder-bands,NeuralNetFastAI,486,54,0.24876643707940096,0.4018255525202277,0.08650359511375427,0.15933361649513245,0.8703703880310059,0.0036635659635066986
cylinder-bands,NeuralNetTorch,486,54,0.22273696032839105,0.3604639256916461,0.08024358749389648,0.1648416668176651,0.8518518805503845,0.005179155617952347
cylinder-bands,RandomForest,486,54,0.17092815613903287,0.2856385427365055,0.037048470228910446,0.12079735100269318,0.8888888955116272,0.005144029855728149
cylinder-bands,XGBoost,486,54,0.17379998089355092,0.29542558730710994,0.06399627029895782,0.1281251162290573,0.8703703880310059,0.00283142551779747
delta_ailerons,CatBoost,6416,713,0.08930620736998063,0.17915847580053645,0.008611468598246574,0.020081868395209312,0.946704089641571,0.008403219282627106
delta_ailerons,ExtraTrees,6416,713,0.09412219752402019,0.30380183521609777,0.01785323955118656,0.02725743129849434,0.9453015327453613,0.021701619029045105
delta_ailerons,LightGBM,6416,713,0.09092972828865561,0.1838872277172694,0.009494739584624767,0.025674398988485336,0.9438990354537964,0.00719451904296875
delta_ailerons,LinearModel,6416,713,0.11164895244878727,0.22149114483510432,0.013484228402376175,0.03560617193579674,0.9382889270782471,0.007784154266119003
delta_ailerons,NeuralNetFastAI,6416,713,0.10179556609119035,0.20179109194967143,0.010911270044744015,0.024633653461933136,0.9424964785575867,0.008504875004291534
delta_ailerons,NeuralNetTorch,6416,713,0.10045486540893915,0.19831831733640706,0.010988578200340271,0.01908939704298973,0.9438990354537964,0.008430372923612595
delta_ailerons,RandomForest,6416,713,0.09360341927388786,0.18724523764927836,0.012474827468395233,0.023515893146395683,0.9424964785575867,0.020513854920864105
delta_ailerons,XGBoost,6416,713,0.09144566112160571,0.18580629442172747,0.010979222133755684,0.02596314251422882,0.9453015327453613,0.007496926933526993
delta_elevators,CatBoost,8565,952,0.17665668039489557,0.29647059595307346,0.011011376045644283,0.019374536350369453,0.8855041861534119,0.008251652121543884
delta_elevators,ExtraTrees,8565,952,0.17967926442220936,0.299276282058755,0.011263687163591385,0.023821720853447914,0.8802521228790283,0.006846830248832703
delta_elevators,LightGBM,8565,952,0.17503909807836346,0.2938136500822762,0.013419417664408684,0.027200622484087944,0.8876050710678101,0.007390562444925308
delta_elevators,LinearModel,8565,952,0.1800531480547017,0.31016970441402325,0.014820583164691925,0.028846358880400658,0.8771008253097534,0.009820595383644104
delta_elevators,NeuralNetFastAI,8565,952,0.17802222213476837,0.29935053654753635,0.009873993694782257,0.020176582038402557,0.875,0.01016126200556755
delta_elevators,NeuralNetTorch,8565,952,0.17633517037928112,0.2956619458066502,0.0108681321144104,0.025852520018815994,0.8802521228790283,0.010018382221460342
delta_elevators,RandomForest,8565,952,0.1833895814511242,0.3041366822794864,0.012173265218734741,0.03259658440947533,0.8739495873451233,0.023901455104351044
delta_elevators,XGBoost,8565,952,0.17655369179410008,0.2951918053442843,0.008796545676887035,0.027304591611027718,0.8844537734985352,0.009211305528879166
diabetes,CatBoost,691,77,0.24594342288748744,0.3878528395952272,0.04215994477272034,0.10162247717380524,0.8441558480262756,0.0027206726372241974
diabetes,ExtraTrees,691,77,0.2322795795708381,0.3691186293596791,0.047605469822883606,0.11512197554111481,0.8571428656578064,0.0023932605981826782
diabetes,LightGBM,691,77,0.24229367894092016,0.3824736439627883,0.03094388358294964,0.08760195970535278,0.8441558480262756,0.002718620002269745
diabetes,LinearModel,691,77,0.2255596991224997,0.3643167704817335,0.05724627524614334,0.09325092285871506,0.8571428656578064,0.0026841871440410614
diabetes,NeuralNetFastAI,691,77,0.24413876179483024,0.3884117072822705,0.06324280053377151,0.12060323357582092,0.8181818127632141,0.0029980577528476715
diabetes,NeuralNetTorch,691,77,0.24769684083581747,0.3876293894159004,0.04967699944972992,0.1554282307624817,0.8181818127632141,0.003005754202604294
diabetes,RandomForest,691,77,0.24085075655191537,0.38318744755259543,0.0452389270067215,0.09659039974212646,0.8311688303947449,0.0027681514620780945
diabetes,XGBoost,691,77,0.25754638189114903,0.40321711525601067,0.04058147966861725,0.14721226692199707,0.8051947951316833,0.0026436112821102142
dresses-sales,CatBoost,450,50,0.4758011885780951,0.668693121218626,0.0686638206243515,0.10965289175510406,0.5799999833106995,0.002046775072813034
dresses-sales,ExtraTrees,450,50,0.5004049170748075,0.69427400966835,0.10168486833572388,0.13336516916751862,0.5799999833106995,0.0019836314022541046
dresses-sales,LightGBM,450,50,0.4948037384312287,0.6910977354248478,0.082077756524086,0.14631520211696625,0.5799999833106995,0.0020714253187179565
dresses-sales,LinearModel,450,50,0.4749041211641527,0.6689712876616314,0.085870161652565,0.16334226727485657,0.6000000238418579,0.002067502588033676
dresses-sales,NeuralNetFastAI,450,50,0.48582601608863923,0.6855742227288197,0.08808213472366333,0.20100492238998413,0.6600000262260437,0.0019305422902107239
dresses-sales,NeuralNetTorch,450,50,0.478053471425945,0.6736767008683334,0.07602177560329437,0.09839607030153275,0.6200000047683716,0.0021587014198303223
dresses-sales,RandomForest,450,50,0.5043315684381503,0.6988580465943577,0.08616073429584503,0.12760987877845764,0.6000000238418579,0.0021127089858055115
dresses-sales,XGBoost,450,50,0.49868194129299426,0.6953882171845919,0.06701930612325668,0.11621284484863281,0.6000000238418579,0.002073589712381363
eeg-eye-state,CatBoost,13482,1498,0.06060606819593434,0.10500544113317022,0.007418912835419178,0.010931392200291157,0.9612817168235779,0.014454081654548645
eeg-eye-state,ExtraTrees,13482,1498,0.08064799123863554,0.13398150883544194,0.010218895971775055,0.013460101559758186,0.9405874609947205,0.04029982537031174
eeg-eye-state,LightGBM,13482,1498,0.06726885611589745,0.11385064045230504,0.00890269037336111,0.01489008218050003,0.9566088318824768,0.016690894961357117
eeg-eye-state,LinearModel,13482,1498,0.4481475862775465,0.6383867568634167,0.021165721118450165,0.04988296702504158,0.62950599193573,0.04605712741613388
eeg-eye-state,NeuralNetFastAI,13482,1498,0.25264498644430616,0.39894559030243887,0.048493292182683945,0.08385282009840012,0.8204272389411926,0.015251364558935165
eeg-eye-state,NeuralNetTorch,13482,1498,0.026055692430684497,0.047294210760521885,0.0032616569660604,0.0076203434728085995,0.9826435446739197,0.024016570299863815
eeg-eye-state,RandomForest,13482,1498,0.09453324648233367,0.1589227824156196,0.009495865553617477,0.014496665447950363,0.9385848045349121,0.04121050238609314
eeg-eye-state,XGBoost,13482,1498,0.07060081277294046,0.11976945988889896,0.007881026715040207,0.009422548115253448,0.9532710313796997,0.017245639115571976
electricity,CatBoost,40780,4532,0.08100019335305333,0.14005470758692126,0.0050995671190321445,0.011736304499208927,0.947925865650177,0.04311347007751465
electricity,ExtraTrees,40780,4532,0.13704253637143163,0.22670426976587377,0.005913459695875645,0.011527073569595814,0.906222403049469,0.09782632812857628
electricity,LightGBM,40780,4532,0.08163323711484147,0.1430292613232783,0.00791772361844778,0.014134685508906841,0.9485878348350525,0.03973197937011719
electricity,LinearModel,40780,4532,0.32872223420294,0.4944297700421302,0.00788823515176773,0.013713479042053223,0.7575021982192993,0.025897089391946793
electricity,NeuralNetFastAI,40780,4532,0.21953226875946116,0.34547598442067334,0.009550407528877258,0.01658312790095806,0.8431156277656555,0.028157293796539307
electricity,NeuralNetTorch,40780,4532,0.18563494762800628,0.29872207716549104,0.01961214281618595,0.030865322798490524,0.8720211982727051,0.04596433788537979
electricity,RandomForest,40780,4532,0.10581454771587659,0.18088619393282862,0.0068321749567985535,0.01184924878180027,0.9300529360771179,0.09927218407392502
electricity,XGBoost,40780,4532,0.07955817735196777,0.13965432186030402,0.006019731983542442,0.011048073880374432,0.948367178440094,0.039625853300094604
fri_c0_1000_5,CatBoost,900,100,0.12175251585569757,0.19019013687465283,0.05660264566540718,0.09636003524065018,0.9100000262260437,0.0029495246708393097
fri_c0_1000_5,ExtraTrees,900,100,0.14412126195099603,0.22026314055261928,0.05493183434009552,0.09407289326190948,0.8799999952316284,0.007008112967014313
fri_c0_1000_5,LightGBM,900,100,0.11529743882002248,0.1786518133168956,0.03671982139348984,0.0673055350780487,0.8999999761581421,0.004620105028152466
fri_c0_1000_5,LinearModel,900,100,0.21164175390459447,0.3520460082379803,0.07152807712554932,0.11704834550619125,0.8500000238418579,0.0028503574430942535
fri_c0_1000_5,NeuralNetFastAI,900,100,0.0990084713009648,0.15664914786761985,0.043950434774160385,0.068291075527668,0.9399999976158142,0.007230270653963089
fri_c0_1000_5,NeuralNetTorch,900,100,0.09948700768758653,0.15291532934352584,0.02903311513364315,0.08532022684812546,0.9100000262260437,0.0033308565616607666
fri_c0_1000_5,RandomForest,900,100,0.12719180058534976,0.21320435256992581,0.050662633031606674,0.0700773149728775,0.9300000071525574,0.006057288497686386
fri_c0_1000_5,XGBoost,900,100,0.13652322330898548,0.21410835709985432,0.03900113329291344,0.0956939086318016,0.8799999952316284,0.003972243517637253
fri_c0_500_5,CatBoost,450,50,0.20052786446005716,0.3090097058320866,0.07118386030197144,0.14458127319812775,0.8199999928474426,0.0022248774766921997
fri_c0_500_5,ExtraTrees,450,50,0.2516648309640084,0.39275331813375736,0.09410308301448822,0.12946739792823792,0.800000011920929,0.003998983651399612
fri_c0_500_5,LightGBM,450,50,0.20507894429239593,0.3177469304509872,0.07828201353549957,0.11515474319458008,0.8600000143051147,0.003646720200777054
fri_c0_500_5,LinearModel,450,50,0.2899942713847462,0.4369802603012081,0.04633241891860962,0.11001959443092346,0.7799999713897705,0.0026263222098350525
fri_c0_500_5,NeuralNetFastAI,450,50,0.1942646538147417,0.288349268896687,0.0735398605465889,0.11630302667617798,0.8399999737739563,0.00500994548201561
fri_c0_500_5,NeuralNetTorch,450,50,0.20470700447919227,0.3042822424059248,0.07664553821086884,0.11992248892784119,0.8600000143051147,0.003382999449968338
fri_c0_500_5,RandomForest,450,50,0.26659839071403296,0.3943183193688187,0.08844222128391266,0.15991277992725372,0.800000011920929,0.006789069622755051
fri_c0_500_5,XGBoost,450,50,0.22568389952193896,0.3528628165242286,0.07829456031322479,0.12147844582796097,0.800000011920929,0.0027748234570026398
fri_c1_1000_50,CatBoost,900,100,0.11963759270426574,0.20721180893919416,0.0147781977429986,0.05874252691864967,0.9300000071525574,0.003395475447177887
fri_c1_1000_50,ExtraTrees,900,100,0.11467181869316814,0.19559425223954297,0.023366250097751617,0.065012127161026,0.9300000071525574,0.0029742158949375153
fri_c1_1000_50,LightGBM,900,100,0.13926365019637552,0.21636516263893632,0.03164830431342125,0.08124512434005737,0.8799999952316284,0.0036250799894332886
fri_c1_1000_50,LinearModel,900,100,0.4106277684859039,0.5971323533323077,0.04507658630609512,0.1355581134557724,0.6800000071525574,0.0022667236626148224
fri_c1_1000_50,NeuralNetFastAI,900,100,0.14846094112134614,0.25930524363690344,0.05299612134695053,0.099648118019104,0.8999999761581421,0.003441929817199707
fri_c1_1000_50,NeuralNetTorch,900,100,0.22971110340448725,0.36187621649171275,0.04941880330443382,0.11032033711671829,0.8500000238418579,0.0033641308546066284
fri_c1_1000_50,RandomForest,900,100,0.156215664983374,0.2671050292875178,0.028991345316171646,0.08511553704738617,0.8999999761581421,0.0027728043496608734
fri_c1_1000_50,XGBoost,900,100,0.12299217438995369,0.20283958755755754,0.032831523567438126,0.0894111841917038,0.8999999761581421,0.003786832094192505
fri_c2_1000_25,CatBoost,900,100,0.12464370438914532,0.21482161903531274,0.03211355209350586,0.066816546022892,0.9200000166893005,0.003675844520330429
fri_c2_1000_25,ExtraTrees,900,100,0.1470705217653391,0.2551612008589841,0.02721736580133438,0.07058705389499664,0.8799999952316284,0.003136228770017624
fri_c2_1000_25,LightGBM,900,100,0.1438486589000464,0.24951406349339753,0.030858896672725677,0.06307476758956909,0.8899999856948853,0.0038190484046936035
fri_c2_1000_25,LinearModel,900,100,0.3620903940909264,0.5315961703059783,0.05590154975652695,0.08357314020395279,0.7300000190734863,0.00239461287856102
fri_c2_1000_25,NeuralNetFastAI,900,100,0.12636804256116657,0.21687290114709754,0.0260486863553524,0.07219398021697998,0.9200000166893005,0.0036812834441661835
fri_c2_1000_25,NeuralNetTorch,900,100,0.13075892493399652,0.22348227977093796,0.019205400720238686,0.05474134907126427,0.9100000262260437,0.003414515405893326
fri_c2_1000_25,RandomForest,900,100,0.15529613106859613,0.2988514985208606,0.03742026910185814,0.06254366040229797,0.8899999856948853,0.0054289810359478
fri_c2_1000_25,XGBoost,900,100,0.14308605939136976,0.24931265727765264,0.03377426043152809,0.06459494680166245,0.8899999856948853,0.004158727824687958
fri_c2_500_50,CatBoost,450,50,0.19053436205435378,0.29531160706848264,0.05393088608980179,0.1507636457681656,0.8600000143051147,0.003003150224685669
fri_c2_500_50,ExtraTrees,450,50,0.21841801181291262,0.32947212035265705,0.050174906849861145,0.15818820893764496,0.8399999737739563,0.0024433545768260956
fri_c2_500_50,LightGBM,450,50,0.18214273638244982,0.27866372770560544,0.05427064374089241,0.12803426384925842,0.8799999952316284,0.003092508763074875
fri_c2_500_50,LinearModel,450,50,0.3884992806876161,0.5578357174086236,0.07726733386516571,0.15313880145549774,0.6800000071525574,0.0024500079452991486
fri_c2_500_50,NeuralNetFastAI,450,50,0.20737664856206273,0.3506279923556855,0.07606960833072662,0.1596136838197708,0.8799999952316284,0.003058195114135742
fri_c2_500_50,NeuralNetTorch,450,50,0.26562817592944993,0.4233921810778021,0.04931016266345978,0.12904714047908783,0.7799999713897705,0.0030906088650226593
fri_c2_500_50,RandomForest,450,50,0.22610104983095042,0.34191879543683784,0.051566701382398605,0.11425025016069412,0.800000011920929,0.0027372725307941437
fri_c2_500_50,XGBoost,450,50,0.23013076342593008,0.3491422937275431,0.05456871539354324,0.11353324353694916,0.8399999737739563,0.003115106374025345
fri_c3_1000_10,CatBoost,900,100,0.10528645676883251,0.17933460466556475,0.029194271191954613,0.07267734408378601,0.9300000071525574,0.003433872014284134
fri_c3_1000_10,ExtraTrees,900,100,0.0933757947573525,0.16666430383779168,0.01771439053118229,0.052387263625860214,0.9399999976158142,0.007174655795097351
fri_c3_1000_10,LightGBM,900,100,0.11165241717614936,0.1819870110236882,0.022678103297948837,0.04523582383990288,0.9300000071525574,0.0037935785949230194
fri_c3_1000_10,LinearModel,900,100,0.38629963046148275,0.5669052989436811,0.04910726845264435,0.13421176373958588,0.7099999785423279,0.0021163932979106903
fri_c3_1000_10,NeuralNetFastAI,900,100,0.08302511414846916,0.14248742094224232,0.035149917006492615,0.06087735667824745,0.949999988079071,0.0033665820956230164
fri_c3_1000_10,NeuralNetTorch,900,100,0.09259925798677276,0.17182639760943857,0.028369084000587463,0.07212014496326447,0.949999988079071,0.003251977264881134
fri_c3_1000_10,RandomForest,900,100,0.11548815240221103,0.21267552119182953,0.02439076639711857,0.09158679842948914,0.9300000071525574,0.006644852459430695
fri_c3_1000_10,XGBoost,900,100,0.09908641607952541,0.17996080767604566,0.030325504019856453,0.06589387357234955,0.949999988079071,0.003413870930671692
fri_c3_1000_25,CatBoost,900,100,0.10967515061149079,0.16536707235383208,0.029232988134026527,0.06364066153764725,0.9100000262260437,0.003881700336933136
fri_c3_1000_25,ExtraTrees,900,100,0.10136306369627845,0.15542420077766336,0.021826468408107758,0.07876214385032654,0.9200000166893005,0.004636168479919434
fri_c3_1000_25,LightGBM,900,100,0.07947910332298835,0.13280587465297408,0.020143892616033554,0.06552424281835556,0.9599999785423279,0.004603136330842972
fri_c3_1000_25,LinearModel,900,100,0.42812679286286426,0.6091569174620686,0.040192969143390656,0.03638877347111702,0.6499999761581421,0.002213750034570694
fri_c3_1000_25,NeuralNetFastAI,900,100,0.08042223195463066,0.13869366699219873,0.025728359818458557,0.05093962699174881,0.949999988079071,0.0031015127897262573
fri_c3_1000_25,NeuralNetTorch,900,100,0.08049247561038199,0.16110651274494228,0.031413815915584564,0.08023467659950256,0.9599999785423279,0.0032626837491989136
fri_c3_1000_25,RandomForest,900,100,0.13606396594718806,0.2087348352309904,0.028101421892642975,0.07869859039783478,0.9100000262260437,0.007091861218214035
fri_c3_1000_25,XGBoost,900,100,0.09832753299558815,0.16254767151640487,0.022362682968378067,0.06499040871858597,0.9300000071525574,0.003670208156108856
fri_c3_500_10,CatBoost,450,50,0.21189395595836505,0.3470901173396376,0.06988440454006195,0.10588580369949341,0.8799999952316284,0.0028897449374198914
fri_c3_500_10,ExtraTrees,450,50,0.2436887322729951,0.4187203514627176,0.08473863452672958,0.12443932145833969,0.8600000143051147,0.004016168415546417
fri_c3_500_10,LightGBM,450,50,0.25236317919172685,0.4047832800004629,0.07620640844106674,0.14045023918151855,0.800000011920929,0.004144582897424698
fri_c3_500_10,LinearModel,450,50,0.3996568204722879,0.5857653694344145,0.0811368003487587,0.16969254612922668,0.7400000095367432,0.002007320523262024
fri_c3_500_10,NeuralNetFastAI,450,50,0.22249390489569515,0.3744709977470888,0.06322885304689407,0.15693174302577972,0.8399999737739563,0.0029867328703403473
fri_c3_500_10,NeuralNetTorch,450,50,0.17813886965197284,0.2906902927441516,0.0392630361020565,0.1342785507440567,0.8799999952316284,0.0028628818690776825
fri_c3_500_10,RandomForest,450,50,0.2253586495603507,0.38689013903485664,0.07302496582269669,0.13193203508853912,0.8399999737739563,0.005109474062919617
fri_c3_500_10,XGBoost,450,50,0.21111061020826377,0.3496852909801845,0.06848534196615219,0.11570804566144943,0.8600000143051147,0.0030616670846939087
fri_c3_500_50,CatBoost,450,50,0.22272313370761826,0.34685200462213805,0.0750129222869873,0.1668226569890976,0.800000011920929,0.0028973370790481567
fri_c3_500_50,ExtraTrees,450,50,0.1973613441568406,0.31206034736975646,0.07556571811437607,0.14236567914485931,0.8600000143051147,0.0023890435695648193
fri_c3_500_50,LightGBM,450,50,0.18519689019814753,0.308189636542312,0.04784466698765755,0.11894135177135468,0.8600000143051147,0.0030618496239185333
fri_c3_500_50,LinearModel,450,50,0.4254313846681471,0.6049810940183884,0.1009831577539444,0.16707468032836914,0.5600000023841858,0.0024408474564552307
fri_c3_500_50,NeuralNetFastAI,450,50,0.4277880351791734,0.6134763081160216,0.08171200752258301,0.23804548382759094,0.6600000262260437,0.002929855138063431
fri_c3_500_50,NeuralNetTorch,450,50,0.4069598981950604,0.5944391363047771,0.0809965580701828,0.13724017143249512,0.699999988079071,0.004948068410158157
fri_c3_500_50,RandomForest,450,50,0.1918086678513281,0.3042387302096566,0.040001124143600464,0.0979599803686142,0.8999999761581421,0.008233092725276947
fri_c3_500_50,XGBoost,450,50,0.173154602685642,0.298196104554236,0.04565625637769699,0.1264977604150772,0.8799999952316284,0.00292007252573967
fri_c4_500_100,CatBoost,450,50,0.1632463041436701,0.24498520200498583,0.05274350941181183,0.12574507296085358,0.8999999761581421,0.0028675980865955353
fri_c4_500_100,ExtraTrees,450,50,0.1564339675295203,0.23782202249312476,0.060026511549949646,0.0911724865436554,0.8399999737739563,0.0024367384612560272
fri_c4_500_100,LightGBM,450,50,0.15086148416171588,0.23885700917679917,0.048906005918979645,0.11175179481506348,0.8999999761581421,0.002880822867155075
fri_c4_500_100,LinearModel,450,50,0.4479439516057453,0.6368501000305931,0.07871653139591217,0.124271459877491,0.6000000238418579,0.0028191804885864258
fri_c4_500_100,NeuralNetFastAI,450,50,0.4511990742945507,0.6418436521416624,0.09409042447805405,0.09149446338415146,0.6399999856948853,0.002830781042575836
fri_c4_500_100,NeuralNetTorch,450,50,0.4498244180984339,0.6418093476010721,0.11058589816093445,0.17493201792240143,0.7200000286102295,0.0033354945480823517
fri_c4_500_100,RandomForest,450,50,0.17175707970688603,0.262709968542038,0.042227502912282944,0.11868938058614731,0.8799999952316284,0.0023196935653686523
fri_c4_500_100,XGBoost,450,50,0.14755037134081495,0.22870780238568414,0.05050734430551529,0.07171512395143509,0.8999999761581421,0.002861298620700836
fried,CatBoost,36691,4077,0.09252797916380873,0.14579085170435793,0.006719495169818401,0.011491214856505394,0.931812584400177,0.06568822264671326
fried,ExtraTrees,36691,4077,0.11412479891060175,0.17902519827997967,0.009298751130700111,0.016357257962226868,0.9205297827720642,0.07812831178307533
fried,LightGBM,36691,4077,0.09343376276076779,0.14762699926351577,0.007064262870699167,0.011940944008529186,0.9296051263809204,0.0904364250600338
fried,LinearModel,36691,4077,0.2316395047937794,0.36693139115476625,0.009604353457689285,0.015189946629106998,0.839587926864624,0.02414388582110405
fried,NeuralNetFastAI,36691,4077,0.09118140432576366,0.14419331211540384,0.008199673146009445,0.01206209696829319,0.9340201020240784,0.03584609180688858
fried,NeuralNetTorch,36691,4077,0.09079178460430706,0.14390560711443784,0.006543755531311035,0.01168858539313078,0.9350012540817261,0.035469900816679
fried,RandomForest,36691,4077,0.11552720927018931,0.18221007928962893,0.008763640187680721,0.017105264589190483,0.9153789281845093,0.04680921137332916
fried,XGBoost,36691,4077,0.09455727088711537,0.15047142560654928,0.006628214381635189,0.01160453911870718,0.9335295557975769,0.05583861842751503
gina,CatBoost,2837,316,0.060514738874556946,0.10374049237365562,0.010487197898328304,0.02923477441072464,0.9620253443717957,0.005373988300561905
gina,ExtraTrees,2837,316,0.09388686261573319,0.16134175728572442,0.01158144697546959,0.0317276269197464,0.9430379867553711,0.010641872882843018
gina,LightGBM,2837,316,0.0634442848194189,0.11091486336939829,0.01020178571343422,0.028527945280075073,0.9588607549667358,0.005106519907712936
gina,LinearModel,2837,316,0.22544040771757962,0.36411429741831436,0.04514031484723091,0.08084338158369064,0.8417721390724182,0.01034817099571228
gina,NeuralNetFastAI,2837,316,0.0573662506918388,0.10952245400445557,0.030344584956765175,0.05249623581767082,0.9746835231781006,0.014767568558454514
gina,NeuralNetTorch,2837,316,0.057721173187073795,0.1124848047212897,0.029723862186074257,0.054781723767519,0.9778481125831604,0.009760972112417221
gina,RandomForest,2837,316,0.09101288899530977,0.1562454864247149,0.008723613806068897,0.03026169165968895,0.9398733973503113,0.007651414722204208
gina,XGBoost,2837,316,0.06795972040501433,0.11743280006058565,0.009357376024127007,0.02353752590715885,0.9556962251663208,0.0036465488374233246
hill-valley,CatBoost,1090,122,0.4803100834086912,0.673116832091419,0.04925158619880676,0.08034562319517136,0.5573770403862,0.0021508224308490753
hill-valley,ExtraTrees,1090,122,0.4671573835705618,0.6597467317028589,0.04287339001893997,0.08064869046211243,0.6147540807723999,0.0020117126405239105
hill-valley,LightGBM,1090,122,0.45226647858872115,0.6436583373641082,0.05317280441522598,0.05763328820466995,0.5983606576919556,0.001992523670196533
hill-valley,LinearModel,1090,122,0.15856153673037152,0.32077106264166716,0.08055741339921951,0.13432219624519348,0.9098360538482666,0.00633249431848526
hill-valley,NeuralNetFastAI,1090,122,0.2828289696802259,0.4266495609630883,0.14453744888305664,0.2058284878730774,0.8442623019218445,0.007685251533985138
hill-valley,NeuralNetTorch,1090,122,0.13303263938878993,0.22392414113221196,0.04885140806436539,0.06991805881261826,0.9098360538482666,0.004330947995185852
hill-valley,RandomForest,1090,122,0.4689945124198535,0.6616362816895174,0.05678306519985199,0.07670638710260391,0.631147563457489,0.0023811571300029755
hill-valley,XGBoost,1090,122,0.47505515321199254,0.667712883117612,0.03248368948698044,0.031168196350336075,0.5901639461517334,0.002385307103395462
hiva_agnostic,CatBoost,3806,423,0.06341607969649649,0.135644995521838,0.011946607381105423,0.02086608298122883,0.9645389914512634,0.007428057491779327
hiva_agnostic,ExtraTrees,3806,423,0.06407737435847323,0.1438438755271425,0.01637330651283264,0.02055959776043892,0.9621749520301819,0.015042271465063095
hiva_agnostic,LightGBM,3806,423,0.06385447618299894,0.1382608457571668,0.011455168947577477,0.020651116967201233,0.9645389914512634,0.005791269242763519
hiva_agnostic,LinearModel,3806,423,0.06325407285356507,0.14051582894612125,0.018455196171998978,0.013148697093129158,0.9645389914512634,0.014343943446874619
hiva_agnostic,NeuralNetFastAI,3806,423,0.05956175581458851,0.1333630941457246,0.00964849442243576,0.011836055666208267,0.9669030904769897,0.01333940401673317
hiva_agnostic,NeuralNetTorch,3806,423,0.06298497786308453,0.14023517463421575,0.013590840622782707,0.01982320472598076,0.9669030904769897,0.008341655135154724
hiva_agnostic,RandomForest,3806,423,0.06433596623806967,0.1398328352016666,0.014639719389379025,0.021469328552484512,0.9645389914512634,0.014538392424583435
hiva_agnostic,XGBoost,3806,423,0.061401877523556546,0.13314535912157632,0.01139221340417862,0.020370155572891235,0.9669030904769897,0.006624370813369751
houses,CatBoost,18576,2064,0.016287684621023743,0.029321349808863112,0.003434046870097518,0.008363778702914715,0.9903100728988647,0.021468602120876312
houses,ExtraTrees,18576,2064,0.015755786658976194,0.0285929852604516,0.004109114408493042,0.0068498048931360245,0.9898256063461304,0.027776136994361877
houses,LightGBM,18576,2064,0.01808324947784438,0.03191836766374791,0.005000657867640257,0.006643842440098524,0.9874030947685242,0.02309335395693779
houses,LinearModel,18576,2064,0.04675075495224214,0.08325521405314139,0.007138434797525406,0.01824960671365261,0.9685077667236328,0.01762983947992325
houses,NeuralNetFastAI,18576,2064,0.01780385932174285,0.031838518081047894,0.0046063875779509544,0.00894774030894041,0.9878876209259033,0.028033152222633362
houses,NeuralNetTorch,18576,2064,0.018737770346849904,0.033466868514748414,0.00433954456821084,0.007907797582447529,0.9874030947685242,0.0369226299226284
houses,RandomForest,18576,2064,0.01890763670762651,0.03286181732044872,0.0036744491662830114,0.006758444011211395,0.9883720874786377,0.03244446963071823
houses,XGBoost,18576,2064,0.017820634030471016,0.03157997654633652,0.004127773456275463,0.007398935966193676,0.9893410801887512,0.02439643070101738
ilpd,CatBoost,524,59,0.36380032841257226,0.5309457371419782,0.05031599849462509,0.07477468997240067,0.694915235042572,0.0025271177291870117
ilpd,ExtraTrees,524,59,0.3469704889815679,0.49770020238043944,0.05076640099287033,0.10155168175697327,0.7118644118309021,0.0025844424962997437
ilpd,LightGBM,524,59,0.3612461303633196,0.5233199933907108,0.0669899508357048,0.18483616411685944,0.7118644118309021,0.00227569043636322
ilpd,LinearModel,524,59,0.4025998846399838,0.7700189162093088,0.08270499855279922,0.15768864750862122,0.6440678238868713,0.0037078484892845154
ilpd,NeuralNetFastAI,524,59,0.3508367094016375,0.4959857333992171,0.06378846615552902,0.12014249712228775,0.6610169410705566,0.0027740709483623505
ilpd,NeuralNetTorch,524,59,0.36784760640090947,0.540300703741512,0.05632781982421875,0.09130045026540756,0.6779661178588867,0.006709538400173187
ilpd,RandomForest,524,59,0.3567621707794443,0.5150983130061351,0.04071729630231857,0.06912637501955032,0.694915235042572,0.0026217252016067505
ilpd,XGBoost,524,59,0.3647751023893027,0.5242926403217296,0.05757371336221695,0.08522680401802063,0.7118644118309021,0.002381943166255951
jasmine,CatBoost,2685,299,0.26436301120380995,0.4025453560489858,0.029042094945907593,0.06093009561300278,0.8093645572662354,0.005747929215431213
jasmine,ExtraTrees,2685,299,0.2721207103307908,0.4083536654259255,0.024247679859399796,0.05071677640080452,0.8193979859352112,0.009280133992433548
jasmine,LightGBM,2685,299,0.2586151529025778,0.3957267633167573,0.020372845232486725,0.04836469516158104,0.8227424621582031,0.0047752708196640015
jasmine,LinearModel,2685,299,0.28893027172434405,0.44279779796334595,0.023117545992136,0.032032113522291183,0.7926421165466309,0.0058288611471652985
jasmine,NeuralNetFastAI,2685,299,0.2828006720349217,0.4276545757484335,0.02855318784713745,0.06019098684191704,0.8060200810432434,0.0058314986526966095
jasmine,NeuralNetTorch,2685,299,0.2820490801017233,0.4260331211959032,0.030167311429977417,0.058730367571115494,0.8060200810432434,0.004773527383804321
jasmine,RandomForest,2685,299,0.2621113035494383,0.3944012309242845,0.035059764981269836,0.07539612799882889,0.8060200810432434,0.011676188558340073
jasmine,XGBoost,2685,299,0.2573198249722296,0.39407746612965483,0.021316058933734894,0.04119563102722168,0.8260869383811951,0.00487128272652626
jm1,CatBoost,9796,1089,0.2642673930335163,0.417109361095749,0.009853696450591087,0.024641375988721848,0.8172635436058044,0.011316776275634766
jm1,ExtraTrees,9796,1089,0.2616600093049329,0.4114632203806183,0.011080749332904816,0.024568885564804077,0.8209366202354431,0.03610413521528244
jm1,LightGBM,9796,1089,0.2642549008587808,0.41784470760099485,0.011833308264613152,0.02607746236026287,0.8191000819206238,0.011807110160589218
jm1,LinearModel,9796,1089,0.27969985698674077,0.4417548442737235,0.012442588806152344,0.024525783956050873,0.8163452744483948,0.010727211833000183
jm1,NeuralNetFastAI,9796,1089,0.26882708797461397,0.42970050509225083,0.015702396631240845,0.03643682226538658,0.8255280256271362,0.03336266428232193
jm1,NeuralNetTorch,9796,1089,0.27509803895165996,0.4343795443268044,0.01717895269393921,0.029012015089392662,0.8145087361335754,0.012101009488105774
jm1,RandomForest,9796,1089,0.262322056733515,0.4138387044544523,0.009534969925880432,0.015167886391282082,0.8209366202354431,0.04363121837377548
jm1,XGBoost,9796,1089,0.2640992724392007,0.41722732413532576,0.009917664341628551,0.030286556109786034,0.8172635436058044,0.011763840913772583
kc1,CatBoost,1898,211,0.1846553807779445,0.3089866144287581,0.02786668762564659,0.0587584413588047,0.8767772316932678,0.004298880696296692
kc1,ExtraTrees,1898,211,0.18653758866839834,0.31162936257066687,0.030152492225170135,0.052636947482824326,0.8767772316932678,0.008232802152633667
kc1,LightGBM,1898,211,0.19211388980270785,0.31730377618111283,0.01770114339888096,0.03032314032316208,0.8815165758132935,0.0042311809957027435
kc1,LinearModel,1898,211,0.20908241380038017,0.33781692946557895,0.02776668593287468,0.060340866446495056,0.8530805706977844,0.003432042896747589
kc1,NeuralNetFastAI,1898,211,0.19206516097364518,0.3181005208255206,0.028167523443698883,0.05354533717036247,0.8720378875732422,0.004028491675853729
kc1,NeuralNetTorch,1898,211,0.2115337886129473,0.33876073162188974,0.023475661873817444,0.05030083283782005,0.8483412265777588,0.005069851875305176
kc1,RandomForest,1898,211,0.18758021583727627,0.31013527157720544,0.025618650019168854,0.048989709466695786,0.8815165758132935,0.011714868247509003
kc1,XGBoost,1898,211,0.20150303027480018,0.33282897197005346,0.02207615226507187,0.049065303057432175,0.8767772316932678,0.004067897796630859
kc2,CatBoost,469,53,0.2452053638476253,0.3674990872702631,0.07570942491292953,0.14233385026454926,0.7735849022865295,0.002882033586502075
kc2,ExtraTrees,469,53,0.25109748645728924,0.3764661876059311,0.06679921597242355,0.1346389353275299,0.7735849022865295,0.0031264908611774445
kc2,LightGBM,469,53,0.23577665927613609,0.354957906056456,0.09074291586875916,0.16450202465057373,0.7924528121948242,0.0025264807045459747
kc2,LinearModel,469,53,0.24723207552428714,0.3738094709890154,0.07542218267917633,0.1456286460161209,0.7547169923782349,0.0032866746187210083
kc2,NeuralNetFastAI,469,53,0.2526097472666713,0.37462441441784683,0.07143722474575043,0.1338908076286316,0.7735849022865295,0.004360873252153397
kc2,NeuralNetTorch,469,53,0.2537909211116296,0.3856830748277711,0.06213812530040741,0.1367788016796112,0.7735849022865295,0.002864465117454529
kc2,RandomForest,469,53,0.25370470332607614,0.38625764708586924,0.08866125345230103,0.15100015699863434,0.8113207817077637,0.0027252361178398132
kc2,XGBoost,469,53,0.23991245830429136,0.36405992746953947,0.08147381246089935,0.16512343287467957,0.7924528121948242,0.0027784444391727448
kdd_el_nino-small,CatBoost,703,79,0.0995098720749639,0.14733298640457135,0.034992847591638565,0.07347065210342407,0.9240506291389465,0.0038988329470157623
kdd_el_nino-small,ExtraTrees,703,79,0.11022825910587784,0.1715795158076099,0.02804897539317608,0.06362404674291611,0.9367088675498962,0.00824730098247528
kdd_el_nino-small,LightGBM,703,79,0.11009130317557106,0.16991810600492158,0.04000402241945267,0.0711076632142067,0.9367088675498962,0.0037706568837165833
kdd_el_nino-small,LinearModel,703,79,0.09939197169920516,0.15400626779231724,0.029608629643917084,0.06361953169107437,0.9113923907279968,0.005281336605548859
kdd_el_nino-small,NeuralNetFastAI,703,79,0.09901173258363291,0.18010725417561968,0.02457156777381897,0.06559744477272034,0.949367105960846,0.0055519938468933105
kdd_el_nino-small,NeuralNetTorch,703,79,0.12442819037899962,0.21006845712988167,0.03525006026029587,0.08629494905471802,0.9113923907279968,0.003969296813011169
kdd_el_nino-small,RandomForest,703,79,0.10030052135938143,0.14859230107864868,0.025802012532949448,0.0600627064704895,0.9367088675498962,0.007511008530855179
kdd_el_nino-small,XGBoost,703,79,0.10960056240976361,0.17667560804547805,0.03758719936013222,0.06719211488962173,0.9367088675498962,0.003863118588924408
kdd_internet_usage,CatBoost,9097,1011,0.15028311060252747,0.2376876881538579,0.011605423875153065,0.02591969072818756,0.9000989198684692,0.012175548821687698
kdd_internet_usage,ExtraTrees,9097,1011,0.16049539595980192,0.2529585668041062,0.014371280558407307,0.028420735150575638,0.8872403502464294,0.03674943745136261
kdd_internet_usage,LightGBM,9097,1011,0.15023663035020504,0.2360086942869992,0.01255049929022789,0.022892145439982414,0.895153284072876,0.012478198856115341
kdd_internet_usage,LinearModel,9097,1011,0.1688537106883808,0.2733312152772528,0.011797524988651276,0.0219733864068985,0.8763600587844849,0.01169099286198616
kdd_internet_usage,NeuralNetFastAI,9097,1011,0.15185068830808943,0.23460673354739522,0.012509972788393497,0.028882533311843872,0.8902077078819275,0.01231776550412178
kdd_internet_usage,NeuralNetTorch,9097,1011,0.15151045867088894,0.23531235410637405,0.014265898615121841,0.028848957270383835,0.8911968469619751,0.010252919048070908
kdd_internet_usage,RandomForest,9097,1011,0.1602429830927305,0.2524309248443349,0.013673292472958565,0.028163136914372444,0.8892185688018799,0.03195306286215782
kdd_internet_usage,XGBoost,9097,1011,0.1495174884915259,0.23650097316285146,0.0116681307554245,0.0279037207365036,0.8981207013130188,0.011518813669681549
kick,CatBoost,65684,7299,0.16131245743631195,0.2844634042810209,0.00510011799633503,0.008823920972645283,0.9035484194755554,0.040193088352680206
kick,ExtraTrees,65684,7299,0.16949700833793443,0.29747054606786416,0.004621484316885471,0.014052974991500378,0.8980682492256165,0.1806856505572796
kick,LightGBM,65684,7299,0.16429881495980733,0.2901072366372541,0.004105124622583389,0.006338430568575859,0.9013563394546509,0.0427415706217289
kick,LinearModel,65684,7299,0.17107101747491638,0.30120444995418133,0.0033523282036185265,0.005093615036457777,0.8980682492256165,0.039737969636917114
kick,NeuralNetFastAI,65684,7299,0.16372502226124894,0.2886448205065845,0.0050081126391887665,0.011483317241072655,0.9024524092674255,0.04785669967532158
kick,NeuralNetTorch,65684,7299,0.1636486632734652,0.2890685098453441,0.0033847838640213013,0.007956127636134624,0.9028633832931519,0.09713391959667206
kick,RandomForest,65684,7299,0.168446877485733,0.2960279936712954,0.0071043651551008224,0.009572358801960945,0.897794246673584,0.1245054230093956
kick,XGBoost,65684,7299,0.16173486656864136,0.28537662653284535,0.004548775032162666,0.008980534970760345,0.903685450553894,0.04194436967372894
kin8nm,CatBoost,7372,820,0.14606919818656075,0.23290512616192846,0.018298983573913574,0.037828121334314346,0.8975609540939331,0.009610489010810852
kin8nm,ExtraTrees,7372,820,0.21420363366100945,0.339149145221856,0.022074401378631592,0.05329025536775589,0.8500000238418579,0.025723479688167572
kin8nm,LightGBM,7372,820,0.1523084162761107,0.24276964011468724,0.016186490654945374,0.02936258353292942,0.8902438879013062,0.026597704738378525
kin8nm,LinearModel,7372,820,0.35528774408003316,0.535701657548055,0.015028633177280426,0.029030080884695053,0.7365853786468506,0.006748821586370468
kin8nm,NeuralNetFastAI,7372,820,0.12874869442308665,0.20325853454825338,0.015580210834741592,0.030098574236035347,0.9048780202865601,0.012277226895093918
kin8nm,NeuralNetTorch,7372,820,0.12790568056371276,0.20066329080957987,0.014664612710475922,0.03135812655091286,0.9134146571159363,0.007649071514606476
kin8nm,RandomForest,7372,820,0.2129532511937231,0.3361084878341965,0.019538143649697304,0.03443709760904312,0.8463414907455444,0.0217292383313179
kin8nm,XGBoost,7372,820,0.17741976526235093,0.28548219927467994,0.024337297305464745,0.03398491442203522,0.8817073106765747,0.009999368339776993
madeline,CatBoost,2826,314,0.1926988187922618,0.32636418071096557,0.02209486998617649,0.047647178173065186,0.8662420511245728,0.002980150282382965
madeline,ExtraTrees,2826,314,0.22114172549185546,0.37256055155423906,0.02214442938566208,0.04149851202964783,0.8407643437385559,0.00337899848818779
madeline,LightGBM,2826,314,0.21280005441264807,0.35758517888628966,0.024300310760736465,0.036524198949337006,0.8598726391792297,0.003936611115932465
madeline,LinearModel,2826,314,0.48196016032903327,0.6746433720809317,0.02359028160572052,0.030359478667378426,0.5859872698783875,0.0026493966579437256
madeline,NeuralNetFastAI,2826,314,0.3907550144133292,0.5743168525965828,0.05806136876344681,0.10400877147912979,0.7165604829788208,0.00559350848197937
madeline,NeuralNetTorch,2826,314,0.36538019091918444,0.5463241204738765,0.06503337621688843,0.09579060226678848,0.7611464858055115,0.005241423845291138
madeline,RandomForest,2826,314,0.23108802067962664,0.3887774322217914,0.022202353924512863,0.04908224940299988,0.8503184914588928,0.010908864438533783
madeline,XGBoost,2826,314,0.21716193523460567,0.363407198510814,0.024711813777685165,0.0454045832157135,0.8662420511245728,0.0036629699170589447
madelon,CatBoost,2340,260,0.1886002490506944,0.31753428741239986,0.026205413043498993,0.05151598900556564,0.8692307472229004,0.003358401358127594
madelon,ExtraTrees,2340,260,0.2113905819598474,0.3513644070977535,0.03097107633948326,0.06800335645675659,0.8653846383094788,0.003260664641857147
madelon,LightGBM,2340,260,0.19277870155763493,0.3298655528751314,0.04645196720957756,0.0962589681148529,0.8807692527770996,0.0039046555757522583
madelon,LinearModel,2340,260,0.48781805340333323,0.6808996446805496,0.03767528012394905,0.027961749583482742,0.5923076868057251,0.0029945820569992065
madelon,NeuralNetFastAI,2340,260,0.40683716266961145,0.5958061721346178,0.0798897072672844,0.1268351823091507,0.7423076629638672,0.004351891577243805
madelon,NeuralNetTorch,2340,260,0.43470321837125825,0.6255708703385208,0.07718600332736969,0.13452370464801788,0.6884615421295166,0.008807595819234848
madelon,RandomForest,2340,260,0.2168691151757743,0.36113466956851265,0.02923499047756195,0.0767868235707283,0.8500000238418579,0.0030412711203098297
madelon,XGBoost,2340,260,0.19863278835138992,0.33420019733090184,0.02878929302096367,0.06853806972503662,0.8846153616905212,0.0037494637072086334
mammography,CatBoost,10064,1119,0.02114370212885135,0.0489599984453835,0.002596931764855981,0.005002978257834911,0.9874888062477112,0.010999739170074463
mammography,ExtraTrees,10064,1119,0.026091822661463322,0.057831015072707284,0.006984774488955736,0.012361021712422371,0.9865951538085938,0.020407088100910187
mammography,LightGBM,10064,1119,0.023155853002339577,0.05018404840401579,0.004414384253323078,0.011516791768372059,0.9857015013694763,0.009938009083271027
mammography,LinearModel,10064,1119,0.030363559419109544,0.07668079859917411,0.0070083895698189735,0.008725137449800968,0.9803395867347717,0.023441020399332047
mammography,NeuralNetFastAI,10064,1119,0.024297612428922633,0.05488900623767719,0.003949680831283331,0.00873902253806591,0.9848078489303589,0.01932837814092636
mammography,NeuralNetTorch,10064,1119,0.02527686823547862,0.055753848561632145,0.0036233230493962765,0.010163857601583004,0.9857015013694763,0.015023060142993927
mammography,RandomForest,10064,1119,0.026581439378624554,0.05717026094946378,0.0069908807054162025,0.009655673988163471,0.9857015013694763,0.029754333198070526
mammography,XGBoost,10064,1119,0.022539092229410394,0.050544021445770713,0.0039900559931993484,0.006005615461617708,0.9865951538085938,0.011076852679252625
mc1,CatBoost,8519,947,0.008123074940529378,0.016113326709060176,0.0025174887850880623,0.004072856158018112,0.9947201609611511,0.010040633380413055
mc1,ExtraTrees,8519,947,0.008571840181695219,0.01891111103746307,0.0026999874971807003,0.004303806461393833,0.9947201609611511,0.019918259233236313
mc1,LightGBM,8519,947,0.006835244117385015,0.013759354133463322,0.0016343530733138323,0.0040721166878938675,0.9968320727348328,0.010203041136264801
mc1,LinearModel,8519,947,0.011586946323117749,0.029780570713747342,0.004451281391084194,0.003926869016140699,0.9926082491874695,0.013527702540159225
mc1,NeuralNetFastAI,8519,947,0.01034147352238661,0.02602146965069752,0.003075112123042345,0.002360894810408354,0.9947201609611511,0.008179768919944763
mc1,NeuralNetTorch,8519,947,0.012104686719781203,0.03015348482406106,0.0044553084298968315,0.004402574151754379,0.9926082491874695,0.009305287152528763
mc1,RandomForest,8519,947,0.01023615638375784,0.021207253320321785,0.0023532856721431017,0.0027461862191557884,0.9947201609611511,0.024695273488759995
mc1,XGBoost,8519,947,0.0076500958001334204,0.014523044452797207,0.0014276582514867187,0.003520758356899023,0.9947201609611511,0.010638576000928879
meta,CatBoost,475,53,0.09856011940434108,0.15105237990932646,0.04762130230665207,0.08518601208925247,0.9245283007621765,0.00270245224237442
meta,ExtraTrees,475,53,0.13683955322358818,0.22493212328530182,0.06722952425479889,0.10780356079339981,0.9056603908538818,0.003108009696006775
meta,LightGBM,475,53,0.10551500750315071,0.16093609902570374,0.04991983622312546,0.06909115612506866,0.9433962106704712,0.0028867386281490326
meta,LinearModel,475,53,0.09007471089728492,0.15149184886211378,0.04634679853916168,0.08246522396802902,0.9622641801834106,0.0021175332367420197
meta,NeuralNetFastAI,475,53,0.10906625063133041,0.18121733031899964,0.06868549436330795,0.10370712727308273,0.9245283007621765,0.0037323571741580963
meta,NeuralNetTorch,475,53,0.09386533426774266,0.14953582582575475,0.058730192482471466,0.08307723701000214,0.9622641801834106,0.007502015680074692
meta,RandomForest,475,53,0.11490942440330824,0.19267358005011692,0.07212445884943008,0.1301189512014389,0.8867924809455872,0.006811775267124176
meta,XGBoost,475,53,0.10019150867461865,0.15852692857699083,0.05673440545797348,0.08085869997739792,0.9433962106704712,0.0030347220599651337
mozilla4,CatBoost,13990,1555,0.0680357362809187,0.12102950114585038,0.008623480796813965,0.012968380935490131,0.9569131731987,0.014301888644695282
mozilla4,ExtraTrees,13990,1555,0.06832436751691988,0.12143699630682235,0.004105370491743088,0.009562181308865547,0.9543408155441284,0.04835547134280205
mozilla4,LightGBM,13990,1555,0.0655984895225615,0.1174208560993149,0.006327854469418526,0.019078930839896202,0.9549839496612549,0.015440680086612701
mozilla4,LinearModel,13990,1555,0.11472106585588314,0.20201125632004388,0.01407809741795063,0.01972755417227745,0.933118999004364,0.015152517706155777
mozilla4,NeuralNetFastAI,13990,1555,0.11503748740069283,0.2068134103539578,0.009718394838273525,0.01684219017624855,0.9266880750656128,0.015359103679656982
mozilla4,NeuralNetTorch,13990,1555,0.09160516966016415,0.1600905048435912,0.012875191867351532,0.022679349407553673,0.9382636547088623,0.032732706516981125
mozilla4,RandomForest,13990,1555,0.0678425391854211,0.11663115761924255,0.005599126219749451,0.012192792259156704,0.9524115920066833,0.04595603048801422
mozilla4,XGBoost,13990,1555,0.06740272337847494,0.12000963866338726,0.008463531732559204,0.0163629911839962,0.9536977410316467,0.016970861703157425
no2,CatBoost,450,50,0.438717145043466,0.6263823289565567,0.07431972026824951,0.13135063648223877,0.6200000047683716,0.0018212012946605682
no2,ExtraTrees,450,50,0.43225046928552013,0.618999547670086,0.0820252001285553,0.20363889634609222,0.6399999856948853,0.001817602664232254
no2,LightGBM,450,50,0.4282003164257235,0.6152997952602027,0.05088040232658386,0.10905282199382782,0.6399999856948853,0.0019065812230110168
no2,LinearModel,450,50,0.47339433316564167,0.6657492436781332,0.1273983120918274,0.13607509434223175,0.5400000214576721,0.0017701499164104462
no2,NeuralNetFastAI,450,50,0.4313581873791985,0.6195912974909432,0.07095256447792053,0.15766555070877075,0.6399999856948853,0.002366933971643448
no2,NeuralNetTorch,450,50,0.4452584616766911,0.6366996362069554,0.054421596229076385,0.11016738414764404,0.6399999856948853,0.002083718776702881
no2,RandomForest,450,50,0.4269378798685139,0.6122440901881956,0.0659528523683548,0.16304592788219452,0.5600000023841858,0.002902362495660782
no2,XGBoost,450,50,0.42682740464296004,0.613298980175763,0.052555885165929794,0.11252257227897644,0.6200000047683716,0.0019007101655006409
nomao,CatBoost,31018,3447,0.0378418854202613,0.06712908336028203,0.002013016026467085,0.006036313250660896,0.9744705557823181,0.03363905847072601
nomao,ExtraTrees,31018,3447,0.05101250252269329,0.11621906544236613,0.006783262826502323,0.012636045925319195,0.9675079584121704,0.08493588492274284
nomao,LightGBM,31018,3447,0.03783240932909219,0.06735973866624802,0.0025644355919212103,0.005390258971601725,0.9756309986114502,0.03216419741511345
nomao,LinearModel,31018,3447,0.07316899615909085,0.12510993117308541,0.004211624152958393,0.007270326837897301,0.9503916501998901,0.034569621086120605
nomao,NeuralNetFastAI,31018,3447,0.05267710426003231,0.09230519518693414,0.0048012989573180676,0.008800968527793884,0.9675079584121704,0.030856739729642868
nomao,NeuralNetTorch,31018,3447,0.05211444150966082,0.0922443021902597,0.0043029808439314365,0.010851942002773285,0.965187132358551,0.02511344477534294
nomao,RandomForest,31018,3447,0.04858853346691318,0.13725445751426776,0.009024151600897312,0.014500384218990803,0.9706991314888,0.07427575811743736
nomao,XGBoost,31018,3447,0.03796538432508219,0.06740753495590462,0.003700490575283766,0.006428789347410202,0.9753409028053284,0.027766156941652298
numerai28_6,CatBoost,86688,9632,0.49910373584017315,0.6922504972055119,0.007887810468673706,0.002893845085054636,0.5152616500854492,0.030723832547664642
numerai28_6,ExtraTrees,86688,9632,0.4990267805395328,0.6921718694420346,0.004982396960258484,0.005096473265439272,0.5155730843544006,0.029627714306116104
numerai28_6,LightGBM,86688,9632,0.49907453613269637,0.6922189405256873,0.008038118481636047,0.0027576913125813007,0.5131852030754089,0.02991284430027008
numerai28_6,LinearModel,86688,9632,0.49908289541566514,0.6922291974353961,0.0054535409435629845,0.001097259926609695,0.5192068219184875,0.029428590089082718
numerai28_6,NeuralNetFastAI,86688,9632,0.4988936438662314,0.6920404711763579,0.005550950765609741,0.0013896231539547443,0.5204526782035828,0.029554564505815506
numerai28_6,NeuralNetTorch,86688,9632,0.49878555390845425,0.6919314909160723,0.00443623960018158,0.003195663448423147,0.5231519937515259,0.02584056183695793
numerai28_6,RandomForest,86688,9632,0.4992582975428868,0.6924027520859191,0.008486755192279816,0.005196285434067249,0.5128737688064575,0.046072665601968765
numerai28_6,XGBoost,86688,9632,0.4991440258019341,0.692290989537497,0.007606104016304016,0.004612058866769075,0.5133928656578064,0.03268108889460564
ozone-level-8hr,CatBoost,2280,254,0.08242250347148025,0.13570014195287244,0.016555607318878174,0.0312621109187603,0.9370078444480896,0.0052678994834423065
ozone-level-8hr,ExtraTrees,2280,254,0.07724587038021823,0.12751207258939806,0.01909482106566429,0.03158990666270256,0.9409449100494385,0.012763909995555878
ozone-level-8hr,LightGBM,2280,254,0.08174609395874208,0.13229880193107446,0.01972271129488945,0.04551693797111511,0.9291338324546814,0.005075570195913315
ozone-level-8hr,LinearModel,2280,254,0.0739671205682914,0.11985611930473715,0.014945819973945618,0.04259238392114639,0.9409449100494385,0.005732003599405289
ozone-level-8hr,NeuralNetFastAI,2280,254,0.07382717317688917,0.11945922875122642,0.0160655677318573,0.03212445601820946,0.9448819160461426,0.004960216581821442
ozone-level-8hr,NeuralNetTorch,2280,254,0.07110511582181284,0.11897797892780596,0.012652378529310226,0.025849932804703712,0.9448819160461426,0.0049224235117435455
ozone-level-8hr,RandomForest,2280,254,0.0770996704289769,0.12648418916877405,0.017489567399024963,0.027186524122953415,0.9448819160461426,0.011438664048910141
ozone-level-8hr,XGBoost,2280,254,0.08394007758880463,0.13973160594991857,0.020608223974704742,0.04765957221388817,0.9370078444480896,0.005211766809225082
parity5_plus_5,CatBoost,1011,113,3.615965813305307e-10,6.091753408293126e-06,3.282122179371072e-06,6.092246167099802e-06,1.0,0.002441130578517914
parity5_plus_5,ExtraTrees,1011,113,0.05131769049940233,0.0875005926513579,0.020156394690275192,0.037775859236717224,0.9646017551422119,0.004289858043193817
parity5_plus_5,LightGBM,1011,113,1.672862794313253e-10,1.3977753940646575e-06,7.647283268852334e-07,1.4737271385456552e-06,1.0,0.003559395670890808
parity5_plus_5,LinearModel,1011,113,0.48577421716215463,0.6788204254947336,0.04258139058947563,0.022792508825659752,0.5663716793060303,0.00275547057390213
parity5_plus_5,NeuralNetFastAI,1011,113,1.7540916631468604e-11,1.906227699250875e-06,1.8785582369673648e-06,1.9547687770682387e-06,1.0,0.0032425038516521454
parity5_plus_5,NeuralNetTorch,1011,113,1.8003022376191682e-10,1.9545694021441477e-06,1.839377659962338e-06,1.989742486330215e-06,1.0,0.003369297832250595
parity5_plus_5,RandomForest,1011,113,0.05996199648081708,0.10311722603102605,0.024587925523519516,0.04421931877732277,0.9469026327133179,0.0032745487987995148
parity5_plus_5,XGBoost,1011,113,1.3552570861995234e-21,2.509060805390957e-12,2.5071643979662772e-12,1.0000000116860974e-07,1.0,0.0029717274010181427
pbcseq,CatBoost,1750,195,0.18922224183670439,0.3219250574856231,0.03878325596451759,0.06801113486289978,0.8820512890815735,0.0030532777309417725
pbcseq,ExtraTrees,1750,195,0.23564100726894388,0.38292939635490214,0.03266007825732231,0.07401186972856522,0.8410256505012512,0.0052057430148124695
pbcseq,LightGBM,1750,195,0.19664031160401918,0.33222729152285435,0.03495145961642265,0.062221936881542206,0.8871794939041138,0.003762397915124893
pbcseq,LinearModel,1750,195,0.39384942154749825,0.5724785425895855,0.04340699315071106,0.10040219128131866,0.6666666865348816,0.0028318390250205994
pbcseq,NeuralNetFastAI,1750,195,0.2916598331099616,0.4580909081128758,0.03393779695034027,0.06410851329565048,0.7897436022758484,0.002927284687757492
pbcseq,NeuralNetTorch,1750,195,0.3105950998536377,0.48552838921175917,0.07265006005764008,0.1381484568119049,0.7948718070983887,0.006588250398635864
pbcseq,RandomForest,1750,195,0.24087336475430543,0.39847192227521605,0.05258885771036148,0.10654639452695847,0.8666666746139526,0.005792167037725449
pbcseq,XGBoost,1750,195,0.18982087349870239,0.32729924298754104,0.04400703310966492,0.07831554114818573,0.892307698726654,0.002637159079313278
pc1,CatBoost,998,111,0.0814720216274064,0.16886700412834105,0.02038596197962761,0.05561646446585655,0.9639639854431152,0.002810101956129074
pc1,ExtraTrees,998,111,0.08080325024915735,0.16195172270941655,0.014900063164532185,0.037827495485544205,0.954954981803894,0.007640473544597626
pc1,LightGBM,998,111,0.08553994358515724,0.18175360116253175,0.019820600748062134,0.04468787461519241,0.9639639854431152,0.003367152065038681
pc1,LinearModel,998,111,0.098956185898976,0.18860329926047986,0.019889341667294502,0.02532770484685898,0.9369369149208069,0.004112657159566879
pc1,NeuralNetFastAI,998,111,0.09753865980546438,0.1804211034780433,0.03291661664843559,0.06240103393793106,0.954954981803894,0.003973953425884247
pc1,NeuralNetTorch,998,111,0.0923268851122924,0.16889187641842615,0.02286771684885025,0.034431759268045425,0.9459459185600281,0.0038345418870449066
pc1,RandomForest,998,111,0.08125754684178417,0.15757339771973794,0.018288083374500275,0.03505322337150574,0.9459459185600281,0.010284028947353363
pc1,XGBoost,998,111,0.08362631243232725,0.15589301967484595,0.016916736960411072,0.039215270429849625,0.954954981803894,0.003125857561826706
pc2,CatBoost,5030,559,0.006367548857306288,0.0133553604008189,0.0031512249261140823,0.0035298375878483057,0.9964221715927124,0.009990859776735306
pc2,ExtraTrees,5030,559,0.006691097362897926,0.015063288454190513,0.003134978236630559,0.0006996797164902091,0.9964221715927124,0.02372332662343979
pc2,LightGBM,5030,559,0.006721619033723798,0.014893473961401789,0.0029647834599018097,0.0006455093389376998,0.9964221715927124,0.011347658932209015
pc2,LinearModel,5030,559,0.006754967993744544,0.016077389734531086,0.003435662481933832,0.0006090812385082245,0.9964221715927124,0.012353725731372833
pc2,NeuralNetFastAI,5030,559,0.006514982864160782,0.013530743913279242,0.003340316005051136,0.00294996565207839,0.9964221715927124,0.006129663437604904
pc2,NeuralNetTorch,5030,559,0.006679234932496381,0.014464150681317428,0.0033381981775164604,0.00011914633068954572,0.9964221715927124,0.007966089993715286
pc2,RandomForest,5030,559,0.0067384617456217955,0.01529148077264442,0.0032699971925467253,0.0005253645358607173,0.9964221715927124,0.01996825635433197
pc2,XGBoost,5030,559,0.006542885680355856,0.01387046527036857,0.003035352099686861,0.00046530290273949504,0.9964221715927124,0.00981825590133667
pc3,CatBoost,1406,157,0.17392511659289533,0.2766435811209621,0.04033041372895241,0.08435121178627014,0.8789808750152588,0.004070829600095749
pc3,ExtraTrees,1406,157,0.16259374675559274,0.2632807071162243,0.034683987498283386,0.0487336628139019,0.9044585824012756,0.0077525414526462555
pc3,LightGBM,1406,157,0.17350767466750378,0.2815636158527528,0.03267289698123932,0.0511297807097435,0.8853503465652466,0.004163220524787903
pc3,LinearModel,1406,157,0.19352647350835644,0.32924613922187934,0.04158961772918701,0.09859875589609146,0.8917197585105896,0.00790216401219368
pc3,NeuralNetFastAI,1406,157,0.17560667836419055,0.28567055778132383,0.03851855918765068,0.06842636317014694,0.8917197585105896,0.0026609599590301514
pc3,NeuralNetTorch,1406,157,0.1699285311818347,0.2851123886862826,0.03112805262207985,0.04658947139978409,0.8980891704559326,0.010493513196706772
pc3,RandomForest,1406,157,0.16617801416669958,0.27067509354136776,0.025994952768087387,0.05713418126106262,0.8853503465652466,0.00848303735256195
pc3,XGBoost,1406,157,0.17531269289270587,0.2801572328055062,0.03682558983564377,0.061867572367191315,0.8789808750152588,0.0035854317247867584
pc4,CatBoost,1312,146,0.12209513089841974,0.18687686947800378,0.03785712271928787,0.056638479232788086,0.8972602486610413,0.004297986626625061
pc4,ExtraTrees,1312,146,0.12640235626138527,0.21817719325601875,0.02350373938679695,0.05470704659819603,0.8904109597206116,0.0040544867515563965
pc4,LightGBM,1312,146,0.12095191859912288,0.19316801635901537,0.028521932661533356,0.06438203901052475,0.9109588861465454,0.0045137181878089905
pc4,LinearModel,1312,146,0.11674002197760512,0.19686317352339672,0.03910599276423454,0.06580094993114471,0.9246575236320496,0.004713393747806549
pc4,NeuralNetFastAI,1312,146,0.11988954156959304,0.19855481289730956,0.03302498906850815,0.059249695390462875,0.9246575236320496,0.004111144691705704
pc4,NeuralNetTorch,1312,146,0.13503371067441616,0.2118716254996453,0.03531268239021301,0.058915723115205765,0.9041095972061157,0.0048024021089077
pc4,RandomForest,1312,146,0.12280899369855386,0.18529052502840504,0.028258442878723145,0.06566271185874939,0.9109588861465454,0.004060830920934677
pc4,XGBoost,1312,146,0.1323804348255153,0.20437967365388815,0.037137363106012344,0.0717277005314827,0.8904109597206116,0.0037110894918441772
philippine,CatBoost,5248,584,0.31775377388388465,0.47606568102746016,0.020373724400997162,0.06267853826284409,0.7705479264259338,0.006069555878639221
philippine,ExtraTrees,5248,584,0.3160367132293363,0.4749876619007131,0.019733840599656105,0.032254647463560104,0.7654109597206116,0.004817254841327667
philippine,LightGBM,5248,584,0.30070505305665646,0.45523749238541406,0.01635115221142769,0.02879171632230282,0.7739726305007935,0.00606527179479599
philippine,LinearModel,5248,584,0.3722958024947961,0.5547408781768864,0.020307576283812523,0.04884250462055206,0.7243150472640991,0.005568128079175949
philippine,NeuralNetFastAI,5248,584,0.369020776416579,0.5445933111394968,0.032333239912986755,0.05228015035390854,0.7363013625144958,0.00879201665520668
philippine,NeuralNetTorch,5248,584,0.36284705693175157,0.5415836537815093,0.029680266976356506,0.059127796441316605,0.7380136847496033,0.005278430879116058
philippine,RandomForest,5248,584,0.3215510982735858,0.48604917285018634,0.017034750431776047,0.04545189067721367,0.7619863152503967,0.007659517228603363
philippine,XGBoost,5248,584,0.2999154213311845,0.4563988060508916,0.020386531949043274,0.04281123727560043,0.7808219194412231,0.005708545446395874
phoneme,CatBoost,4863,541,0.13485582338912186,0.21831200600930445,0.014768451452255249,0.040840983390808105,0.8946395516395569,0.00784863531589508
phoneme,ExtraTrees,4863,541,0.12326549160893781,0.20297973204479625,0.012807164341211319,0.02566596306860447,0.9094269871711731,0.014959432184696198
phoneme,LightGBM,4863,541,0.13285205961771526,0.21608690654588986,0.013760358095169067,0.027573127299547195,0.9075785875320435,0.007790040224790573
phoneme,LinearModel,4863,541,0.32524143205501843,0.4865800663555253,0.026011068373918533,0.06474008411169052,0.7634010910987854,0.005412090569734573
phoneme,NeuralNetFastAI,4863,541,0.15662040971027777,0.2511528966898263,0.016823068261146545,0.042594779282808304,0.8872458338737488,0.008683711290359497
phoneme,NeuralNetTorch,4863,541,0.14373414765023998,0.2406735247635842,0.027559440582990646,0.05409624055027962,0.9075785875320435,0.021131280809640884
phoneme,RandomForest,4863,541,0.13164696837964487,0.21951129506109746,0.013584952801465988,0.04426496848464012,0.905730128288269,0.023314878344535828
phoneme,XGBoost,4863,541,0.13073184439975175,0.21632887690089575,0.01893753558397293,0.05333137884736061,0.9094269871711731,0.007993992418050766
pm10,CatBoost,450,50,0.43205911782083106,0.6244413955259668,0.09181921929121017,0.14966756105422974,0.7599999904632568,0.0018866397440433502
pm10,ExtraTrees,450,50,0.44808322904932923,0.6400771013605367,0.07989093661308289,0.11974933743476868,0.6399999856948853,0.0018924400210380554
pm10,LightGBM,450,50,0.4328684132605181,0.6252239023142834,0.09227176010608673,0.12148832529783249,0.699999988079071,0.0017228201031684875
pm10,LinearModel,450,50,0.49518965252857083,0.6882885485306006,0.0797719806432724,0.027996286749839783,0.5400000214576721,0.0020036734640598297
pm10,NeuralNetFastAI,450,50,0.49965909588473933,0.6924112175961804,0.058069661259651184,0.06385046243667603,0.47999998927116394,0.001987636089324951
pm10,NeuralNetTorch,450,50,0.49495721095625084,0.6870066671756934,0.07539090514183044,0.12944120168685913,0.5,0.0018656253814697266
pm10,RandomForest,450,50,0.4348830943824813,0.62921506211007,0.08694934844970703,0.16483107209205627,0.7200000286102295,0.0017317011952400208
pm10,XGBoost,450,50,0.4487650665394443,0.6417457704405338,0.08963095396757126,0.16476581990718842,0.699999988079071,0.001936011016368866
pollen,CatBoost,3463,385,0.49979425855911386,0.6929401100927407,0.0353754386305809,0.006032841745764017,0.501298725605011,0.0028005875647068024
pollen,ExtraTrees,3463,385,0.5000738957159917,0.6932210681025792,0.029636219143867493,0.0015136918518692255,0.501298725605011,0.0030640549957752228
pollen,LightGBM,3463,385,0.5010762731603492,0.694230619380907,0.03418467938899994,0.011524315923452377,0.5220779180526733,0.002581331878900528
pollen,LinearModel,3463,385,0.5002985735515121,0.6934531934444695,0.032363176345825195,0.017230046913027763,0.5324675440788269,0.004791829735040665
pollen,NeuralNetFastAI,3463,385,0.4996495053408781,0.6928018513162634,0.03896978497505188,0.002813581144437194,0.5246753096580505,0.003311537206172943
pollen,NeuralNetTorch,3463,385,0.4998893136415248,0.6930368809804868,0.01781522110104561,0.003764532273635268,0.516883134841919,0.0036458075046539307
pollen,RandomForest,3463,385,0.501021968635262,0.694173549735719,0.027607664465904236,0.007296136114746332,0.4961038827896118,0.0032156072556972504
pollen,XGBoost,3463,385,0.5010323075473772,0.6941795782067225,0.0304005928337574,0.0018169661052525043,0.48831167817115784,0.004357129335403442
puma32H,CatBoost,7372,820,0.13144899696530474,0.21119539386467007,0.013699349947273731,0.0267881378531456,0.9060975313186646,0.0078067779541015625
puma32H,ExtraTrees,7372,820,0.1424436461706296,0.22247770417111054,0.01130332425236702,0.03121272474527359,0.8963414430618286,0.010537870228290558
puma32H,LightGBM,7372,820,0.14330204912188363,0.2266332241357253,0.009817607700824738,0.03010520339012146,0.8902438879013062,0.005754522979259491
puma32H,LinearModel,7372,820,0.4679043688264272,0.6610219900741019,0.02940182387828827,0.05468111112713814,0.6390243768692017,0.004354026168584824
puma32H,NeuralNetFastAI,7372,820,0.1055251549666264,0.17406868014153662,0.01150115579366684,0.024469804018735886,0.9268292784690857,0.01600898802280426
puma32H,NeuralNetTorch,7372,820,0.10797126720668886,0.18038810027286586,0.013257153332233429,0.026221662759780884,0.9243902564048767,0.008597303181886673
puma32H,RandomForest,7372,820,0.1500851711588131,0.23736748895648718,0.012550253421068192,0.035999149084091187,0.8890243768692017,0.011202745139598846
puma32H,XGBoost,7372,820,0.14202722329043777,0.22966719485068024,0.012510314583778381,0.030589211732149124,0.8951219320297241,0.007177442312240601
puma8NH,CatBoost,7372,820,0.22995185432373852,0.36402820246334994,0.01927647367119789,0.039643485099077225,0.8426828980445862,0.005295399576425552
puma8NH,ExtraTrees,7372,820,0.22606020578763833,0.3569136108945235,0.018126219511032104,0.031437426805496216,0.8426828980445862,0.006954055279493332
puma8NH,LightGBM,7372,820,0.23085723606441574,0.36664154929759835,0.01525590568780899,0.03556737303733826,0.8402438759803772,0.0053689144551754
puma8NH,LinearModel,7372,820,0.3036362274876421,0.5050854439078393,0.06871341168880463,0.15702040493488312,0.8219512104988098,0.005413539707660675
puma8NH,NeuralNetFastAI,7372,820,0.22639922791778036,0.35779620969097464,0.017232012003660202,0.0535612516105175,0.8426828980445862,0.005999814718961716
puma8NH,NeuralNetTorch,7372,820,0.22476606870480612,0.35424897024391244,0.016966592520475388,0.04681592062115669,0.8414633870124817,0.00645073875784874
puma8NH,RandomForest,7372,820,0.2258624880952666,0.3568659938345927,0.016821786761283875,0.035398587584495544,0.8414633870124817,0.008895635604858398
puma8NH,XGBoost,7372,820,0.22921798375403102,0.3657097439612761,0.021782822906970978,0.04686124250292778,0.8414633870124817,0.0062394775450229645
qsar-biodeg,CatBoost,949,106,0.17427214023675255,0.2859370847377776,0.02348969131708145,0.06500694155693054,0.8773584961891174,0.0034217648208141327
qsar-biodeg,ExtraTrees,949,106,0.17915167626691783,0.2904334398093722,0.026236452162265778,0.09041793644428253,0.8773584961891174,0.006374560296535492
qsar-biodeg,LightGBM,949,106,0.1656028668563161,0.2752906217941142,0.02202664129436016,0.06084923446178436,0.8962264060974121,0.0038835108280181885
qsar-biodeg,LinearModel,949,106,0.1817198263805387,0.28951448642289623,0.038420360535383224,0.10442996770143509,0.8584905862808228,0.0038589313626289368
qsar-biodeg,NeuralNetFastAI,949,106,0.16958899375021202,0.27048423448455783,0.03196050226688385,0.07524692267179489,0.8679245114326477,0.004636801779270172
qsar-biodeg,NeuralNetTorch,949,106,0.18393355617620863,0.30215669776435733,0.03395022451877594,0.06498856842517853,0.8679245114326477,0.0035371072590351105
qsar-biodeg,RandomForest,949,106,0.1686233865345027,0.27479918109226914,0.026135828346014023,0.07616294175386429,0.8773584961891174,0.006355218589305878
qsar-biodeg,XGBoost,949,106,0.17215124165575124,0.28857633532756477,0.02032068371772766,0.06960288435220718,0.8867924809455872,0.0036619938910007477
ringnorm,CatBoost,6660,740,0.031855250034644116,0.05999961435660608,0.006186547689139843,0.01527995616197586,0.9824324250221252,0.011138822883367538
ringnorm,ExtraTrees,6660,740,0.033626984359480604,0.05994740820095538,0.0049272864125669,0.01665494404733181,0.9783783555030823,0.016893230378627777
ringnorm,LightGBM,6660,740,0.030959113682920387,0.058859425304435026,0.003992060199379921,0.010421321727335453,0.9824324250221252,0.00977184996008873
ringnorm,LinearModel,6660,740,0.30557994357709856,0.4588588246009942,0.017248930409550667,0.037698958069086075,0.7837837934494019,0.00545511394739151
ringnorm,NeuralNetFastAI,6660,740,0.034273902335144234,0.061264719631561236,0.00622938759624958,0.012776298448443413,0.9770269989967346,0.022830776870250702
ringnorm,NeuralNetTorch,6660,740,0.03054682124120002,0.053658680731689154,0.005264258943498135,0.009897422976791859,0.9783783555030823,0.013004899024963379
ringnorm,RandomForest,6660,740,0.057841436067979014,0.10312234624759443,0.01064152829349041,0.022574400529265404,0.9648648500442505,0.02578181028366089
ringnorm,XGBoost,6660,740,0.03483235487446602,0.065567086882258,0.006189600098878145,0.016867443919181824,0.9783783555030823,0.01093226671218872
rmftsa_ladata,CatBoost,457,51,0.14127964189564657,0.23986765216973588,0.0358535498380661,0.0923793837428093,0.9019607901573181,0.003346707671880722
rmftsa_ladata,ExtraTrees,457,51,0.13108002229850535,0.21049079090468714,0.03755722939968109,0.11163204163312912,0.9215686321258545,0.006037652492523193
rmftsa_ladata,LightGBM,457,51,0.13800589077256112,0.22456253893317285,0.03192772716283798,0.117253877222538,0.9019607901573181,0.004013601690530777
rmftsa_ladata,LinearModel,457,51,0.10661216010741384,0.18439134288635464,0.035093750804662704,0.09473271667957306,0.9411764740943909,0.003098301589488983
rmftsa_ladata,NeuralNetFastAI,457,51,0.10112032227149707,0.18172456384422758,0.04355914145708084,0.11482743918895721,0.9607843160629272,0.0029589980840682983
rmftsa_ladata,NeuralNetTorch,457,51,0.14160801846140816,0.23522860504320595,0.042002372443675995,0.11622416228055954,0.9019607901573181,0.006557270884513855
rmftsa_ladata,RandomForest,457,51,0.14794477410259024,0.2334841550919109,0.026225201785564423,0.0852375328540802,0.9019607901573181,0.006140541285276413
rmftsa_ladata,XGBoost,457,51,0.1319141257469559,0.22919634281466394,0.04229261353611946,0.12396518886089325,0.9215686321258545,0.002963561564683914
spambase,CatBoost,4140,461,0.08045204019405482,0.1502320750754306,0.025074724107980728,0.03547587990760803,0.952277660369873,0.006538666784763336
spambase,ExtraTrees,4140,461,0.08882038503142943,0.16923192929568628,0.022968338802456856,0.025843778625130653,0.9457700848579407,0.015385817736387253
spambase,LightGBM,4140,461,0.08525463825583998,0.15003718267844965,0.027948835864663124,0.04142380133271217,0.9414316415786743,0.007563147693872452
spambase,LinearModel,4140,461,0.10424558913557085,0.1889924140092556,0.02567931078374386,0.03367401659488678,0.9284164905548096,0.00824682042002678
spambase,NeuralNetFastAI,4140,461,0.09231149165494866,0.16901449767141755,0.016980312764644623,0.029572803527116776,0.9392624497413635,0.006542380899190903
spambase,NeuralNetTorch,4140,461,0.08870697768224713,0.16532607711121716,0.022749952971935272,0.02983182854950428,0.9414316415786743,0.007139798253774643
spambase,RandomForest,4140,461,0.08997323650421817,0.33049214537665744,0.02696840837597847,0.03138500079512596,0.9349240660667419,0.01839829981327057
spambase,XGBoost,4140,461,0.08959182975848659,0.15410260451495494,0.03154090419411659,0.04567882418632507,0.9305856823921204,0.0066429972648620605
sylvine,CatBoost,4611,513,0.08744780901181838,0.15355104908041237,0.018638214096426964,0.022150009870529175,0.943469762802124,0.008016470819711685
sylvine,ExtraTrees,4611,513,0.08876662628747585,0.1547275078202586,0.015197074972093105,0.030834289267659187,0.9395711421966553,0.02896997332572937
sylvine,LightGBM,4611,513,0.08726900184367355,0.15178463793745972,0.015478127636015415,0.029371988028287888,0.9395711421966553,0.006743025034666061
sylvine,LinearModel,4611,513,0.1543640780552593,0.28036483235270293,0.013724259100854397,0.03831116110086441,0.892787516117096,0.00873183086514473
sylvine,NeuralNetFastAI,4611,513,0.09728131942236777,0.1655677730562684,0.017525698989629745,0.02901678904891014,0.9337232112884521,0.014407806098461151
sylvine,NeuralNetTorch,4611,513,0.10021076884850988,0.17518074919625234,0.01743265986442566,0.02916114218533039,0.9337232112884521,0.010579492896795273
sylvine,RandomForest,4611,513,0.11183542130627072,0.19128648001235296,0.017440304160118103,0.03450525179505348,0.9259259104728699,0.01670221984386444
sylvine,XGBoost,4611,513,0.087867204888307,0.15426251493537727,0.014951368793845177,0.022973287850618362,0.9415204524993896,0.007535822689533234
tokyo1,CatBoost,863,96,0.07988452865427086,0.12674738121638449,0.02625933662056923,0.0715046301484108,0.9270833134651184,0.004011336714029312
tokyo1,ExtraTrees,863,96,0.07894091441219461,0.1257489878407713,0.021045489236712456,0.07661131024360657,0.9375,0.008619274944067001
tokyo1,LightGBM,863,96,0.10140375418205833,0.1544182854500232,0.029512804001569748,0.05716938152909279,0.90625,0.0039018839597702026
tokyo1,LinearModel,863,96,0.12389580474687582,0.1936850714981492,0.03527321666479111,0.09027981758117676,0.90625,0.003428284078836441
tokyo1,NeuralNetFastAI,863,96,0.0878732884101074,0.13670723260942513,0.01833675429224968,0.07077573239803314,0.9270833134651184,0.0038625113666057587
tokyo1,NeuralNetTorch,863,96,0.0759475661347332,0.12663423693281364,0.02743411809206009,0.05861811339855194,0.9583333134651184,0.008768372237682343
tokyo1,RandomForest,863,96,0.08072181505949709,0.12444372474529615,0.026892030611634254,0.06573793292045593,0.9270833134651184,0.006721161305904388
tokyo1,XGBoost,863,96,0.09809826389543863,0.14907156701846266,0.029746029525995255,0.060006897896528244,0.9166666865348816,0.0035560280084609985
twonorm,CatBoost,6660,740,0.03214876410840002,0.05589955979341339,0.006128091365098953,0.016755301505327225,0.9770269989967346,0.01125175878405571
twonorm,ExtraTrees,6660,740,0.03256132017397265,0.058251643072312,0.01015540398657322,0.018159905448555946,0.9783783555030823,0.017486166208982468
twonorm,LightGBM,6660,740,0.03343139148970419,0.057214997296398125,0.007343725301325321,0.01670648716390133,0.9797297120094299,0.010410111397504807
twonorm,LinearModel,6660,740,0.029018210291083233,0.05387266656945785,0.008380160667002201,0.01380247063934803,0.9810810685157776,0.014823321253061295
twonorm,NeuralNetFastAI,6660,740,0.03045893047181872,0.05411250303449185,0.00931069441139698,0.011587876826524734,0.9783783555030823,0.012496940791606903
twonorm,NeuralNetTorch,6660,740,0.029862875462652608,0.05461578349170332,0.008704276755452156,0.01340886764228344,0.9797297120094299,0.007512636482715607
twonorm,RandomForest,6660,740,0.03125932639660489,0.05871787045568949,0.00703898910433054,0.014670009724795818,0.9783783555030823,0.019314788281917572
twonorm,XGBoost,6660,740,0.03512457859896761,0.06084662911166198,0.00718321418389678,0.011142123490571976,0.9770269989967346,0.008306153118610382
visualizing_soil,CatBoost,7776,865,1.2308422732438647e-09,8.791833281546999e-07,8.480286624035216e-07,9.558895044392557e-07,1.0,0.00961364060640335
visualizing_soil,ExtraTrees,7776,865,8.704215289846697e-07,2.265189467013592e-05,2.2470951080322266e-05,2.253104503324721e-05,1.0,0.015411369502544403
visualizing_soil,LightGBM,7776,865,2.2696317108130478e-26,3.622022399407264e-15,3.622081018499418e-15,1.0000000116860974e-07,1.0,0.01618773862719536
visualizing_soil,LinearModel,7776,865,9.041898451405259e-05,0.00025581599929128823,0.00022861485194880515,0.00022980438370723277,1.0,0.013836253434419632
visualizing_soil,NeuralNetFastAI,7776,865,2.916616674151285e-05,0.0002044430524102481,0.0001567489089211449,0.00019669915491249412,1.0,0.017835505306720734
visualizing_soil,NeuralNetTorch,7776,865,5.079123097469119e-11,4.020537496345379e-07,3.3609779848120525e-07,5.005291541237966e-07,1.0,0.020903825759887695
visualizing_soil,RandomForest,7776,865,9.417063589089003e-06,9.609295158712076e-05,8.418808283749968e-05,9.370969200972468e-05,1.0,0.01836743950843811
visualizing_soil,XGBoost,7776,865,3.526218822711301e-10,1.7874621669621056e-06,1.3670016869582469e-06,1.8320164372198633e-06,1.0,0.010047122836112976
wilt,CatBoost,4355,484,0.03152168897990738,0.0558560211634397,0.006820173468440771,0.011737286113202572,0.9834710955619812,0.008146446198225021
wilt,ExtraTrees,4355,484,0.03117834583097171,0.053672344909364435,0.005588988773524761,0.014939338900148869,0.9814049601554871,0.018577449023723602
wilt,LightGBM,4355,484,0.030392717705030894,0.05644501742382349,0.004554719664156437,0.012912722304463387,0.9814049601554871,0.008217446506023407
wilt,LinearModel,4355,484,0.03083496893095075,0.04904552157790642,0.009237635880708694,0.012825206853449345,0.9793388247489929,0.008632376790046692
wilt,NeuralNetFastAI,4355,484,0.02134691234517753,0.0344479171868435,0.005429556593298912,0.013098837807774544,0.9834710955619812,0.00648774579167366
wilt,NeuralNetTorch,4355,484,0.024791205142812113,0.03913173239340275,0.006343693472445011,0.014628357253968716,0.9834710955619812,0.010457243770360947
wilt,RandomForest,4355,484,0.03393275225976713,0.05562612961000021,0.007260892540216446,0.011324470862746239,0.9772727489471436,0.01779383048415184
wilt,XGBoost,4355,484,0.03623040535740403,0.06146860021489767,0.009274095296859741,0.016566231846809387,0.9814049601554871,0.00894973799586296
wind,CatBoost,5916,658,0.1803083012443112,0.2916032634947479,0.014847807586193085,0.03896360471844673,0.8632218837738037,0.007409531623125076
wind,ExtraTrees,5916,658,0.18766928820434503,0.3043429034108197,0.01734989881515503,0.03828777000308037,0.8647416234016418,0.01787843182682991
wind,LightGBM,5916,658,0.17806477846527646,0.28628644920580654,0.016348913311958313,0.043022267520427704,0.8708206415176392,0.007498443126678467
wind,LinearModel,5916,658,0.19824205918917084,0.31711129937178223,0.01761367917060852,0.03493193909525871,0.8601823449134827,0.007426638156175613
wind,NeuralNetFastAI,5916,658,0.17438789065884505,0.28075192741453064,0.016921252012252808,0.03288700431585312,0.8784194588661194,0.008075393736362457
wind,NeuralNetTorch,5916,658,0.17548977621098683,0.28346048331139945,0.016656555235385895,0.03334585204720497,0.8814589381217957,0.00588206946849823
wind,RandomForest,5916,658,0.19101578908247183,0.3135903767595553,0.014592796564102173,0.03793630003929138,0.8708206415176392,0.01977432891726494
wind,XGBoost,5916,658,0.18125969076667214,0.2940641330194503,0.01778683066368103,0.0388757660984993,0.8708206415176392,0.007368557155132294
