dataset,model,cal_size,test_size,Scaling-Binning_brier,Scaling-Binning_logloss,Scaling-Binning_kuiper,Scaling-Binning_ece-15,Scaling-Binning_accuracy,Scaling-Binning_time
2dplanes,CatBoost,36691,4077,0.10974757402196873,0.17367049266854884,0.019046347588300705,0.00910857878625393,0.9259259104728699,0.05365471448749304
2dplanes,ExtraTrees,36691,4077,0.1082108696828946,0.1716194937645857,0.009149426594376564,0.012071352452039719,0.9249448180198669,0.044518730603158474
2dplanes,LightGBM,36691,4077,0.1068108542554437,0.17086532050258096,0.021084755659103394,0.007911981083452702,0.9286239743232727,0.04502533096820116
2dplanes,LinearModel,36691,4077,0.2354559915292832,0.37078683016764763,0.02871878445148468,0.02065710723400116,0.8408143520355225,0.040386869572103024
2dplanes,NeuralNetFastAI,36691,4077,0.10209368377973566,0.1623234817272758,0.030736546963453293,0.009176179766654968,0.9330390095710754,0.045637873001396656
2dplanes,NeuralNetTorch,36691,4077,0.10470328830160526,0.16862797780904132,0.025512035936117172,0.00664148386567831,0.9320578575134277,0.04465855285525322
2dplanes,RandomForest,36691,4077,0.10745874686466024,0.1733267408078817,0.0191341582685709,0.006167236715555191,0.927397608757019,0.04441963415592909
2dplanes,XGBoost,36691,4077,0.10850756013955795,0.17276828161041635,0.019039291888475418,0.008184093981981277,0.9276428818702698,0.04427373968064785
APSFailure,CatBoost,68400,7600,0.029626028072368506,0.04884802396631827,0.012944485992193222,0.00046984219807200134,0.9819737076759338,0.09130026213824749
APSFailure,ExtraTrees,68400,7600,0.02935941884271396,0.05083756876330528,0.010920055210590363,0.0009038604912348092,0.9819737076759338,0.0698213828727603
APSFailure,LightGBM,68400,7600,0.029876877562166,0.0496454291206579,0.01374068483710289,0.0005253879935480654,0.9819737076759338,0.09635863546282053
APSFailure,LinearModel,68400,7600,0.02999640539792419,0.050233620998432385,0.01103601511567831,0.0005695956642739475,0.9819737076759338,0.09521110728383064
APSFailure,NeuralNetFastAI,68400,7600,0.029815811091047483,0.049428354334091755,0.009654020890593529,0.0002965248131658882,0.9819737076759338,0.09780056308954954
APSFailure,NeuralNetTorch,68400,7600,0.030094418869333756,0.05042361950103196,0.01120330486446619,0.0011137337423861027,0.9819737076759338,0.09441354870796204
APSFailure,RandomForest,68400,7600,0.028793377935728677,0.05253588339468783,0.01279478520154953,0.0024027058389037848,0.9819737076759338,0.0657973438501358
APSFailure,XGBoost,68400,7600,0.029216178537668676,0.04762142574032194,0.011111890897154808,0.0020654313266277313,0.9819737076759338,0.09379387740045786
Amazon_employee_access,CatBoost,29492,3277,0.08350652190091136,0.14757678083680273,0.021810082718729973,0.0016223550774157047,0.9423252940177917,0.03761576022952795
Amazon_employee_access,ExtraTrees,29492,3277,0.08611726133617235,0.15690860428269726,0.02224564552307129,0.012681717053055763,0.9423252940177917,0.039368468336761
Amazon_employee_access,LightGBM,29492,3277,0.08693800093091876,0.16047604114233782,0.01973201520740986,0.0030126534402370453,0.9423252940177917,0.04040117189288139
Amazon_employee_access,LinearModel,29492,3277,0.08853662706954707,0.16185234683923977,0.02233251929283142,0.003527980297803879,0.9423252940177917,0.039537884294986725
Amazon_employee_access,NeuralNetFastAI,29492,3277,0.08741591121129887,0.15948438596608513,0.020352531224489212,0.007316388189792633,0.9423252940177917,0.046025414019823074
Amazon_employee_access,NeuralNetTorch,29492,3277,0.08994767198210303,0.16567135965764912,0.022025734186172485,0.014862820506095886,0.9423252940177917,0.03956975508481264
Amazon_employee_access,RandomForest,29492,3277,0.08509793860298982,0.15361558075288007,0.024414848536252975,0.021502846851944923,0.9423252940177917,0.03959008678793907
Amazon_employee_access,XGBoost,29492,3277,0.08507209066708327,0.15478310197153447,0.02021951973438263,0.0014266561483964324,0.9423252940177917,0.03903600759804249
Australian,CatBoost,621,69,0.17543499553850972,0.2924300450782513,0.0595880001783371,0.052928321063518524,0.8695651888847351,0.002713574096560478
Australian,ExtraTrees,621,69,0.18627976486298034,0.3133999715792506,0.06505414098501205,0.08257708698511124,0.8405796885490417,0.002604003995656967
Australian,LightGBM,621,69,0.18070617852717774,0.3240236661163127,0.06120291352272034,0.0653114914894104,0.8840579986572266,0.00258080568164587
Australian,LinearModel,621,69,0.18725841561613438,0.30967099291739636,0.06466978788375854,0.059398505836725235,0.8695651888847351,0.002821626141667366
Australian,NeuralNetFastAI,621,69,0.15537286263939032,0.2820684019801434,0.06096145883202553,0.06667586416006088,0.9275362491607666,0.0028707319870591164
Australian,NeuralNetTorch,621,69,0.16312964031141244,0.2792773984772736,0.055261701345443726,0.07640648633241653,0.8985507488250732,0.0027849972248077393
Australian,RandomForest,621,69,0.16595142220275103,0.31318736232389366,0.059497494250535965,0.11357995122671127,0.8550724387168884,0.002759166993200779
Australian,XGBoost,621,69,0.16152200751579918,0.2788444635567199,0.053364917635917664,0.04578051716089249,0.8985507488250732,0.002631186507642269
Bioresponse,CatBoost,3375,376,0.27913986853312206,0.4386186933714398,0.030795127153396606,0.02904965542256832,0.811170220375061,0.006131940521299839
Bioresponse,ExtraTrees,3375,376,0.28644480847982506,0.43519705616568033,0.027170713990926743,0.04531475529074669,0.7978723645210266,0.006314701400697231
Bioresponse,LightGBM,3375,376,0.27693795319922054,0.4328235362954849,0.03579504415392876,0.034334298223257065,0.813829779624939,0.006030391901731491
Bioresponse,LinearModel,3375,376,0.39544871079470745,0.5835105369679517,0.06429456174373627,0.12066856771707535,0.7367021441459656,0.007946430705487728
Bioresponse,NeuralNetFastAI,3375,376,0.2898254740881296,0.4461043739619996,0.03331374749541283,0.045172058045864105,0.7845744490623474,0.005909386090934277
Bioresponse,NeuralNetTorch,3375,376,0.292544654836839,0.4536640888692644,0.02632809430360794,0.04275510087609291,0.8005319237709045,0.005862578749656677
Bioresponse,RandomForest,3375,376,0.2818831120202289,0.43755548422834867,0.0326220728456974,0.07184405624866486,0.8191489577293396,0.0056807734072208405
Bioresponse,XGBoost,3375,376,0.27739167589200975,0.43588814258887587,0.031217962503433228,0.02298763021826744,0.811170220375061,0.005823359824717045
Click_prediction_small,CatBoost,35953,3995,0.2573209502196999,0.4165647361632679,0.008646195754408836,0.005997114349156618,0.8315394520759583,0.04834607616066933
Click_prediction_small,ExtraTrees,35953,3995,0.2628842431163069,0.4244913875592493,0.010675586760044098,0.00633016275241971,0.8315394520759583,0.04725683759897947
Click_prediction_small,LightGBM,35953,3995,0.26206902570676605,0.42363239053201546,0.011257304809987545,0.008687952533364296,0.8315394520759583,0.04630784410983324
Click_prediction_small,LinearModel,35953,3995,0.2630120836789875,0.42564264085312115,0.011120207607746124,0.014001218602061272,0.8315394520759583,0.05062935035675764
Click_prediction_small,NeuralNetFastAI,35953,3995,0.2621965667751218,0.42467687609518995,0.007414773106575012,0.009558023884892464,0.8315394520759583,0.049594913609325886
Click_prediction_small,NeuralNetTorch,35953,3995,0.26166638029170197,0.42112950349499306,0.010981738567352295,0.0067480397410690784,0.8315394520759583,0.049967038445174694
Click_prediction_small,RandomForest,35953,3995,0.26124289435663,0.4211436048142172,0.010857859626412392,0.005589382257312536,0.8315394520759583,0.049723291769623756
Click_prediction_small,XGBoost,35953,3995,0.26035096041630823,0.42020428562763135,0.010696861892938614,0.009432792663574219,0.8315394520759583,0.050327692180871964
GAMETES_Epistasis_2-Way_1000atts_0_4H_EDM-1_EDM-1_1,CatBoost,1440,160,0.40378190680909565,0.5940531066724632,0.08631429076194763,0.13074317574501038,0.7437499761581421,0.0036679618060588837
GAMETES_Epistasis_2-Way_1000atts_0_4H_EDM-1_EDM-1_1,ExtraTrees,1440,160,0.5049965406744361,0.698151760781222,0.07578974962234497,0.006552828475832939,0.4749999940395355,0.003532523289322853
GAMETES_Epistasis_2-Way_1000atts_0_4H_EDM-1_EDM-1_1,LightGBM,1440,160,0.5137956774323685,0.7070061784317078,0.07999929785728455,0.05860074982047081,0.3812499940395355,0.0034615015611052513
GAMETES_Epistasis_2-Way_1000atts_0_4H_EDM-1_EDM-1_1,LinearModel,1440,160,0.5004885882634706,0.6936357326223257,0.07138752937316895,5.5204251111717895e-05,0.48124998807907104,0.003779361955821514
GAMETES_Epistasis_2-Way_1000atts_0_4H_EDM-1_EDM-1_1,NeuralNetFastAI,1440,160,0.4920795370970231,0.6852238454127062,0.06926143169403076,0.021093206480145454,0.606249988079071,0.0034466255456209183
GAMETES_Epistasis_2-Way_1000atts_0_4H_EDM-1_EDM-1_1,NeuralNetTorch,1440,160,0.5024111391736162,0.6955602117393308,0.06934887915849686,0.0002622612228151411,0.46875,0.003973608836531639
GAMETES_Epistasis_2-Way_1000atts_0_4H_EDM-1_EDM-1_1,RandomForest,1440,160,0.5069202584272879,0.7000857627169437,0.053111180663108826,0.0381065309047699,0.4437499940395355,0.003357093781232834
GAMETES_Epistasis_2-Way_1000atts_0_4H_EDM-1_EDM-1_1,XGBoost,1440,160,0.5028697821122357,0.6960450092808838,0.05350600555539131,0.057866811752319336,0.5,0.003238697536289692
GAMETES_Epistasis_2-Way_20atts_0_1H_EDM-1_1,CatBoost,1440,160,0.42134329145203314,0.6134313878306147,0.080942302942276,0.07757500559091568,0.699999988079071,0.0033062277361750603
GAMETES_Epistasis_2-Way_20atts_0_1H_EDM-1_1,ExtraTrees,1440,160,0.46948682649890455,0.6620829682923615,0.04806073009967804,0.04758935049176216,0.606249988079071,0.0035621337592601776
GAMETES_Epistasis_2-Way_20atts_0_1H_EDM-1_1,LightGBM,1440,160,0.44212268590820514,0.634195696231045,0.06594395637512207,0.09585320204496384,0.643750011920929,0.0031132837757468224
GAMETES_Epistasis_2-Way_20atts_0_1H_EDM-1_1,LinearModel,1440,160,0.5025950355433042,0.6957506112772776,0.05150069296360016,0.014595179818570614,0.5,0.0033654840663075447
GAMETES_Epistasis_2-Way_20atts_0_1H_EDM-1_1,NeuralNetFastAI,1440,160,0.41537891356143986,0.6060362599929403,0.0512295663356781,0.06237942725419998,0.699999988079071,0.003692682832479477
GAMETES_Epistasis_2-Way_20atts_0_1H_EDM-1_1,NeuralNetTorch,1440,160,0.411204473952412,0.6028293627304566,0.05238652229309082,0.08862373977899551,0.699999988079071,0.0036932751536369324
GAMETES_Epistasis_2-Way_20atts_0_1H_EDM-1_1,RandomForest,1440,160,0.4735049165717101,0.6661451663633298,0.03900495171546936,0.05233269929885864,0.612500011920929,0.003699655644595623
GAMETES_Epistasis_2-Way_20atts_0_1H_EDM-1_1,XGBoost,1440,160,0.4410991658669645,0.6321438526408711,0.0542677566409111,0.04365387186408043,0.6625000238418579,0.0035527851432561874
GAMETES_Epistasis_2-Way_20atts_0_4H_EDM-1_1,CatBoost,1440,160,0.31892088992425155,0.4727118074236284,0.04532908648252487,0.08963186293840408,0.75,0.0035882219672203064
GAMETES_Epistasis_2-Way_20atts_0_4H_EDM-1_1,ExtraTrees,1440,160,0.4023081465454714,0.5863195848302406,0.04791446030139923,0.09310068190097809,0.668749988079071,0.003779306076467037
GAMETES_Epistasis_2-Way_20atts_0_4H_EDM-1_1,LightGBM,1440,160,0.34170115935994344,0.5084122213419512,0.06872419267892838,0.12954075634479523,0.75,0.0033717621117830276
GAMETES_Epistasis_2-Way_20atts_0_4H_EDM-1_1,LinearModel,1440,160,0.4974817924557004,0.6906242990566649,0.034693941473960876,0.03327292948961258,0.4937500059604645,0.003437276929616928
GAMETES_Epistasis_2-Way_20atts_0_4H_EDM-1_1,NeuralNetFastAI,1440,160,0.28950466301017996,0.44274982210266944,0.08267997950315475,0.031481482088565826,0.793749988079071,0.003352157771587372
GAMETES_Epistasis_2-Way_20atts_0_4H_EDM-1_1,NeuralNetTorch,1440,160,0.31888040077448093,0.4827623922118141,0.053001947700977325,0.0841335728764534,0.793749988079071,0.0041875578463077545
GAMETES_Epistasis_2-Way_20atts_0_4H_EDM-1_1,RandomForest,1440,160,0.40097622297797725,0.5859273599571114,0.05470980703830719,0.06783564388751984,0.6812499761581421,0.003753497265279293
GAMETES_Epistasis_2-Way_20atts_0_4H_EDM-1_1,XGBoost,1440,160,0.360646590943606,0.5356160457926513,0.054551951587200165,0.11992571502923965,0.699999988079071,0.0035572294145822525
GAMETES_Epistasis_3-Way_20atts_0_2H_EDM-1_1,CatBoost,1440,160,0.39768780635946965,0.5752065638929611,0.04831744730472565,0.10364194214344025,0.6499999761581421,0.0033466657623648643
GAMETES_Epistasis_3-Way_20atts_0_2H_EDM-1_1,ExtraTrees,1440,160,0.4836551796869223,0.6765371970352402,0.04470653831958771,0.025717316195368767,0.5625,0.003750283271074295
GAMETES_Epistasis_3-Way_20atts_0_2H_EDM-1_1,LightGBM,1440,160,0.4861935448324043,0.6791585327374561,0.05409911647439003,0.02876449003815651,0.574999988079071,0.0034159421920776367
GAMETES_Epistasis_3-Way_20atts_0_2H_EDM-1_1,LinearModel,1440,160,0.4994905741597295,0.6926386384746998,0.03969760239124298,0.0005181441665627062,0.5062500238418579,0.003552699461579323
GAMETES_Epistasis_3-Way_20atts_0_2H_EDM-1_1,NeuralNetFastAI,1440,160,0.4003158127530262,0.57301196168884,0.05122549459338188,0.11284872144460678,0.65625,0.003633495420217514
GAMETES_Epistasis_3-Way_20atts_0_2H_EDM-1_1,NeuralNetTorch,1440,160,0.42908971198791307,0.6170658010698296,0.05476623773574829,0.10759945213794708,0.6312500238418579,0.0037802429869771004
GAMETES_Epistasis_3-Way_20atts_0_2H_EDM-1_1,RandomForest,1440,160,0.49217155757844966,0.6851028300558666,0.045020222663879395,0.05397113785147667,0.518750011920929,0.0035533010959625244
GAMETES_Epistasis_3-Way_20atts_0_2H_EDM-1_1,XGBoost,1440,160,0.4864468490772104,0.6793022612790209,0.061711788177490234,0.0944083109498024,0.574999988079071,0.003558088093996048
GAMETES_Heterogeneity_20atts_1600_Het_0_4_0_2_50_EDM-2_001,CatBoost,1440,160,0.42564509328767225,0.6063726197666715,0.06844143569469452,0.10257180780172348,0.6499999761581421,0.0033208075910806656
GAMETES_Heterogeneity_20atts_1600_Het_0_4_0_2_50_EDM-2_001,ExtraTrees,1440,160,0.49453915573922824,0.6916864674359245,0.06913614273071289,0.12134242802858353,0.612500011920929,0.0033916188403964043
GAMETES_Heterogeneity_20atts_1600_Het_0_4_0_2_50_EDM-2_001,LightGBM,1440,160,0.4629769742234875,0.6585752942259689,0.06051384657621384,0.08281239122152328,0.6312500238418579,0.003138938918709755
GAMETES_Heterogeneity_20atts_1600_Het_0_4_0_2_50_EDM-2_001,LinearModel,1440,160,0.4971353404477451,0.6902815942166124,0.08084866404533386,0.00010436105367261916,0.543749988079071,0.0032654330134391785
GAMETES_Heterogeneity_20atts_1600_Het_0_4_0_2_50_EDM-2_001,NeuralNetFastAI,1440,160,0.4727760256013682,0.6622681345276697,0.09136644005775452,0.149568572640419,0.606249988079071,0.003266965039074421
GAMETES_Heterogeneity_20atts_1600_Het_0_4_0_2_50_EDM-2_001,NeuralNetTorch,1440,160,0.455621423269103,0.6466594807346476,0.07109855860471725,0.11917345970869064,0.6499999761581421,0.0034171612933278084
GAMETES_Heterogeneity_20atts_1600_Het_0_4_0_2_50_EDM-2_001,RandomForest,1440,160,0.4927818402497272,0.6908158992917819,0.059671759605407715,0.10856971144676208,0.612500011920929,0.0035413289442658424
GAMETES_Heterogeneity_20atts_1600_Het_0_4_0_2_50_EDM-2_001,XGBoost,1440,160,0.4559262880297985,0.6482550522378967,0.05183456465601921,0.09046150743961334,0.6499999761581421,0.0032319771125912666
GAMETES_Heterogeneity_20atts_1600_Het_0_4_0_2_75_EDM-2_001,CatBoost,1440,160,0.37832846589846036,0.5559209575974343,0.05250778794288635,0.06699550896883011,0.7124999761581421,0.003256058320403099
GAMETES_Heterogeneity_20atts_1600_Het_0_4_0_2_75_EDM-2_001,ExtraTrees,1440,160,0.4159274226433075,0.6051865036868805,0.05753881484270096,0.09373274445533752,0.668749988079071,0.0035690180957317352
GAMETES_Heterogeneity_20atts_1600_Het_0_4_0_2_75_EDM-2_001,LightGBM,1440,160,0.3876412569724049,0.5722517654720598,0.055285289883613586,0.07485190033912659,0.7124999761581421,0.003058798611164093
GAMETES_Heterogeneity_20atts_1600_Het_0_4_0_2_75_EDM-2_001,LinearModel,1440,160,0.5029468534447618,0.6961084107578158,0.07007968425750732,0.06573528796434402,0.5062500238418579,0.0031576184555888176
GAMETES_Heterogeneity_20atts_1600_Het_0_4_0_2_75_EDM-2_001,NeuralNetFastAI,1440,160,0.3787297609717902,0.5600150022454902,0.05458923429250717,0.06003178656101227,0.706250011920929,0.003643469884991646
GAMETES_Heterogeneity_20atts_1600_Het_0_4_0_2_75_EDM-2_001,NeuralNetTorch,1440,160,0.35195699788838414,0.5285351428628637,0.05348818004131317,0.08278100192546844,0.737500011920929,0.0034222519025206566
GAMETES_Heterogeneity_20atts_1600_Het_0_4_0_2_75_EDM-2_001,RandomForest,1440,160,0.40878038187006427,0.597512255816582,0.06118375062942505,0.07134944945573807,0.6937500238418579,0.0035529043525457382
GAMETES_Heterogeneity_20atts_1600_Het_0_4_0_2_75_EDM-2_001,XGBoost,1440,160,0.38911521696665896,0.5723175558785613,0.04351096600294113,0.06262672692537308,0.699999988079071,0.00311410054564476
Internet-Advertisements,CatBoost,2951,328,0.07727302878551835,0.12648959894065817,0.036867864429950714,0.017397230491042137,0.9390243887901306,0.005424664355814457
Internet-Advertisements,ExtraTrees,2951,328,0.06409437501330024,0.11787431513650844,0.021653831005096436,0.008867652155458927,0.9542682766914368,0.00532267801463604
Internet-Advertisements,LightGBM,2951,328,0.08413856073231961,0.1376094547090852,0.041470203548669815,0.017237987369298935,0.9329268336296082,0.005311766639351845
Internet-Advertisements,LinearModel,2951,328,0.0964082808358078,0.17653013730788186,0.03788359463214874,0.01324020978063345,0.9329268336296082,0.005761369131505489
Internet-Advertisements,NeuralNetFastAI,2951,328,0.08862310189106502,0.1535124272150926,0.0385691300034523,0.01144484244287014,0.9390243887901306,0.0062875449657440186
Internet-Advertisements,NeuralNetTorch,2951,328,0.08590731907323775,0.15264255853279338,0.03920756280422211,0.01488745491951704,0.9359756112098694,0.0053479028865695
Internet-Advertisements,RandomForest,2951,328,0.07102862607663193,0.12779432492951356,0.023879818618297577,0.009916918352246284,0.9481707215309143,0.004896480590105057
Internet-Advertisements,XGBoost,2951,328,0.08198211473134642,0.13884508817264551,0.03738938644528389,0.01559218019247055,0.9390243887901306,0.005393640138208866
OVA_Colon,CatBoost,1390,155,0.08654327815118845,0.19901361202690038,0.02887098677456379,0.03135879710316658,0.9548386931419373,0.0035497574135661125
OVA_Colon,ExtraTrees,1390,155,0.06825374792205453,0.15348964754728853,0.029228519648313522,0.033381033688783646,0.9677419066429138,0.0034199347719550133
OVA_Colon,LightGBM,1390,155,0.07969266260684121,0.18695506733151357,0.030170831829309464,0.03701340779662132,0.9612902998924255,0.0036776773631572723
OVA_Colon,LinearModel,1390,155,0.09889407378467005,0.20407902370635483,0.016927193850278854,0.012878770008683205,0.9419354796409607,0.004759472794830799
OVA_Colon,NeuralNetFastAI,1390,155,0.07452808427122995,0.17487001915247413,0.03299764543771744,0.032925356179475784,0.9677419066429138,0.003853077068924904
OVA_Colon,NeuralNetTorch,1390,155,0.08926848198613954,0.17737952929527667,0.018046904355287552,0.010070939548313618,0.948387086391449,0.00419095903635025
OVA_Colon,RandomForest,1390,155,0.08623494834631587,0.1699383309197295,0.02256586402654648,0.018350059166550636,0.948387086391449,0.0036290520802140236
OVA_Colon,XGBoost,1390,155,0.08129204845517397,0.17735454457144245,0.015791043639183044,0.01874432899057865,0.9548386931419373,0.0036008739843964577
OVA_Endometrium,CatBoost,1390,155,0.06650670155151032,0.11610345179938669,0.024257227778434753,0.014948945492506027,0.9612902998924255,0.003995990380644798
OVA_Endometrium,ExtraTrees,1390,155,0.06117471031915361,0.10577391803026136,0.022202014923095703,0.007470564916729927,0.9612902998924255,0.0038503389805555344
OVA_Endometrium,LightGBM,1390,155,0.06802915922891264,0.12002291388405012,0.026469340547919273,0.01780601590871811,0.9612902998924255,0.0038044247776269913
OVA_Endometrium,LinearModel,1390,155,0.04793407670595107,0.07721697507786578,0.0170071292668581,0.010772175155580044,0.9612902998924255,0.0046212924644351006
OVA_Endometrium,NeuralNetFastAI,1390,155,0.056973464378061354,0.09402643816221744,0.01796170324087143,0.0036921522114425898,0.9612902998924255,0.004106719978153706
OVA_Endometrium,NeuralNetTorch,1390,155,0.06236277031164588,0.10906655796401071,0.025382522493600845,0.011957363225519657,0.9612902998924255,0.004159198142588139
OVA_Endometrium,RandomForest,1390,155,0.06741380633044083,0.12459582243885642,0.028906917199492455,0.015624811872839928,0.9612902998924255,0.003612699918448925
OVA_Endometrium,XGBoost,1390,155,0.06896612716505136,0.12350460109296871,0.02782830223441124,0.017956890165805817,0.9612902998924255,0.0038392310962080956
OVA_Kidney,CatBoost,1390,155,0.049174527962023304,0.09564988214837349,0.01415142323821783,0.016439583152532578,0.9677419066429138,0.003610433079302311
OVA_Kidney,ExtraTrees,1390,155,0.06692393749519947,0.12090166166151099,0.01939903385937214,0.01759301871061325,0.948387086391449,0.0037973113358020782
OVA_Kidney,LightGBM,1390,155,0.06219437071452016,0.10796759579816802,0.024884751066565514,0.0241373460739851,0.948387086391449,0.003725823014974594
OVA_Kidney,LinearModel,1390,155,0.07751623706050517,0.1355163925330356,0.03271636366844177,0.025449860841035843,0.9354838728904724,0.004760947078466415
OVA_Kidney,NeuralNetFastAI,1390,155,0.08569913095865077,0.13051821684161333,0.023488979786634445,0.020162876695394516,0.9419354796409607,0.0038316315039992332
OVA_Kidney,NeuralNetTorch,1390,155,0.13829692054272344,0.21081598878219418,0.0513603650033474,0.05122612789273262,0.8774193525314331,0.0035635344684123993
OVA_Kidney,RandomForest,1390,155,0.06693122577091465,0.1216100318535229,0.018279505893588066,0.018099253997206688,0.948387086391449,0.003758740611374378
OVA_Kidney,XGBoost,1390,155,0.05776474819149939,0.10513888564876159,0.021855156868696213,0.017728013917803764,0.9548386931419373,0.003893469460308552
OVA_Lung,CatBoost,1390,155,0.05184640111670284,0.10005257679306191,0.021680502220988274,0.005351322237402201,0.9677419066429138,0.0038531050086021423
OVA_Lung,ExtraTrees,1390,155,0.045813350854572915,0.11537707392868399,0.0218984242528677,0.010994495823979378,0.9741935729980469,0.003999748267233372
OVA_Lung,LightGBM,1390,155,0.07262095196122766,0.1274488182483175,0.023641500622034073,0.014228785410523415,0.948387086391449,0.003799576312303543
OVA_Lung,LinearModel,1390,155,0.0590316849256486,0.12751064255131123,0.018518300727009773,0.00451055821031332,0.9612902998924255,0.005394628271460533
OVA_Lung,NeuralNetFastAI,1390,155,0.04510773073833266,0.08872543615967358,0.021691102534532547,0.01251355092972517,0.9741935729980469,0.003607102669775486
OVA_Lung,NeuralNetTorch,1390,155,0.05238865074815289,0.10921303666828618,0.026159273460507393,0.006435893941670656,0.9677419066429138,0.003874228335916996
OVA_Lung,RandomForest,1390,155,0.052932583947035226,0.13991156458316165,0.024646110832691193,0.00770562794059515,0.9677419066429138,0.003955275751650333
OVA_Lung,XGBoost,1390,155,0.04534773680896548,0.09150731612650893,0.02205035835504532,0.011794278398156166,0.9741935729980469,0.003801785409450531
OVA_Ovary,CatBoost,1390,155,0.11042195483401997,0.17362658832613906,0.03953980654478073,0.04651268944144249,0.9225806593894958,0.003626127727329731
OVA_Ovary,ExtraTrees,1390,155,0.12928509158759646,0.18921868415721213,0.03941629081964493,0.06343987584114075,0.896774172782898,0.0035804612562060356
OVA_Ovary,LightGBM,1390,155,0.11175927230257007,0.17656180616598205,0.03587305173277855,0.04648427292704582,0.9225806593894958,0.0038065537810325623
OVA_Ovary,LinearModel,1390,155,0.11291475835059472,0.1779158098152252,0.02810613438487053,0.03876535966992378,0.9225806593894958,0.004995554685592651
OVA_Ovary,NeuralNetFastAI,1390,155,0.12480685200098346,0.1937433340203356,0.03034624457359314,0.04650948941707611,0.9096774458885193,0.0037712901830673218
OVA_Ovary,NeuralNetTorch,1390,155,0.10470667726380584,0.16420311314198718,0.03956400230526924,0.024006450548768044,0.9290322661399841,0.0032580429688096046
OVA_Ovary,RandomForest,1390,155,0.10964099413096366,0.1616305562252654,0.03495488315820694,0.060433145612478256,0.9096774458885193,0.0036291005089879036
OVA_Ovary,XGBoost,1390,155,0.12451802558036335,0.2007419556410151,0.04297640919685364,0.046630360186100006,0.9161290526390076,0.003624550998210907
OVA_Prostate,CatBoost,1390,155,0.0382569402575908,0.05291227257108684,0.02239331044256687,0.014791098423302174,0.9548386931419373,0.004656791687011719
OVA_Prostate,ExtraTrees,1390,155,0.04583891579803506,0.06402657107079075,0.025339467450976372,0.006257291417568922,0.9548386931419373,0.003984470851719379
OVA_Prostate,LightGBM,1390,155,0.030970055755556863,0.04358851223112384,0.02535669505596161,0.02516082301735878,0.9548386931419373,0.004257584922015667
OVA_Prostate,LinearModel,1390,155,0.05588442803876069,0.0786540894168505,0.03145769238471985,0.006662788800895214,0.9548386931419373,0.004735742695629597
OVA_Prostate,NeuralNetFastAI,1390,155,0.10463414433622661,0.15068464608024085,0.0862538293004036,0.0612185075879097,0.9548386931419373,0.004660851322114468
OVA_Prostate,NeuralNetTorch,1390,155,0.040544797796177305,0.055506121763463284,0.02500879392027855,0.010614244267344475,0.9548386931419373,0.00462769903242588
OVA_Prostate,RandomForest,1390,155,0.06853450183894907,0.09747714275417978,0.04000762850046158,0.020870961248874664,0.9548386931419373,0.003978054970502853
OVA_Prostate,XGBoost,1390,155,0.03912639032563129,0.0547909078964736,0.023246845230460167,0.008306479081511497,0.9548386931419373,0.00392278004437685
PhishingWebsites,CatBoost,9949,1106,0.06856175666218157,0.11047377110306239,0.0068270619958639145,0.004826065618544817,0.9448462724685669,0.013162198476493359
PhishingWebsites,ExtraTrees,9949,1106,0.06707783862016628,0.1106073196987484,0.008773520588874817,0.008520744740962982,0.943942129611969,0.013456407934427261
PhishingWebsites,LightGBM,9949,1106,0.06880467052028742,0.11108452977043377,0.017557816579937935,0.006351810414344072,0.9457504749298096,0.013059393502771854
PhishingWebsites,LinearModel,9949,1106,0.09602100272262996,0.15604721881503658,0.016275005415081978,0.005668126977980137,0.9303797483444214,0.012682034634053707
PhishingWebsites,NeuralNetFastAI,9949,1106,0.06644943906214967,0.09967681951823708,0.005960844457149506,0.005477430764585733,0.9403254985809326,0.01414271630346775
PhishingWebsites,NeuralNetTorch,9949,1106,0.0672888390619139,0.10146812753549475,0.012105971574783325,0.0020760023035109043,0.9421338438987732,0.013843697495758533
PhishingWebsites,RandomForest,9949,1106,0.0717849597077248,0.1178524024787458,0.008251474238932133,0.009080000221729279,0.9394213557243347,0.01381922047585249
PhishingWebsites,XGBoost,9949,1106,0.0699076794587785,0.11264720113413662,0.004737623035907745,0.006784471683204174,0.9448462724685669,0.012911456637084484
Run_or_walk_information,CatBoost,79729,8859,0.012474143958869295,0.02934583793801159,0.0024699904024600983,0.0016287557082250714,0.9935658574104309,0.0951513834297657
Run_or_walk_information,ExtraTrees,79729,8859,0.013707619878204153,0.03132074499430337,0.0031439028680324554,0.004567425232380629,0.9930014610290527,0.08832591399550438
Run_or_walk_information,LightGBM,79729,8859,0.01082887085681713,0.026021901894045366,0.0019414229318499565,0.0026960987597703934,0.9944689273834229,0.08792153559625149
Run_or_walk_information,LinearModel,79729,8859,0.2905500988357234,0.43782137118679715,0.05720822885632515,0.11586105823516846,0.7292019128799438,0.08882433827966452
Run_or_walk_information,NeuralNetFastAI,79729,8859,0.016327216791329018,0.03641234953581396,0.0028686821460723877,0.0027398220263421535,0.9915340542793274,0.097989103756845
Run_or_walk_information,NeuralNetTorch,79729,8859,0.013606587720583867,0.032767557225243035,0.003739346284419298,0.005486717913299799,0.9931143522262573,0.09322165604680777
Run_or_walk_information,RandomForest,79729,8859,0.015163915354573239,0.033958687485190264,0.0033505214378237724,0.004712793976068497,0.9922112822532654,0.08822488877922297
Run_or_walk_information,XGBoost,79729,8859,0.012705349169409371,0.029485412710363212,0.002162247896194458,0.0018932460807263851,0.9934529662132263,0.09844028390944004
Satellite,CatBoost,4590,510,0.022074392290962908,0.03534309689634166,0.011576700955629349,0.0076369065791368484,0.9862744808197021,0.008303919807076454
Satellite,ExtraTrees,4590,510,0.022535145503180233,0.03603383749889177,0.008910946547985077,0.003494881559163332,0.9862744808197021,0.00763194914907217
Satellite,LightGBM,4590,510,0.022526721462401908,0.03673934205126495,0.00873066857457161,0.0049930717796087265,0.9862744808197021,0.008091624826192856
Satellite,LinearModel,4590,510,0.023845005134622958,0.041417862307326324,0.009370382875204086,0.0017045486019924283,0.9862744808197021,0.006584178656339645
Satellite,NeuralNetFastAI,4590,510,0.02344869357299842,0.039535306452260395,0.008058730512857437,0.00047919488861225545,0.9862744808197021,0.008217626251280308
Satellite,NeuralNetTorch,4590,510,0.021836738304563053,0.034163276601823445,0.009512174874544144,0.006983038503676653,0.9862744808197021,0.00848869327455759
Satellite,RandomForest,4590,510,0.023449433907278317,0.03929447108589204,0.008682925254106522,0.0004711440415121615,0.9862744808197021,0.006163056008517742
Satellite,XGBoost,4590,510,0.023918560247918927,0.04059081356595265,0.010868705809116364,0.011263917200267315,0.9862744808197021,0.008281467482447624
SpeedDating,CatBoost,7540,838,0.18154882054532706,0.2975532923224631,0.023013122379779816,0.025867212563753128,0.8830549120903015,0.012241163291037083
SpeedDating,ExtraTrees,7540,838,0.20028029823546506,0.3188756947015289,0.028994040563702583,0.01978365331888199,0.8651551604270935,0.012012483552098274
SpeedDating,LightGBM,7540,838,0.17883419724103342,0.29372633754513383,0.02676308900117874,0.027341507375240326,0.8866348266601562,0.011895622126758099
SpeedDating,LinearModel,7540,838,0.19228634040169443,0.3152514856402811,0.026167169213294983,0.033358070999383926,0.8782815933227539,0.011672263965010643
SpeedDating,NeuralNetFastAI,7540,838,0.1962494712404834,0.31700286546103884,0.028530661016702652,0.028914690017700195,0.8723150491714478,0.01127696130424738
SpeedDating,NeuralNetTorch,7540,838,0.19220755666307432,0.3118947215654397,0.02845051884651184,0.02980966307222843,0.8711217045783997,0.01091129332780838
SpeedDating,RandomForest,7540,838,0.19393635949412452,0.3143061541751534,0.02933954820036888,0.022432178258895874,0.8711217045783997,0.010654415935277939
SpeedDating,XGBoost,7540,838,0.18039048278937425,0.2957964756692676,0.027923427522182465,0.02384553663432598,0.8830549120903015,0.01120584737509489
Titanic,CatBoost,1980,221,0.2733779670423542,0.43538613657310804,0.06917404383420944,0.06956037133932114,0.8325791954994202,0.0043862443417310715
Titanic,ExtraTrees,1980,221,0.26496406872956724,0.43007250501023,0.0766136422753334,0.06882867962121964,0.8280543088912964,0.004326780326664448
Titanic,LightGBM,1980,221,0.2731568814619569,0.4352742233648234,0.07022713869810104,0.06907336413860321,0.8325791954994202,0.004227512516081333
Titanic,LinearModel,1980,221,0.2828775369354613,0.45745515053433766,0.06366641074419022,0.0858430489897728,0.8280543088912964,0.004521970637142658
Titanic,NeuralNetFastAI,1980,221,0.2762251451370373,0.4384805678179964,0.07221054285764694,0.07474012672901154,0.8325791954994202,0.004529912956058979
Titanic,NeuralNetTorch,1980,221,0.2566834752213968,0.41440418679318697,0.0780366063117981,0.059136610478162766,0.8325791954994202,0.004645342938601971
Titanic,RandomForest,1980,221,0.25894968363691134,0.4209293286680422,0.07181292772293091,0.056943658739328384,0.8325791954994202,0.0042344676330685616
Titanic,XGBoost,1980,221,0.2733979751456269,0.4352513516728423,0.07048864662647247,0.06997638940811157,0.8325791954994202,0.004335678182542324
ada,CatBoost,3732,415,0.17154815347499958,0.27223808064584837,0.02015775442123413,0.022241847589612007,0.8843373656272888,0.006289642304182053
ada,ExtraTrees,3732,415,0.19930296508333778,0.3138873971215696,0.034683555364608765,0.03861594200134277,0.8554216623306274,0.0067214760929346085
ada,LightGBM,3732,415,0.17303028792760536,0.2800147892960702,0.014597877860069275,0.01604163646697998,0.8843373656272888,0.006175103597342968
ada,LinearModel,3732,415,0.19946196420710824,0.314585862719675,0.023413915187120438,0.017522260546684265,0.8554216623306274,0.006595131009817123
ada,NeuralNetFastAI,3732,415,0.18714906437627543,0.2984679823927967,0.02617546170949936,0.02498137205839157,0.8674699068069458,0.006667333655059338
ada,NeuralNetTorch,3732,415,0.19096648809584235,0.29892892829785156,0.024116085842251778,0.017752736806869507,0.8626505732536316,0.006079786457121372
ada,RandomForest,3732,415,0.1874879346017288,0.2960085261939996,0.02662155032157898,0.011699678376317024,0.8650602698326111,0.006369090639054775
ada,XGBoost,3732,415,0.16854849034182712,0.2714564696030284,0.018383340910077095,0.01700756698846817,0.8867470026016235,0.006694016046822071
adult,CatBoost,43957,4885,0.17474443934632783,0.27833973892610103,0.025391073897480965,0.005751339253038168,0.8771750330924988,0.059001414105296135
adult,ExtraTrees,43957,4885,0.19307458280607134,0.3111908204662324,0.018707338720560074,0.013664084486663342,0.8642783761024475,0.05907220207154751
adult,LightGBM,43957,4885,0.17438397563279853,0.2778958900673363,0.024861227720975876,0.004509772174060345,0.8771750330924988,0.05831335112452507
adult,LinearModel,43957,4885,0.20627993303909967,0.3231328503132449,0.022533953189849854,0.009605937637388706,0.8530194759368896,0.05701005272567272
adult,NeuralNetFastAI,43957,4885,0.19256377846840397,0.30481535519140085,0.017738565802574158,0.008668103255331516,0.8650972247123718,0.057251556776463985
adult,NeuralNetTorch,43957,4885,0.1943386221485456,0.30641573702103503,0.02605142444372177,0.006712531205266714,0.8628454208374023,0.05456457752734423
adult,RandomForest,43957,4885,0.18946274375349637,0.2997108743353861,0.021071549504995346,0.010115493088960648,0.8632548451423645,0.05623518209904432
adult,XGBoost,43957,4885,0.1746328622089555,0.277259530559086,0.022687116637825966,0.00635891268029809,0.8759467601776123,0.05646809749305248
ailerons,CatBoost,12375,1375,0.16126182145420634,0.2621205289872617,0.028000608086586,0.011555895209312439,0.8894545435905457,0.017642761580646038
ailerons,ExtraTrees,12375,1375,0.17020146637179887,0.27841253048905096,0.028883133083581924,0.010051283985376358,0.8799999952316284,0.017942018806934357
ailerons,LightGBM,12375,1375,0.1586489600344045,0.256095828128011,0.02118130400776863,0.006500969175249338,0.8909090757369995,0.018210752867162228
ailerons,LinearModel,12375,1375,0.16890080200457971,0.27592049152162806,0.017191365361213684,0.007694832514971495,0.8843636512756348,0.016678129322826862
ailerons,NeuralNetFastAI,12375,1375,0.1690377956821099,0.2716825072675367,0.023781683295965195,0.009305128827691078,0.8792726993560791,0.01576050091534853
ailerons,NeuralNetTorch,12375,1375,0.1679817105183635,0.2713637533654619,0.019672604277729988,0.010762388817965984,0.8829091191291809,0.01581438910216093
ailerons,RandomForest,12375,1375,0.16427089691093283,0.2750164429100622,0.027279356494545937,0.02082238160073757,0.8799999952316284,0.016026228666305542
ailerons,XGBoost,12375,1375,0.1591954949694975,0.2584292241903684,0.02573879435658455,0.008209039457142353,0.8909090757369995,0.015299016609787941
arcene,CatBoost,90,10,0.33429052296421713,0.5944693316736273,0.1312178522348404,0.2594493329524994,0.800000011920929,0.0018599620088934898
arcene,ExtraTrees,90,10,0.2926198492398513,0.5472683092409496,0.10329526662826538,0.25531476736068726,0.8999999761581421,0.001871265470981598
arcene,LightGBM,90,10,0.39426559173482084,0.5841697360583028,0.1591542661190033,0.21211780607700348,0.699999988079071,0.001774938777089119
arcene,LinearModel,90,10,0.2830782096646892,0.4284962191506693,0.11316783726215363,0.2947905957698822,0.800000011920929,0.0022065630182623863
arcene,NeuralNetFastAI,90,10,0.3219184826025421,0.4976368778917468,0.09891035407781601,0.11569398641586304,0.800000011920929,0.0019803689792752266
arcene,NeuralNetTorch,90,10,0.2952826840512075,0.6503966604715148,0.12393161654472351,0.2358030527830124,0.8999999761581421,0.0016648657619953156
arcene,RandomForest,90,10,0.3611431603724201,0.6065508982791731,0.09650667011737823,0.2690385580062866,0.800000011920929,0.0016739526763558388
arcene,XGBoost,90,10,0.3919816716898565,0.5983183882746539,0.1096438467502594,0.21031807363033295,0.699999988079071,0.0017555039376020432
arsenic-female-bladder,CatBoost,503,56,0.21790963630630225,0.34146458977235533,0.03788686916232109,0.043352387845516205,0.8392857313156128,0.002513742074370384
arsenic-female-bladder,ExtraTrees,503,56,0.208390730794645,0.33351002868996965,0.05722946301102638,0.09673843532800674,0.875,0.0023469161242246628
arsenic-female-bladder,LightGBM,503,56,0.21196006589305924,0.34063165475826246,0.0484086275100708,0.06527864933013916,0.8571428656578064,0.0025932705029845238
arsenic-female-bladder,LinearModel,503,56,0.2481051952027471,0.38152027519228443,0.07850679010152817,0.08120598644018173,0.8035714030265808,0.0024576056748628616
arsenic-female-bladder,NeuralNetFastAI,503,56,0.21415106987744467,0.3285714477431639,0.0864933505654335,0.08620193600654602,0.8392857313156128,0.0023070313036441803
arsenic-female-bladder,NeuralNetTorch,503,56,0.19483023960247955,0.32026955699520177,0.050860024988651276,0.031083695590496063,0.875,0.0027704499661922455
arsenic-female-bladder,RandomForest,503,56,0.21526070737033573,0.34624526457109134,0.03830831125378609,0.07297465205192566,0.8571428656578064,0.002756485715508461
arsenic-female-bladder,XGBoost,503,56,0.2095730503329114,0.3426034074481631,0.06797489523887634,0.036937471479177475,0.8571428656578064,0.0023307595402002335
autoUniv-au1-1000,CatBoost,900,100,0.3628317840294158,0.5546170079329006,0.051664434373378754,0.09218884259462357,0.7799999713897705,0.0029822150245308876
autoUniv-au1-1000,ExtraTrees,900,100,0.3602365769984197,0.5521934002775556,0.06464434415102005,0.10404191166162491,0.7599999904632568,0.0026587089523673058
autoUniv-au1-1000,LightGBM,900,100,0.3477825404452149,0.5391363586759138,0.05725187435746193,0.09768220782279968,0.7900000214576721,0.002841348759829998
autoUniv-au1-1000,LinearModel,900,100,0.38521780372186426,0.5824361297012374,0.0679340586066246,0.12631869316101074,0.7400000095367432,0.002975679934024811
autoUniv-au1-1000,NeuralNetFastAI,900,100,0.3487402163772612,0.5354943456793855,0.05564991757273674,0.04793643578886986,0.7599999904632568,0.0028213951736688614
autoUniv-au1-1000,NeuralNetTorch,900,100,0.35303872239391765,0.5352491606236179,0.0391940176486969,0.05451374500989914,0.7599999904632568,0.002961486577987671
autoUniv-au1-1000,RandomForest,900,100,0.3770703449972831,0.5730719132481074,0.053789734840393066,0.12387318164110184,0.7300000190734863,0.0030811913311481476
autoUniv-au1-1000,XGBoost,900,100,0.3603683922092565,0.5468435792968361,0.04640936851501465,0.09676467627286911,0.7699999809265137,0.002857406623661518
bank-marketing,CatBoost,40689,4522,0.12164658531484235,0.19225008987662637,0.02116161584854126,0.008193287998437881,0.9139761328697205,0.04996263887733221
bank-marketing,ExtraTrees,40689,4522,0.12962581480955995,0.2052738045883732,0.022368256002664566,0.004797879606485367,0.9066784381866455,0.04688152298331261
bank-marketing,LightGBM,40689,4522,0.12337454434543642,0.1948907539247377,0.021740231662988663,0.007513473741710186,0.9122070074081421,0.04836633615195751
bank-marketing,LinearModel,40689,4522,0.1431767049600327,0.23185975322448613,0.019864007830619812,0.012405826710164547,0.899601936340332,0.047629596665501595
bank-marketing,NeuralNetFastAI,40689,4522,0.12246859523442262,0.19464232066629575,0.018303098157048225,0.0050406246446073055,0.9119858741760254,0.04667824134230614
bank-marketing,NeuralNetTorch,40689,4522,0.12373362828266757,0.1948914817705328,0.0197792686522007,0.00470794877037406,0.9113224148750305,0.05043559521436691
bank-marketing,RandomForest,40689,4522,0.12908608607991892,0.2040906513345552,0.021688412874937057,0.006005814764648676,0.906899631023407,0.04927569255232811
bank-marketing,XGBoost,40689,4522,0.12240813264634907,0.19444825033542515,0.022778350859880447,0.009024509228765965,0.9133126735687256,0.04967550188302994
bank32nh,CatBoost,7372,820,0.27141730597352576,0.4148546481247124,0.027045963332057,0.031021099537611008,0.795121967792511,0.010088592767715454
bank32nh,ExtraTrees,7372,820,0.2729435667428298,0.4201214440981045,0.023455388844013214,0.03510032966732979,0.79756098985672,0.010227027349174023
bank32nh,LightGBM,7372,820,0.26972180783452665,0.4142613584299104,0.028737669810652733,0.030283501371741295,0.7939024567604065,0.0100453095510602
bank32nh,LinearModel,7372,820,0.2697955686044579,0.41467366002829065,0.025648150593042374,0.03853970393538475,0.800000011920929,0.009990407153964043
bank32nh,NeuralNetFastAI,7372,820,0.2544525361432828,0.3954059269537708,0.022809907793998718,0.024519361555576324,0.8097561001777649,0.010164519771933556
bank32nh,NeuralNetTorch,7372,820,0.2644631279565841,0.4079718308388696,0.014926169998943806,0.027175631374120712,0.8048780560493469,0.010174666531383991
bank32nh,RandomForest,7372,820,0.28562325510222447,0.43731203242108374,0.029944930225610733,0.03521503880620003,0.792682945728302,0.010550281032919884
bank32nh,XGBoost,7372,820,0.27423591962268223,0.42108335837266203,0.018872106447815895,0.03202728554606438,0.795121967792511,0.009926694445312023
bank8FM,CatBoost,7372,820,0.08155517159661646,0.13214254101853418,0.00784772727638483,0.007596840616315603,0.9475609660148621,0.009957668371498585
bank8FM,ExtraTrees,7372,820,0.08355488631736198,0.13455972856750947,0.010733583942055702,0.008069291710853577,0.9451219439506531,0.010402696207165718
bank8FM,LightGBM,7372,820,0.08136839200214102,0.12913292573343027,0.012930463068187237,0.009455093182623386,0.9463414549827576,0.009909613989293575
bank8FM,LinearModel,7372,820,0.08625322319923294,0.14421820000856667,0.013777091167867184,0.006741850171238184,0.9463414549827576,0.009961161762475967
bank8FM,NeuralNetFastAI,7372,820,0.07976947757215838,0.12288847353596853,0.01386487577110529,0.014258842915296555,0.9463414549827576,0.010121321305632591
bank8FM,NeuralNetTorch,7372,820,0.08267256453205754,0.12707617456793122,0.009461410343647003,0.01457369513809681,0.9439024329185486,0.010198964737355709
bank8FM,RandomForest,7372,820,0.08483920510401989,0.13868352512302962,0.014769420027732849,0.007325558457523584,0.9451219439506531,0.010478975251317024
bank8FM,XGBoost,7372,820,0.08409215133277557,0.13847070528800579,0.014901849441230297,0.01008275430649519,0.9463414549827576,0.009527595713734627
blood-transfusion-service-center,CatBoost,673,75,0.3162170747211645,0.48048662534140324,0.051901787519454956,0.08706212788820267,0.7599999904632568,0.00275634229183197
blood-transfusion-service-center,ExtraTrees,673,75,0.31208562856687233,0.4716449166449822,0.059142354875802994,0.07277368754148483,0.7599999904632568,0.0028559742495417595
blood-transfusion-service-center,LightGBM,673,75,0.3094494221304682,0.4698662355676499,0.03702927380800247,0.0557330958545208,0.7599999904632568,0.0025106342509388924
blood-transfusion-service-center,LinearModel,673,75,0.3173037080170065,0.4754557764862947,0.048932626843452454,0.08615639805793762,0.746666669845581,0.0026370370760560036
blood-transfusion-service-center,NeuralNetFastAI,673,75,0.31697169406787773,0.47371227060337057,0.06466018408536911,0.08729007095098495,0.746666669845581,0.002599635161459446
blood-transfusion-service-center,NeuralNetTorch,673,75,0.3227784417644574,0.48437750502523763,0.06617411226034164,0.11593770235776901,0.7333333492279053,0.0025923773646354675
blood-transfusion-service-center,RandomForest,673,75,0.3064335960059325,0.4692006127920557,0.05472157895565033,0.0526997372508049,0.7733333110809326,0.002756204456090927
blood-transfusion-service-center,XGBoost,673,75,0.3301596198933699,0.5040979269952737,0.04718080908060074,0.08103751391172409,0.746666669845581,0.002551732584834099
boston_corrected,CatBoost,455,51,0.16545637319985795,0.2772459299253656,0.07869641482830048,0.06888332962989807,0.9019607901573181,0.002281264401972294
boston_corrected,ExtraTrees,455,51,0.14285237133019688,0.24872687829316584,0.08459028601646423,0.12007211148738861,0.9411764740943909,0.002331383526325226
boston_corrected,LightGBM,455,51,0.1533321590016687,0.2564592753038938,0.1069953441619873,0.10872899740934372,0.9215686321258545,0.0021021226420998573
boston_corrected,LinearModel,455,51,0.18483409152111463,0.2970758575476602,0.09302734583616257,0.08952715247869492,0.9019607901573181,0.0022327248007059097
boston_corrected,NeuralNetFastAI,455,51,0.14370640392250686,0.24947949246974163,0.09082067757844925,0.11052931845188141,0.9411764740943909,0.00241091288626194
boston_corrected,NeuralNetTorch,455,51,0.16670011653508995,0.27247505091168056,0.08576858788728714,0.1122138500213623,0.9215686321258545,0.002323238179087639
boston_corrected,RandomForest,455,51,0.16758896727315395,0.28182024483383616,0.08333618938922882,0.10093138366937637,0.9019607901573181,0.002247319556772709
boston_corrected,XGBoost,455,51,0.22194775208357292,0.34702496770098146,0.09009872376918793,0.09303876012563705,0.8627451062202454,0.002347954548895359
churn,CatBoost,4500,500,0.09429442581760183,0.19686887432316985,0.023890160024166107,0.026167238131165504,0.949999988079071,0.007123439572751522
churn,ExtraTrees,4500,500,0.10304028250524308,0.2226387823120711,0.01933404430747032,0.01934497430920601,0.9419999718666077,0.006920228712260723
churn,LightGBM,4500,500,0.10636935139608025,0.22444437044487858,0.024213461205363274,0.03808315470814705,0.9440000057220459,0.006983116269111633
churn,LinearModel,4500,500,0.20247199302293464,0.32503095647670605,0.03185015171766281,0.06232967972755432,0.8379999995231628,0.006991202011704445
churn,NeuralNetFastAI,4500,500,0.10833194784477075,0.20804021603868394,0.030510999262332916,0.009713437408208847,0.9340000152587891,0.007257658988237381
churn,NeuralNetTorch,4500,500,0.10560581449742872,0.20813835332379432,0.031177125871181488,0.020821327343583107,0.9399999976158142,0.006880627013742924
churn,RandomForest,4500,500,0.10421987471290367,0.22332649476341584,0.018131708726286888,0.019389765337109566,0.9399999976158142,0.007074475288391113
churn,XGBoost,4500,500,0.09808542226251685,0.2053215761318985,0.025684041902422905,0.027125731110572815,0.9480000138282776,0.007131760939955711
climate-model-simulation-crashes,CatBoost,486,54,0.08478641770634632,0.17219465752578905,0.04209917411208153,0.0285961776971817,0.9444444179534912,0.0026361048221588135
climate-model-simulation-crashes,ExtraTrees,486,54,0.08812065645857593,0.31585884183850105,0.045454517006874084,0.04029020294547081,0.9444444179534912,0.0026143668219447136
climate-model-simulation-crashes,LightGBM,486,54,0.1077989644704106,0.3213703438812765,0.060700491070747375,0.05928071588277817,0.9259259104728699,0.0030772294849157333
climate-model-simulation-crashes,LinearModel,486,54,0.10733961807395628,0.33093124581586636,0.0686761662364006,0.06154286116361618,0.9259259104728699,0.0025335336104035378
climate-model-simulation-crashes,NeuralNetFastAI,486,54,0.13293967390592445,0.3443020079549973,0.07272962480783463,0.07671152800321579,0.9074074029922485,0.0025430023670196533
climate-model-simulation-crashes,NeuralNetTorch,486,54,0.10729210872210691,0.2935023259504267,0.0626729354262352,0.056047216057777405,0.9259259104728699,0.0023972420021891594
climate-model-simulation-crashes,RandomForest,486,54,0.1294796999826127,0.3415876706543027,0.06739182025194168,0.06511786580085754,0.8888888955116272,0.0029334891587495804
climate-model-simulation-crashes,XGBoost,486,54,0.11993991216315295,0.24052325508308267,0.05862615257501602,0.056376442313194275,0.9074074029922485,0.0026839273050427437
colleges_usnews,CatBoost,1171,131,0.37637294194309046,0.5488505626029881,0.05923289433121681,0.07576271146535873,0.7022900581359863,0.00308808870613575
colleges_usnews,ExtraTrees,1171,131,0.3708746720363965,0.5429298135731572,0.06433892250061035,0.10944686830043793,0.694656491279602,0.002932642586529255
colleges_usnews,LightGBM,1171,131,0.3908381299299898,0.5715560748278521,0.06809081137180328,0.12343431264162064,0.7022900581359863,0.003001552075147629
colleges_usnews,LinearModel,1171,131,0.39863270844265003,0.5761418111940555,0.06592828780412674,0.12824666500091553,0.6641221642494202,0.002938060089945793
colleges_usnews,NeuralNetFastAI,1171,131,0.4037658584744733,0.5815022290087547,0.07885029166936874,0.1227896511554718,0.6793892979621887,0.002936284989118576
colleges_usnews,NeuralNetTorch,1171,131,0.3962701288108209,0.5724109042444577,0.08471465110778809,0.14195702970027924,0.694656491279602,0.0033378079533576965
colleges_usnews,RandomForest,1171,131,0.37733350954651335,0.5733520919324752,0.05366174131631851,0.1146356388926506,0.694656491279602,0.0029827645048499107
colleges_usnews,XGBoost,1171,131,0.40205086234318627,0.5799445917670111,0.0769788846373558,0.13422724604606628,0.6793892979621887,0.003064013086259365
cpu_act,CatBoost,7372,820,0.06933255312132348,0.11929588316545035,0.014153802767395973,0.02297145314514637,0.959756076335907,0.00996128749102354
cpu_act,ExtraTrees,7372,820,0.0787080786452923,0.1333435226303883,0.014201680198311806,0.02525423653423786,0.9536585211753845,0.009725687094032764
cpu_act,LightGBM,7372,820,0.07237129987838549,0.1225250372551643,0.013118240982294083,0.02146228402853012,0.957317054271698,0.009488149546086788
cpu_act,LinearModel,7372,820,0.09290990905579087,0.15567560316946683,0.010709119960665703,0.016074862331151962,0.9426829218864441,0.009848680347204208
cpu_act,NeuralNetFastAI,7372,820,0.07665802847070544,0.13111314124844342,0.01677747629582882,0.023240244016051292,0.954878032207489,0.010050129145383835
cpu_act,NeuralNetTorch,7372,820,0.07317098391684482,0.1287040326074688,0.019516421481966972,0.03400891274213791,0.9609755873680115,0.010203137993812561
cpu_act,RandomForest,7372,820,0.07833129760452415,0.13503311088778414,0.02043989486992359,0.03161094710230827,0.9560975432395935,0.00965113751590252
cpu_act,XGBoost,7372,820,0.0715773169540897,0.12127205762539402,0.012737162411212921,0.019753776490688324,0.957317054271698,0.009703570045530796
cpu_small,CatBoost,7372,820,0.10270121468086056,0.16519612360319763,0.009390689432621002,0.00657407334074378,0.9317073225975037,0.009427323937416077
cpu_small,ExtraTrees,7372,820,0.10753341802420315,0.1745570010211332,0.01208602823317051,0.01504956092685461,0.9292683005332947,0.009527161717414856
cpu_small,LightGBM,7372,820,0.09684567847776389,0.15763231303656028,0.01937742345035076,0.013347625732421875,0.9378048777580261,0.00952922459691763
cpu_small,LinearModel,7372,820,0.13058644868604585,0.20931155610067279,0.016769148409366608,0.016433531418442726,0.9073171019554138,0.010359443724155426
cpu_small,NeuralNetFastAI,7372,820,0.11140817349480928,0.17557976877403605,0.016385376453399658,0.009888943284749985,0.9231707453727722,0.010223581455647945
cpu_small,NeuralNetTorch,7372,820,0.11116606965624383,0.1753587252751746,0.016281716525554657,0.016177214682102203,0.9207317233085632,0.009907536208629608
cpu_small,RandomForest,7372,820,0.1079625202586165,0.17479209611316535,0.012679560109972954,0.012156433425843716,0.9268292784690857,0.009709839709103107
cpu_small,XGBoost,7372,820,0.09856849460999577,0.16099183495732847,0.01600729487836361,0.013166545890271664,0.9365853667259216,0.009424470365047455
credit-g,CatBoost,900,100,0.28140012869429837,0.43370279177694043,0.044819459319114685,0.07195591181516647,0.8199999928474426,0.0027869604527950287
credit-g,ExtraTrees,900,100,0.2814617268299424,0.4363279162773745,0.051790498197078705,0.10255268961191177,0.8299999833106995,0.002719944342970848
credit-g,LightGBM,900,100,0.2900123801708477,0.44706107392996075,0.04115775227546692,0.06144949048757553,0.800000011920929,0.0028733620420098305
credit-g,LinearModel,900,100,0.3037198675213657,0.4661986774649054,0.049143336713314056,0.06756141036748886,0.7900000214576721,0.002717791125178337
credit-g,NeuralNetFastAI,900,100,0.2993448800131017,0.4547721420734504,0.04507780075073242,0.07743162661790848,0.7699999809265137,0.00273772981017828
credit-g,NeuralNetTorch,900,100,0.3038955206658212,0.4687732499952172,0.07097209990024567,0.12349625676870346,0.7599999904632568,0.0032157525420188904
credit-g,RandomForest,900,100,0.2774725223129606,0.42889736833652475,0.0640968531370163,0.08828328549861908,0.7900000214576721,0.0026279715821146965
credit-g,XGBoost,900,100,0.2944924233586751,0.44903224965701183,0.05020575225353241,0.06596549600362778,0.7699999809265137,0.0028760042041540146
cylinder-bands,CatBoost,486,54,0.1999734609253521,0.3371021223444097,0.062053289264440536,0.08753693103790283,0.8703703880310059,0.00250287726521492
cylinder-bands,ExtraTrees,486,54,0.17673009195218778,0.313778693392858,0.05028780549764633,0.07916409522294998,0.9074074029922485,0.003418966196477413
cylinder-bands,LightGBM,486,54,0.18082460181658788,0.30574783672973826,0.04431015998125076,0.0767439752817154,0.8888888955116272,0.0024825334548950195
cylinder-bands,LinearModel,486,54,0.25932644820411965,0.41054311185221115,0.0644751563668251,0.1121474876999855,0.8333333134651184,0.0027865897864103317
cylinder-bands,NeuralNetFastAI,486,54,0.25535016270004174,0.41281548226071746,0.08042669296264648,0.12958943843841553,0.8703703880310059,0.0027638133615255356
cylinder-bands,NeuralNetTorch,486,54,0.22678588799346927,0.3654773838991747,0.055708467960357666,0.1109083741903305,0.8703703880310059,0.0029804743826389313
cylinder-bands,RandomForest,486,54,0.16401481159322717,0.27574881652550076,0.04156851768493652,0.07290401309728622,0.9074074029922485,0.0024752840399742126
cylinder-bands,XGBoost,486,54,0.17601315343702317,0.29959870671246686,0.05899576470255852,0.08910223096609116,0.9074074029922485,0.002414017915725708
delta_ailerons,CatBoost,6416,713,0.09975191345125649,0.1932474335227681,0.015082189813256264,0.021324405446648598,0.9424964785575867,0.008696976117789745
delta_ailerons,ExtraTrees,6416,713,0.1065558547240939,0.21281223654222525,0.029707731679081917,0.01730654574930668,0.9354838728904724,0.008511360734701157
delta_ailerons,LightGBM,6416,713,0.10099416079541236,0.19735055010310346,0.015344937331974506,0.024374011904001236,0.9410939812660217,0.008588173426687717
delta_ailerons,LinearModel,6416,713,0.12904383507870448,0.24199910926749826,0.012549193575978279,0.027259167283773422,0.9214586019515991,0.008152240887284279
delta_ailerons,NeuralNetFastAI,6416,713,0.12744421696681726,0.23107408805018162,0.018386047333478928,0.012387918308377266,0.9200561046600342,0.00840955413877964
delta_ailerons,NeuralNetTorch,6416,713,0.12090353772783605,0.22062274433875406,0.022907201200723648,0.014971388503909111,0.9228611588478088,0.009054894559085369
delta_ailerons,RandomForest,6416,713,0.10598080978349675,0.2028755211410525,0.016941243782639503,0.013886258006095886,0.9326788187026978,0.009026124142110348
delta_ailerons,XGBoost,6416,713,0.10470309304218073,0.20325455970412243,0.017649294808506966,0.021185072138905525,0.9382889270782471,0.008767692372202873
delta_elevators,CatBoost,8565,952,0.18028627175242287,0.30277374773049903,0.011661797761917114,0.01291486993432045,0.8844537734985352,0.010273648425936699
delta_elevators,ExtraTrees,8565,952,0.17922437978796454,0.301586341544559,0.0107259601354599,0.013531606644392014,0.8844537734985352,0.011597303673624992
delta_elevators,LightGBM,8565,952,0.1748255805011889,0.2969332324823538,0.019696950912475586,0.02170819602906704,0.8918067216873169,0.010731611400842667
delta_elevators,LinearModel,8565,952,0.18357247872517948,0.31428293603575225,0.018580835312604904,0.021175187081098557,0.881302535533905,0.009971719235181808
delta_elevators,NeuralNetFastAI,8565,952,0.18254736653304293,0.30622536199459494,0.010636217892169952,0.01185818575322628,0.8792017102241516,0.010904253460466862
delta_elevators,NeuralNetTorch,8565,952,0.17769417634987172,0.29933316213118466,0.01180773600935936,0.012460428290069103,0.8855041861534119,0.011038756929337978
delta_elevators,RandomForest,8565,952,0.18406760250819798,0.3012439836371759,0.012927398085594177,0.009914660826325417,0.8760504126548767,0.011377314105629921
delta_elevators,XGBoost,8565,952,0.17961201547580705,0.29963568355552417,0.011474177241325378,0.0135981235653162,0.8834033608436584,0.010137612000107765
diabetes,CatBoost,691,77,0.24856615003901097,0.39072861386543895,0.05110843479633331,0.09322299808263779,0.8441558480262756,0.002760525792837143
diabetes,ExtraTrees,691,77,0.23158448381246954,0.36857929269067113,0.05369914323091507,0.06457331776618958,0.8571428656578064,0.00259267445653677
diabetes,LightGBM,691,77,0.2442922834187748,0.38882122271999814,0.041447632014751434,0.060413651168346405,0.8311688303947449,0.0026458390057086945
diabetes,LinearModel,691,77,0.22301522705936672,0.3639497409437076,0.061692096292972565,0.08564361184835434,0.8571428656578064,0.002659405581653118
diabetes,NeuralNetFastAI,691,77,0.24189161387999558,0.38439968133472935,0.0533687062561512,0.09790847450494766,0.8441558480262756,0.0024342434480786324
diabetes,NeuralNetTorch,691,77,0.25055579486434415,0.38928306746179975,0.044617533683776855,0.08927247673273087,0.8181818127632141,0.002548246644437313
diabetes,RandomForest,691,77,0.24371328100645195,0.38521037038859635,0.03866039961576462,0.07259819656610489,0.8311688303947449,0.0026263073086738586
diabetes,XGBoost,691,77,0.2559476174777829,0.40197007004942126,0.03995045647025108,0.06773748248815536,0.8051947951316833,0.0023153619840741158
dresses-sales,CatBoost,450,50,0.47559612468690504,0.6683477859815485,0.10341423749923706,0.09853273630142212,0.5799999833106995,0.00233673769980669
dresses-sales,ExtraTrees,450,50,0.5116626441556709,0.7067353895258929,0.10526193678379059,0.16013190150260925,0.5400000214576721,0.0022867275401949883
dresses-sales,LightGBM,450,50,0.4956593930270145,0.6923344078959625,0.08083485811948776,0.1745305210351944,0.6200000047683716,0.0022292975336313248
dresses-sales,LinearModel,450,50,0.48341858618316996,0.6792172148637653,0.10007297247648239,0.12381342053413391,0.6399999856948853,0.0021402528509497643
dresses-sales,NeuralNetFastAI,450,50,0.4908479700795488,0.6927871781688895,0.08913370221853256,0.18864242732524872,0.6800000071525574,0.0022395579144358635
dresses-sales,NeuralNetTorch,450,50,0.4833344309999859,0.6834445570856595,0.09874964505434036,0.09592150151729584,0.6399999856948853,0.0022230809554457664
dresses-sales,RandomForest,450,50,0.5147779084655011,0.7105898821613956,0.10281342267990112,0.15683558583259583,0.5799999833106995,0.0023096902295947075
dresses-sales,XGBoost,450,50,0.4921941412418323,0.688693102582944,0.09039029479026794,0.12065572291612625,0.6200000047683716,0.0023428983986377716
eeg-eye-state,CatBoost,13482,1498,0.07527661882910006,0.12291971101623281,0.027357690036296844,0.004888249095529318,0.9359145760536194,0.01742122694849968
eeg-eye-state,ExtraTrees,13482,1498,0.08688290414950581,0.1429818376117337,0.026290684938430786,0.011517254635691643,0.9245660901069641,0.01893321331590414
eeg-eye-state,LightGBM,13482,1498,0.07720817784364746,0.1267203783039374,0.025544535368680954,0.007791898213326931,0.9359145760536194,0.017450960353016853
eeg-eye-state,LinearModel,13482,1498,0.44864866966627664,0.6395928409827754,0.02831585705280304,0.02916872128844261,0.6415220499038696,0.01639410201460123
eeg-eye-state,NeuralNetFastAI,13482,1498,0.25583222203734707,0.40241770046233927,0.049003954976797104,0.07848560065031052,0.8124165534973145,0.016843527555465698
eeg-eye-state,NeuralNetTorch,13482,1498,0.0719279069556868,0.104287640349686,0.03632756322622299,0.00581438047811389,0.9265687465667725,0.01723550632596016
eeg-eye-state,RandomForest,13482,1498,0.1002904733507501,0.1672311222316851,0.02280745841562748,0.007622102741152048,0.9232309460639954,0.01880643516778946
eeg-eye-state,XGBoost,13482,1498,0.08044172940897872,0.1314563585618758,0.027312563732266426,0.004406188614666462,0.9339118599891663,0.017336122691631317
electricity,CatBoost,40780,4532,0.08650357257210944,0.14761411020782966,0.006334326229989529,0.008291377685964108,0.9435127973556519,0.049370599910616875
electricity,ExtraTrees,40780,4532,0.140041553887226,0.2312958310713755,0.01430811733007431,0.007197030354291201,0.906222403049469,0.047769115306437016
electricity,LightGBM,40780,4532,0.08549414146371252,0.14889552541877976,0.008983452804386616,0.01274826005101204,0.946601927280426,0.04807318840175867
electricity,LinearModel,40780,4532,0.33054675278141077,0.4980775325395634,0.023972485214471817,0.009856962598860264,0.7550750374794006,0.04714279901236296
electricity,NeuralNetFastAI,40780,4532,0.22157388624466956,0.34753556015447246,0.012923112139105797,0.014831263571977615,0.8448808193206787,0.046963407658040524
electricity,NeuralNetTorch,40780,4532,0.18971092172148368,0.30586165320884545,0.020914779976010323,0.030490994453430176,0.8720211982727051,0.05068225972354412
electricity,RandomForest,40780,4532,0.11072794291646673,0.1949435685344979,0.006470989901572466,0.008994225412607193,0.9269638061523438,0.047120959497988224
electricity,XGBoost,40780,4532,0.0846403956973019,0.14661002777987178,0.005777894519269466,0.006553140003234148,0.9446160793304443,0.04706287290900946
fri_c0_1000_5,CatBoost,900,100,0.11779632123021376,0.18805751866038278,0.07201247662305832,0.06558365374803543,0.9100000262260437,0.0029172319918870926
fri_c0_1000_5,ExtraTrees,900,100,0.151112267565489,0.23051186799767362,0.06303271651268005,0.062326136976480484,0.8799999952316284,0.0028124023228883743
fri_c0_1000_5,LightGBM,900,100,0.12187933344079935,0.18732746076147969,0.03822613134980202,0.04915527254343033,0.8999999761581421,0.0029638996347784996
fri_c0_1000_5,LinearModel,900,100,0.20261852308032272,0.3515034809061532,0.05807527154684067,0.07469898462295532,0.8899999856948853,0.0025273049250245094
fri_c0_1000_5,NeuralNetFastAI,900,100,0.09527153497759812,0.15669266459279532,0.04620089754462242,0.0454457551240921,0.9399999976158142,0.0029455404728651047
fri_c0_1000_5,NeuralNetTorch,900,100,0.1174162322379675,0.1778179753519527,0.0291299931704998,0.03486692160367966,0.9100000262260437,0.003048510290682316
fri_c0_1000_5,RandomForest,900,100,0.12314485855494853,0.20661126386592066,0.05151175707578659,0.05430278182029724,0.9300000071525574,0.002993667498230934
fri_c0_1000_5,XGBoost,900,100,0.13639609013939857,0.21532517176115135,0.03887082636356354,0.052856624126434326,0.8899999856948853,0.002844732254743576
fri_c0_500_5,CatBoost,450,50,0.2245931978270855,0.3466403035483631,0.08304647356271744,0.08883655071258545,0.8399999737739563,0.0022465744987130165
fri_c0_500_5,ExtraTrees,450,50,0.2599773120574518,0.4102619699496586,0.0886065661907196,0.09896445274353027,0.800000011920929,0.002450406551361084
fri_c0_500_5,LightGBM,450,50,0.19692606152012831,0.2996830156184395,0.08253239095211029,0.09455542266368866,0.8799999952316284,0.0023156777024269104
fri_c0_500_5,LinearModel,450,50,0.29814178462128166,0.44820771304263474,0.0650487020611763,0.08784016221761703,0.7799999713897705,0.002141137607395649
fri_c0_500_5,NeuralNetFastAI,450,50,0.2141288527486328,0.30997404219347946,0.060281459242105484,0.07562490552663803,0.8199999928474426,0.002249261364340782
fri_c0_500_5,NeuralNetTorch,450,50,0.18757487906045273,0.2849794414485924,0.07045123726129532,0.08155214786529541,0.8600000143051147,0.0024218326434493065
fri_c0_500_5,RandomForest,450,50,0.2594371371197736,0.3874279600442662,0.08559651672840118,0.08988896757364273,0.800000011920929,0.002402820624411106
fri_c0_500_5,XGBoost,450,50,0.24904725383572796,0.37242750018814247,0.07904765754938126,0.0876786857843399,0.800000011920929,0.0022253841161727905
fri_c1_1000_50,CatBoost,900,100,0.12451773685509579,0.21600701436422207,0.025966858491301537,0.018431998789310455,0.9100000262260437,0.0029271049425005913
fri_c1_1000_50,ExtraTrees,900,100,0.13169062632448564,0.22518923595454166,0.02013128623366356,0.01591971144080162,0.9100000262260437,0.0030372226610779762
fri_c1_1000_50,LightGBM,900,100,0.13068549931036094,0.21499568350768503,0.024759503081440926,0.02653050236403942,0.9100000262260437,0.002707291394472122
fri_c1_1000_50,LinearModel,900,100,0.4133756402604965,0.6006040103825365,0.06090211495757103,0.08522693067789078,0.6800000071525574,0.002762928605079651
fri_c1_1000_50,NeuralNetFastAI,900,100,0.1525439393385898,0.2613328988760344,0.03964749351143837,0.07158979028463364,0.8799999952316284,0.002781124785542488
fri_c1_1000_50,NeuralNetTorch,900,100,0.23831990853230736,0.37023963237147933,0.04713355377316475,0.06696721911430359,0.8199999928474426,0.0027726907283067703
fri_c1_1000_50,RandomForest,900,100,0.18181758030849798,0.2931023956735669,0.03297050669789314,0.04241672158241272,0.8799999952316284,0.002973414957523346
fri_c1_1000_50,XGBoost,900,100,0.10145174814407537,0.1775490017533561,0.023944754153490067,0.038932546973228455,0.9200000166893005,0.002695750445127487
fri_c2_1000_25,CatBoost,900,100,0.12463708476006852,0.2140541925310841,0.03872480243444443,0.046909864991903305,0.9200000166893005,0.0028424905613064766
fri_c2_1000_25,ExtraTrees,900,100,0.14173707114592518,0.2578630203253482,0.02849283628165722,0.03508197143673897,0.9200000166893005,0.002969585359096527
fri_c2_1000_25,LightGBM,900,100,0.16142439318592428,0.27422420913339757,0.043719034641981125,0.032716453075408936,0.8899999856948853,0.0029340703040361404
fri_c2_1000_25,LinearModel,900,100,0.36081531627883345,0.5361949322418145,0.05645595118403435,0.11304635554552078,0.7200000286102295,0.002768716774880886
fri_c2_1000_25,NeuralNetFastAI,900,100,0.12492303273208623,0.2154956779885298,0.027094706892967224,0.03019074909389019,0.9100000262260437,0.0029307734221220016
fri_c2_1000_25,NeuralNetTorch,900,100,0.13760887624964935,0.23283649601848758,0.04759356379508972,0.025968514382839203,0.8999999761581421,0.0029524443671107292
fri_c2_1000_25,RandomForest,900,100,0.1623336381123535,0.29977996409189683,0.050262127071619034,0.04135966673493385,0.8899999856948853,0.0029595252126455307
fri_c2_1000_25,XGBoost,900,100,0.13221395837903974,0.23352579039710064,0.036267928779125214,0.03898486867547035,0.9200000166893005,0.002793462947010994
fri_c2_500_50,CatBoost,450,50,0.19998891155038875,0.30427977266948775,0.05474228784441948,0.06347429752349854,0.8600000143051147,0.0025082528591156006
fri_c2_500_50,ExtraTrees,450,50,0.19397487647088796,0.30080633900191267,0.05482842028141022,0.0746016651391983,0.8600000143051147,0.002339155413210392
fri_c2_500_50,LightGBM,450,50,0.17462756796224027,0.2687601048307197,0.04878377914428711,0.04507320746779442,0.8799999952316284,0.0023758718743920326
fri_c2_500_50,LinearModel,450,50,0.3830812085079075,0.5586645672469603,0.057225197553634644,0.09587942063808441,0.699999988079071,0.002448689192533493
fri_c2_500_50,NeuralNetFastAI,450,50,0.20581784275441478,0.35529351402975906,0.06564602255821228,0.14285661280155182,0.9200000166893005,0.0021703988313674927
fri_c2_500_50,NeuralNetTorch,450,50,0.27720982784441117,0.4453018847773727,0.06564175337553024,0.09156688302755356,0.8199999928474426,0.002188272774219513
fri_c2_500_50,RandomForest,450,50,0.23384038552185732,0.3551653413539498,0.06430817395448685,0.08096189796924591,0.8199999928474426,0.0023320233449339867
fri_c2_500_50,XGBoost,450,50,0.22077238195392845,0.3276868220305097,0.0604013130068779,0.09236355125904083,0.8399999737739563,0.0023733237758278847
fri_c3_1000_10,CatBoost,900,100,0.11041827194979041,0.19202594912627075,0.03633987158536911,0.05160493403673172,0.9200000166893005,0.0027655744925141335
fri_c3_1000_10,ExtraTrees,900,100,0.10708112024903853,0.1878625358070538,0.033742599189281464,0.03859533742070198,0.9399999976158142,0.0029876530170440674
fri_c3_1000_10,LightGBM,900,100,0.10755067403020063,0.17913035085513157,0.02574988268315792,0.025585127994418144,0.9200000166893005,0.0027236873283982277
fri_c3_1000_10,LinearModel,900,100,0.3840052215522964,0.5667419670541962,0.05660553276538849,0.14212705194950104,0.7200000286102295,0.0027903662994503975
fri_c3_1000_10,NeuralNetFastAI,900,100,0.09531827268139224,0.1567590802364291,0.034964870661497116,0.026190146803855896,0.9300000071525574,0.0029097991064190865
fri_c3_1000_10,NeuralNetTorch,900,100,0.0976822885599205,0.16933634024754884,0.02384795807301998,0.026406623423099518,0.9300000071525574,0.0026940051466226578
fri_c3_1000_10,RandomForest,900,100,0.12855004935174366,0.2217133435594223,0.02532234974205494,0.03445371612906456,0.9200000166893005,0.0029538581147789955
fri_c3_1000_10,XGBoost,900,100,0.11401121975180482,0.19906976216160635,0.04023285210132599,0.05209967494010925,0.9300000071525574,0.0027294429019093513
fri_c3_1000_25,CatBoost,900,100,0.10763193773883042,0.16654959264028726,0.03473196551203728,0.05023092404007912,0.8999999761581421,0.0029220981523394585
fri_c3_1000_25,ExtraTrees,900,100,0.10952552695237516,0.16885709812875035,0.02643313631415367,0.03410259634256363,0.9100000262260437,0.0032131941989064217
fri_c3_1000_25,LightGBM,900,100,0.09812335276216327,0.15580986196595686,0.03372948616743088,0.03586035594344139,0.9100000262260437,0.0029042502865195274
fri_c3_1000_25,LinearModel,900,100,0.42659810106045676,0.6121770475822285,0.06457865983247757,0.07611308991909027,0.6499999761581421,0.002779250033199787
fri_c3_1000_25,NeuralNetFastAI,900,100,0.0844982500439346,0.1409081037913913,0.03162628039717674,0.03475891053676605,0.9399999976158142,0.0029499689117074013
fri_c3_1000_25,NeuralNetTorch,900,100,0.07444781227201618,0.1472830233699756,0.030553879216313362,0.061496537178754807,0.9599999785423279,0.0029598111286759377
fri_c3_1000_25,RandomForest,900,100,0.1507757314824696,0.22621197490145373,0.04107511043548584,0.051695358008146286,0.8799999952316284,0.0029769018292427063
fri_c3_1000_25,XGBoost,900,100,0.10441308694468875,0.17159010902312194,0.021350309252738953,0.022460760548710823,0.9200000166893005,0.002605525776743889
fri_c3_500_10,CatBoost,450,50,0.2211403705208089,0.3601092806179588,0.07789191603660583,0.09602949023246765,0.8399999737739563,0.0024129170924425125
fri_c3_500_10,ExtraTrees,450,50,0.24870381283577814,0.44310976174455724,0.08440899848937988,0.11111939698457718,0.8199999928474426,0.0024314923211932182
fri_c3_500_10,LightGBM,450,50,0.22638184207460202,0.3926405525110981,0.05190642923116684,0.07580512017011642,0.8399999737739563,0.002234162762761116
fri_c3_500_10,LinearModel,450,50,0.4020846332422775,0.5876154210102418,0.06835075467824936,0.17414522171020508,0.7200000286102295,0.0021469006314873695
fri_c3_500_10,NeuralNetFastAI,450,50,0.20989331777357115,0.33967818923481546,0.050925690680742264,0.07071248441934586,0.8399999737739563,0.0024231960996985435
fri_c3_500_10,NeuralNetTorch,450,50,0.1675049804260096,0.2493126800684746,0.05195453763008118,0.046258993446826935,0.8799999952316284,0.0022661173716187477
fri_c3_500_10,RandomForest,450,50,0.1996051598825033,0.35141365702998995,0.05946750566363335,0.0637073814868927,0.8799999952316284,0.0024216165766119957
fri_c3_500_10,XGBoost,450,50,0.21310466275407386,0.3588025595181402,0.0749487653374672,0.08485826849937439,0.8600000143051147,0.0023331521078944206
fri_c3_500_50,CatBoost,450,50,0.23186840329641087,0.3607672825827638,0.05985292047262192,0.07269560545682907,0.8399999737739563,0.002183270640671253
fri_c3_500_50,ExtraTrees,450,50,0.22571980398362676,0.3432618091010824,0.07919910550117493,0.11664215475320816,0.8199999928474426,0.0025140801444649696
fri_c3_500_50,LightGBM,450,50,0.18412779039597976,0.31307680589739767,0.06334629654884338,0.06463727355003357,0.8799999952316284,0.0024578915908932686
fri_c3_500_50,LinearModel,450,50,0.4363317583664012,0.6208305918001252,0.10032892227172852,0.1582123339176178,0.5600000023841858,0.002313056029379368
fri_c3_500_50,NeuralNetFastAI,450,50,0.4298265054857805,0.6170857199583684,0.09178727865219116,0.1568513810634613,0.6600000262260437,0.0022456832230091095
fri_c3_500_50,NeuralNetTorch,450,50,0.40471533302232937,0.5914808504959018,0.09488756954669952,0.13470984995365143,0.6399999856948853,0.002608068287372589
fri_c3_500_50,RandomForest,450,50,0.1849256761099948,0.29195459603461704,0.03318362683057785,0.04907139390707016,0.8799999952316284,0.002331259660422802
fri_c3_500_50,XGBoost,450,50,0.17612481213976097,0.3000057544590909,0.040848568081855774,0.058089666068553925,0.8799999952316284,0.0023926785215735435
fri_c4_500_100,CatBoost,450,50,0.1604249967408173,0.24429756617876539,0.055759068578481674,0.05304263159632683,0.8799999952316284,0.002423824742436409
fri_c4_500_100,ExtraTrees,450,50,0.17103898565032685,0.2561645386774187,0.050083596259355545,0.0858878642320633,0.8399999737739563,0.0025196634232997894
fri_c4_500_100,LightGBM,450,50,0.15024467231282101,0.24222702566763452,0.03718716651201248,0.040303606539964676,0.8999999761581421,0.0024082129821181297
fri_c4_500_100,LinearModel,450,50,0.4583704573295023,0.6491136576484089,0.06252056360244751,0.12225603312253952,0.6000000238418579,0.0024278080090880394
fri_c4_500_100,NeuralNetFastAI,450,50,0.449047024727431,0.6399332693532326,0.08998803049325943,0.08208584040403366,0.6200000047683716,0.002329888753592968
fri_c4_500_100,NeuralNetTorch,450,50,0.44809827942956404,0.6398798923380591,0.12744435667991638,0.12273386865854263,0.7200000286102295,0.0026087984442710876
fri_c4_500_100,RandomForest,450,50,0.16789526280173486,0.2562668814640203,0.043188340961933136,0.06255656480789185,0.8799999952316284,0.0021930690854787827
fri_c4_500_100,XGBoost,450,50,0.15222416675571973,0.23273886802788993,0.05029595270752907,0.04070991650223732,0.8799999952316284,0.0022389302030205727
fried,CatBoost,36691,4077,0.10055631298509148,0.15723591570417528,0.024932879954576492,0.008734259754419327,0.9313220381736755,0.043653338216245174
fried,ExtraTrees,36691,4077,0.11707473830897588,0.18397093151521987,0.02371852844953537,0.011577415280044079,0.9185675978660583,0.044297936372458935
fried,LightGBM,36691,4077,0.1003275621431731,0.15631163493684028,0.025684770196676254,0.009993801824748516,0.9308314919471741,0.04156411625444889
fried,LinearModel,36691,4077,0.23577828251937577,0.3803719264994789,0.022593088448047638,0.025026828050613403,0.839587926864624,0.0395136009901762
fried,NeuralNetFastAI,36691,4077,0.09850468564288464,0.15611089901070727,0.02468666434288025,0.008529393002390862,0.9340201020240784,0.04252010490745306
fried,NeuralNetTorch,36691,4077,0.09820220194811348,0.15656443011569401,0.022924181073904037,0.0064103021286427975,0.9350012540817261,0.04340843763202429
fried,RandomForest,36691,4077,0.12131238162189144,0.19014534075255848,0.025595789775252342,0.010196751914918423,0.9151336550712585,0.04294031858444214
fried,XGBoost,36691,4077,0.09827187543306828,0.155654179265765,0.02351735346019268,0.00806559156626463,0.9340201020240784,0.04181421082466841
gina,CatBoost,2837,316,0.06791846831530152,0.11490044483447592,0.009963972494006157,0.007311407011002302,0.9588607549667358,0.005248679779469967
gina,ExtraTrees,2837,316,0.09346961759664865,0.16092776454842445,0.015152476727962494,0.008745894767343998,0.9430379867553711,0.0053397538140416145
gina,LightGBM,2837,316,0.06973671620213502,0.12459665985813734,0.010802721604704857,0.0060918875969946384,0.9588607549667358,0.005253263749182224
gina,LinearModel,2837,316,0.23550360064152986,0.3759909080106154,0.06388738751411438,0.08548762649297714,0.8417721390724182,0.006606971845030785
gina,NeuralNetFastAI,2837,316,0.0579953562645803,0.11763403978921369,0.039543766528367996,0.052619386464357376,0.9746835231781006,0.006016550585627556
gina,NeuralNetTorch,2837,316,0.07059097299833675,0.133020138133696,0.04165560007095337,0.041400521993637085,0.9620253443717957,0.0059193698689341545
gina,RandomForest,2837,316,0.09500115542132287,0.16347859522071548,0.016476169228553772,0.007734582759439945,0.9398733973503113,0.005204878747463226
gina,XGBoost,2837,316,0.07694533078522789,0.13317441891114656,0.011516660451889038,0.0065141175873577595,0.952531635761261,0.004725171253085136
hill-valley,CatBoost,1090,122,0.4831840795188923,0.6761795186222754,0.04778417944908142,0.04770832136273384,0.5491803288459778,0.0031103771179914474
hill-valley,ExtraTrees,1090,122,0.47065181182239363,0.6634239944720972,0.04631870239973068,0.0752180963754654,0.5901639461517334,0.002726541832089424
hill-valley,LightGBM,1090,122,0.45185633047225243,0.6424570610924258,0.05626016855239868,0.07189637422561646,0.5983606576919556,0.002800571732223034
hill-valley,LinearModel,1090,122,0.15650916408501048,0.30773340450785397,0.06259950995445251,0.07461462169885635,0.9098360538482666,0.0030459007248282433
hill-valley,NeuralNetFastAI,1090,122,0.2788161961798445,0.41994258927841116,0.10736724734306335,0.20228064060211182,0.8606557250022888,0.0031154686585068703
hill-valley,NeuralNetTorch,1090,122,0.14485593570947541,0.2417466096568984,0.04632493108510971,0.04862537980079651,0.9016393423080444,0.003428112715482712
hill-valley,RandomForest,1090,122,0.4686274371158732,0.6613315995855097,0.05661576986312866,0.07290204614400864,0.6557376980781555,0.0038987919688224792
hill-valley,XGBoost,1090,122,0.47739828711929605,0.6700359093882778,0.056512460112571716,0.05269342660903931,0.5819672346115112,0.0028474675491452217
hiva_agnostic,CatBoost,3806,423,0.06480141665526463,0.13638287708696575,0.013386241160333157,0.007160861510783434,0.9645389914512634,0.006935964338481426
hiva_agnostic,ExtraTrees,3806,423,0.06781360333509841,0.15061588625525746,0.013132277876138687,0.015823431313037872,0.9645389914512634,0.006570911034941673
hiva_agnostic,LightGBM,3806,423,0.067188898967234,0.14459313138790497,0.012877210043370724,0.013793786987662315,0.9645389914512634,0.006476433947682381
hiva_agnostic,LinearModel,3806,423,0.0655109040267534,0.1430255087886441,0.014198759570717812,0.007604218553751707,0.9645389914512634,0.007384181953966618
hiva_agnostic,NeuralNetFastAI,3806,423,0.06842644456891629,0.14749066428441315,0.0151766836643219,0.012596819549798965,0.9645389914512634,0.006935629993677139
hiva_agnostic,NeuralNetTorch,3806,423,0.07004089241313981,0.15184779561163594,0.019498273730278015,0.02070895954966545,0.9645389914512634,0.006769831292331219
hiva_agnostic,RandomForest,3806,423,0.06768307588514937,0.1474751518466119,0.017385410144925117,0.015885712578892708,0.9645389914512634,0.006426280364394188
hiva_agnostic,XGBoost,3806,423,0.0649900674437927,0.13674860725024446,0.014368373900651932,0.007329859305173159,0.9645389914512634,0.0063836341723799706
houses,CatBoost,18576,2064,0.043199531882979335,0.06354228978921588,0.005286503583192825,0.0037914065178483725,0.9665697813034058,0.023043920285999775
houses,ExtraTrees,18576,2064,0.04640860993116245,0.06934501312972484,0.008845249190926552,0.005029208958148956,0.9665697813034058,0.019672367721796036
houses,LightGBM,18576,2064,0.04043169441301658,0.06028239010883929,0.004306403454393148,0.004049540963023901,0.9685077667236328,0.0235681114718318
houses,LinearModel,18576,2064,0.048967646877666256,0.08401876104251615,0.009201101027429104,0.011098099872469902,0.9651162624359131,0.022150706499814987
houses,NeuralNetFastAI,18576,2064,0.045286036219679165,0.06830742887208295,0.006779117044061422,0.0037747023161500692,0.9651162624359131,0.023593944497406483
houses,NeuralNetTorch,18576,2064,0.046717664210593014,0.07015202485324072,0.006862961687147617,0.0008215015404857695,0.9656007885932922,0.021795328706502914
houses,RandomForest,18576,2064,0.04448393433531162,0.06509090366746821,0.008016960695385933,0.00352888903580606,0.9656007885932922,0.020142721012234688
houses,XGBoost,18576,2064,0.04469905761494536,0.0658820441290363,0.00508672883734107,0.0024040439166128635,0.9660852551460266,0.02211034018546343
ilpd,CatBoost,524,59,0.3681238873379891,0.5362669916712187,0.06632261723279953,0.08155004680156708,0.7118644118309021,0.0024767685681581497
ilpd,ExtraTrees,524,59,0.33930297392825687,0.4944044020642835,0.04162856936454773,0.06084417924284935,0.7118644118309021,0.0025752410292625427
ilpd,LightGBM,524,59,0.3575988550701429,0.5202296393885503,0.08398347347974777,0.11080911755561829,0.6779661178588867,0.0025897305458784103
ilpd,LinearModel,524,59,0.37480750108402344,0.5314556246334986,0.07500383257865906,0.13336098194122314,0.6440678238868713,0.0025689294561743736
ilpd,NeuralNetFastAI,524,59,0.3796546894074421,0.533900050782874,0.06513486802577972,0.21272310614585876,0.6440678238868713,0.0025809966027736664
ilpd,NeuralNetTorch,524,59,0.3786668843583325,0.5524803703371611,0.07787152379751205,0.10749606788158417,0.6779661178588867,0.002938235178589821
ilpd,RandomForest,524,59,0.35915520762254466,0.5235840865608508,0.04283542186021805,0.07703728973865509,0.7118644118309021,0.002586519345641136
ilpd,XGBoost,524,59,0.371544347382303,0.5386785390448344,0.07191404700279236,0.12883931398391724,0.694915235042572,0.002451031468808651
jasmine,CatBoost,2685,299,0.2717225220788067,0.413598558474263,0.03900083154439926,0.04881483316421509,0.8093645572662354,0.004886399023234844
jasmine,ExtraTrees,2685,299,0.26688266800181,0.40483004605971595,0.0368783213198185,0.03586442023515701,0.8193979859352112,0.004802281036973
jasmine,LightGBM,2685,299,0.2664188255199527,0.4079201327304346,0.03662770614027977,0.030541572719812393,0.8227424621582031,0.004806136712431908
jasmine,LinearModel,2685,299,0.2908300246172952,0.44445342178942704,0.03936956077814102,0.04922162741422653,0.8060200810432434,0.004803030751645565
jasmine,NeuralNetFastAI,2685,299,0.2934973035554144,0.45527434561317454,0.031592246145009995,0.06676164269447327,0.8093645572662354,0.004905846901237965
jasmine,NeuralNetTorch,2685,299,0.28979318803984144,0.4354663401774881,0.029227599501609802,0.041119419038295746,0.8026756048202515,0.0042854733765125275
jasmine,RandomForest,2685,299,0.26654405072611687,0.40032540356168417,0.04335011541843414,0.06493543088436127,0.8026756048202515,0.005056289955973625
jasmine,XGBoost,2685,299,0.2601847920574889,0.3989258393550742,0.03882646933197975,0.02261543460190296,0.8260869383811951,0.004544475115835667
jm1,CatBoost,9796,1089,0.2695480206205489,0.42346143242173434,0.024180442094802856,0.02108662948012352,0.810835599899292,0.013153945095837116
jm1,ExtraTrees,9796,1089,0.26457635062389345,0.4168429055477056,0.025779500603675842,0.011560442857444286,0.8191000819206238,0.013279029168188572
jm1,LightGBM,9796,1089,0.2683712826767474,0.42236164433668316,0.024463944137096405,0.013918297365307808,0.8163452744483948,0.013141960836946964
jm1,LinearModel,9796,1089,0.28290075548343646,0.4458456620019575,0.02306271344423294,0.012579543516039848,0.8062442541122437,0.013290343806147575
jm1,NeuralNetFastAI,9796,1089,0.2736425913620057,0.43533987415328884,0.02734191343188286,0.03206585347652435,0.8209366202354431,0.013775462284684181
jm1,NeuralNetTorch,9796,1089,0.2769475865396198,0.4370567649218475,0.021858058869838715,0.017273325473070145,0.8126721978187561,0.012849798426032066
jm1,RandomForest,9796,1089,0.26740240403924154,0.4209687962720159,0.02517533302307129,0.01918443664908409,0.8172635436058044,0.013378210365772247
jm1,XGBoost,9796,1089,0.2677202195468089,0.4215930549713518,0.020385809242725372,0.012005507946014404,0.8163452744483948,0.013195105828344822
kc1,CatBoost,1898,211,0.18878137054257518,0.3142528841332671,0.026465363800525665,0.02086363174021244,0.8815165758132935,0.00428656954318285
kc1,ExtraTrees,1898,211,0.21500344262331816,0.3340317675976838,0.04739425703883171,0.07687356323003769,0.8483412265777588,0.004733744077384472
kc1,LightGBM,1898,211,0.19813163742193293,0.3234601743486024,0.028749022632837296,0.02194982022047043,0.8672986030578613,0.004295659251511097
kc1,LinearModel,1898,211,0.208921537965062,0.3383076398326547,0.03697492554783821,0.04708392173051834,0.8530805706977844,0.004302464425563812
kc1,NeuralNetFastAI,1898,211,0.191255512612442,0.31911554253317476,0.030200734734535217,0.04618753120303154,0.8815165758132935,0.003875238820910454
kc1,NeuralNetTorch,1898,211,0.21110898479621953,0.3375412860651106,0.023564055562019348,0.031003475189208984,0.8530805706977844,0.004123505204916
kc1,RandomForest,1898,211,0.21530268419044485,0.33479614859698725,0.05282136797904968,0.07428830116987228,0.8483412265777588,0.004592257551848888
kc1,XGBoost,1898,211,0.20827413253969493,0.34322044004275276,0.024648278951644897,0.026989471167325974,0.8578199148178101,0.004044031724333763
kc2,CatBoost,469,53,0.25891217711334447,0.388490297267797,0.0748414546251297,0.09744022786617279,0.7924528121948242,0.0023467494174838066
kc2,ExtraTrees,469,53,0.26051030646622636,0.38645443097941423,0.06872715055942535,0.09088350087404251,0.7924528121948242,0.0023975372314453125
kc2,LightGBM,469,53,0.20901722079681365,0.3226220203262879,0.06892933696508408,0.11308139562606812,0.8113207817077637,0.002448192797601223
kc2,LinearModel,469,53,0.27694432215610104,0.4109434932120835,0.06610384583473206,0.10704746097326279,0.7735849022865295,0.0023842910304665565
kc2,NeuralNetFastAI,469,53,0.24013026366691193,0.3599465656543986,0.06694890558719635,0.0867898166179657,0.8113207817077637,0.0022230390459299088
kc2,NeuralNetTorch,469,53,0.2541107584517478,0.3928075393075378,0.05831677466630936,0.06760632991790771,0.8113207817077637,0.0023626238107681274
kc2,RandomForest,469,53,0.2263065071220311,0.34592835338857375,0.061333704739809036,0.07800935953855515,0.8113207817077637,0.002365722320973873
kc2,XGBoost,469,53,0.2516325184855847,0.3796228929223212,0.09188978374004364,0.13259752094745636,0.8113207817077637,0.0020936252549290657
kdd_el_nino-small,CatBoost,703,79,0.08389051478136539,0.12621817071332048,0.039248812943696976,0.032051172107458115,0.8987341523170471,0.0027275709435343742
kdd_el_nino-small,ExtraTrees,703,79,0.0902410785487538,0.14442687580776978,0.029665473848581314,0.02491401880979538,0.9367088675498962,0.0028163138777017593
kdd_el_nino-small,LightGBM,703,79,0.12727622320549936,0.2069611988189195,0.04628715664148331,0.03211912512779236,0.8987341523170471,0.00282484944909811
kdd_el_nino-small,LinearModel,703,79,0.12211969117855088,0.1915807034809273,0.059093452990055084,0.03508841246366501,0.8860759735107422,0.0030463654547929764
kdd_el_nino-small,NeuralNetFastAI,703,79,0.13713056409365626,0.2264016121983855,0.04939410090446472,0.017238007858395576,0.8860759735107422,0.0028883665800094604
kdd_el_nino-small,NeuralNetTorch,703,79,0.13583104288489306,0.2301161822580491,0.048834096640348434,0.04000294208526611,0.8860759735107422,0.002821624279022217
kdd_el_nino-small,RandomForest,703,79,0.10287486747731622,0.16345967196926148,0.035938940942287445,0.017111333087086678,0.9240506291389465,0.002806815318763256
kdd_el_nino-small,XGBoost,703,79,0.08742518835382991,0.14100268880060604,0.04666551202535629,0.025008033961057663,0.9367088675498962,0.0026574814692139626
kdd_internet_usage,CatBoost,9097,1011,0.15085499431193825,0.2404806494917497,0.026596710085868835,0.01562739908695221,0.8862512111663818,0.011648745276033878
kdd_internet_usage,ExtraTrees,9097,1011,0.1669751465352875,0.2624489559817933,0.027876142412424088,0.020390214398503304,0.8733927011489868,0.01202254556119442
kdd_internet_usage,LightGBM,9097,1011,0.1559346899422095,0.24486089088072177,0.027150901034474373,0.016136275604367256,0.8803164958953857,0.011850567534565926
kdd_internet_usage,LinearModel,9097,1011,0.16849506766310068,0.27610186384832514,0.015683062374591827,0.016435224562883377,0.882294774055481,0.01168977189809084
kdd_internet_usage,NeuralNetFastAI,9097,1011,0.15452981555998152,0.24114798888182334,0.03480319306254387,0.010236374102532864,0.882294774055481,0.012208489701151848
kdd_internet_usage,NeuralNetTorch,9097,1011,0.15582869519769024,0.24330153170468152,0.026247188448905945,0.01801207847893238,0.8832838535308838,0.012401376850903034
kdd_internet_usage,RandomForest,9097,1011,0.16133180917948195,0.25331020402241733,0.02282928302884102,0.02139938250184059,0.8783382773399353,0.011913108639419079
kdd_internet_usage,XGBoost,9097,1011,0.15660822328632631,0.24777926869860026,0.023347951471805573,0.01194539200514555,0.8862512111663818,0.012414022348821163
kick,CatBoost,65684,7299,0.17869900785086174,0.3062334590689267,0.016273707151412964,0.0037059695459902287,0.8799835443496704,0.08223444409668446
kick,ExtraTrees,65684,7299,0.18319961978282878,0.3131561003087527,0.016105055809020996,0.008908931165933609,0.8769694566726685,0.07880362588912249
kick,LightGBM,65684,7299,0.18123968640155322,0.31042515664555104,0.019604846835136414,0.003269930835813284,0.8769694566726685,0.07828795071691275
kick,LinearModel,65684,7299,0.18346409334568894,0.31509536369147806,0.010118521749973297,0.006857704371213913,0.8769694566726685,0.08316113241016865
kick,NeuralNetFastAI,65684,7299,0.17925876446356884,0.3072311659809717,0.01786978915333748,0.006291712634265423,0.8769694566726685,0.08217406086623669
kick,NeuralNetTorch,65684,7299,0.18094442330657695,0.3094420257829975,0.017246827483177185,0.004373442847281694,0.8769694566726685,0.08304545469582081
kick,RandomForest,65684,7299,0.18131483564914444,0.30993446968784844,0.011779021471738815,0.005097564775496721,0.8769694566726685,0.08172382600605488
kick,XGBoost,65684,7299,0.17883944898542892,0.3061873634908605,0.01675320416688919,0.0012096931459382176,0.8769694566726685,0.07897885143756866
kin8nm,CatBoost,7372,820,0.1564062732402771,0.2510079243742743,0.034419428557157516,0.01994667388498783,0.8902438879013062,0.009326173923909664
kin8nm,ExtraTrees,7372,820,0.2140661819116361,0.3404456271450852,0.02733694575726986,0.03812956064939499,0.8524390459060669,0.010458997450768948
kin8nm,LightGBM,7372,820,0.15435347651282302,0.2466830159826377,0.03210068866610527,0.020000865682959557,0.8914633989334106,0.00979816447943449
kin8nm,LinearModel,7372,820,0.3566505696195569,0.5328575557981586,0.03604232519865036,0.030678382143378258,0.7365853786468506,0.009304608218371868
kin8nm,NeuralNetFastAI,7372,820,0.1365519388348264,0.21376189261924106,0.028524965047836304,0.02812582068145275,0.9012194871902466,0.009543719701468945
kin8nm,NeuralNetTorch,7372,820,0.1324946734075303,0.20806289463417107,0.02595914900302887,0.02294946275651455,0.9048780202865601,0.010350742377340794
kin8nm,RandomForest,7372,820,0.21240597389422666,0.33735951718559193,0.03530723601579666,0.029914263635873795,0.8451219797134399,0.010218854062259197
kin8nm,XGBoost,7372,820,0.178784597263176,0.2890093496051642,0.03145207092165947,0.03504413366317749,0.8817073106765747,0.010916205123066902
madeline,CatBoost,2826,314,0.19755503000890462,0.33355464989933914,0.02352515608072281,0.04903579130768776,0.8662420511245728,0.004763755016028881
madeline,ExtraTrees,2826,314,0.22548411591381515,0.37207819505865913,0.026849282905459404,0.03779557719826698,0.843949019908905,0.0053648566827178
madeline,LightGBM,2826,314,0.212769549574697,0.3569309118622824,0.027067070826888084,0.02969011478126049,0.8630573153495789,0.004788645543158054
madeline,LinearModel,2826,314,0.48271801875467946,0.6755704608587522,0.04387328028678894,0.05703652277588844,0.5828025341033936,0.004313593730330467
madeline,NeuralNetFastAI,2826,314,0.39125467799587454,0.5762043453593481,0.07996317744255066,0.07855981588363647,0.7133758068084717,0.0050096046179533005
madeline,NeuralNetTorch,2826,314,0.3643213616605156,0.5452740438870805,0.07659712433815002,0.11255879700183868,0.7611464858055115,0.005459836684167385
madeline,RandomForest,2826,314,0.23991511510995583,0.40242843027427877,0.021791186183691025,0.03790661320090294,0.843949019908905,0.005080382339656353
madeline,XGBoost,2826,314,0.21832554870933402,0.36417457233667444,0.02354217879474163,0.04299076274037361,0.8662420511245728,0.004488829523324966
madelon,CatBoost,2340,260,0.1950498747449623,0.32613286202043,0.025337906554341316,0.04186830297112465,0.8692307472229004,0.004272271879017353
madelon,ExtraTrees,2340,260,0.21250999511295693,0.35461239876733736,0.030900437384843826,0.06219877302646637,0.8692307472229004,0.004500586539506912
madelon,LightGBM,2340,260,0.2036985738777523,0.340429137368809,0.031232891604304314,0.06463923305273056,0.8692307472229004,0.004286591894924641
madelon,LinearModel,2340,260,0.48659838663279736,0.6796685842438881,0.044156018644571304,0.03452156484127045,0.5923076868057251,0.0039499616250395775
madelon,NeuralNetFastAI,2340,260,0.40188727068132596,0.5898724926478042,0.07037099450826645,0.12460589408874512,0.7346153855323792,0.004706712439656258
madelon,NeuralNetTorch,2340,260,0.4342254407776291,0.6244380726917386,0.07067443430423737,0.12285909056663513,0.6961538195610046,0.005462984554469585
madelon,RandomForest,2340,260,0.2212167560544609,0.36273487250824765,0.035004302859306335,0.0414101742208004,0.8538461327552795,0.004427407868206501
madelon,XGBoost,2340,260,0.1996757664897433,0.33519196066230755,0.03537113964557648,0.06589184701442719,0.8846153616905212,0.004355804994702339
mammography,CatBoost,10064,1119,0.039753796862784144,0.07538859870048438,0.013413408771157265,0.004726486746221781,0.976764976978302,0.013061940670013428
mammography,ExtraTrees,10064,1119,0.0395683971100718,0.07523167838277194,0.015157102607190609,0.005475134123116732,0.976764976978302,0.013421655632555485
mammography,LightGBM,10064,1119,0.04034825139144586,0.07563308880703624,0.014180841855704784,0.006200667005032301,0.976764976978302,0.012502583675086498
mammography,LinearModel,10064,1119,0.04092915975037325,0.09327003858941661,0.010865679942071438,0.00423518056049943,0.976764976978302,0.012958898209035397
mammography,NeuralNetFastAI,10064,1119,0.03861583078045676,0.07563108916643813,0.013693259097635746,0.0026133626233786345,0.976764976978302,0.014195323921740055
mammography,NeuralNetTorch,10064,1119,0.03929039268529565,0.07546870254291504,0.01651851460337639,0.004480384755879641,0.976764976978302,0.013550841249525547
mammography,RandomForest,10064,1119,0.04050478542489207,0.07713088160222377,0.012409304268658161,0.0069152070209383965,0.976764976978302,0.013188470155000687
mammography,XGBoost,10064,1119,0.03934156271413773,0.07392071950426314,0.014868748374283314,0.0032072593457996845,0.976764976978302,0.012973196804523468
mc1,CatBoost,8519,947,0.014028148685974217,0.030552628742805808,0.005931642837822437,0.00036099692806601524,0.9926082491874695,0.012149445712566376
mc1,ExtraTrees,8519,947,0.013968613704318894,0.030191146647296798,0.005849163979291916,0.0010454240255057812,0.9926082491874695,0.011642937548458576
mc1,LightGBM,8519,947,0.013805875878850455,0.028183363223379415,0.006412651389837265,0.00046576300519518554,0.9926082491874695,0.01244373433291912
mc1,LinearModel,8519,947,0.014659358369328263,0.0380421726680884,0.005157951265573502,7.481757347704843e-05,0.9926082491874695,0.012283035553991795
mc1,NeuralNetFastAI,8519,947,0.014232669133642883,0.034067507667590244,0.005745365284383297,0.00011092287604697049,0.9926082491874695,0.010178114287555218
mc1,NeuralNetTorch,8519,947,0.014055078753005781,0.03222583879266671,0.0046527269296348095,0.0005345632671378553,0.9926082491874695,0.011933788657188416
mc1,RandomForest,8519,947,0.013707543399120482,0.02693328615439282,0.00562326842918992,0.0011788916308432817,0.9926082491874695,0.010412904433906078
mc1,XGBoost,8519,947,0.013746562500656761,0.027674750200124762,0.006398296449333429,8.022948168218136e-05,0.9926082491874695,0.01164315640926361
meta,CatBoost,475,53,0.12348763827758599,0.17948417849705517,0.05570679530501366,0.04819205403327942,0.8679245114326477,0.0026185763999819756
meta,ExtraTrees,475,53,0.12654333917988791,0.21210767917220144,0.05713115632534027,0.08913765102624893,0.9056603908538818,0.002407616935670376
meta,LightGBM,475,53,0.12803262047370773,0.18511565762201665,0.05322076380252838,0.04630154371261597,0.8679245114326477,0.0024307090789079666
meta,LinearModel,475,53,0.11568028507808796,0.18029523742689624,0.043164245784282684,0.029449190944433212,0.9056603908538818,0.0023426664993166924
meta,NeuralNetFastAI,475,53,0.14593886028797481,0.22279726092593777,0.08696639537811279,0.07219651341438293,0.8679245114326477,0.002519388683140278
meta,NeuralNetTorch,475,53,0.1000212720861828,0.15743313827593886,0.0490918792784214,0.05483518913388252,0.9433962106704712,0.0024759825319051743
meta,RandomForest,475,53,0.12812997821098318,0.2101669514158374,0.07557138055562973,0.11815240234136581,0.9056603908538818,0.0027221785858273506
meta,XGBoost,475,53,0.10931027574265093,0.16789546081718645,0.05311638116836548,0.05311635881662369,0.9056603908538818,0.002517799846827984
mozilla4,CatBoost,13990,1555,0.0731367510499422,0.13414295753585134,0.019747242331504822,0.009250984527170658,0.9562700986862183,0.01861565839499235
mozilla4,ExtraTrees,13990,1555,0.07534123797593258,0.1396417233627951,0.01768280193209648,0.011833216063678265,0.9549839496612549,0.01857052557170391
mozilla4,LightGBM,13990,1555,0.07721629421353493,0.14047711342430985,0.021496424451470375,0.0069167111068964005,0.9536977410316467,0.01754717342555523
mozilla4,LinearModel,13990,1555,0.14199951908858305,0.24099817701659643,0.024580657482147217,0.016148192808032036,0.9131832718849182,0.01729574240744114
mozilla4,NeuralNetFastAI,13990,1555,0.11960121176664046,0.21369843042536132,0.0139468340203166,0.009952472522854805,0.927974283695221,0.01848767325282097
mozilla4,NeuralNetTorch,13990,1555,0.12160551359050716,0.23164753993205683,0.058315128087997437,0.06834796071052551,0.9382636547088623,0.01715119183063507
mozilla4,RandomForest,13990,1555,0.075758079729959,0.12943647729865843,0.020120158791542053,0.013341068290174007,0.9511253833770752,0.016158918850123882
mozilla4,XGBoost,13990,1555,0.07726259060613924,0.13993775151541574,0.020785093307495117,0.008397865109145641,0.9536977410316467,0.018108255229890347
no2,CatBoost,450,50,0.4422373903495084,0.6288258427326446,0.0995560884475708,0.14568984508514404,0.5799999833106995,0.0021739881485700607
no2,ExtraTrees,450,50,0.42615156304220286,0.6114921284047381,0.07650013267993927,0.16104908287525177,0.6399999856948853,0.0020061638206243515
no2,LightGBM,450,50,0.4326158417510001,0.6209145755338826,0.0730120837688446,0.09611532092094421,0.6399999856948853,0.002149909734725952
no2,LinearModel,450,50,0.4791215640259995,0.6716288278260875,0.1579253226518631,0.1318770945072174,0.5400000214576721,0.0022322973236441612
no2,NeuralNetFastAI,450,50,0.44283692409484304,0.6325634379554465,0.08445240557193756,0.129927396774292,0.6000000238418579,0.0021383631974458694
no2,NeuralNetTorch,450,50,0.4347932497253729,0.6246898107557872,0.06505690515041351,0.09331604093313217,0.6600000262260437,0.002234232611954212
no2,RandomForest,450,50,0.4256025689967599,0.6091240068545791,0.08816592395305634,0.16000334918498993,0.6399999856948853,0.002259238623082638
no2,XGBoost,450,50,0.42729276515449605,0.6137119052223529,0.061785660684108734,0.10187797248363495,0.6200000047683716,0.0021239053457975388
nomao,CatBoost,31018,3447,0.04748920420977679,0.08349480385425612,0.003305787220597267,0.0031100171618163586,0.9718595743179321,0.03849982097744942
nomao,ExtraTrees,31018,3447,0.05628664055210706,0.11194140761633113,0.01022082008421421,0.011670843698084354,0.9675079584121704,0.03587932512164116
nomao,LightGBM,31018,3447,0.0456583702985383,0.08058222112198374,0.0035362662747502327,0.0035095554776489735,0.973310112953186,0.03937708307057619
nomao,LinearModel,31018,3447,0.08306544876939588,0.14091996920764918,0.005588382016867399,0.003039042465388775,0.9472004771232605,0.03524464834481478
nomao,NeuralNetFastAI,31018,3447,0.05997218566340669,0.1037572652238604,0.003976034000515938,0.005419293884187937,0.964026689529419,0.03881333768367767
nomao,NeuralNetTorch,31018,3447,0.05758325697171507,0.10146879134531889,0.004161285236477852,0.004630866460502148,0.9654772281646729,0.03626106586307287
nomao,RandomForest,31018,3447,0.054551020472192666,0.11811296812776438,0.006368159782141447,0.009492038749158382,0.9680882096290588,0.034382197074592113
nomao,XGBoost,31018,3447,0.04819229211497978,0.08316088808307144,0.0030363115947693586,0.0025284632574766874,0.9712793827056885,0.03661893866956234
numerai28_6,CatBoost,86688,9632,0.49899897644048014,0.6921447201206931,0.028382092714309692,0.0011808604467660189,0.5151578187942505,0.10617895238101482
numerai28_6,ExtraTrees,86688,9632,0.49916495407982436,0.6923119868467851,0.03255156800150871,0.0042796665802598,0.5165074467658997,0.10581676941365004
numerai28_6,LightGBM,86688,9632,0.49924961232992215,0.692396641867924,0.044282909482717514,0.0022749558556824923,0.5137042999267578,0.10411093756556511
numerai28_6,LinearModel,86688,9632,0.49910900128603825,0.6922555781985311,0.02575690671801567,0.0015182498609647155,0.519518256187439,0.10439552087336779
numerai28_6,NeuralNetFastAI,86688,9632,0.49897111527898524,0.6921182045211566,0.024063140153884888,0.0019469839753583074,0.5191029906272888,0.10418809298425913
numerai28_6,NeuralNetTorch,86688,9632,0.49886797379849235,0.6920149093663954,0.033717378973960876,0.0026283729821443558,0.5230481624603271,0.1009795805439353
numerai28_6,RandomForest,86688,9632,0.49933232206457656,0.6924788599179404,0.042442724108695984,0.0026638275012373924,0.5122508406639099,0.10086055658757687
numerai28_6,XGBoost,86688,9632,0.4992146497061615,0.69236106420532,0.04136229678988457,0.004076236393302679,0.5120431780815125,0.10710003692656755
ozone-level-8hr,CatBoost,2280,254,0.08363502456977645,0.14048927733737226,0.028513552621006966,0.0056595392525196075,0.9370078444480896,0.004723118618130684
ozone-level-8hr,ExtraTrees,2280,254,0.08619385855496392,0.14100105005034583,0.03621145337820053,0.015135418623685837,0.9370078444480896,0.0048927562311291695
ozone-level-8hr,LightGBM,2280,254,0.08715993030214236,0.14028980218818335,0.026524903252720833,0.0072452612221241,0.9370078444480896,0.004449857398867607
ozone-level-8hr,LinearModel,2280,254,0.08181298707515225,0.1314893705091484,0.03161340951919556,0.01520471926778555,0.9370078444480896,0.004685700871050358
ozone-level-8hr,NeuralNetFastAI,2280,254,0.07885022997777064,0.12820123813307285,0.028673239052295685,0.00936886016279459,0.9370078444480896,0.004539988003671169
ozone-level-8hr,NeuralNetTorch,2280,254,0.07511324063875344,0.12466295291887583,0.03148150071501732,0.015545331872999668,0.9370078444480896,0.004699741490185261
ozone-level-8hr,RandomForest,2280,254,0.08163815031262582,0.13292133861471622,0.02522611804306507,0.010746140033006668,0.9370078444480896,0.004474340006709099
ozone-level-8hr,XGBoost,2280,254,0.08004139668197754,0.13546877435289312,0.03215591609477997,0.011017207987606525,0.9370078444480896,0.004767376929521561
parity5_plus_5,CatBoost,1011,113,0.0003892948182353067,0.004046582796773979,0.003938724286854267,0.003945928066968918,1.0,0.0033479416742920876
parity5_plus_5,ExtraTrees,1011,113,0.052298426456802306,0.08263114961742452,0.018713796511292458,0.02176637575030327,0.9646017551422119,0.0037035206332802773
parity5_plus_5,LightGBM,1011,113,0.0007398470021990067,0.00765235730073699,0.007460040505975485,0.007461100816726685,1.0,0.003590916283428669
parity5_plus_5,LinearModel,1011,113,0.48349325500006973,0.6764383120552808,0.03618139028549194,0.04450550302863121,0.5752212405204773,0.0029641278088092804
parity5_plus_5,NeuralNetFastAI,1011,113,0.00030396179577640554,0.0031553296895606934,0.0030713516753166914,0.0030767328571528196,1.0,0.0033248113468289375
parity5_plus_5,NeuralNetTorch,1011,113,0.0004307937760723139,0.004481500405967694,0.004366089589893818,0.004370140843093395,1.0,0.0034549739211797714
parity5_plus_5,RandomForest,1011,113,0.07966998971811416,0.13280430774543556,0.027149831876158714,0.031119247898459435,0.9469026327133179,0.003683924674987793
parity5_plus_5,XGBoost,1011,113,0.00026880199271333665,0.002741057275888625,0.0026713921688497066,0.0026715921703726053,1.0,0.003926214762032032
pbcseq,CatBoost,1750,195,0.20251380362437169,0.3373974993165329,0.034252386540174484,0.0542638897895813,0.8820512890815735,0.003626209683716297
pbcseq,ExtraTrees,1750,195,0.23722577719000615,0.38244198716276046,0.041741326451301575,0.04065873846411705,0.8410256505012512,0.003641231916844845
pbcseq,LightGBM,1750,195,0.19593919818185213,0.33035034369335237,0.045739494264125824,0.0623764805495739,0.8871794939041138,0.003652275539934635
pbcseq,LinearModel,1750,195,0.40574089406881414,0.5907803496068258,0.0513569712638855,0.06636728346347809,0.6666666865348816,0.003352428786456585
pbcseq,NeuralNetFastAI,1750,195,0.2982710976774039,0.46360283169683486,0.0296790711581707,0.03664042428135872,0.7897436022758484,0.003856869414448738
pbcseq,NeuralNetTorch,1750,195,0.3184516703265461,0.49402477882874646,0.08421391248703003,0.1346120685338974,0.7897436022758484,0.00395771861076355
pbcseq,RandomForest,1750,195,0.24265969484287897,0.39809080425428234,0.07203114777803421,0.10234255343675613,0.8717948794364929,0.0038476409390568733
pbcseq,XGBoost,1750,195,0.19510520424038041,0.33198442357316743,0.041225019842386246,0.0730840265750885,0.8974359035491943,0.003542390652000904
pc1,CatBoost,998,111,0.09576512757492289,0.1771616443602586,0.019205357879400253,0.010641087777912617,0.9369369149208069,0.0031872736290097237
pc1,ExtraTrees,998,111,0.09833038403426883,0.18500165466589313,0.016783349215984344,0.013341059908270836,0.9369369149208069,0.0031741922721266747
pc1,LightGBM,998,111,0.100603815457229,0.1970614020157819,0.021731941029429436,0.026031889021396637,0.9369369149208069,0.002918573096394539
pc1,LinearModel,998,111,0.10864955646055413,0.20516804407778233,0.022293029353022575,0.013632313348352909,0.9369369149208069,0.003287985920906067
pc1,NeuralNetFastAI,998,111,0.10553121119493043,0.1881055109111655,0.03199511766433716,0.05123274773359299,0.9369369149208069,0.003260936588048935
pc1,NeuralNetTorch,998,111,0.099408779730613,0.17421178126076234,0.021826857700943947,0.010600529611110687,0.9369369149208069,0.0031926725059747696
pc1,RandomForest,998,111,0.09634639626511445,0.1743055077786839,0.023252315819263458,0.033766791224479675,0.9369369149208069,0.0031478777527809143
pc1,XGBoost,998,111,0.09743631945933627,0.1756088548822964,0.022759979590773582,0.009452725760638714,0.9369369149208069,0.003279557451605797
pc2,CatBoost,5030,559,0.00694683011420872,0.017833155941574842,0.0034986594691872597,0.0006727647269144654,0.9964221715927124,0.007742278277873993
pc2,ExtraTrees,5030,559,0.00701169782384711,0.018859180361881323,0.0034488216042518616,0.0009495902340859175,0.9964221715927124,0.008609863929450512
pc2,LightGBM,5030,559,0.006945977361010481,0.01753826149666904,0.002939806552603841,0.0008825779659673572,0.9964221715927124,0.008252243511378765
pc2,LinearModel,5030,559,0.0069752441066921475,0.018493760530865055,0.0035124344285577536,0.0006421286961995065,0.9964221715927124,0.008692048490047455
pc2,NeuralNetFastAI,5030,559,0.006940099408539988,0.017394478809795094,0.003415830433368683,0.0013471381971612573,0.9964221715927124,0.008291121572256088
pc2,NeuralNetTorch,5030,559,0.006898255719245085,0.01691924585815059,0.003476231126114726,0.0006638251361437142,0.9964221715927124,0.006886315532028675
pc2,RandomForest,5030,559,0.007005671755849502,0.018823594999327224,0.0035111571196466684,0.0010334956459701061,0.9964221715927124,0.00841352716088295
pc2,XGBoost,5030,559,0.006921394525601442,0.017187505853779827,0.0034897804725915194,0.0004139614466112107,0.9964221715927124,0.008313394151628017
pc3,CatBoost,1406,157,0.1773051615450995,0.2838202232473664,0.03942355141043663,0.06489510089159012,0.8980891704559326,0.00353800505399704
pc3,ExtraTrees,1406,157,0.15963243399014362,0.2637926658921434,0.038414549082517624,0.062058597803115845,0.8980891704559326,0.0035576503723859787
pc3,LightGBM,1406,157,0.17888136804972846,0.2894241698445899,0.03848264366388321,0.05146372690796852,0.8343949317932129,0.003972760401666164
pc3,LinearModel,1406,157,0.18676008020973964,0.3178365050039456,0.04303659871220589,0.05605517327785492,0.8980891704559326,0.0036587417125701904
pc3,NeuralNetFastAI,1406,157,0.1788106919211293,0.2905576872164835,0.03567078709602356,0.05637607350945473,0.8980891704559326,0.0036842375993728638
pc3,NeuralNetTorch,1406,157,0.17415802205828734,0.292789876338956,0.036741457879543304,0.04362368956208229,0.8980891704559326,0.003576606512069702
pc3,RandomForest,1406,157,0.1618719756198756,0.3505166216454466,0.03971831128001213,0.035929251462221146,0.8980891704559326,0.0034870440140366554
pc3,XGBoost,1406,157,0.18446226926699894,0.2928903643952376,0.052539050579071045,0.0735028088092804,0.8980891704559326,0.003817424178123474
pc4,CatBoost,1312,146,0.1496024411357051,0.22822100383450108,0.040770523250103,0.03479975834488869,0.8972602486610413,0.003366784192621708
pc4,ExtraTrees,1312,146,0.13513456948561528,0.21435770549708646,0.025052465498447418,0.02868255041539669,0.8972602486610413,0.0035439077764749527
pc4,LightGBM,1312,146,0.1238174024490066,0.20120953068702396,0.030137432739138603,0.020007727667689323,0.9246575236320496,0.0035255737602710724
pc4,LinearModel,1312,146,0.1300772166697,0.2164644392529476,0.030362363904714584,0.020055431872606277,0.9109588861465454,0.003509834408760071
pc4,NeuralNetFastAI,1312,146,0.12888415722529667,0.21211032454578266,0.030201785266399384,0.02785312756896019,0.9178082346916199,0.0034438148140907288
pc4,NeuralNetTorch,1312,146,0.13480884460909429,0.2117837365707911,0.03802516311407089,0.033829737454652786,0.9109588861465454,0.003159135580062866
pc4,RandomForest,1312,146,0.1341031154410326,0.20460488490719395,0.028126783668994904,0.011631633155047894,0.9041095972061157,0.0034549739211797714
pc4,XGBoost,1312,146,0.13774606683102839,0.21418103845058473,0.03469710797071457,0.020896879956126213,0.9041095972061157,0.003353666514158249
philippine,CatBoost,5248,584,0.3224090934447075,0.48307979271274837,0.02504284679889679,0.05429529398679733,0.7705479264259338,0.008089328184723854
philippine,ExtraTrees,5248,584,0.31841414674528595,0.47927805825207437,0.026815280318260193,0.026861052960157394,0.767123281955719,0.007697097025811672
philippine,LightGBM,5248,584,0.30190881581078927,0.4574069984028283,0.020701544359326363,0.019038770347833633,0.7756849527359009,0.007662699557840824
philippine,LinearModel,5248,584,0.3773181428835477,0.5621703095995796,0.02570638805627823,0.0509926937520504,0.7208904027938843,0.007684995420277119
philippine,NeuralNetFastAI,5248,584,0.36623664321599114,0.5400646897216836,0.03125940263271332,0.05381852760910988,0.7345890402793884,0.007389784790575504
philippine,NeuralNetTorch,5248,584,0.36366824392264463,0.5425055792514608,0.029496807605028152,0.04700123891234398,0.7294520735740662,0.007569155655801296
philippine,RandomForest,5248,584,0.32267191445677057,0.48776164622502155,0.02352815307676792,0.027843570336699486,0.7602739930152893,0.007535691373050213
philippine,XGBoost,5248,584,0.3002772712671067,0.45766115230107096,0.029340799897909164,0.01769103668630123,0.7791095972061157,0.007511412724852562
phoneme,CatBoost,4863,541,0.14512211406028494,0.22990362087662122,0.033293865621089935,0.033079419285058975,0.8927911520004272,0.006949638947844505
phoneme,ExtraTrees,4863,541,0.128156813639131,0.2118094001802296,0.02472100406885147,0.015110334381461143,0.9094269871711731,0.007379448972642422
phoneme,LightGBM,4863,541,0.1401404594640119,0.2277752645395383,0.024794938042759895,0.0203557051718235,0.9038817286491394,0.0077336812391877174
phoneme,LinearModel,4863,541,0.32586845500637573,0.4867662847864149,0.03275521099567413,0.05391591042280197,0.7430683970451355,0.007557443343102932
phoneme,NeuralNetFastAI,4863,541,0.16203613843757944,0.259703114326825,0.02910909801721573,0.019223764538764954,0.8853974342346191,0.007677007466554642
phoneme,NeuralNetTorch,4863,541,0.1513358402386128,0.24833064334561014,0.02233446016907692,0.023723315447568893,0.8983364105224609,0.00835106149315834
phoneme,RandomForest,4863,541,0.13966311490210434,0.230120777635773,0.024341225624084473,0.015095246024429798,0.905730128288269,0.007357437163591385
phoneme,XGBoost,4863,541,0.1350370875539598,0.2232349992712009,0.01763569377362728,0.021906312555074692,0.9112753868103027,0.007233121432363987
pm10,CatBoost,450,50,0.43363143349344857,0.6271957615149455,0.10711103677749634,0.13666704297065735,0.7599999904632568,0.00196264311671257
pm10,ExtraTrees,450,50,0.45341551100425476,0.6457665094021593,0.08676110208034515,0.12239722907543182,0.6399999856948853,0.002262168563902378
pm10,LightGBM,450,50,0.4332663380751165,0.6284322677445284,0.1060490757226944,0.18417158722877502,0.699999988079071,0.0021583475172519684
pm10,LinearModel,450,50,0.499529438870274,0.6926763012693041,0.09725984930992126,0.012979361228644848,0.46000000834465027,0.0020348066464066505
pm10,NeuralNetFastAI,450,50,0.4972521846016847,0.6897652706580689,0.07508352398872375,0.07383541017770767,0.5,0.0022744573652744293
pm10,NeuralNetTorch,450,50,0.48972719034101375,0.6817557088556208,0.08349762111902237,0.12028972059488297,0.5400000214576721,0.0021919338032603264
pm10,RandomForest,450,50,0.4279835113741795,0.6202237786621353,0.10350823402404785,0.1607348471879959,0.7200000286102295,0.002019893378019333
pm10,XGBoost,450,50,0.45379420176020246,0.6466973154563627,0.07367830723524094,0.171524778008461,0.6600000262260437,0.0022226255387067795
pollen,CatBoost,3463,385,0.5005429061744391,0.6936917166136424,0.07414329051971436,0.008825896307826042,0.5038961172103882,0.005385955795645714
pollen,ExtraTrees,3463,385,0.49998602814159643,0.693133209988218,0.029735833406448364,0.0014033595798537135,0.5272727012634277,0.005259514786303043
pollen,LightGBM,3463,385,0.5015430934597825,0.6946998960293542,0.06074634566903114,0.01111575961112976,0.5324675440788269,0.005394593812525272
pollen,LinearModel,3463,385,0.499787553657028,0.6929348112669639,0.04021621495485306,0.001451391028240323,0.5064935088157654,0.005588001571595669
pollen,NeuralNetFastAI,3463,385,0.4994025700984201,0.6925540742619725,0.06781881302595139,0.005942898336797953,0.5376623272895813,0.005424736998975277
pollen,NeuralNetTorch,3463,385,0.4999648634193843,0.693112549951977,0.0712231993675232,0.00489633996039629,0.5194805264472961,0.005462068133056164
pollen,RandomForest,3463,385,0.49985737145204784,0.6930045449076053,0.03304415941238403,0.0014794993912801147,0.4909090995788574,0.005438243970274925
pollen,XGBoost,3463,385,0.5019880467150638,0.6951380195625291,0.040892649441957474,0.0002454323985148221,0.48571428656578064,0.004957866854965687
puma32H,CatBoost,7372,820,0.13378346761237475,0.216010022741807,0.02205284684896469,0.016944874078035355,0.9073171019554138,0.009591137990355492
puma32H,ExtraTrees,7372,820,0.14454281992940435,0.2267035821216871,0.02547932043671608,0.014519778080284595,0.8963414430618286,0.009851355105638504
puma32H,LightGBM,7372,820,0.14914039445124144,0.23515085822340767,0.021627631038427353,0.020247451961040497,0.8914633989334106,0.009488287381827831
puma32H,LinearModel,7372,820,0.46961893688377077,0.6627932427732162,0.033145636320114136,0.039851050823926926,0.6353658437728882,0.009887319058179855
puma32H,NeuralNetFastAI,7372,820,0.11276067317487407,0.18418023275953865,0.016364308074116707,0.012049863114953041,0.9243902564048767,0.010053054429590702
puma32H,NeuralNetTorch,7372,820,0.11581926727751107,0.1909659925943792,0.018507543951272964,0.016007188707590103,0.9243902564048767,0.010041626170277596
puma32H,RandomForest,7372,820,0.1576049113154554,0.24933792003719293,0.028105515986680984,0.01053155492991209,0.8878048658370972,0.00978555902838707
puma32H,XGBoost,7372,820,0.1466318747554066,0.2375267371444638,0.018046468496322632,0.015158041380345821,0.8963414430618286,0.00982217863202095
puma8NH,CatBoost,7372,820,0.22897320773991314,0.3626834514013981,0.022508859634399414,0.02659890241920948,0.8390243649482727,0.009722954593598843
puma8NH,ExtraTrees,7372,820,0.23268084332105382,0.3657401323766126,0.0168408565223217,0.030854733660817146,0.8378048539161682,0.010097451508045197
puma8NH,LightGBM,7372,820,0.23528600042850928,0.3715508696397743,0.026800647377967834,0.020102649927139282,0.8353658318519592,0.009506811387836933
puma8NH,LinearModel,7372,820,0.30549533908135523,0.4963799504763161,0.06653806567192078,0.15796110033988953,0.8256097435951233,0.009203932248055935
puma8NH,NeuralNetFastAI,7372,820,0.232809140439737,0.36610872724892546,0.01928875222802162,0.03507820516824722,0.8329268097877502,0.009793756529688835
puma8NH,NeuralNetTorch,7372,820,0.22787629626119268,0.3586022936497093,0.020413503050804138,0.03418951854109764,0.8390243649482727,0.010354775004088879
puma8NH,RandomForest,7372,820,0.23027032758755692,0.3628650771360848,0.01831313967704773,0.0293541569262743,0.8390243649482727,0.009984973818063736
puma8NH,XGBoost,7372,820,0.22942679053580298,0.36696803509626863,0.02214823290705681,0.02874445542693138,0.8414633870124817,0.009502249769866467
qsar-biodeg,CatBoost,949,106,0.1805359997894593,0.29192363289397,0.029497498646378517,0.020151132717728615,0.8773584961891174,0.002827972173690796
qsar-biodeg,ExtraTrees,949,106,0.17517759599355648,0.2842237920937867,0.03983882814645767,0.04475461691617966,0.8773584961891174,0.0029335618019104004
qsar-biodeg,LightGBM,949,106,0.17908254607214355,0.2930273294495475,0.03087114356458187,0.026699695736169815,0.8773584961891174,0.002657040022313595
qsar-biodeg,LinearModel,949,106,0.1817957566421253,0.28790418861885314,0.02762594074010849,0.05932803824543953,0.8584905862808228,0.0029627326875925064
qsar-biodeg,NeuralNetFastAI,949,106,0.16740447199433803,0.2659199542851545,0.04691749066114426,0.03819112107157707,0.8679245114326477,0.002848398871719837
qsar-biodeg,NeuralNetTorch,949,106,0.18894175311629047,0.31259779498885376,0.02747660130262375,0.04200601205229759,0.8773584961891174,0.0027113603428006172
qsar-biodeg,RandomForest,949,106,0.1752553397977999,0.2848189510533155,0.033627234399318695,0.038278091698884964,0.8773584961891174,0.0029612090438604355
qsar-biodeg,XGBoost,949,106,0.1793814474151622,0.29341927509314686,0.027409657835960388,0.031578704714775085,0.8867924809455872,0.002892247401177883
ringnorm,CatBoost,6660,740,0.03373813292244755,0.06254328631319404,0.00584015529602766,0.003495148615911603,0.9810810685157776,0.009855122305452824
ringnorm,ExtraTrees,6660,740,0.035996275767338326,0.06644111446415718,0.005172468721866608,0.0047211539931595325,0.9797297120094299,0.01047941017895937
ringnorm,LightGBM,6660,740,0.029809030799163364,0.05775494344343048,0.007224943023175001,0.004900761414319277,0.9837837815284729,0.00961275678128004
ringnorm,LinearModel,6660,740,0.32690606491221524,0.4967622531607461,0.04567015916109085,0.08071575313806534,0.7567567825317383,0.008501123636960983
ringnorm,NeuralNetFastAI,6660,740,0.03990193682663853,0.07407728300731906,0.007250550203025341,0.005684061907231808,0.9770269989967346,0.009899884462356567
ringnorm,NeuralNetTorch,6660,740,0.03562851152468761,0.06484731985445187,0.003432629629969597,0.0012400404084473848,0.9797297120094299,0.009567484259605408
ringnorm,RandomForest,6660,740,0.061072763651060215,0.10940404256077543,0.008641845546662807,0.013216349296271801,0.9635134935379028,0.009903096593916416
ringnorm,XGBoost,6660,740,0.03800472976434922,0.07006006080361822,0.004739359952509403,0.0034963663201779127,0.9783783555030823,0.009155907668173313
rmftsa_ladata,CatBoost,457,51,0.13497790816424401,0.2256257924740064,0.03905805945396423,0.06304000318050385,0.9215686321258545,0.0021956609562039375
rmftsa_ladata,ExtraTrees,457,51,0.13484280947227137,0.21678351012741603,0.044614553451538086,0.044398970901966095,0.9019607901573181,0.0023680459707975388
rmftsa_ladata,LightGBM,457,51,0.1410864953874584,0.23380100966997694,0.04277670010924339,0.06081291660666466,0.9215686321258545,0.0023410366848111153
rmftsa_ladata,LinearModel,457,51,0.10891519306909375,0.1908197407254247,0.05003310739994049,0.059614863246679306,0.9411764740943909,0.002133212983608246
rmftsa_ladata,NeuralNetFastAI,457,51,0.0858062796072867,0.1727280837439992,0.04498669132590294,0.07543449848890305,0.9607843160629272,0.0021191509440541267
rmftsa_ladata,NeuralNetTorch,457,51,0.13012414692106927,0.22947048358529773,0.05316068232059479,0.08122295886278152,0.9411764740943909,0.0023360569030046463
rmftsa_ladata,RandomForest,457,51,0.14703733767801366,0.23150500699207957,0.04288386553525925,0.0393853560090065,0.9019607901573181,0.0023252712562680244
rmftsa_ladata,XGBoost,457,51,0.14336118867644995,0.24323323393014315,0.03505898267030716,0.07301526516675949,0.9215686321258545,0.0023748232051730156
spambase,CatBoost,4140,461,0.08308756730604372,0.1551733315142866,0.024809587746858597,0.02748040296137333,0.952277660369873,0.006394551135599613
spambase,ExtraTrees,4140,461,0.09201246013885511,0.17049520148607097,0.026337087154388428,0.026012705639004707,0.9457700848579407,0.006794717162847519
spambase,LightGBM,4140,461,0.0837309595892113,0.14959816118109684,0.021031221374869347,0.02599661983549595,0.9501084685325623,0.006360054016113281
spambase,LinearModel,4140,461,0.1097600566298354,0.19372154549918083,0.026448410004377365,0.024737615138292313,0.9349240660667419,0.006377081386744976
spambase,NeuralNetFastAI,4140,461,0.10323884416520802,0.1918926402243773,0.030258256942033768,0.017457444220781326,0.9414316415786743,0.006841910071671009
spambase,NeuralNetTorch,4140,461,0.0947385846145196,0.17522238189656072,0.023673901334404945,0.022045843303203583,0.9457700848579407,0.005852486006915569
spambase,RandomForest,4140,461,0.09065325012452341,0.1686002195545356,0.025817468762397766,0.028801092877984047,0.9457700848579407,0.006612846627831459
spambase,XGBoost,4140,461,0.09206380102809344,0.1594248047552984,0.02810579165816307,0.03256072476506233,0.9436008930206299,0.006583251990377903
sylvine,CatBoost,4611,513,0.09567143844201913,0.1719392969451646,0.023907562717795372,0.02308635041117668,0.9454191327095032,0.007085074670612812
sylvine,ExtraTrees,4611,513,0.09228827504885435,0.1613455032411646,0.025974351912736893,0.02189221791923046,0.9454191327095032,0.007874306291341782
sylvine,LightGBM,4611,513,0.09980421507004765,0.17249758875783,0.015684235841035843,0.014881390146911144,0.9395711421966553,0.007764775305986404
sylvine,LinearModel,4611,513,0.1631957726575377,0.28425420068068724,0.02935962565243244,0.021884506568312645,0.892787516117096,0.007003379985690117
sylvine,NeuralNetFastAI,4611,513,0.10854396534530046,0.17953566357071196,0.025372928008437157,0.01618468388915062,0.9317739009857178,0.0070813558995723724
sylvine,NeuralNetTorch,4611,513,0.11966944091837917,0.20083731526584453,0.02573937363922596,0.020198887214064598,0.9259259104728699,0.007560006342828274
sylvine,RandomForest,4611,513,0.10924443770199961,0.18739385995340516,0.020088134333491325,0.016884328797459602,0.9317739009857178,0.006860404275357723
sylvine,XGBoost,4611,513,0.08960696714430566,0.15855935513212294,0.01397878397256136,0.012087074108421803,0.9473684430122375,0.007046704180538654
tokyo1,CatBoost,863,96,0.06538204567121272,0.10895874403953532,0.03330186754465103,0.015337154269218445,0.9479166865348816,0.002816864289343357
tokyo1,ExtraTrees,863,96,0.06679654252813239,0.11874796005047474,0.022153010591864586,0.03569106385111809,0.9479166865348816,0.002881794236600399
tokyo1,LightGBM,863,96,0.11307050582508359,0.1786766168732944,0.03145553171634674,0.03314680978655815,0.9166666865348816,0.002644195221364498
tokyo1,LinearModel,863,96,0.12663328821163403,0.19945424923120403,0.04671112447977066,0.06867095828056335,0.875,0.0029356004670262337
tokyo1,NeuralNetFastAI,863,96,0.08226898910009499,0.13238091445776887,0.024148155003786087,0.01724051684141159,0.9270833134651184,0.002942390739917755
tokyo1,NeuralNetTorch,863,96,0.08754252815963408,0.14563485962890924,0.026563474908471107,0.047359488904476166,0.9270833134651184,0.0028219670057296753
tokyo1,RandomForest,863,96,0.07153335815593255,0.116334537141631,0.02472800947725773,0.024247609078884125,0.9479166865348816,0.0028464514762163162
tokyo1,XGBoost,863,96,0.0975881121415294,0.16120973918935902,0.02477990835905075,0.02082403562963009,0.9270833134651184,0.0026875268667936325
twonorm,CatBoost,6660,740,0.04175713121482422,0.07905264200465828,0.005691336002200842,0.005475405603647232,0.9770269989967346,0.009431174956262112
twonorm,ExtraTrees,6660,740,0.03945372410317335,0.0747633727907617,0.005422379821538925,0.006350760348141193,0.9783783555030823,0.010979297570884228
twonorm,LightGBM,6660,740,0.037004252463536814,0.06892059170901954,0.005638290196657181,0.005918636918067932,0.9797297120094299,0.009045304730534554
twonorm,LinearModel,6660,740,0.035281773310386816,0.06998794189628088,0.006278982385993004,0.007246820256114006,0.9810810685157776,0.008601595647633076
twonorm,NeuralNetFastAI,6660,740,0.039758408893051926,0.0772073985841501,0.009387928061187267,0.006878663320094347,0.9783783555030823,0.008584748953580856
twonorm,NeuralNetTorch,6660,740,0.03963652961393283,0.07659690746432242,0.0052219354547560215,0.004735198803246021,0.9783783555030823,0.009294101037085056
twonorm,RandomForest,6660,740,0.03966387904412042,0.07477874245829243,0.009857669472694397,0.00904972292482853,0.9783783555030823,0.01022615097463131
twonorm,XGBoost,6660,740,0.041151523207520954,0.0745213786601528,0.00755387544631958,0.005008821375668049,0.9770269989967346,0.008954787626862526
visualizing_soil,CatBoost,7776,865,0.042783303102593824,0.0593075718440953,0.021463120356202126,0.0013084417441859841,0.9560693502426147,0.01068244781345129
visualizing_soil,ExtraTrees,7776,865,0.04907071285482751,0.06805049309197826,0.025881757959723473,0.006113290786743164,0.9572254419326782,0.010456831194460392
visualizing_soil,LightGBM,7776,865,0.002202495493902537,0.004331266992699071,0.0011477470397949219,0.0011476792860776186,0.9988439083099365,0.01105133630335331
visualizing_soil,LinearModel,7776,865,0.07742011395424173,0.15073921920987335,0.03600972890853882,0.0032514608465135098,0.9583814740180969,0.00972949992865324
visualizing_soil,NeuralNetFastAI,7776,865,0.0814614461991428,0.15701432580740007,0.03779655694961548,0.005333869252353907,0.9560693502426147,0.010819478891789913
visualizing_soil,NeuralNetTorch,7776,865,0.09118470391751551,0.17140768067578302,0.04347783327102661,5.815022450406104e-05,0.9502890110015869,0.010529355145990849
visualizing_soil,RandomForest,7776,865,0.03585501394531861,0.04969926587163942,0.018037617206573486,0.0013933539157733321,0.963005781173706,0.010303431190550327
visualizing_soil,XGBoost,7776,865,0.045717558870371995,0.06335947048667472,0.025012148544192314,0.004335945472121239,0.9502890110015869,0.01078951545059681
wilt,CatBoost,4355,484,0.056706762601512944,0.08871495118657749,0.024830957874655724,0.003559479955583811,0.9483470916748047,0.007155618630349636
wilt,ExtraTrees,4355,484,0.0570369209905079,0.0841884333137168,0.0283675380051136,0.004640652798116207,0.9442148804664612,0.006587035022675991
wilt,LightGBM,4355,484,0.06004303475165134,0.0918660281686162,0.02601294033229351,0.006749275140464306,0.942148745059967,0.007303059101104736
wilt,LinearModel,4355,484,0.04711732733342802,0.06714396531240385,0.02071513421833515,0.005930127575993538,0.9586777091026306,0.006888410076498985
wilt,NeuralNetFastAI,4355,484,0.05043849382802938,0.07093154110190371,0.023260707035660744,0.0011825988767668605,0.952479362487793,0.006862735375761986
wilt,NeuralNetTorch,4355,484,0.052804222023864776,0.07380114039223122,0.025566982105374336,0.0033004721626639366,0.9483470916748047,0.007338014431297779
wilt,RandomForest,4355,484,0.05467735242493991,0.08100816150180531,0.02482965774834156,0.0010711679933592677,0.9483470916748047,0.0061216577887535095
wilt,XGBoost,4355,484,0.054884208502641446,0.07871383847407057,0.027639541774988174,0.005321755073964596,0.9442148804664612,0.006868196651339531
wind,CatBoost,5916,658,0.1833276778489936,0.29687028344198263,0.015303269028663635,0.015615197829902172,0.8708206415176392,0.0080410810187459
wind,ExtraTrees,5916,658,0.19336364116767032,0.3106959369445106,0.01893162913620472,0.03112802654504776,0.8677811622619629,0.008157309144735336
wind,LightGBM,5916,658,0.18046111946285692,0.29116589738166077,0.014838241040706635,0.01670137420296669,0.8753799200057983,0.007635857909917831
wind,LinearModel,5916,658,0.20476496197587157,0.3300194538641344,0.01956455409526825,0.030041774734854698,0.848024308681488,0.00818684883415699
wind,NeuralNetFastAI,5916,658,0.17864153144695927,0.2852150579448517,0.015129052102565765,0.024870876222848892,0.8753799200057983,0.008479590527713299
wind,NeuralNetTorch,5916,658,0.17947641089982655,0.2883780097398504,0.017411168664693832,0.024163605645298958,0.8738601803779602,0.008168872445821762
wind,RandomForest,5916,658,0.1955482209376067,0.32394387074913555,0.022848591208457947,0.027162516489624977,0.8708206415176392,0.008182819932699203
wind,XGBoost,5916,658,0.18604694255334006,0.300448278791086,0.017448073253035545,0.022162271663546562,0.869300901889801,0.007883951999247074
