dataset,model,cal_size,test_size,Spline_brier,Spline_logloss,Spline_kuiper,Spline_ece-15,Spline_accuracy,Spline_time
2dplanes,CatBoost,36691,4077,0.09566483525018481,0.15216539508921867,0.006319392938166857,0.01365052442997694,0.9254353642463684,5.891157320700586
2dplanes,ExtraTrees,36691,4077,0.09493350894828259,0.15248389382022898,0.006022311747074127,0.011171708814799786,0.9251900911331177,7.778719803318381
2dplanes,LightGBM,36691,4077,0.09524297670998107,0.15229887423186067,0.005098059307783842,0.009778723120689392,0.9298503994941711,6.107702328823507
2dplanes,LinearModel,36691,4077,0.23323494621026017,0.3646729742266098,0.009426425211131573,0.01818433217704296,0.8408143520355225,5.130756095051765
2dplanes,NeuralNetFastAI,36691,4077,0.0941794124911104,0.15023073287302272,0.0037529580295085907,0.008529365062713623,0.9330390095710754,7.4483959916979074
2dplanes,NeuralNetTorch,36691,4077,0.09456083526164151,0.15157078139150787,0.004253783263266087,0.005752929951995611,0.9323031902313232,5.856536449864507
2dplanes,RandomForest,36691,4077,0.09568662819315152,0.15444463172837378,0.0066816238686442375,0.014372050762176514,0.9269070625305176,7.152786205522716
2dplanes,XGBoost,36691,4077,0.09540284458980111,0.1521528179952056,0.005447477102279663,0.012243956327438354,0.927397608757019,6.317028126679361
APSFailure,CatBoost,68400,7600,0.007746891247604838,0.015211573833492214,0.001107039162889123,0.002353219548240304,0.9951315522193909,6.819634062238038
APSFailure,ExtraTrees,68400,7600,0.009148215484979655,0.01772693247619732,0.0010466809617355466,0.0022557678166776896,0.9940789341926575,7.90558123216033
APSFailure,LightGBM,68400,7600,0.007698313278568531,0.015224404530101968,0.0007309471257030964,0.0019104318926110864,0.9955263137817383,7.297874701209366
APSFailure,LinearModel,68400,7600,0.01149868809377196,0.02183653138761916,0.0012289306614547968,0.0034943462815135717,0.99289470911026,10.309866281226277
APSFailure,NeuralNetFastAI,68400,7600,0.009203602352987318,0.017073738805202607,0.001283157616853714,0.002622575731948018,0.9942105412483215,11.30503699555993
APSFailure,NeuralNetTorch,68400,7600,0.010918272251481627,0.02113774145990369,0.001992814475670457,0.0035730137024074793,0.9932894706726074,8.132080423645675
APSFailure,RandomForest,68400,7600,0.00802076765600461,0.01628732535294767,0.0013490522978827357,0.0027826386503875256,0.9950000047683716,9.64071708265692
APSFailure,XGBoost,68400,7600,0.0075105245532452285,0.01458585791060235,0.0009272608440369368,0.002352854236960411,0.9952631592750549,8.071116929873824
Amazon_employee_access,CatBoost,29492,3277,0.07181371820568305,0.13349499903553574,0.004546656273305416,0.013506368733942509,0.9551419019699097,2.544570352882147
Amazon_employee_access,ExtraTrees,29492,3277,0.07902651122217741,0.14811036602990985,0.0048858425579965115,0.00930039957165718,0.9493439197540283,4.255953132174909
Amazon_employee_access,LightGBM,29492,3277,0.07896640525492805,0.15061379320941945,0.00402041943743825,0.010527679696679115,0.9487335681915283,2.603839979507029
Amazon_employee_access,LinearModel,29492,3277,0.08343577823146285,0.1559912267732068,0.004069661721587181,0.006479580421000719,0.9469026327133179,2.8264014050364494
Amazon_employee_access,NeuralNetFastAI,29492,3277,0.08299490108797118,0.154398311764539,0.00409247912466526,0.00868011824786663,0.9469026327133179,3.9634097050875425
Amazon_employee_access,NeuralNetTorch,29492,3277,0.08519876807576202,0.15993365314746646,0.006835587322711945,0.013384049758315086,0.9462923407554626,2.676143154501915
Amazon_employee_access,RandomForest,29492,3277,0.07536754521051585,0.1414175635568175,0.005768097937107086,0.011764447204768658,0.9511748552322388,5.315173860639334
Amazon_employee_access,XGBoost,29492,3277,0.07521694111328668,0.14330648910911384,0.004034385085105896,0.007426937576383352,0.952090322971344,2.6292294543236494
Australian,CatBoost,621,69,0.1717551145482465,0.28577855316736644,0.049256619065999985,0.07689709961414337,0.8695651888847351,0.1854150239378214
Australian,ExtraTrees,621,69,0.16659379192305995,0.28499435136695556,0.062079016119241714,0.08737380057573318,0.8550724387168884,0.1881227409467101
Australian,LightGBM,621,69,0.18526867608908915,0.3526004696678608,0.06647343933582306,0.112657830119133,0.8695651888847351,0.26842229440808296
Australian,LinearModel,621,69,0.17387464383703982,0.3012667321688844,0.06746850907802582,0.1410493701696396,0.9130434989929199,0.17291098646819592
Australian,NeuralNetFastAI,621,69,0.15141272869128256,0.27595835330822927,0.059412881731987,0.08095735311508179,0.8985507488250732,0.2541980519890785
Australian,NeuralNetTorch,621,69,0.1645852526857695,0.28536172997275344,0.04419688880443573,0.10742668062448502,0.8840579986572266,0.15257391054183245
Australian,RandomForest,621,69,0.16109417224654304,0.2781295714095667,0.0480855293571949,0.08243673294782639,0.8550724387168884,0.22736209258437157
Australian,XGBoost,621,69,0.1455140719450183,0.265622021594645,0.03973807394504547,0.0724015161395073,0.9130434989929199,0.2134592281654477
Bioresponse,CatBoost,3375,376,0.2782111837668425,0.4358150274964158,0.024345699697732925,0.07725700736045837,0.8244680762290955,0.49784791842103004
Bioresponse,ExtraTrees,3375,376,0.28616020548018933,0.4429512760593515,0.025029761716723442,0.06923021376132965,0.7978723645210266,0.7392221782356501
Bioresponse,LightGBM,3375,376,0.27662757338621535,0.43161302809261737,0.027182521298527718,0.06176978722214699,0.8164893388748169,0.4731796756386757
Bioresponse,LinearModel,3375,376,0.36891195055018305,0.5544299948105104,0.046015944331884384,0.07501165568828583,0.7367021441459656,0.9777289954945445
Bioresponse,NeuralNetFastAI,3375,376,0.2862641076013987,0.44345153649658003,0.022393029183149338,0.055282216519117355,0.7792553305625916,0.7227924866601825
Bioresponse,NeuralNetTorch,3375,376,0.2929116995645011,0.4533867193320148,0.026989132165908813,0.06135225668549538,0.7845744490623474,0.6262128530070186
Bioresponse,RandomForest,3375,376,0.2822088342568145,0.4400884990367793,0.030322493985295296,0.06159866601228714,0.811170220375061,0.35541771817952394
Bioresponse,XGBoost,3375,376,0.2750011013101816,0.43076570453978397,0.02665773034095764,0.05285247415304184,0.813829779624939,0.45403561275452375
Click_prediction_small,CatBoost,35953,3995,0.2534648625892182,0.41199297426664844,0.00888051651418209,0.012958376668393612,0.8367959856987,2.9626810690388083
Click_prediction_small,ExtraTrees,35953,3995,0.26015506001783534,0.4207656889150481,0.007163356989622116,0.007629925850778818,0.8342928886413574,2.533920814283192
Click_prediction_small,LightGBM,35953,3995,0.2580746197225506,0.4189316673393263,0.007670346647500992,0.010486206971108913,0.8367959856987,2.038533156737685
Click_prediction_small,LinearModel,35953,3995,0.26053564953935426,0.423262631328456,0.011328782886266708,0.020726462826132774,0.8347935080528259,1.8578148549422622
Click_prediction_small,NeuralNetFastAI,35953,3995,0.2584763179787444,0.4201334177244492,0.00674283504486084,0.006796682719141245,0.8375469446182251,2.8487415267154574
Click_prediction_small,NeuralNetTorch,35953,3995,0.2594755473895318,0.4185713171627699,0.004996690899133682,0.004309115931391716,0.8345431685447693,3.2035655258223414
Click_prediction_small,RandomForest,35953,3995,0.2591763082421462,0.4183625070920486,0.004321318119764328,0.010000091046094894,0.8352941274642944,4.506190552376211
Click_prediction_small,XGBoost,35953,3995,0.2577694042900851,0.4168865327246673,0.007342144846916199,0.010423519648611546,0.8352941274642944,2.3938766922801733
GAMETES_Epistasis_2-Way_1000atts_0_4H_EDM-1_EDM-1_1,CatBoost,1440,160,0.3996560043491821,0.5896954720566543,0.07653538882732391,0.1408325880765915,0.75,0.24680352490395308
GAMETES_Epistasis_2-Way_1000atts_0_4H_EDM-1_EDM-1_1,ExtraTrees,1440,160,0.5030882645427559,0.6962401808749126,0.06961899995803833,0.050540052354335785,0.5,0.13160565309226513
GAMETES_Epistasis_2-Way_1000atts_0_4H_EDM-1_EDM-1_1,LightGBM,1440,160,0.5119149678387213,0.7050874053590415,0.08693712949752808,0.05489562079310417,0.40625,0.15655988361686468
GAMETES_Epistasis_2-Way_1000atts_0_4H_EDM-1_EDM-1_1,LinearModel,1440,160,0.5039879700648828,0.6971449513443738,0.0534023642539978,0.04019893333315849,0.48750001192092896,0.3754705935716629
GAMETES_Epistasis_2-Way_1000atts_0_4H_EDM-1_EDM-1_1,NeuralNetFastAI,1440,160,0.49365660160538,0.6868003413029268,0.062025800347328186,0.00781950168311596,0.581250011920929,0.21040186751633883
GAMETES_Epistasis_2-Way_1000atts_0_4H_EDM-1_EDM-1_1,NeuralNetTorch,1440,160,0.5050636164661219,0.6982195271264289,0.056685417890548706,0.019430037587881088,0.4312500059604645,0.41948691569268703
GAMETES_Epistasis_2-Way_1000atts_0_4H_EDM-1_EDM-1_1,RandomForest,1440,160,0.5059295829540287,0.6990905500579835,0.04660802334547043,0.03453635424375534,0.4437499940395355,0.11752134095877409
GAMETES_Epistasis_2-Way_1000atts_0_4H_EDM-1_EDM-1_1,XGBoost,1440,160,0.5023710996134281,0.695534829600735,0.03584375977516174,0.05439202859997749,0.5062500238418579,0.11173184961080551
GAMETES_Epistasis_2-Way_20atts_0_1H_EDM-1_1,CatBoost,1440,160,0.4150490297211375,0.6056116670484419,0.04796348884701729,0.07422048598527908,0.699999988079071,0.1599675053730607
GAMETES_Epistasis_2-Way_20atts_0_1H_EDM-1_1,ExtraTrees,1440,160,0.46749284264056257,0.6601067526155499,0.041720978915691376,0.04644864797592163,0.625,0.16464901436120272
GAMETES_Epistasis_2-Way_20atts_0_1H_EDM-1_1,LightGBM,1440,160,0.44019252804541464,0.6315368761008499,0.060061976313591,0.08135250955820084,0.6812499761581421,0.22048811241984367
GAMETES_Epistasis_2-Way_20atts_0_1H_EDM-1_1,LinearModel,1440,160,0.4999999747936208,0.6931471553535775,0.043751925230026245,8.016038918867707e-06,0.48124998807907104,0.12523929588496685
GAMETES_Epistasis_2-Way_20atts_0_1H_EDM-1_1,NeuralNetFastAI,1440,160,0.41189259310951176,0.6010378349992653,0.05373184010386467,0.06375181674957275,0.699999988079071,0.1767529919743538
GAMETES_Epistasis_2-Way_20atts_0_1H_EDM-1_1,NeuralNetTorch,1440,160,0.4064505460757163,0.5949568105529336,0.047541067004203796,0.057934295386075974,0.699999988079071,0.1459016166627407
GAMETES_Epistasis_2-Way_20atts_0_1H_EDM-1_1,RandomForest,1440,160,0.476284136152325,0.6691836925663945,0.04160507768392563,0.05734424293041229,0.5874999761581421,0.1361865410581231
GAMETES_Epistasis_2-Way_20atts_0_1H_EDM-1_1,XGBoost,1440,160,0.4439781956287391,0.6355451128883028,0.04962936043739319,0.07877133041620255,0.6625000238418579,0.18157245218753815
GAMETES_Epistasis_2-Way_20atts_0_4H_EDM-1_1,CatBoost,1440,160,0.2907525888036937,0.4434437027039378,0.03735087066888809,0.059574101120233536,0.793749988079071,0.2781898407265544
GAMETES_Epistasis_2-Way_20atts_0_4H_EDM-1_1,ExtraTrees,1440,160,0.3937270381154522,0.5781761976058931,0.04324166476726532,0.08231054246425629,0.6812499761581421,0.25297027733176947
GAMETES_Epistasis_2-Way_20atts_0_4H_EDM-1_1,LightGBM,1440,160,0.3120902359286502,0.4738572302501135,0.050217777490615845,0.09074857831001282,0.768750011920929,0.2770559722557664
GAMETES_Epistasis_2-Way_20atts_0_4H_EDM-1_1,LinearModel,1440,160,0.5037139567094806,0.6969685207520572,0.03676837682723999,0.04671348258852959,0.5062500238418579,0.12468368001282215
GAMETES_Epistasis_2-Way_20atts_0_4H_EDM-1_1,NeuralNetFastAI,1440,160,0.28472835590469037,0.4349268512179744,0.04214826226234436,0.018159305676817894,0.793749988079071,0.3074484132230282
GAMETES_Epistasis_2-Way_20atts_0_4H_EDM-1_1,NeuralNetTorch,1440,160,0.3023073756420685,0.4638161873092394,0.03797002136707306,0.09012755006551743,0.78125,0.5162887973710895
GAMETES_Epistasis_2-Way_20atts_0_4H_EDM-1_1,RandomForest,1440,160,0.38751605665469385,0.573253326720415,0.032898418605327606,0.0828225389122963,0.7250000238418579,0.22738988231867552
GAMETES_Epistasis_2-Way_20atts_0_4H_EDM-1_1,XGBoost,1440,160,0.34345728148522836,0.5198079595668118,0.05163578316569328,0.10351130366325378,0.7437499761581421,0.31448199786245823
GAMETES_Epistasis_3-Way_20atts_0_2H_EDM-1_1,CatBoost,1440,160,0.3989613541955574,0.5757072940575003,0.04592745006084442,0.11411822587251663,0.643750011920929,0.20289062522351742
GAMETES_Epistasis_3-Way_20atts_0_2H_EDM-1_1,ExtraTrees,1440,160,0.4876632850602894,0.6806522148533917,0.03319951891899109,0.03037852980196476,0.5687500238418579,0.17429996840655804
GAMETES_Epistasis_3-Way_20atts_0_2H_EDM-1_1,LightGBM,1440,160,0.48708255573485254,0.6801403157161875,0.0473635233938694,0.07871247828006744,0.5874999761581421,0.18245967850089073
GAMETES_Epistasis_3-Way_20atts_0_2H_EDM-1_1,LinearModel,1440,160,0.5000447969514141,0.6931934894012428,0.040446117520332336,0.0015972538385540247,0.5,0.1293560527265072
GAMETES_Epistasis_3-Way_20atts_0_2H_EDM-1_1,NeuralNetFastAI,1440,160,0.3945202107261876,0.5624698845070559,0.0446862056851387,0.09207358956336975,0.643750011920929,0.2733560735359788
GAMETES_Epistasis_3-Way_20atts_0_2H_EDM-1_1,NeuralNetTorch,1440,160,0.4271249522153586,0.6147985782864895,0.04491953179240227,0.08990994095802307,0.6499999761581421,0.23451327998191118
GAMETES_Epistasis_3-Way_20atts_0_2H_EDM-1_1,RandomForest,1440,160,0.4931682653611892,0.6861285170746877,0.05066534876823425,0.09308324009180069,0.543749988079071,0.1664419686421752
GAMETES_Epistasis_3-Way_20atts_0_2H_EDM-1_1,XGBoost,1440,160,0.4888294477119127,0.6818203613045167,0.055176302790641785,0.06617369502782822,0.581250011920929,0.1764878649264574
GAMETES_Heterogeneity_20atts_1600_Het_0_4_0_2_50_EDM-2_001,CatBoost,1440,160,0.414836005748216,0.5812908455719491,0.07631510496139526,0.1252593696117401,0.65625,0.20912348106503487
GAMETES_Heterogeneity_20atts_1600_Het_0_4_0_2_50_EDM-2_001,ExtraTrees,1440,160,0.484087775667349,0.6812659329790678,0.049545176327228546,0.11153630167245865,0.606249988079071,0.15369043312966824
GAMETES_Heterogeneity_20atts_1600_Het_0_4_0_2_50_EDM-2_001,LightGBM,1440,160,0.4529751991675692,0.640981485600131,0.05436161160469055,0.06862394511699677,0.6312500238418579,0.1810507709160447
GAMETES_Heterogeneity_20atts_1600_Het_0_4_0_2_50_EDM-2_001,LinearModel,1440,160,0.5014212498834958,0.6946089186729275,0.05337870121002197,0.015581787563860416,0.53125,0.1292503997683525
GAMETES_Heterogeneity_20atts_1600_Het_0_4_0_2_50_EDM-2_001,NeuralNetFastAI,1440,160,0.4453366411894735,0.624513745377245,0.07783684134483337,0.13252529501914978,0.625,0.20260957069694996
GAMETES_Heterogeneity_20atts_1600_Het_0_4_0_2_50_EDM-2_001,NeuralNetTorch,1440,160,0.4460991465951564,0.6297784857991331,0.07472813874483109,0.1319313794374466,0.6312500238418579,0.24963498301804066
GAMETES_Heterogeneity_20atts_1600_Het_0_4_0_2_50_EDM-2_001,RandomForest,1440,160,0.4822759022542262,0.6772915683784886,0.043083518743515015,0.11731816083192825,0.6000000238418579,0.1876145163550973
GAMETES_Heterogeneity_20atts_1600_Het_0_4_0_2_50_EDM-2_001,XGBoost,1440,160,0.45150017977137197,0.6418871634349541,0.04287964105606079,0.05716262757778168,0.65625,0.3323410879820585
GAMETES_Heterogeneity_20atts_1600_Het_0_4_0_2_75_EDM-2_001,CatBoost,1440,160,0.375454582789321,0.5507316317956303,0.04518450051546097,0.09920882433652878,0.6937500238418579,0.23397943004965782
GAMETES_Heterogeneity_20atts_1600_Het_0_4_0_2_75_EDM-2_001,ExtraTrees,1440,160,0.41436037078799737,0.6030084319550706,0.03744965046644211,0.08982164412736893,0.6812499761581421,0.19784054718911648
GAMETES_Heterogeneity_20atts_1600_Het_0_4_0_2_75_EDM-2_001,LightGBM,1440,160,0.38592077416942117,0.5709823563246923,0.04634254425764084,0.0798158198595047,0.699999988079071,0.21431313268840313
GAMETES_Heterogeneity_20atts_1600_Het_0_4_0_2_75_EDM-2_001,LinearModel,1440,160,0.5001872629244253,0.6933342359929497,0.06040680408477783,0.00670353788882494,0.512499988079071,0.1162769952788949
GAMETES_Heterogeneity_20atts_1600_Het_0_4_0_2_75_EDM-2_001,NeuralNetFastAI,1440,160,0.37547495426726035,0.5560510436951326,0.05218435823917389,0.08254057168960571,0.7124999761581421,0.25068705156445503
GAMETES_Heterogeneity_20atts_1600_Het_0_4_0_2_75_EDM-2_001,NeuralNetTorch,1440,160,0.35554207225335077,0.5342157589824342,0.07660526037216187,0.10942206531763077,0.7250000238418579,0.2352639613673091
GAMETES_Heterogeneity_20atts_1600_Het_0_4_0_2_75_EDM-2_001,RandomForest,1440,160,0.4039020022786265,0.5911891393825477,0.0455416701734066,0.05876249074935913,0.699999988079071,0.20106197707355022
GAMETES_Heterogeneity_20atts_1600_Het_0_4_0_2_75_EDM-2_001,XGBoost,1440,160,0.38824592097266003,0.5703209910047524,0.041166335344314575,0.07434391975402832,0.6875,0.257333492860198
Internet-Advertisements,CatBoost,2951,328,0.04468469034340487,0.09174368972732282,0.01716601848602295,0.02033807337284088,0.9756097793579102,0.6549480585381389
Internet-Advertisements,ExtraTrees,2951,328,0.03717670396749313,0.08462908634724824,0.01828811690211296,0.033011533319950104,0.9847561120986938,0.7107659401372075
Internet-Advertisements,LightGBM,2951,328,0.04552056941124711,0.09189681765699975,0.015232443809509277,0.020791668444871902,0.9725610017776489,0.4524734187871218
Internet-Advertisements,LinearModel,2951,328,0.06297724295467705,0.14393469692205957,0.011676788330078125,0.036311566829681396,0.9603658318519592,0.8082729624584317
Internet-Advertisements,NeuralNetFastAI,2951,328,0.053780174877204705,0.11448053246722367,0.009763656184077263,0.024008091539144516,0.9634146094322205,0.7480352930724621
Internet-Advertisements,NeuralNetTorch,2951,328,0.05334087856325992,0.121142368036232,0.013627588748931885,0.030421888455748558,0.9664633870124817,0.742666007950902
Internet-Advertisements,RandomForest,2951,328,0.036111886942441676,0.07513843134828942,0.012306809425354004,0.01766251027584076,0.9817073345184326,0.6817151485010982
Internet-Advertisements,XGBoost,2951,328,0.050973464105851504,0.1004121525614599,0.01338944211602211,0.018265269696712494,0.9695122241973877,0.5517290374264121
OVA_Colon,CatBoost,1390,155,0.07312450153262426,0.16714122688108818,0.01762295700609684,0.029121628031134605,0.9612902998924255,0.30352423060685396
OVA_Colon,ExtraTrees,1390,155,0.06860759607877341,0.1491929622487499,0.01841917261481285,0.03119996190071106,0.9612902998924255,0.25138588063418865
OVA_Colon,LightGBM,1390,155,0.06396406452467024,0.15633138270219718,0.016850866377353668,0.02625385671854019,0.9677419066429138,0.3749267114326358
OVA_Colon,LinearModel,1390,155,0.06586950091768345,0.15675001427397384,0.014136511832475662,0.02444610930979252,0.9677419066429138,0.528776285238564
OVA_Colon,NeuralNetFastAI,1390,155,0.08059265331091124,0.19697208116280532,0.024187538772821426,0.040528006851673126,0.9612902998924255,0.5739716738462448
OVA_Colon,NeuralNetTorch,1390,155,0.07695567274395147,0.17756870531506566,0.02333650179207325,0.04972673952579498,0.9677419066429138,0.44844032544642687
OVA_Colon,RandomForest,1390,155,0.08168905205348691,0.1588358688224548,0.016915272921323776,0.037989504635334015,0.948387086391449,0.2840001368895173
OVA_Colon,XGBoost,1390,155,0.07167779940521975,0.16628132146181188,0.018126819282770157,0.03410985320806503,0.9612902998924255,0.3441388253122568
OVA_Endometrium,CatBoost,1390,155,0.059005260290960426,0.10672516639388609,0.024737339466810226,0.03485117480158806,0.9612902998924255,0.1942881653085351
OVA_Endometrium,ExtraTrees,1390,155,0.05818367235492047,0.10261165642288232,0.018137546256184578,0.022985491901636124,0.9612902998924255,0.18237941432744265
OVA_Endometrium,LightGBM,1390,155,0.051063667802218785,0.09393083551738016,0.01957514137029648,0.03534672036767006,0.9612902998924255,0.21215009968727827
OVA_Endometrium,LinearModel,1390,155,0.0423691446527962,0.07598983180698278,0.014438928104937077,0.02590719424188137,0.9612902998924255,0.4059508517384529
OVA_Endometrium,NeuralNetFastAI,1390,155,0.04623064180017323,0.08033184535830602,0.011323646642267704,0.015486719086766243,0.9677419066429138,0.27531149983406067
OVA_Endometrium,NeuralNetTorch,1390,155,0.049699286143249886,0.10109145270754251,0.020483098924160004,0.024166621267795563,0.9612902998924255,0.24283180106431246
OVA_Endometrium,RandomForest,1390,155,0.06780293531976146,0.12799651374473348,0.037411488592624664,0.046857040375471115,0.9612902998924255,0.2287393780425191
OVA_Endometrium,XGBoost,1390,155,0.05469452616593961,0.10370121477303926,0.02293480560183525,0.043669041246175766,0.9612902998924255,0.2301919274032116
OVA_Kidney,CatBoost,1390,155,0.014947988909298382,0.044965208904631244,0.011281976476311684,0.015570546500384808,0.9935483932495117,0.310142207890749
OVA_Kidney,ExtraTrees,1390,155,0.015533821089399553,0.047520502691989104,0.012792730703949928,0.016466191038489342,0.9935483932495117,0.3996040066704154
OVA_Kidney,LightGBM,1390,155,0.014519041840503807,0.04275231625457174,0.0110023133456707,0.014007476158440113,0.9935483932495117,0.36771559808403254
OVA_Kidney,LinearModel,1390,155,0.013762404393874756,0.03623156209682093,0.008734490722417831,0.00839223526418209,0.9935483932495117,0.7876579109579325
OVA_Kidney,NeuralNetFastAI,1390,155,0.015508364657097685,0.0390164932824494,0.011661219410598278,0.015365296974778175,0.9935483932495117,0.4700043676421046
OVA_Kidney,NeuralNetTorch,1390,155,0.015322260045936748,0.041789441860317855,0.011785624548792839,0.013464143499732018,0.9935483932495117,0.3609239384531975
OVA_Kidney,RandomForest,1390,155,0.015640218207413636,0.047146865542657596,0.013232048600912094,0.01889776811003685,0.9935483932495117,0.21735334023833275
OVA_Kidney,XGBoost,1390,155,0.015084776249983528,0.04423802307932821,0.011124962940812111,0.013534747995436192,0.9935483932495117,0.35226377192884684
OVA_Lung,CatBoost,1390,155,0.014373472172467493,0.05783682243157972,0.007782113738358021,0.005921239964663982,0.9935483932495117,0.3090189080685377
OVA_Lung,ExtraTrees,1390,155,0.024363105641069353,0.07358484418265625,0.00834178738296032,0.014967558905482292,0.9870967864990234,0.2280466053634882
OVA_Lung,LightGBM,1390,155,0.01778225105578484,0.061461050518899,0.0106651671230793,0.010342511348426342,0.9935483932495117,0.26319283060729504
OVA_Lung,LinearModel,1390,155,0.027762402122340175,0.06557314201880271,0.013013518415391445,0.013018116354942322,0.9870967864990234,0.495835586450994
OVA_Lung,NeuralNetFastAI,1390,155,0.03798983558338354,0.07415279710709229,0.010233143344521523,0.019582951441407204,0.9741935729980469,0.43378720059990883
OVA_Lung,NeuralNetTorch,1390,155,0.02464001864716523,0.07141526655453473,0.018459955230355263,0.017126161605119705,0.9870967864990234,0.36948567628860474
OVA_Lung,RandomForest,1390,155,0.033750128735999495,0.09769560861757894,0.012538660317659378,0.01973329298198223,0.9806451797485352,0.21545563638210297
OVA_Lung,XGBoost,1390,155,0.014967739113420335,0.049420047086998056,0.008405329659581184,0.006428766064345837,0.9935483932495117,0.24954354856163263
OVA_Ovary,CatBoost,1390,155,0.10691513646436558,0.1779300614450582,0.02490292489528656,0.05022379755973816,0.9225806593894958,0.3877938622608781
OVA_Ovary,ExtraTrees,1390,155,0.11919673619014988,0.18350376955819356,0.034143924713134766,0.07823307067155838,0.9161290526390076,0.3718912648037076
OVA_Ovary,LightGBM,1390,155,0.09828257264325575,0.15722537437855003,0.025279618799686432,0.05194878578186035,0.9290322661399841,0.3702542446553707
OVA_Ovary,LinearModel,1390,155,0.10642076523873899,0.17374792162334488,0.021650372073054314,0.0500766821205616,0.9354838728904724,0.43095889780670404
OVA_Ovary,NeuralNetFastAI,1390,155,0.11338875504932523,0.18123834332958547,0.03115001693367958,0.08577783405780792,0.9096774458885193,0.3126702131703496
OVA_Ovary,NeuralNetTorch,1390,155,0.09704875825433099,0.152963368562337,0.027864418923854828,0.07540832459926605,0.9290322661399841,0.28496900387108326
OVA_Ovary,RandomForest,1390,155,0.11828504484143752,0.17872049206301316,0.036432258784770966,0.07471556961536407,0.9225806593894958,0.38929211534559727
OVA_Ovary,XGBoost,1390,155,0.10243193381356293,0.17829999527834162,0.026003142818808556,0.055242590606212616,0.9419354796409607,0.3390842182561755
OVA_Prostate,CatBoost,1390,155,0.02075027553235041,0.056847721331223365,0.006446871906518936,0.011967508122324944,0.9870967864990234,0.34616116527467966
OVA_Prostate,ExtraTrees,1390,155,0.01841333440248376,0.06339171927937585,0.006450410932302475,0.01165515836328268,0.9870967864990234,0.28823580872267485
OVA_Prostate,LightGBM,1390,155,0.013362670071533552,0.05117034068848961,0.009342242032289505,0.011728443205356598,0.9935483932495117,0.3172139981761575
OVA_Prostate,LinearModel,1390,155,0.016095778520629954,0.22934594339502765,0.01033862866461277,0.010338629595935345,0.9935483932495117,0.5001995945349336
OVA_Prostate,NeuralNetFastAI,1390,155,0.016638264299102954,0.1231479359660629,0.007081884890794754,0.011928023770451546,0.9935483932495117,0.40638107247650623
OVA_Prostate,NeuralNetTorch,1390,155,0.012900440108793126,0.04653320558805697,0.0064465925097465515,0.006233345717191696,0.9935483932495117,0.20215592626482248
OVA_Prostate,RandomForest,1390,155,0.019383161115674084,0.04317104968201404,0.0064043328166007996,0.012896076776087284,0.9870967864990234,0.28075641952455044
OVA_Prostate,XGBoost,1390,155,0.02259407596605706,0.06810726547481823,0.0064492374658584595,0.016162702813744545,0.9870967864990234,0.199512486346066
PhishingWebsites,CatBoost,9949,1106,0.04855846757798093,0.08709919714171169,0.009856129065155983,0.019445767626166344,0.9683544039726257,2.0057758828625083
PhishingWebsites,ExtraTrees,9949,1106,0.057112673766722064,0.09966146022849723,0.011056945659220219,0.016074055805802345,0.9638336300849915,1.5335962809622288
PhishingWebsites,LightGBM,9949,1106,0.0471302358876929,0.07988963409961228,0.008502715267241001,0.016589803621172905,0.9683544039726257,1.7241722401231527
PhishingWebsites,LinearModel,9949,1106,0.09418607866859857,0.15155408442039783,0.006580941379070282,0.018534215167164803,0.9358047246932983,1.6912107421085238
PhishingWebsites,NeuralNetFastAI,9949,1106,0.04923465066720801,0.0822450088718744,0.00807737372815609,0.015005838125944138,0.965641975402832,1.4814052805304527
PhishingWebsites,NeuralNetTorch,9949,1106,0.04878437474736481,0.08216462634442495,0.010943200439214706,0.015103776007890701,0.965641975402832,1.9764228509739041
PhishingWebsites,RandomForest,9949,1106,0.056659635978256566,0.09938223035093387,0.011723261326551437,0.01653975434601307,0.9629294872283936,1.3826695224270225
PhishingWebsites,XGBoost,9949,1106,0.04830552015186158,0.08673990430451539,0.009555153548717499,0.01325386855751276,0.9683544039726257,2.0369772650301456
Run_or_walk_information,CatBoost,79729,8859,0.009220446080672429,0.017061526236703324,0.0023212595842778683,0.003668056335300207,0.9940173625946045,10.980439628474414
Run_or_walk_information,ExtraTrees,79729,8859,0.011601740061243789,0.022137477333679913,0.002176061272621155,0.0031758244149386883,0.9928885698318481,16.072782470844686
Run_or_walk_information,LightGBM,79729,8859,0.008519849204661565,0.01610759656214013,0.002197341527789831,0.0026095863431692123,0.9944689273834229,15.52651170361787
Run_or_walk_information,LinearModel,79729,8859,0.22268574644446637,0.3410493289748194,0.012872114777565002,0.030034955590963364,0.8381307125091553,30.394499903544784
Run_or_walk_information,NeuralNetFastAI,79729,8859,0.013247966036348712,0.025813612669663238,0.00268443301320076,0.003577805357053876,0.9914211630821228,16.06981304101646
Run_or_walk_information,NeuralNetTorch,79729,8859,0.010794395304762344,0.021001561958834267,0.0035383752547204494,0.004393093287944794,0.9935658574104309,16.42975672148168
Run_or_walk_information,RandomForest,79729,8859,0.013077237823839884,0.02448536316730536,0.0025260373950004578,0.0032532429322600365,0.99232417345047,18.412855110131204
Run_or_walk_information,XGBoost,79729,8859,0.010002272111051346,0.018133850704794584,0.002142522484064102,0.003427429124712944,0.9934529662132263,12.513129285536706
Satellite,CatBoost,4590,510,0.014465925631149016,0.02480558531644785,0.006500358693301678,0.00774346711114049,0.9901960492134094,0.5759528623893857
Satellite,ExtraTrees,4590,510,0.015621750103688724,0.02486776151230393,0.006029650568962097,0.006852962542325258,0.9901960492134094,0.6541076870635152
Satellite,LightGBM,4590,510,0.015526369087378466,0.02569797366947375,0.006794976070523262,0.00808760430663824,0.9901960492134094,0.5543693546205759
Satellite,LinearModel,4590,510,0.01503047706252726,0.025452547097282837,0.00572184007614851,0.006090070586651564,0.9921568632125854,0.9179036412388086
Satellite,NeuralNetFastAI,4590,510,0.013027248296648636,0.024624879216010084,0.004738964140415192,0.008289656601846218,0.9921568632125854,0.716049493290484
Satellite,NeuralNetTorch,4590,510,0.01664740728996196,0.029223203724978566,0.007241956889629364,0.007206205744296312,0.9882352948188782,0.7778735291212797
Satellite,RandomForest,4590,510,0.014519896548357968,0.02541825173124734,0.005420247558504343,0.008962146937847137,0.9882352948188782,0.7548147346824408
Satellite,XGBoost,4590,510,0.014559609107205666,0.02332756647055818,0.0058016348630189896,0.006903698667883873,0.9901960492134094,0.5370745304971933
SpeedDating,CatBoost,7540,838,0.17660688142345574,0.29114162028896273,0.02044888585805893,0.029225453734397888,0.8830549120903015,0.7784383511170745
SpeedDating,ExtraTrees,7540,838,0.19265710518719112,0.3113036238459903,0.016388922929763794,0.03800172358751297,0.8663484454154968,1.0170257007703185
SpeedDating,LightGBM,7540,838,0.17660527177247312,0.29173270366329895,0.024562448263168335,0.035183701664209366,0.8866348266601562,0.9781104624271393
SpeedDating,LinearModel,7540,838,0.19012540382933166,0.31554686697560863,0.026692602783441544,0.029970847070217133,0.8782815933227539,1.0189896924421191
SpeedDating,NeuralNetFastAI,7540,838,0.1882387585377897,0.3090618329983189,0.022950299084186554,0.03213021904230118,0.8758949637413025,0.9563856078311801
SpeedDating,NeuralNetTorch,7540,838,0.18745567704131547,0.3102851549935218,0.024241622537374496,0.03224092349410057,0.8675417900085449,0.6819467525929213
SpeedDating,RandomForest,7540,838,0.19075481128549573,0.3118269547825126,0.021019935607910156,0.03592933714389801,0.8723150491714478,0.9980815313756466
SpeedDating,XGBoost,7540,838,0.1759685717645679,0.2900796991067823,0.023082775995135307,0.03056519106030464,0.8818615674972534,0.9683178989216685
Titanic,CatBoost,1980,221,0.2551545595275621,0.4128725928672707,0.06667830049991608,0.058026738464832306,0.8325791954994202,0.1718805329874158
Titanic,ExtraTrees,1980,221,0.2584307074382878,0.41765526757187427,0.07241305708885193,0.06276455521583557,0.8280543088912964,0.211002585478127
Titanic,LightGBM,1980,221,0.2555557063433112,0.4138908159271323,0.06831679493188858,0.06113864853978157,0.8325791954994202,0.2624178007245064
Titanic,LinearModel,1980,221,0.2680449130297028,0.4348064281125418,0.06700728833675385,0.07503171265125275,0.8325791954994202,0.2961801141500473
Titanic,NeuralNetFastAI,1980,221,0.25475251951324207,0.41180702536680275,0.06782185286283493,0.058705754578113556,0.8325791954994202,0.21014652028679848
Titanic,NeuralNetTorch,1980,221,0.2551564444224279,0.41081465791137967,0.07093357294797897,0.06168942153453827,0.8325791954994202,0.23989323247224092
Titanic,RandomForest,1980,221,0.25746510292396324,0.4165939335438376,0.07093352824449539,0.062378618866205215,0.8280543088912964,0.20167862717062235
Titanic,XGBoost,1980,221,0.25582213042874175,0.41391832810320106,0.06823689490556717,0.06154980510473251,0.8325791954994202,0.22540977597236633
ada,CatBoost,3732,415,0.17095179029151136,0.26947076136399334,0.01591314747929573,0.02553088590502739,0.8867470026016235,0.4758952362462878
ada,ExtraTrees,3732,415,0.1941079199120908,0.30632759636767054,0.014991704374551773,0.04745941609144211,0.8650602698326111,0.6895751254633069
ada,LightGBM,3732,415,0.1716232652771567,0.27072682598644626,0.01848677359521389,0.04120469465851784,0.8819277286529541,0.6212844308465719
ada,LinearModel,3732,415,0.19859978943377776,0.3133502649867086,0.02012735605239868,0.03569801524281502,0.8650602698326111,0.7296317834407091
ada,NeuralNetFastAI,3732,415,0.18562273505631183,0.29626386438306884,0.015296398662030697,0.035530634224414825,0.8722891807556152,0.5969913275912404
ada,NeuralNetTorch,3732,415,0.18495146836689452,0.2898926218423844,0.015975870192050934,0.03818190097808838,0.8722891807556152,0.510218970477581
ada,RandomForest,3732,415,0.1813952817102075,0.28777481513551817,0.013135556131601334,0.032301515340805054,0.87469881772995,0.5177489472553134
ada,XGBoost,3732,415,0.17016337211818822,0.2682198218741331,0.013446463271975517,0.018317172303795815,0.8771084547042847,0.5734044704586267
adult,CatBoost,43957,4885,0.17130952336149427,0.27044581600619716,0.005377473309636116,0.010933268815279007,0.8771750330924988,6.041159220971167
adult,ExtraTrees,43957,4885,0.19003420953018577,0.300301549428578,0.006581190042197704,0.014966117218136787,0.8638690114021301,7.355910396203399
adult,LightGBM,43957,4885,0.17084062916479636,0.2686917357994786,0.005708765238523483,0.013376155868172646,0.8769702911376953,6.0438394183292985
adult,LinearModel,43957,4885,0.20319930409018222,0.31765022301136947,0.00739882281050086,0.012380040250718594,0.8540430068969727,6.364595123566687
adult,NeuralNetFastAI,43957,4885,0.1892199311139919,0.2982800583680411,0.007967524230480194,0.009054243564605713,0.863459587097168,5.65837078075856
adult,NeuralNetTorch,43957,4885,0.19128930739796202,0.3004699174905224,0.007051771506667137,0.010980121791362762,0.8616172075271606,6.145070658996701
adult,RandomForest,43957,4885,0.18709892865440558,0.29375550861834904,0.008223483338952065,0.013253147713840008,0.8626407384872437,5.188623085618019
adult,XGBoost,43957,4885,0.17018512844639105,0.26771179902934744,0.005525834858417511,0.013327986001968384,0.8753326535224915,5.42642982583493
ailerons,CatBoost,12375,1375,0.1590656878734727,0.260287580810236,0.0075513385236263275,0.022626983001828194,0.8909090757369995,1.675644368864596
ailerons,ExtraTrees,12375,1375,0.16833220481450334,0.27532611850000366,0.007569454610347748,0.021310949698090553,0.8821818232536316,1.8832570044323802
ailerons,LightGBM,12375,1375,0.15857755681640034,0.2591220443790271,0.006937816739082336,0.020735980942845345,0.8923636078834534,1.730340600013733
ailerons,LinearModel,12375,1375,0.16998872184217903,0.27628240388827074,0.010250413790345192,0.018487583845853806,0.8799999952316284,1.8807017728686333
ailerons,NeuralNetFastAI,12375,1375,0.1665289581521671,0.27033935934080355,0.007933576591312885,0.02681402489542961,0.8814545273780823,2.0474486127495766
ailerons,NeuralNetTorch,12375,1375,0.16477866094404767,0.2689268560728412,0.00723402202129364,0.024325579404830933,0.8814545273780823,1.913763863965869
ailerons,RandomForest,12375,1375,0.16365037419488562,0.2763301026270903,0.009242041036486626,0.026252197101712227,0.8829091191291809,2.0446730591356754
ailerons,XGBoost,12375,1375,0.15901790084658202,0.25925596108382687,0.006842872127890587,0.021608304232358932,0.8887272477149963,1.654394106939435
arcene,CatBoost,90,10,0.4077992362379012,0.6436578942243694,0.16573306918144226,0.28678423166275024,0.699999988079071,0.1225440576672554
arcene,ExtraTrees,90,10,0.33434331406074713,0.5250760458667305,0.13273108005523682,0.30337241291999817,0.8999999761581421,0.1057566748932004
arcene,LightGBM,90,10,0.4105162964130251,0.9220414956249516,0.10683874785900116,0.23228980600833893,0.699999988079071,0.16024104319512844
arcene,LinearModel,90,10,0.2997835265600247,0.45914506574162156,0.11138258874416351,0.2972760796546936,0.699999988079071,0.3314189361408353
arcene,NeuralNetFastAI,90,10,0.3702017385712641,0.7311981949214731,0.13075914978981018,0.27072209119796753,0.699999988079071,0.192199626006186
arcene,NeuralNetTorch,90,10,0.3540634661291465,0.9382793130675908,0.14426347613334656,0.25243690609931946,0.699999988079071,0.17987276427447796
arcene,RandomForest,90,10,0.3855433645654514,0.6323684258790686,0.10150548815727234,0.29254084825515747,0.699999988079071,0.0889861537143588
arcene,XGBoost,90,10,0.3867262049349021,0.5875602597613576,0.11408833414316177,0.18400898575782776,0.699999988079071,0.0967773562297225
arsenic-female-bladder,CatBoost,503,56,0.2037251056455829,0.32161481254605423,0.040441013872623444,0.07424257695674896,0.8571428656578064,0.15261273831129074
arsenic-female-bladder,ExtraTrees,503,56,0.20991360896853056,0.3364171234138172,0.04143422096967697,0.09754657000303268,0.875,0.11470009200274944
arsenic-female-bladder,LightGBM,503,56,0.21444043924564737,0.33717737396614655,0.04313546419143677,0.10207885503768921,0.875,0.1481544328853488
arsenic-female-bladder,LinearModel,503,56,0.23641332586251024,0.3689737157851583,0.046259745955467224,0.096337229013443,0.8571428656578064,0.25352369993925095
arsenic-female-bladder,NeuralNetFastAI,503,56,0.20986704627672742,0.31906521812951166,0.03840172290802002,0.07535164058208466,0.8392857313156128,0.18642198387533426
arsenic-female-bladder,NeuralNetTorch,503,56,0.183971436529179,0.30400206372909594,0.04407256841659546,0.04502367600798607,0.8571428656578064,0.20546445064246655
arsenic-female-bladder,RandomForest,503,56,0.2187019352718799,0.3519991994271569,0.04781824350357056,0.09811514616012573,0.875,0.2129267593845725
arsenic-female-bladder,XGBoost,503,56,0.20881593997092734,0.33702051673130534,0.034655530005693436,0.050229426473379135,0.8571428656578064,0.15254420693963766
autoUniv-au1-1000,CatBoost,900,100,0.36428211195443316,0.5533788329503893,0.04913253337144852,0.09043412655591965,0.7799999713897705,0.16851611714810133
autoUniv-au1-1000,ExtraTrees,900,100,0.3551328927746471,0.5387428538145258,0.045071087777614594,0.0783548504114151,0.7599999904632568,0.16185452975332737
autoUniv-au1-1000,LightGBM,900,100,0.3518990149980085,0.5387611174830943,0.04188131168484688,0.13566696643829346,0.7699999809265137,0.1751517215743661
autoUniv-au1-1000,LinearModel,900,100,0.3897111090157469,0.5885833362375333,0.08654266595840454,0.13379870355129242,0.7400000095367432,0.16569736134260893
autoUniv-au1-1000,NeuralNetFastAI,900,100,0.348469849160017,0.532639154415259,0.04451320692896843,0.0982721671462059,0.7599999904632568,0.15876076463609934
autoUniv-au1-1000,NeuralNetTorch,900,100,0.3551578801305391,0.5375182709942469,0.049430474638938904,0.06392655521631241,0.7599999904632568,0.20417676586657763
autoUniv-au1-1000,RandomForest,900,100,0.3728813875786021,0.5604451505435938,0.045095667243003845,0.117074154317379,0.7200000286102295,0.15914705209434032
autoUniv-au1-1000,XGBoost,900,100,0.3630500744163537,0.5483593587455055,0.04536508023738861,0.13298682868480682,0.75,0.14634654112160206
bank-marketing,CatBoost,40689,4522,0.11719723804244378,0.18670390719093452,0.004997950047254562,0.008937238715589046,0.9135338068008423,4.269461506046355
bank-marketing,ExtraTrees,40689,4522,0.12576169721841737,0.20058273866788162,0.006232951767742634,0.012351516634225845,0.9033613204956055,8.370955310761929
bank-marketing,LightGBM,40689,4522,0.11931868420620666,0.18923634585853977,0.005707567557692528,0.01102911401540041,0.9128704071044922,4.4274629363790154
bank-marketing,LinearModel,40689,4522,0.1412472055457022,0.22787929375312427,0.006440227851271629,0.008714834228157997,0.8982750773429871,5.5187370730564
bank-marketing,NeuralNetFastAI,40689,4522,0.12061331797665584,0.19139918552338098,0.006821563467383385,0.009886924177408218,0.9117646813392639,6.059647369198501
bank-marketing,NeuralNetTorch,40689,4522,0.12026139330866656,0.19071407905738744,0.007533625699579716,0.010211885906755924,0.9113224148750305,5.037818442098796
bank-marketing,RandomForest,40689,4522,0.1250042933142303,0.19914607027431575,0.005398804321885109,0.00930455420166254,0.9057939052581787,6.1407554084435105
bank-marketing,XGBoost,40689,4522,0.1192685250385516,0.19022137412585,0.006066525354981422,0.008565318770706654,0.9117646813392639,3.939673289656639
bank32nh,CatBoost,7372,820,0.2689852691943552,0.4133756344562159,0.021017134189605713,0.04854988679289818,0.7939024567604065,0.8220879975706339
bank32nh,ExtraTrees,7372,820,0.2704893083326187,0.41609095544693553,0.019523819908499718,0.0422716960310936,0.800000011920929,0.4548618970438838
bank32nh,LightGBM,7372,820,0.2677497941913838,0.4129800700053059,0.021733056753873825,0.039284806698560715,0.800000011920929,0.7321452116593719
bank32nh,LinearModel,7372,820,0.26814014233863914,0.40922229448266895,0.01959792897105217,0.0431932657957077,0.7939024567604065,0.9723930638283491
bank32nh,NeuralNetFastAI,7372,820,0.25543562664576325,0.39589474999747293,0.021862288936972618,0.035048797726631165,0.8085365891456604,1.4078567810356617
bank32nh,NeuralNetTorch,7372,820,0.261594481899892,0.40530424989106006,0.01713530719280243,0.03200111165642738,0.8109756112098694,0.991934122517705
bank32nh,RandomForest,7372,820,0.2844508794649047,0.4352711389508441,0.023925550282001495,0.03776495158672333,0.7914634346961975,0.37960460409522057
bank32nh,XGBoost,7372,820,0.2719929161210371,0.41971181590088796,0.019825458526611328,0.0426994189620018,0.7987805008888245,0.8732459945604205
bank8FM,CatBoost,7372,820,0.0746965002779143,0.11950097579963781,0.009298708289861679,0.019851528108119965,0.9475609660148621,1.2165828747674823
bank8FM,ExtraTrees,7372,820,0.07876532031174605,0.1258579365001142,0.010313110426068306,0.01660272292792797,0.9451219439506531,1.1521587911993265
bank8FM,LightGBM,7372,820,0.07612035634166772,0.11985259403284301,0.01092524453997612,0.016867659986019135,0.9475609660148621,1.3111659307032824
bank8FM,LinearModel,7372,820,0.08219651532502756,0.13411771282452756,0.00897260196506977,0.015467267483472824,0.9451219439506531,1.4950444595888257
bank8FM,NeuralNetFastAI,7372,820,0.07611834660313163,0.11591063680038088,0.00956259947270155,0.01574414037168026,0.9463414549827576,1.6125945644453168
bank8FM,NeuralNetTorch,7372,820,0.07885322013577861,0.12118987245308291,0.009744549170136452,0.016117142513394356,0.9439024329185486,1.3658759417012334
bank8FM,RandomForest,7372,820,0.07850460048383184,0.13133089177491333,0.010140713304281235,0.01898522675037384,0.9426829218864441,1.286802719347179
bank8FM,XGBoost,7372,820,0.0764393139710608,0.1272349818598603,0.009499049745500088,0.01786050945520401,0.9475609660148621,1.3599762041121721
blood-transfusion-service-center,CatBoost,673,75,0.32445106553079545,0.49263339416622853,0.07181663066148758,0.12674258649349213,0.7599999904632568,0.11739750765264034
blood-transfusion-service-center,ExtraTrees,673,75,0.32458968380661074,0.4907593788599644,0.061776772141456604,0.1000644713640213,0.7599999904632568,0.145749656483531
blood-transfusion-service-center,LightGBM,673,75,0.3178768274182555,0.482023698167143,0.05637045204639435,0.11612541973590851,0.7599999904632568,0.12868364248424768
blood-transfusion-service-center,LinearModel,673,75,0.3145601571748206,0.47286167990793493,0.06542059779167175,0.10261283814907074,0.746666669845581,0.22071212530136108
blood-transfusion-service-center,NeuralNetFastAI,673,75,0.32164911377873046,0.48526429813413896,0.0669138953089714,0.11455334722995758,0.7733333110809326,0.19221438188105822
blood-transfusion-service-center,NeuralNetTorch,673,75,0.31009768113004965,0.4685684104645965,0.06513317674398422,0.0732731819152832,0.7333333492279053,0.2248337883502245
blood-transfusion-service-center,RandomForest,673,75,0.31588962152408795,0.4856988492583326,0.07327733188867569,0.10868993401527405,0.7733333110809326,0.16662202775478363
blood-transfusion-service-center,XGBoost,673,75,0.3293243907845358,0.5018506092136001,0.042409688234329224,0.059032488614320755,0.746666669845581,0.14706963580101728
boston_corrected,CatBoost,455,51,0.17288364827466485,0.2784196981448926,0.08452173322439194,0.09577103704214096,0.8823529481887817,0.15681758616119623
boston_corrected,ExtraTrees,455,51,0.1574845091447618,0.2641758572894752,0.10120320320129395,0.13147597014904022,0.8823529481887817,0.16713763494044542
boston_corrected,LightGBM,455,51,0.16330013612008626,0.26953854830789464,0.08791032433509827,0.1377089023590088,0.9215686321258545,0.1296700006350875
boston_corrected,LinearModel,455,51,0.1903136005438551,0.29220623623872594,0.09601233899593353,0.13368232548236847,0.843137264251709,0.3146230345591903
boston_corrected,NeuralNetFastAI,455,51,0.17654672855290615,0.27663565904696336,0.12165788561105728,0.1315591037273407,0.8235294222831726,0.24124698992818594
boston_corrected,NeuralNetTorch,455,51,0.19719323567112484,0.29927068812209057,0.10193730890750885,0.14838649332523346,0.7843137383460999,0.20220392849296331
boston_corrected,RandomForest,455,51,0.17481478341415693,0.2833817824239153,0.08845243602991104,0.112363800406456,0.9019607901573181,0.2406059456989169
boston_corrected,XGBoost,455,51,0.20041630551485973,0.31403669519389504,0.08324997127056122,0.1611088067293167,0.8627451062202454,0.11940479464828968
churn,CatBoost,4500,500,0.08572964952503229,0.17281473945069847,0.011562966741621494,0.02167961746454239,0.949999988079071,0.43173207342624664
churn,ExtraTrees,4500,500,0.08294148287534667,0.16870971196089635,0.013764258474111557,0.020387891680002213,0.9480000138282776,0.686374194920063
churn,LightGBM,4500,500,0.09035036675979621,0.18358488689271468,0.013310324400663376,0.029647544026374817,0.9480000138282776,0.6737734526395798
churn,LinearModel,4500,500,0.1819034278855648,0.2988686977636036,0.016522446647286415,0.027691921219229698,0.8600000143051147,0.7243897691369057
churn,NeuralNetFastAI,4500,500,0.0763584497243781,0.16131066034376726,0.009724507108330727,0.017355559393763542,0.9559999704360962,0.5795128541067243
churn,NeuralNetTorch,4500,500,0.08335750903170873,0.1762913745279212,0.018699798732995987,0.027207938954234123,0.9520000219345093,0.485870991833508
churn,RandomForest,4500,500,0.0990626994876741,0.2031405193268303,0.012087209150195122,0.02210361324250698,0.9340000152587891,0.8192928042262793
churn,XGBoost,4500,500,0.08888189714578576,0.17863593792152851,0.013275825418531895,0.02852480486035347,0.9440000057220459,0.4731830498203635
climate-model-simulation-crashes,CatBoost,486,54,0.08241547191738519,0.23166246123162326,0.03428743779659271,0.05714210122823715,0.9444444179534912,0.11149767320603132
climate-model-simulation-crashes,ExtraTrees,486,54,0.0841374309491411,0.47980191546473705,0.04803191497921944,0.06411923468112946,0.9444444179534912,0.07200301811099052
climate-model-simulation-crashes,LightGBM,486,54,0.08142544597133648,0.6403684895703784,0.04591388255357742,0.0644054040312767,0.9444444179534912,0.14278494659811258
climate-model-simulation-crashes,LinearModel,486,54,0.10030786697553189,1.7379336644684547,0.06450072675943375,0.08581458777189255,0.9444444179534912,0.10796765610575676
climate-model-simulation-crashes,NeuralNetFastAI,486,54,0.0967361458015518,1.720446098119295,0.04964008554816246,0.06658054143190384,0.9444444179534912,0.1463007889688015
climate-model-simulation-crashes,NeuralNetTorch,486,54,0.10673155094870797,1.7274955718678253,0.048082780092954636,0.08435991406440735,0.9074074029922485,0.175731192342937
climate-model-simulation-crashes,RandomForest,486,54,0.0965917084804997,0.34180666644395746,0.06482184678316116,0.07647865265607834,0.9629629850387573,0.17681509628891945
climate-model-simulation-crashes,XGBoost,486,54,0.08466948036836801,0.5202308065238435,0.05364057049155235,0.08218656480312347,0.9629629850387573,0.09258025139570236
colleges_usnews,CatBoost,1171,131,0.37575163204968465,0.5459352508427703,0.05637975037097931,0.10745663195848465,0.7099236845970154,0.3660592492669821
colleges_usnews,ExtraTrees,1171,131,0.3699812597137016,0.5464200808699955,0.05821390450000763,0.1374283879995346,0.694656491279602,0.3582974271848798
colleges_usnews,LightGBM,1171,131,0.3832108193398146,0.5535844708674034,0.07169285416603088,0.128930926322937,0.7099236845970154,0.21574645396322012
colleges_usnews,LinearModel,1171,131,0.3915766293906958,0.567471630214618,0.0622018426656723,0.12587286531925201,0.6641221642494202,0.3895224491134286
colleges_usnews,NeuralNetFastAI,1171,131,0.3966728029222865,0.5680462905021773,0.07839789241552353,0.12879423797130585,0.6870229244232178,0.24900303408503532
colleges_usnews,NeuralNetTorch,1171,131,0.38629030068550196,0.5556282648891773,0.0774279236793518,0.15145011246204376,0.694656491279602,0.29415054246783257
colleges_usnews,RandomForest,1171,131,0.3710424785476017,0.5514249087236794,0.06381896138191223,0.11570581793785095,0.7022900581359863,0.3995629232376814
colleges_usnews,XGBoost,1171,131,0.3923248048953683,0.5660884173275746,0.07625225186347961,0.1337326169013977,0.694656491279602,0.24520803708583117
cpu_act,CatBoost,7372,820,0.06669571270823041,0.11377740003171823,0.0167530570179224,0.028134698048233986,0.959756076335907,1.130587127059698
cpu_act,ExtraTrees,7372,820,0.07676910704101826,0.12986540995534074,0.015472419559955597,0.029003817588090897,0.9512194991111755,1.568911675363779
cpu_act,LightGBM,7372,820,0.06803517358387805,0.11457587194648251,0.01575912907719612,0.03226150944828987,0.9560975432395935,1.4864347903057933
cpu_act,LinearModel,7372,820,0.08492683065181834,0.14545108680704447,0.017758561298251152,0.02840545028448105,0.9426829218864441,1.3409362528473139
cpu_act,NeuralNetFastAI,7372,820,0.07170077602939334,0.12326650767866992,0.018558677285909653,0.030460907146334648,0.95243901014328,1.5466130152344704
cpu_act,NeuralNetTorch,7372,820,0.075393069533303,0.13019500654167362,0.01963929645717144,0.03388483077287674,0.9585365653038025,0.9351423792541027
cpu_act,RandomForest,7372,820,0.07357703102677376,0.12916944305009462,0.014630449935793877,0.027756454423069954,0.954878032207489,1.302568567916751
cpu_act,XGBoost,7372,820,0.06582143669004237,0.11259929852129748,0.017529495060443878,0.0292921494692564,0.954878032207489,1.0379980085417628
cpu_small,CatBoost,7372,820,0.09618523271629553,0.15360714354166757,0.012825410813093185,0.02908921428024769,0.9365853667259216,1.1553510511294007
cpu_small,ExtraTrees,7372,820,0.10375325545537792,0.16568380847121772,0.00978279858827591,0.023437872529029846,0.9280487895011902,1.390919671393931
cpu_small,LightGBM,7372,820,0.0966704124520738,0.15456383367602544,0.012647487223148346,0.032269369810819626,0.9341463446617126,0.9606016967445612
cpu_small,LinearModel,7372,820,0.12624077527788102,0.19976385291757798,0.010747047141194344,0.022945649921894073,0.9073171019554138,1.3988661179319024
cpu_small,NeuralNetFastAI,7372,820,0.10889659992310873,0.1706779015951156,0.008840508759021759,0.02945338748395443,0.9231707453727722,1.3562436867505312
cpu_small,NeuralNetTorch,7372,820,0.10328626618627895,0.16488505629212466,0.01149747520685196,0.021098898723721504,0.9182927012443542,1.6402918016538024
cpu_small,RandomForest,7372,820,0.10188564742941492,0.16620821407503744,0.013310067355632782,0.03004504181444645,0.9341463446617126,1.3341182926669717
cpu_small,XGBoost,7372,820,0.09871311260718599,0.15851796533829116,0.013334808871150017,0.03596125543117523,0.9365853667259216,1.13648294005543
credit-g,CatBoost,900,100,0.2908393629044946,0.44343851739582624,0.05764934793114662,0.0925184041261673,0.800000011920929,0.17538727074861526
credit-g,ExtraTrees,900,100,0.28675490752719435,0.4443173587379321,0.052410271018743515,0.11648908257484436,0.8299999833106995,0.15984053071588278
credit-g,LightGBM,900,100,0.2928692975981342,0.45186319356207627,0.05185182765126228,0.08893075585365295,0.800000011920929,0.16908331122249365
credit-g,LinearModel,900,100,0.3062931086856787,0.4679938862152937,0.047086670994758606,0.09065008908510208,0.7799999713897705,0.17874417454004288
credit-g,NeuralNetFastAI,900,100,0.29512214858110775,0.45115588619103486,0.03735242784023285,0.09191488474607468,0.7699999809265137,0.2040672404691577
credit-g,NeuralNetTorch,900,100,0.3201479814404059,0.4866942122271648,0.07846823334693909,0.1312243491411209,0.7599999904632568,0.5032037915661931
credit-g,RandomForest,900,100,0.27806433113140655,0.4329129422474674,0.06422090530395508,0.10866691917181015,0.7900000214576721,0.17009757179766893
credit-g,XGBoost,900,100,0.29782805159475084,0.4518283728611974,0.04583984613418579,0.0941942110657692,0.7699999809265137,0.1771773574873805
cylinder-bands,CatBoost,486,54,0.1869043518308591,0.3080179375963731,0.0533992275595665,0.12178841978311539,0.8518518805503845,0.2448232090100646
cylinder-bands,ExtraTrees,486,54,0.17112806317456222,0.282873003665894,0.0509941428899765,0.08125390112400055,0.8888888955116272,0.21546882577240467
cylinder-bands,LightGBM,486,54,0.1850467850054008,0.30783309146391913,0.05299709737300873,0.13855412602424622,0.8518518805503845,0.2569818878546357
cylinder-bands,LinearModel,486,54,0.26751236143135493,0.4211062746185683,0.055248863995075226,0.13530077040195465,0.7777777910232544,0.22468268871307373
cylinder-bands,NeuralNetFastAI,486,54,0.24227803776318058,0.3961571456332686,0.08594699203968048,0.1617090106010437,0.8703703880310059,0.5182301737368107
cylinder-bands,NeuralNetTorch,486,54,0.1990911327552488,0.3342921509099303,0.06424421072006226,0.11976715922355652,0.8703703880310059,0.6606455622240901
cylinder-bands,RandomForest,486,54,0.17028989522849688,0.28755168438221484,0.035182271152734756,0.12319327890872955,0.8888888955116272,0.23040187265723944
cylinder-bands,XGBoost,486,54,0.17221060327685803,0.297859894541859,0.06000680848956108,0.11088281124830246,0.8888888955116272,0.248614682815969
delta_ailerons,CatBoost,6416,713,0.0894297421627104,0.17995678701294776,0.008140521124005318,0.017317157238721848,0.948106586933136,1.0636717826128006
delta_ailerons,ExtraTrees,6416,713,0.09130096254278687,0.19301828829840478,0.011726483702659607,0.018525145947933197,0.946704089641571,1.3478868631646037
delta_ailerons,LightGBM,6416,713,0.09117763216880803,0.18427907029567994,0.009108203463256359,0.026630129665136337,0.9424964785575867,0.8871090859174728
delta_ailerons,LinearModel,6416,713,0.10972316728988257,0.21613122633570458,0.008952159434556961,0.014548069797456264,0.9410939812660217,1.2104776110500097
delta_ailerons,NeuralNetFastAI,6416,713,0.10117001775223879,0.19807439155295617,0.009533202275633812,0.02693229541182518,0.9424964785575867,0.9026935994625092
delta_ailerons,NeuralNetTorch,6416,713,0.1002168580140533,0.19566963103629562,0.009791204705834389,0.020550865679979324,0.9453015327453613,1.1175038693472743
delta_ailerons,RandomForest,6416,713,0.09186051955736184,0.17834097203663568,0.008894926868379116,0.020118102431297302,0.9438990354537964,1.1349989296868443
delta_ailerons,XGBoost,6416,713,0.09131008139501903,0.18636203396486478,0.01033480279147625,0.03032880276441574,0.946704089641571,0.97448689956218
delta_elevators,CatBoost,8565,952,0.17648196118988502,0.2961719555032526,0.010862285271286964,0.016229193657636642,0.8855041861534119,1.0194975947961211
delta_elevators,ExtraTrees,8565,952,0.1798260746797295,0.2993653829601717,0.012998946011066437,0.030074933543801308,0.8802521228790283,0.8631457388401031
delta_elevators,LightGBM,8565,952,0.17476058414200005,0.29314570568704584,0.0127647016197443,0.03243107348680496,0.8897058963775635,1.034823746420443
delta_elevators,LinearModel,8565,952,0.17901263874956944,0.30606963293985545,0.013433943502604961,0.023708593100309372,0.8823529481887817,1.6153043424710631
delta_elevators,NeuralNetFastAI,8565,952,0.17739678585096744,0.2983943616537966,0.007790125906467438,0.017882920801639557,0.8802521228790283,1.4993886463344097
delta_elevators,NeuralNetTorch,8565,952,0.1762170539310321,0.29557048544377124,0.010520309209823608,0.023716699331998825,0.8823529481887817,1.1513975327834487
delta_elevators,RandomForest,8565,952,0.18333214198259126,0.3034838393684812,0.01530933566391468,0.03779278323054314,0.8718487620353699,1.2124046422541142
delta_elevators,XGBoost,8565,952,0.17642518131972879,0.2951532689870027,0.0089774951338768,0.022687358781695366,0.8834033608436584,1.0336772333830595
diabetes,CatBoost,691,77,0.2510881635344351,0.403082825986579,0.05508801341056824,0.12165424227714539,0.8311688303947449,0.23726690746843815
diabetes,ExtraTrees,691,77,0.23485906681800475,0.3724910397390244,0.03977274149656296,0.1055849939584732,0.8571428656578064,0.23920406959950924
diabetes,LightGBM,691,77,0.24465116691441377,0.39027752081235584,0.04013059288263321,0.09252750128507614,0.8311688303947449,0.21401455625891685
diabetes,LinearModel,691,77,0.22425121824531122,0.35834747611660034,0.05672328174114227,0.10985509306192398,0.8311688303947449,0.23155217617750168
diabetes,NeuralNetFastAI,691,77,0.24078083556556573,0.38779410224696836,0.0629405751824379,0.11519631743431091,0.8441558480262756,0.3858682429417968
diabetes,NeuralNetTorch,691,77,0.23730924327241787,0.3674883312917897,0.03505001217126846,0.12501263618469238,0.8311688303947449,0.29486168269068
diabetes,RandomForest,691,77,0.23702748464312193,0.3778832242636971,0.04164999723434448,0.07450312376022339,0.8181818127632141,0.3515935018658638
diabetes,XGBoost,691,77,0.26467022338507895,0.43609595933985396,0.040296223014593124,0.15470510721206665,0.8051947951316833,0.17943009920418262
dresses-sales,CatBoost,450,50,0.47387952939536376,0.6663446777813499,0.06797687709331512,0.11354930698871613,0.5799999833106995,0.11621922999620438
dresses-sales,ExtraTrees,450,50,0.4993395621192518,0.6934596732393433,0.0997094064950943,0.11907104402780533,0.5799999833106995,0.08935806155204773
dresses-sales,LightGBM,450,50,0.49005407685236974,0.6855004024164092,0.07473599165678024,0.10860922187566757,0.6000000238418579,0.10041392594575882
dresses-sales,LinearModel,450,50,0.47941258458726166,0.6758523983245819,0.08330275863409042,0.1563785970211029,0.6600000262260437,0.17131401598453522
dresses-sales,NeuralNetFastAI,450,50,0.4801818418242634,0.6763826484655614,0.09235575050115585,0.21096210181713104,0.6200000047683716,0.1091290581971407
dresses-sales,NeuralNetTorch,450,50,0.47461496157052613,0.6688946227808407,0.0779467299580574,0.09866206347942352,0.6200000047683716,0.18257636297494173
dresses-sales,RandomForest,450,50,0.5018330959646178,0.6960251164848421,0.08564038574695587,0.14516130089759827,0.5799999833106995,0.07881230860948563
dresses-sales,XGBoost,450,50,0.49630342540993055,0.6924345256273716,0.06364364176988602,0.14129455387592316,0.6000000238418579,0.08211326599121094
eeg-eye-state,CatBoost,13482,1498,0.06064568479715466,0.10516689365936129,0.0070237573236227036,0.009993729181587696,0.9612817168235779,2.0577548779547215
eeg-eye-state,ExtraTrees,13482,1498,0.08074526005442476,0.13379845736081938,0.010237060487270355,0.014024181291460991,0.9405874609947205,1.7381784077733755
eeg-eye-state,LightGBM,13482,1498,0.06724190119809646,0.11328762208983842,0.008613991551101208,0.014046376571059227,0.9572763442993164,1.9052723161876202
eeg-eye-state,LinearModel,13482,1498,0.4460339558831191,0.6356315291018103,0.019598066806793213,0.03861163929104805,0.6315087080001831,1.7388293454423547
eeg-eye-state,NeuralNetFastAI,13482,1498,0.25287179366217727,0.399319046370946,0.04721788689494133,0.0837792456150055,0.822429895401001,1.4794339574873447
eeg-eye-state,NeuralNetTorch,13482,1498,0.02617681449211344,0.047274199979351034,0.003827239852398634,0.008451954461634159,0.9833110570907593,3.1207976825535297
eeg-eye-state,RandomForest,13482,1498,0.09455714583434673,0.15853785703527237,0.00969485193490982,0.015591958537697792,0.936582088470459,1.3986491868272424
eeg-eye-state,XGBoost,13482,1498,0.07062793822174829,0.11964355868259656,0.007536475080996752,0.013352625072002411,0.9532710313796997,2.3709401013329625
electricity,CatBoost,40780,4532,0.08111918727286406,0.14044625943512176,0.004905249923467636,0.011435984633862972,0.9472638964653015,7.150651813484728
electricity,ExtraTrees,40780,4532,0.1370915670578732,0.22643481601027188,0.005962335038930178,0.014019839465618134,0.9060017466545105,5.8722571255639195
electricity,LightGBM,40780,4532,0.08143444686815027,0.14301910504417084,0.007232575211673975,0.013567060232162476,0.9485878348350525,7.467185846529901
electricity,LinearModel,40780,4532,0.32860422708170856,0.49448128910451405,0.00502864271402359,0.010555056855082512,0.7557370066642761,4.7059180568903685
electricity,NeuralNetFastAI,40780,4532,0.21955138607938687,0.3452933704848149,0.00966295599937439,0.0171480905264616,0.843777596950531,7.866565641947091
electricity,NeuralNetTorch,40780,4532,0.18440093289982096,0.29729519878581007,0.01637629047036171,0.024821612983942032,0.8720211982727051,6.8198746563866735
electricity,RandomForest,40780,4532,0.10547595667517107,0.18156138571405026,0.0045749167911708355,0.011798656545579433,0.9300529360771179,8.062561162747443
electricity,XGBoost,40780,4532,0.0795348713983651,0.13973574505989414,0.0060552372597157955,0.010970274917781353,0.9485878348350525,6.952121218666434
fri_c0_1000_5,CatBoost,900,100,0.12493125153089743,0.1897488441765448,0.05536229908466339,0.08364882320165634,0.9100000262260437,0.23416459001600742
fri_c0_1000_5,ExtraTrees,900,100,0.14672934503178317,0.2209761935566493,0.05584491789340973,0.0925387442111969,0.8799999952316284,0.2795802550390363
fri_c0_1000_5,LightGBM,900,100,0.11611383870731755,0.1790918116962969,0.03923419490456581,0.05173575133085251,0.8899999856948853,0.37062954530119896
fri_c0_1000_5,LinearModel,900,100,0.20805524683145157,0.3464075215818103,0.06782668828964233,0.12581196427345276,0.8500000238418579,0.21043387986719608
fri_c0_1000_5,NeuralNetFastAI,900,100,0.10041807301684379,0.15937383169045452,0.04587088152766228,0.07192359864711761,0.9300000071525574,0.3538531642407179
fri_c0_1000_5,NeuralNetTorch,900,100,0.10058884905607555,0.15492567296324433,0.030458835884928703,0.061675697565078735,0.9100000262260437,0.1981105823069811
fri_c0_1000_5,RandomForest,900,100,0.1322830217990076,0.22038525236722598,0.054846204817295074,0.07239542156457901,0.9300000071525574,0.2585105113685131
fri_c0_1000_5,XGBoost,900,100,0.13517419333249472,0.21053844982453337,0.040169332176446915,0.1102137491106987,0.8799999952316284,0.26937735732644796
fri_c0_500_5,CatBoost,450,50,0.19839099218019554,0.3231705184473423,0.07071885466575623,0.1309233158826828,0.800000011920929,0.1784905968233943
fri_c0_500_5,ExtraTrees,450,50,0.24666950664451467,0.39472915913776135,0.09098159521818161,0.14779968559741974,0.800000011920929,0.13480377849191427
fri_c0_500_5,LightGBM,450,50,0.20243791554863058,0.3094755866660554,0.07646115124225616,0.13166305422782898,0.8799999952316284,0.20858943089842796
fri_c0_500_5,LinearModel,450,50,0.2903773574855963,0.43604567798545607,0.04650014638900757,0.11853469908237457,0.7799999713897705,0.2764607444405556
fri_c0_500_5,NeuralNetFastAI,450,50,0.1997120648922877,0.3047603764251046,0.07648532837629318,0.12622036039829254,0.8399999737739563,0.2260826900601387
fri_c0_500_5,NeuralNetTorch,450,50,0.2030837769546631,0.30528290434081107,0.07755839079618454,0.11612795293331146,0.8600000143051147,0.13512269780039787
fri_c0_500_5,RandomForest,450,50,0.2571370532367605,0.3914150938890258,0.0827176570892334,0.13788959383964539,0.800000011920929,0.16087603941559792
fri_c0_500_5,XGBoost,450,50,0.22223565517621593,0.3718365988300768,0.0745968371629715,0.11288440227508545,0.800000011920929,0.16654188930988312
fri_c1_1000_50,CatBoost,900,100,0.11911279408971943,0.19942860882547062,0.021260112524032593,0.059774141758680344,0.9300000071525574,0.2483310243114829
fri_c1_1000_50,ExtraTrees,900,100,0.11547712739385657,0.19796713184917247,0.025173116475343704,0.06719961017370224,0.9200000166893005,0.19247132260352373
fri_c1_1000_50,LightGBM,900,100,0.1357368707407329,0.21049399838290683,0.030497442930936813,0.08747069537639618,0.8700000047683716,0.27099094446748495
fri_c1_1000_50,LinearModel,900,100,0.41165505136457325,0.5980638701399771,0.04613153636455536,0.12756496667861938,0.6700000166893005,0.17036881763488054
fri_c1_1000_50,NeuralNetFastAI,900,100,0.1469573261096346,0.2526441201744676,0.05197951942682266,0.1159733459353447,0.8999999761581421,0.245609269477427
fri_c1_1000_50,NeuralNetTorch,900,100,0.22926267018618582,0.3611689249054443,0.05006054788827896,0.09682977944612503,0.8399999737739563,0.24866007175296545
fri_c1_1000_50,RandomForest,900,100,0.15808407242245165,0.2671128628485104,0.031249405816197395,0.10438929498195648,0.8899999856948853,0.1643992131575942
fri_c1_1000_50,XGBoost,900,100,0.12227331694969697,0.200510883961325,0.032162293791770935,0.08650962263345718,0.8999999761581421,0.26208978053182364
fri_c2_1000_25,CatBoost,900,100,0.1236412148561806,0.20841877512950321,0.03133806586265564,0.057582393288612366,0.9200000166893005,0.24334885645657778
fri_c2_1000_25,ExtraTrees,900,100,0.14343173399762343,0.2718245866924919,0.023003511130809784,0.08420276641845703,0.8799999952316284,0.1770543372258544
fri_c2_1000_25,LightGBM,900,100,0.14405893800835823,0.2423810312222091,0.03181735426187515,0.059470321983098984,0.8899999856948853,0.29130830336362123
fri_c2_1000_25,LinearModel,900,100,0.3604555985768894,0.5303522838323138,0.05631670355796814,0.07951167225837708,0.7300000190734863,0.15906853415071964
fri_c2_1000_25,NeuralNetFastAI,900,100,0.12521874857876436,0.20968367854485276,0.025784632191061974,0.06452661007642746,0.9200000166893005,0.21221586503088474
fri_c2_1000_25,NeuralNetTorch,900,100,0.13113394612133372,0.22382818272695654,0.01883227750658989,0.05562281981110573,0.9100000262260437,0.2550330990925431
fri_c2_1000_25,RandomForest,900,100,0.15558764660982974,0.3079788044154646,0.03699525445699692,0.07522144168615341,0.8999999761581421,0.31059278920292854
fri_c2_1000_25,XGBoost,900,100,0.1435968010081857,0.24308547607086184,0.033925384283065796,0.06870891153812408,0.8899999856948853,0.2983264736831188
fri_c2_500_50,CatBoost,450,50,0.18258569960915247,0.29711524326144334,0.0518159382045269,0.16718506813049316,0.8199999928474426,0.14059658255428076
fri_c2_500_50,ExtraTrees,450,50,0.20813818197075956,0.3245035521898959,0.04603930935263634,0.13063642382621765,0.8399999737739563,0.13107333332300186
fri_c2_500_50,LightGBM,450,50,0.18602182712306053,0.29602377773974625,0.060660358518362045,0.1369747519493103,0.8799999952316284,0.2049252549186349
fri_c2_500_50,LinearModel,450,50,0.3863432015025745,0.562819895801725,0.07187202572822571,0.1841825544834137,0.699999988079071,0.1755005456507206
fri_c2_500_50,NeuralNetFastAI,450,50,0.19342409639911576,0.33870545416555353,0.06167115271091461,0.1261635273694992,0.9200000166893005,0.20300754066556692
fri_c2_500_50,NeuralNetTorch,450,50,0.2629962192298973,0.41829295763295443,0.06231508404016495,0.15887120366096497,0.8199999928474426,0.29673004895448685
fri_c2_500_50,RandomForest,450,50,0.22044268623236982,0.3412904711612381,0.05481806769967079,0.10557521879673004,0.8199999928474426,0.15327602718025446
fri_c2_500_50,XGBoost,450,50,0.22767171686012525,0.35437928845613487,0.056749094277620316,0.12230981141328812,0.8399999737739563,0.22868935205042362
fri_c3_1000_10,CatBoost,900,100,0.10503088250256122,0.17843968574761818,0.025370921939611435,0.06798986345529556,0.9300000071525574,0.22843664791435003
fri_c3_1000_10,ExtraTrees,900,100,0.09610001588163816,0.17835670795910233,0.02138429321348667,0.06498510390520096,0.949999988079071,0.2067202003672719
fri_c3_1000_10,LightGBM,900,100,0.11165013158504798,0.1846858070858715,0.02188096195459366,0.05527135729789734,0.9300000071525574,0.2731746658682823
fri_c3_1000_10,LinearModel,900,100,0.38744251288199083,0.5689628988624443,0.04806216061115265,0.11027515679597855,0.7099999785423279,0.15780817437916994
fri_c3_1000_10,NeuralNetFastAI,900,100,0.0837215778392013,0.1501184945736092,0.03478728234767914,0.06482400745153427,0.949999988079071,0.27037685737013817
fri_c3_1000_10,NeuralNetTorch,900,100,0.09300343959288629,0.1976010324845808,0.02910551056265831,0.06679410487413406,0.949999988079071,0.22995755542069674
fri_c3_1000_10,RandomForest,900,100,0.1140777541011159,0.20117904205866843,0.022682074457406998,0.06383847445249557,0.9300000071525574,0.2497784849256277
fri_c3_1000_10,XGBoost,900,100,0.10451243103648926,0.1856657720722477,0.0320441871881485,0.07348976284265518,0.949999988079071,0.23461559880524874
fri_c3_1000_25,CatBoost,900,100,0.11048743434424621,0.16623309095877936,0.027904223650693893,0.06268030405044556,0.9100000262260437,0.36333687137812376
fri_c3_1000_25,ExtraTrees,900,100,0.10133978865005128,0.15963611799611357,0.02298056334257126,0.06769739091396332,0.9200000166893005,0.27240092400461435
fri_c3_1000_25,LightGBM,900,100,0.08086626109485426,0.13680123243582115,0.02370726503431797,0.07024096697568893,0.9599999785423279,0.2823781771585345
fri_c3_1000_25,LinearModel,900,100,0.4310877149956085,0.6146136061744809,0.04315309599041939,0.04370370879769325,0.6399999856948853,0.1773562878370285
fri_c3_1000_25,NeuralNetFastAI,900,100,0.08336006248173625,0.14557498682311518,0.03405056893825531,0.06575120240449905,0.949999988079071,0.19176751002669334
fri_c3_1000_25,NeuralNetTorch,900,100,0.08083077574679447,0.16144413012875858,0.036368899047374725,0.08553295582532883,0.9599999785423279,0.17026155721396208
fri_c3_1000_25,RandomForest,900,100,0.13659384861313228,0.2114042582726745,0.03011699765920639,0.08877244591712952,0.9100000262260437,0.30608231108635664
fri_c3_1000_25,XGBoost,900,100,0.10059746313665802,0.17297987839032747,0.026702458038926125,0.07906801998615265,0.9300000071525574,0.23548578843474388
fri_c3_500_10,CatBoost,450,50,0.19884170358644127,0.35927658845508176,0.05862729251384735,0.1096402108669281,0.8600000143051147,0.19369658268988132
fri_c3_500_10,ExtraTrees,450,50,0.23726739964181692,0.39363712567655584,0.07591467350721359,0.11905596405267715,0.8600000143051147,0.1025947080925107
fri_c3_500_10,LightGBM,450,50,0.25088248027774657,0.3995051506106858,0.06987126916646957,0.13781410455703735,0.800000011920929,0.2009090529754758
fri_c3_500_10,LinearModel,450,50,0.40331031493476965,0.5897569526008549,0.07824844866991043,0.14615030586719513,0.7200000286102295,0.10949253663420677
fri_c3_500_10,NeuralNetFastAI,450,50,0.22324358396663718,0.36584978834153786,0.05740118399262428,0.15082095563411713,0.8199999928474426,0.19900288805365562
fri_c3_500_10,NeuralNetTorch,450,50,0.18282850313147944,0.290317806154776,0.03798825293779373,0.12185003608465195,0.8799999952316284,0.21702638734132051
fri_c3_500_10,RandomForest,450,50,0.22266696152478016,0.3779934929789009,0.06882274895906448,0.13253238797187805,0.8399999737739563,0.15107216872274876
fri_c3_500_10,XGBoost,450,50,0.20365203899753895,0.3371409400287028,0.05890144780278206,0.10614805668592453,0.8600000143051147,0.22648831084370613
fri_c3_500_50,CatBoost,450,50,0.20668790077370353,0.3775079129359396,0.06280268728733063,0.17847172915935516,0.8399999737739563,0.22094097081571817
fri_c3_500_50,ExtraTrees,450,50,0.198435962908481,0.3175719943534172,0.07335969060659409,0.17008644342422485,0.8600000143051147,0.13875171076506376
fri_c3_500_50,LightGBM,450,50,0.18610932502361607,0.31113878061062866,0.047733478248119354,0.14317023754119873,0.8600000143051147,0.2531364532187581
fri_c3_500_50,LinearModel,450,50,0.43097884582305773,0.6155486576914072,0.09868480265140533,0.1488923728466034,0.5400000214576721,0.1898719510063529
fri_c3_500_50,NeuralNetFastAI,450,50,0.4267440399144568,0.6121964733565737,0.0842733383178711,0.1563882678747177,0.6600000262260437,0.1707296371459961
fri_c3_500_50,NeuralNetTorch,450,50,0.4186842747529022,0.6080792140712579,0.08249986171722412,0.1340394914150238,0.6800000071525574,0.2513417946174741
fri_c3_500_50,RandomForest,450,50,0.19659932833848756,0.3069663403552231,0.04700356721878052,0.0754534900188446,0.8799999952316284,0.18456286750733852
fri_c3_500_50,XGBoost,450,50,0.1787249150378512,0.3257699053301289,0.05401133745908737,0.12258417904376984,0.8799999952316284,0.2543633859604597
fri_c4_500_100,CatBoost,450,50,0.1550321666904645,0.22928605849117492,0.047161832451820374,0.11366331577301025,0.8999999761581421,0.19501444604247808
fri_c4_500_100,ExtraTrees,450,50,0.1620924616145986,0.2522285301487213,0.06485652923583984,0.15052203834056854,0.8399999737739563,0.15309033077210188
fri_c4_500_100,LightGBM,450,50,0.15155105287286819,0.24842756517671005,0.04994654655456543,0.11843579262495041,0.8999999761581421,0.23253147676587105
fri_c4_500_100,LinearModel,450,50,0.44934106514293304,0.6387330222278057,0.07819753140211105,0.1044108048081398,0.6200000047683716,0.276621020399034
fri_c4_500_100,NeuralNetFastAI,450,50,0.4509520457411624,0.6417201385871365,0.08963710069656372,0.10060441493988037,0.6600000262260437,0.16433092299848795
fri_c4_500_100,NeuralNetTorch,450,50,0.4154316704357555,0.6055285032001005,0.08730925619602203,0.15403611958026886,0.699999988079071,0.35529969073832035
fri_c4_500_100,RandomForest,450,50,0.1725762829311524,0.2634543158151537,0.047759756445884705,0.12394191324710846,0.8799999952316284,0.15213494561612606
fri_c4_500_100,XGBoost,450,50,0.14807641688973575,0.23191194790291086,0.04931817948818207,0.06009307876229286,0.8999999761581421,0.16698781121522188
fried,CatBoost,36691,4077,0.09240110253327356,0.14549690653584546,0.006509334314614534,0.011792270466685295,0.9313220381736755,4.80290399864316
fried,ExtraTrees,36691,4077,0.11391712376064424,0.17848918538389036,0.008535717613995075,0.014362316578626633,0.9205297827720642,4.072728646919131
fried,LightGBM,36691,4077,0.09313416939850762,0.1471718478116918,0.005858616903424263,0.01285500917583704,0.9300956726074219,4.974067314527929
fried,LinearModel,36691,4077,0.231528974510411,0.3665077034631452,0.010639752261340618,0.014364075846970081,0.8398331999778748,3.74212799500674
fried,NeuralNetFastAI,36691,4077,0.09083087381138294,0.1429688923814565,0.006121854763478041,0.011409690603613853,0.9335295557975769,5.41677978169173
fried,NeuralNetTorch,36691,4077,0.09065048794050752,0.1434837116626064,0.006079596467316151,0.010960174724459648,0.9352465271949768,5.321550973691046
fried,RandomForest,36691,4077,0.11557092851984625,0.18261103668296752,0.008886393159627914,0.016491061076521873,0.9151336550712585,5.399954159744084
fried,XGBoost,36691,4077,0.09449813230313496,0.1501618981388211,0.00672565121203661,0.008611584082245827,0.9340201020240784,4.945545426569879
gina,CatBoost,2837,316,0.06055364970303791,0.10391161757720256,0.01037945132702589,0.03077794797718525,0.9588607549667358,0.5528923776000738
gina,ExtraTrees,2837,316,0.09363044533966113,0.16049218566643544,0.010657099075615406,0.033912889659404755,0.9430379867553711,0.5153319938108325
gina,LightGBM,2837,316,0.06395125712909797,0.11035896545247548,0.011196925304830074,0.027865013107657433,0.9588607549667358,0.7490437505766749
gina,LinearModel,2837,316,0.2216929977580792,0.3613367576200728,0.04102135822176933,0.07693801075220108,0.8386076092720032,0.7195758298039436
gina,NeuralNetFastAI,2837,316,0.05668157204334976,0.10885102652418797,0.029847050085663795,0.05472226068377495,0.9746835231781006,0.6833906676620245
gina,NeuralNetTorch,2837,316,0.057941412701579736,0.11221406079661454,0.02901650406420231,0.06378208845853806,0.9683544039726257,1.0421436550095677
gina,RandomForest,2837,316,0.0905329683139071,0.1559663551267267,0.00730315875262022,0.031786419451236725,0.9398733973503113,0.3852505963295698
gina,XGBoost,2837,316,0.06826599627588709,0.11847273811837838,0.010018753819167614,0.025126852095127106,0.9556962251663208,0.5827718637883663
hill-valley,CatBoost,1090,122,0.4794195855019413,0.6721679132874845,0.048615213483572006,0.0959434062242508,0.5655737519264221,0.19006996136158705
hill-valley,ExtraTrees,1090,122,0.4658879396239991,0.6584412089724893,0.04245445877313614,0.06468354165554047,0.6065573692321777,0.19338758569210768
hill-valley,LightGBM,1090,122,0.4560234476978714,0.647793147014864,0.06090974062681198,0.0633489191532135,0.5983606576919556,0.17715836875140667
hill-valley,LinearModel,1090,122,0.1383426146249538,0.23719984362703667,0.0440836064517498,0.07891508936882019,0.9098360538482666,0.4762093834578991
hill-valley,NeuralNetFastAI,1090,122,0.2796923708361723,0.423928393021388,0.1449543535709381,0.1922101080417633,0.8360655903816223,0.4467887273058295
hill-valley,NeuralNetTorch,1090,122,0.13207267033743617,0.22194590404339332,0.0482759028673172,0.0617268942296505,0.9016393423080444,0.3953049285337329
hill-valley,RandomForest,1090,122,0.4661397054750247,0.6586630800811349,0.05269354581832886,0.04055576026439667,0.631147563457489,0.19686015415936708
hill-valley,XGBoost,1090,122,0.4740687790999384,0.6666852534892911,0.032629694789648056,0.05480083450675011,0.5819672346115112,0.11708396580070257
hiva_agnostic,CatBoost,3806,423,0.06173440310856297,0.13328056697271584,0.010109283030033112,0.020664943382143974,0.9669030904769897,0.4105186704546213
hiva_agnostic,ExtraTrees,3806,423,0.06652060613481618,0.1411713532248571,0.014420623891055584,0.01929239183664322,0.9598108530044556,0.7217963952571154
hiva_agnostic,LightGBM,3806,423,0.0646411781111466,0.1385743132793502,0.011239806190133095,0.01870689168572426,0.9645389914512634,0.3966979067772627
hiva_agnostic,LinearModel,3806,423,0.061523022261897896,0.13398009103649444,0.011515147052705288,0.009622067213058472,0.9669030904769897,1.1560493567958474
hiva_agnostic,NeuralNetFastAI,3806,423,0.06194614698440114,0.13684953068357872,0.011709682643413544,0.014480632729828358,0.9669030904769897,0.6379909282550216
hiva_agnostic,NeuralNetTorch,3806,423,0.061852036229844747,0.13973323695738302,0.01538241095840931,0.015083669684827328,0.9669030904769897,0.4801417952403426
hiva_agnostic,RandomForest,3806,423,0.0666625315952158,0.13924493770114366,0.013405457139015198,0.016499027609825134,0.9598108530044556,0.6293607605621219
hiva_agnostic,XGBoost,3806,423,0.06046128886175483,0.1319614513662514,0.01036791130900383,0.018737701699137688,0.9692671298980713,0.4116660375148058
houses,CatBoost,18576,2064,0.016644098269442232,0.03003894164679648,0.0038991959299892187,0.007748539559543133,0.9903100728988647,2.592038835398853
houses,ExtraTrees,18576,2064,0.015755690293531497,0.028078552790677988,0.004030941054224968,0.0070368205197155476,0.9898256063461304,2.3748805494979024
houses,LightGBM,18576,2064,0.018228688427806155,0.032368530814667666,0.005340753123164177,0.009224292822182178,0.9874030947685242,2.3872878840193152
houses,LinearModel,18576,2064,0.04533456370658571,0.07731140837712452,0.0045336512848734856,0.011638716794550419,0.9680232405662537,3.550696366466582
houses,NeuralNetFastAI,18576,2064,0.017905287271073978,0.03198654427751838,0.004357181489467621,0.007976988330483437,0.9864341020584106,3.511302860453725
houses,NeuralNetTorch,18576,2064,0.018770238164139447,0.032558964713956334,0.003983114846050739,0.008223606273531914,0.9864341020584106,2.89127987716347
houses,RandomForest,18576,2064,0.019019067542611293,0.033020959191127214,0.003751977812498808,0.006245031952857971,0.9883720874786377,2.5234853299334645
houses,XGBoost,18576,2064,0.018419129769818226,0.032201369900302514,0.004802566487342119,0.008170152083039284,0.9888566136360168,2.130907854065299
ilpd,CatBoost,524,59,0.36258913330133846,0.5301610246264294,0.04347394406795502,0.06158189848065376,0.7288135886192322,0.19017617404460907
ilpd,ExtraTrees,524,59,0.35200731978862154,0.5044173450891374,0.049946896731853485,0.1261812448501587,0.694915235042572,0.21526918467134237
ilpd,LightGBM,524,59,0.36515976991417065,0.531161969343388,0.07152165472507477,0.14601249992847443,0.7118644118309021,0.18751666229218245
ilpd,LinearModel,524,59,0.40367907790943053,0.7335237821938194,0.08145605027675629,0.201663076877594,0.6440678238868713,0.2759571857750416
ilpd,NeuralNetFastAI,524,59,0.3616617567864257,0.5171423188955325,0.07185357064008713,0.2192813605070114,0.6610169410705566,0.17191637214273214
ilpd,NeuralNetTorch,524,59,0.3848097238474507,0.5584866457044397,0.08109709620475769,0.12588003277778625,0.6101694703102112,0.37109295558184385
ilpd,RandomForest,524,59,0.3771311670357576,0.5407521054651763,0.06485183537006378,0.10930096358060837,0.694915235042572,0.2273106575012207
ilpd,XGBoost,524,59,0.36772044998735665,0.5276452887435948,0.059855274856090546,0.14047463238239288,0.6779661178588867,0.16599002573639154
jasmine,CatBoost,2685,299,0.2635600296390946,0.4026491854653174,0.026204563677310944,0.06042106822133064,0.8093645572662354,0.3913752818480134
jasmine,ExtraTrees,2685,299,0.2718238891117192,0.41259295060010853,0.018914202228188515,0.04357963055372238,0.8193979859352112,0.5254458151757717
jasmine,LightGBM,2685,299,0.25917785595407383,0.3964914017839526,0.021768024191260338,0.04188551753759384,0.8160535097122192,0.38719836343079805
jasmine,LinearModel,2685,299,0.2877881320382502,0.44064744866553884,0.02179991826415062,0.032449230551719666,0.7926421165466309,0.4315539728850126
jasmine,NeuralNetFastAI,2685,299,0.28177664194035684,0.429155857798277,0.025421105325222015,0.048440396785736084,0.8060200810432434,0.49925483390688896
jasmine,NeuralNetTorch,2685,299,0.2849842435359586,0.4310451328997611,0.03395726531744003,0.05257488414645195,0.8060200810432434,0.6079681748524308
jasmine,RandomForest,2685,299,0.2641151355979655,0.4018525211064032,0.03685957193374634,0.11212124675512314,0.8026756048202515,0.49756684713065624
jasmine,XGBoost,2685,299,0.2587331750103966,0.39741837435512617,0.02310214750468731,0.04645893722772598,0.8260869383811951,0.5883430643007159
jm1,CatBoost,9796,1089,0.2646190066152587,0.417994235722696,0.010198887437582016,0.026156755164265633,0.8163452744483948,0.6964183114469051
jm1,ExtraTrees,9796,1089,0.2628162855751187,0.4142448421363344,0.013146437704563141,0.03443696349859238,0.8236914873123169,1.0479062534868717
jm1,LightGBM,9796,1089,0.26446294160854494,0.4182602811880962,0.011737100780010223,0.024905066937208176,0.8181818127632141,0.502629074268043
jm1,LinearModel,9796,1089,0.2803578336773026,0.44292371939617375,0.01463315635919571,0.028711309656500816,0.8163452744483948,0.7357157627120614
jm1,NeuralNetFastAI,9796,1089,0.27164345029196574,0.4331349641192306,0.018295757472515106,0.0321299210190773,0.8227731585502625,0.9635389382019639
jm1,NeuralNetTorch,9796,1089,0.27567732473922524,0.43530650238795865,0.017554059624671936,0.031052948907017708,0.8126721978187561,0.8049726681783795
jm1,RandomForest,9796,1089,0.2629711487111341,0.4164834864246862,0.012055650353431702,0.018550695851445198,0.8209366202354431,1.4392278110608459
jm1,XGBoost,9796,1089,0.2653559643390875,0.4189190527531675,0.011491605080664158,0.038194794207811356,0.8200183510780334,0.5888044200837612
kc1,CatBoost,1898,211,0.18311223796077253,0.3096528807668386,0.028472289443016052,0.06023847311735153,0.8720378875732422,0.2749756220728159
kc1,ExtraTrees,1898,211,0.18117685075225293,0.30115710815511537,0.02478048950433731,0.035691361874341965,0.8767772316932678,0.508625715970993
kc1,LightGBM,1898,211,0.19144452014069718,0.3199385188249987,0.02498083934187889,0.043287165462970734,0.8767772316932678,0.19988776743412018
kc1,LinearModel,1898,211,0.21098348476349427,0.34485564295185145,0.03024034947156906,0.07132527977228165,0.8530805706977844,0.27062507532536983
kc1,NeuralNetFastAI,1898,211,0.19159219731291519,0.3176913895451302,0.027394616976380348,0.06078224629163742,0.8720378875732422,0.3772639334201813
kc1,NeuralNetTorch,1898,211,0.21251837991852746,0.34411727079396953,0.024145962670445442,0.04719200357794762,0.8625592589378357,0.48435391299426556
kc1,RandomForest,1898,211,0.1834544746379456,0.30245419902319204,0.026174679398536682,0.043538812547922134,0.8862559199333191,0.47816454246640205
kc1,XGBoost,1898,211,0.2008615571580473,0.3326254315376973,0.02505750022828579,0.056149039417505264,0.8720378875732422,0.2985314419493079
kc2,CatBoost,469,53,0.25228869137825105,0.3839696797996425,0.07308727502822876,0.1832127720117569,0.7547169923782349,0.16197006218135357
kc2,ExtraTrees,469,53,0.25221103291754343,0.38629469091281093,0.07350919395685196,0.13021309673786163,0.7735849022865295,0.10790458600968122
kc2,LightGBM,469,53,0.20721325035059254,0.30978455365319435,0.07387406378984451,0.12819309532642365,0.8113207817077637,0.184859205968678
kc2,LinearModel,469,53,0.2550682399644957,0.3812957752625089,0.07145668566226959,0.15008477866649628,0.8113207817077637,0.15230361092835665
kc2,NeuralNetFastAI,469,53,0.2510623167226563,0.3713529373390043,0.06499026715755463,0.11756730079650879,0.7735849022865295,0.09294631332159042
kc2,NeuralNetTorch,469,53,0.2556190701941926,0.3886046530055232,0.06503072381019592,0.11071566492319107,0.7735849022865295,0.21840104460716248
kc2,RandomForest,469,53,0.2342740563672387,0.33850541097226605,0.06604770570993423,0.15657779574394226,0.7924528121948242,0.37189258821308613
kc2,XGBoost,469,53,0.2360350864878416,0.3572008145477069,0.07631447166204453,0.16126792132854462,0.7924528121948242,0.20114947389811277
kdd_el_nino-small,CatBoost,703,79,0.10076729562823221,0.14414995776998457,0.03376990556716919,0.0677565187215805,0.9240506291389465,0.3023936143144965
kdd_el_nino-small,ExtraTrees,703,79,0.10799708796410974,0.16718394627294889,0.027098480612039566,0.06332272291183472,0.9367088675498962,0.322941605001688
kdd_el_nino-small,LightGBM,703,79,0.10707780607298623,0.16290623737717802,0.03913721814751625,0.07809901982545853,0.9367088675498962,0.2481737220659852
kdd_el_nino-small,LinearModel,703,79,0.1036196789825144,0.15932503892108768,0.034272700548172,0.08498211950063705,0.9113923907279968,0.4761012624949217
kdd_el_nino-small,NeuralNetFastAI,703,79,0.09719268127985255,0.18329567322439094,0.02325950562953949,0.04699837043881416,0.949367105960846,0.35938088316470385
kdd_el_nino-small,NeuralNetTorch,703,79,0.1324634809888736,0.22580815783298358,0.037791818380355835,0.08282161504030228,0.8987341523170471,0.23281314875930548
kdd_el_nino-small,RandomForest,703,79,0.10010544410462753,0.14813100005626587,0.02569124475121498,0.06102783605456352,0.9367088675498962,0.28113163262605667
kdd_el_nino-small,XGBoost,703,79,0.09873846685106843,0.1611341495580801,0.03183861821889877,0.0478321835398674,0.9367088675498962,0.2690432518720627
kdd_internet_usage,CatBoost,9097,1011,0.150339580814878,0.23741183693740645,0.010508325882256031,0.031225021928548813,0.9000989198684692,0.9926929576322436
kdd_internet_usage,ExtraTrees,9097,1011,0.1605526388296563,0.2519638017354208,0.01530377846211195,0.02954394370317459,0.8872403502464294,1.0436630193144083
kdd_internet_usage,LightGBM,9097,1011,0.1495865013088724,0.23333406079489136,0.012026017531752586,0.017961682751774788,0.8941642045974731,0.9160115756094456
kdd_internet_usage,LinearModel,9097,1011,0.1686349660345457,0.27231435073557503,0.010372057557106018,0.027360964566469193,0.8783382773399353,1.513344512321055
kdd_internet_usage,NeuralNetFastAI,9097,1011,0.15156991812347606,0.23420050565700293,0.011969687417149544,0.025009173899888992,0.8892185688018799,1.0153321381658316
kdd_internet_usage,NeuralNetTorch,9097,1011,0.15143071740018182,0.2339590071645085,0.015743445605039597,0.026021238416433334,0.8902077078819275,0.9939901009202003
kdd_internet_usage,RandomForest,9097,1011,0.1591283057821853,0.24797435546521474,0.01277473196387291,0.02389037236571312,0.888229489326477,1.4153845701366663
kdd_internet_usage,XGBoost,9097,1011,0.14924066343342615,0.23591664472035295,0.011441076174378395,0.028469976037740707,0.8971315622329712,1.1199687412008643
kick,CatBoost,65684,7299,0.16116628841080488,0.2841404140705921,0.004245193675160408,0.008269142359495163,0.9039594531059265,5.387577015906572
kick,ExtraTrees,65684,7299,0.16872959232771712,0.29627311818296065,0.0051152827218174934,0.014018871821463108,0.899301290512085,8.914391132071614
kick,LightGBM,65684,7299,0.1640663109232599,0.28928989700006663,0.0031713806092739105,0.005807007197290659,0.9024524092674255,5.219614936970174
kick,LinearModel,65684,7299,0.17106642060984056,0.3012033291895016,0.003090393729507923,0.005398036912083626,0.8982052206993103,6.7104103760793805
kick,NeuralNetFastAI,65684,7299,0.16372931701472834,0.28848595855115106,0.005222003906965256,0.01136844139546156,0.9024524092674255,5.69683105032891
kick,NeuralNetTorch,65684,7299,0.16364970392619183,0.2891252246153771,0.003510497510433197,0.007868330925703049,0.9025893807411194,4.120642359368503
kick,RandomForest,65684,7299,0.16686893602735567,0.29307997853757234,0.004335496574640274,0.006693149451166391,0.8997122645378113,9.319976293481886
kick,XGBoost,65684,7299,0.1616645077176796,0.28526331115038367,0.004173487424850464,0.008120502345263958,0.903685450553894,4.489921424537897
kin8nm,CatBoost,7372,820,0.14577525256138793,0.23397550629276048,0.016539961099624634,0.04114782437682152,0.8951219320297241,1.8520026598125696
kin8nm,ExtraTrees,7372,820,0.21476247519313793,0.3375492510471916,0.024088598787784576,0.0457882322371006,0.8487805128097534,1.1307204393669963
kin8nm,LightGBM,7372,820,0.15215168296621825,0.24234933108161164,0.015186473727226257,0.029806524515151978,0.8902438879013062,1.4940113127231598
kin8nm,LinearModel,7372,820,0.3543465460869135,0.5316902004937142,0.01349901407957077,0.036857374012470245,0.7317073345184326,0.8854554146528244
kin8nm,NeuralNetFastAI,7372,820,0.12812249106031837,0.2041405122674482,0.013180173933506012,0.03136501833796501,0.9012194871902466,1.8124109227210283
kin8nm,NeuralNetTorch,7372,820,0.1277345274750018,0.2009814648873089,0.013251416385173798,0.03511388972401619,0.9073171019554138,1.289610925130546
kin8nm,RandomForest,7372,820,0.21331521039118206,0.33558538221821177,0.021715635433793068,0.045191749930381775,0.8500000238418579,1.2120990110561252
kin8nm,XGBoost,7372,820,0.1775933972580806,0.2850115587018884,0.023488854989409447,0.0375157855451107,0.8804877996444702,1.2241050451993942
madeline,CatBoost,2826,314,0.1920403162176869,0.3259318867034161,0.023858096450567245,0.04647599905729294,0.8694267272949219,0.6060029109939933
madeline,ExtraTrees,2826,314,0.22088898081501043,0.36453578324109087,0.020437821745872498,0.03690608590841293,0.843949019908905,0.3068334134295583
madeline,LightGBM,2826,314,0.21405818571793062,0.35828443217971917,0.02247828245162964,0.04464007914066315,0.8630573153495789,0.5843539796769619
madeline,LinearModel,2826,314,0.4824628171823907,0.6752145494607106,0.023944973945617676,0.051080331206321716,0.5764331221580505,0.21579778473824263
madeline,NeuralNetFastAI,2826,314,0.3858970142694704,0.5696101784611952,0.05034041404724121,0.10115862637758255,0.7165604829788208,0.5774408634752035
madeline,NeuralNetTorch,2826,314,0.35884220778157233,0.5390116303357535,0.057788342237472534,0.0807580053806305,0.7675158977508545,0.7187158521264791
madeline,RandomForest,2826,314,0.2326603531235048,0.38924171969171767,0.025049397721886635,0.06267865002155304,0.8535031676292419,0.6357912188395858
madeline,XGBoost,2826,314,0.2179485525724078,0.3639182718051159,0.025945132598280907,0.055460792034864426,0.8662420511245728,0.5074761398136616
madelon,CatBoost,2340,260,0.1892435658881892,0.3185443969419058,0.027632813900709152,0.06608377397060394,0.8653846383094788,0.4712180169299245
madelon,ExtraTrees,2340,260,0.20912897696594543,0.3479318288548974,0.02892426773905754,0.054485175758600235,0.8653846383094788,0.3441873723641038
madelon,LightGBM,2340,260,0.18960969915466783,0.3271198654859459,0.04072817414999008,0.07888207584619522,0.8769230842590332,0.6220323275774717
madelon,LinearModel,2340,260,0.4961237708517099,0.6892567143145951,0.05539520084857941,0.04558330401778221,0.5,0.5576824713498354
madelon,NeuralNetFastAI,2340,260,0.40178334843825914,0.5897971231723792,0.07191403955221176,0.1136152595281601,0.7461538314819336,0.5077112410217524
madelon,NeuralNetTorch,2340,260,0.4236572906444752,0.6135719413936737,0.06009376049041748,0.11600102484226227,0.6961538195610046,0.5951238228008151
madelon,RandomForest,2340,260,0.21432524864768057,0.3554041927641312,0.02682637795805931,0.06590279191732407,0.8538461327552795,0.3603131026029587
madelon,XGBoost,2340,260,0.19785662328546677,0.3334324644416563,0.028662841767072678,0.06589403003454208,0.8846153616905212,0.3875626288354397
mammography,CatBoost,10064,1119,0.02093888057379355,0.04855396250331533,0.002414999296888709,0.0046958583407104015,0.9883824586868286,0.9589429078623652
mammography,ExtraTrees,10064,1119,0.026083182570044643,0.05705873537187149,0.006019135937094688,0.009954508394002914,0.9857015013694763,1.0508666541427374
mammography,LightGBM,10064,1119,0.023071303091354665,0.05015522188519688,0.00430317223072052,0.010429269634187222,0.9865951538085938,0.7997613707557321
mammography,LinearModel,10064,1119,0.030859742145590847,0.07077886847256547,0.00689656613394618,0.013398505747318268,0.9812332391738892,1.9735925989225507
mammography,NeuralNetFastAI,10064,1119,0.024380782011313742,0.05314615107420229,0.004031061660498381,0.008739195764064789,0.9848078489303589,1.4550613416358829
mammography,NeuralNetTorch,10064,1119,0.02526057446601917,0.05459711035810773,0.003541567362844944,0.008521411567926407,0.9865951538085938,1.4095836877822876
mammography,RandomForest,10064,1119,0.027029171142917436,0.057754077879254025,0.006493291351944208,0.009666389785706997,0.9857015013694763,1.2824536636471748
mammography,XGBoost,10064,1119,0.022479605324721492,0.05041429653204222,0.0037503535859286785,0.005591644439846277,0.9865951538085938,0.7786597460508347
mc1,CatBoost,8519,947,0.008320907751172505,0.016483467001608392,0.002533676102757454,0.004434572532773018,0.9947201609611511,0.8908243244513869
mc1,ExtraTrees,8519,947,0.008253064648291016,0.020164721282182708,0.0034472185652703047,0.004871688317507505,0.9947201609611511,0.9921033456921577
mc1,LightGBM,8519,947,0.006862612797620254,0.014516050842821277,0.0022973984014242887,0.004920535255223513,0.9968320727348328,0.7748095151036978
mc1,LinearModel,8519,947,0.010928672868571108,0.027758602968105693,0.0043426016345620155,0.0022442061454057693,0.9936642050743103,1.2074942011386156
mc1,NeuralNetFastAI,8519,947,0.010473488022901262,0.027129531599315082,0.0036152470856904984,0.002596000675112009,0.9947201609611511,1.102674706839025
mc1,NeuralNetTorch,8519,947,0.01230725530434344,0.031416205287768895,0.004947720095515251,0.005482228472828865,0.9926082491874695,1.0860478561371565
mc1,RandomForest,8519,947,0.010207337909741602,0.02227982514932386,0.0027365079149603844,0.003211315255612135,0.9947201609611511,0.7530425945296884
mc1,XGBoost,8519,947,0.008003580265769266,0.014789139877206566,0.001797136035747826,0.002870273543521762,0.9947201609611511,0.8263724921271205
meta,CatBoost,475,53,0.1081336652418644,0.16387418667274323,0.04445015639066696,0.05341927707195282,0.9056603908538818,0.09190384484827518
meta,ExtraTrees,475,53,0.1472176126833722,0.2320853087155381,0.04834844172000885,0.1090414822101593,0.9056603908538818,0.13844795152544975
meta,LightGBM,475,53,0.1087661490814021,0.1646990075931858,0.04146477207541466,0.08275458961725235,0.9245283007621765,0.12367995828390121
meta,LinearModel,475,53,0.10156701566798854,0.16541098697638446,0.047562018036842346,0.08917549252510071,0.9433962106704712,0.1393345957621932
meta,NeuralNetFastAI,475,53,0.11584009361439548,0.1922064849880903,0.0674004852771759,0.06969745457172394,0.9245283007621765,0.2234712354838848
meta,NeuralNetTorch,475,53,0.09927747791475099,0.15988341966380512,0.06426351517438889,0.07890323549509048,0.9622641801834106,0.2543582012876868
meta,RandomForest,475,53,0.13421586482037207,0.21512205105672952,0.08612510561943054,0.1306590437889099,0.9245283007621765,0.20420355070382357
meta,XGBoost,475,53,0.10220502269246146,0.157426577177952,0.05186845362186432,0.06416676193475723,0.9433962106704712,0.13309454917907715
mozilla4,CatBoost,13990,1555,0.06799347444854202,0.12096237919116934,0.008205100893974304,0.011365627869963646,0.9562700986862183,2.0155934328213334
mozilla4,ExtraTrees,13990,1555,0.06828110761587233,0.12098565379427392,0.0046218037605285645,0.011510580778121948,0.9549839496612549,1.900800229050219
mozilla4,LightGBM,13990,1555,0.06528664037514009,0.1173111681036611,0.010040774941444397,0.017355166375637054,0.9556270241737366,1.8032364202663302
mozilla4,LinearModel,13990,1555,0.1123233446992088,0.19662171418755184,0.008745037019252777,0.009027806110680103,0.9344051480293274,1.690882220864296
mozilla4,NeuralNetFastAI,13990,1555,0.11521270902066913,0.2066255093886677,0.01018764078617096,0.01782742142677307,0.9266880750656128,1.8679489642381668
mozilla4,NeuralNetTorch,13990,1555,0.0912217515086111,0.15922022274839281,0.012156583368778229,0.02162500098347664,0.938906729221344,1.6561141209676862
mozilla4,RandomForest,13990,1555,0.06827719378183307,0.11761929760052196,0.005650481674820185,0.01677922159433365,0.9536977410316467,1.9666412835940719
mozilla4,XGBoost,13990,1555,0.06829518821993802,0.1220774395593756,0.010079762898385525,0.019858885556459427,0.953054666519165,2.020437008701265
no2,CatBoost,450,50,0.4400976217059183,0.6289987509641943,0.07445655763149261,0.14298750460147858,0.6200000047683716,0.11786838248372078
no2,ExtraTrees,450,50,0.4398951460711025,0.629157943221812,0.0746755301952362,0.18137790262699127,0.6399999856948853,0.14835810847580433
no2,LightGBM,450,50,0.4365894465207424,0.6259545525803741,0.057007670402526855,0.12046388536691666,0.6399999856948853,0.12340703792870045
no2,LinearModel,450,50,0.49693390483244343,0.6900775778143275,0.10721969604492188,0.009894001297652721,0.5199999809265137,0.11413732822984457
no2,NeuralNetFastAI,450,50,0.4488108758600745,0.6394369958656017,0.06461772322654724,0.09567639231681824,0.6000000238418579,0.17070921696722507
no2,NeuralNetTorch,450,50,0.45643525090670906,0.6484321820302447,0.06510548293590546,0.11363013833761215,0.6600000262260437,0.15809925459325314
no2,RandomForest,450,50,0.43960575041609745,0.6288029391492924,0.06474316865205765,0.08096528053283691,0.6800000071525574,0.2048960691317916
no2,XGBoost,450,50,0.4348962974965093,0.6239190237438912,0.044761866331100464,0.10945139080286026,0.6000000238418579,0.13456473872065544
nomao,CatBoost,31018,3447,0.038028389917128744,0.06721479150907393,0.0027794400230050087,0.004872268531471491,0.9744705557823181,4.649086042307317
nomao,ExtraTrees,31018,3447,0.04996870719516296,0.0952250441705657,0.003648105077445507,0.01004067063331604,0.9680882096290588,5.134629880078137
nomao,LightGBM,31018,3447,0.037903659605630566,0.06737963821411633,0.0027425407897681,0.006430906243622303,0.9750507473945618,5.031946959905326
nomao,LinearModel,31018,3447,0.07314591683661549,0.12502833522228107,0.004427913576364517,0.007629804778844118,0.9498114585876465,5.155671086162329
nomao,NeuralNetFastAI,31018,3447,0.052473842877530485,0.0924053938531696,0.004373189527541399,0.0101906294003129,0.9675079584121704,4.888789623975754
nomao,NeuralNetTorch,31018,3447,0.052173784070983456,0.09087446905608783,0.004037467762827873,0.009483197703957558,0.9643167853355408,3.439920204691589
nomao,RandomForest,31018,3447,0.046881704797770624,0.08702116113703753,0.00285165524110198,0.006430395878851414,0.9698288440704346,4.836289250291884
nomao,XGBoost,31018,3447,0.038089669992674935,0.06769477412665373,0.0037717230152338743,0.006034682504832745,0.9756309986114502,5.257348240353167
numerai28_6,CatBoost,86688,9632,0.4990608673767061,0.6922069629536398,0.007418960332870483,0.001411230769008398,0.514950156211853,2.672940148971975
numerai28_6,ExtraTrees,86688,9632,0.4990123411859734,0.6921579549362008,0.004397060722112656,0.005632651969790459,0.5144310593605042,2.8115245811641216
numerai28_6,LightGBM,86688,9632,0.4990817744386472,0.6922263999644661,0.007632779888808727,0.002376552438363433,0.5156769156455994,2.7773235719650984
numerai28_6,LinearModel,86688,9632,0.49910063839580115,0.6922471844959096,0.005820378661155701,0.0015153142157942057,0.5178571343421936,2.680136699229479
numerai28_6,NeuralNetFastAI,86688,9632,0.49892786653542065,0.6920751372741576,0.00577525794506073,0.001486017252318561,0.519518256187439,3.397684281691909
numerai28_6,NeuralNetTorch,86688,9632,0.4988080799510902,0.6919543900679788,0.004569262266159058,0.002071948256343603,0.5208679437637329,3.97426254209131
numerai28_6,RandomForest,86688,9632,0.4992197100079151,0.6923654644191778,0.006688028573989868,0.0011457708897069097,0.5132890343666077,4.134980481117964
numerai28_6,XGBoost,86688,9632,0.4990948970975184,0.6922406055134018,0.007013395428657532,0.0022658356465399265,0.5123546719551086,2.8661466110497713
ozone-level-8hr,CatBoost,2280,254,0.08385585092435935,0.13778654341244506,0.01801353693008423,0.04841425642371178,0.9409449100494385,0.3821556707844138
ozone-level-8hr,ExtraTrees,2280,254,0.07780148861995245,0.13023156732322508,0.018312588334083557,0.028076259419322014,0.9448819160461426,0.5151841631159186
ozone-level-8hr,LightGBM,2280,254,0.08235603628456598,0.13315061337324086,0.02009398862719536,0.04498822242021561,0.9330708384513855,0.3127812994644046
ozone-level-8hr,LinearModel,2280,254,0.07520618786969452,0.11979328998882875,0.01477057859301567,0.026676850393414497,0.9448819160461426,0.5076045617461205
ozone-level-8hr,NeuralNetFastAI,2280,254,0.07383448486896416,0.12040772947651932,0.015441562980413437,0.03452172130346298,0.9527559280395508,0.3959723738953471
ozone-level-8hr,NeuralNetTorch,2280,254,0.0703703937794198,0.11711535167327197,0.011684970930218697,0.01854833774268627,0.9448819160461426,0.46813349705189466
ozone-level-8hr,RandomForest,2280,254,0.07766003252882071,0.1277465850343513,0.01684560626745224,0.024271909147500992,0.9448819160461426,0.4665417978540063
ozone-level-8hr,XGBoost,2280,254,0.08400189036223488,0.14012896065059866,0.020786475390195847,0.0443083681166172,0.9370078444480896,0.3697171239182353
parity5_plus_5,CatBoost,1011,113,3.9387495109967035e-08,5.7620725939680304e-05,5.7637691497802734e-05,5.766041067545302e-05,1.0,0.16301080398261547
parity5_plus_5,ExtraTrees,1011,113,0.051061239599043434,0.08941206118773727,0.020886041224002838,0.05195225775241852,0.9646017551422119,0.20431738533079624
parity5_plus_5,LightGBM,1011,113,2.17097788109695e-05,0.0003904471415357553,0.0003604869416449219,0.0003849382628686726,1.0,0.22799060214310884
parity5_plus_5,LinearModel,1011,113,0.4864496465792302,0.679515673886765,0.041195109486579895,0.03994140028953552,0.5663716793060303,0.11709118261933327
parity5_plus_5,NeuralNetFastAI,1011,113,8.554819728668662e-09,3.923496089452102e-05,3.927946090698242e-05,3.928326623281464e-05,1.0,0.19547457620501518
parity5_plus_5,NeuralNetTorch,1011,113,3.785302311128643e-09,1.507963879856054e-05,1.1495907529024407e-05,1.5124039236980025e-05,1.0,0.23377175629138947
parity5_plus_5,RandomForest,1011,113,0.05970829058209261,0.10464709384466954,0.02489430457353592,0.04356439784169197,0.9469026327133179,0.21492917090654373
parity5_plus_5,XGBoost,1011,113,7.639201903048714e-06,0.0011779716187247308,0.0006228943238966167,0.0011760523775592446,1.0,0.15173142589628696
pbcseq,CatBoost,1750,195,0.19108572530033993,0.32540387074335253,0.04108409956097603,0.0855959877371788,0.8871794939041138,0.4398880610242486
pbcseq,ExtraTrees,1750,195,0.23747502292563227,0.38425761135702985,0.03728264197707176,0.06758935004472733,0.8358974456787109,0.3358848290517926
pbcseq,LightGBM,1750,195,0.20045126911208141,0.33914143887393405,0.04023101553320885,0.0852995365858078,0.8820512890815735,0.4244984667748213
pbcseq,LinearModel,1750,195,0.39216294107121674,0.5707766859982506,0.040789827704429626,0.08660751581192017,0.6820513010025024,0.3326322790235281
pbcseq,NeuralNetFastAI,1750,195,0.2925770126512976,0.45719069924869593,0.03700265660881996,0.0692032054066658,0.7948718070983887,0.27181344758719206
pbcseq,NeuralNetTorch,1750,195,0.30050498462613523,0.473139481513256,0.06467106938362122,0.12572060525417328,0.8051282167434692,0.7423170376569033
pbcseq,RandomForest,1750,195,0.23758802800612225,0.3925938175241907,0.04864418879151344,0.08677294105291367,0.8717948794364929,0.4113485673442483
pbcseq,XGBoost,1750,195,0.18917361844126052,0.326307641269265,0.04431695118546486,0.07983782142400742,0.8974359035491943,0.3695618137717247
pc1,CatBoost,998,111,0.08684804679781284,0.1741376156790183,0.022877834737300873,0.0547524094581604,0.954954981803894,0.31073605827987194
pc1,ExtraTrees,998,111,0.08315780101678576,0.16455923548841608,0.01736879162490368,0.03441552072763443,0.954954981803894,0.2498676460236311
pc1,LightGBM,998,111,0.09168818130059032,0.19137880120992498,0.023990819230675697,0.0572669617831707,0.9369369149208069,0.20432921778410673
pc1,LinearModel,998,111,0.09655282686630243,0.18347121135411218,0.022136377170681953,0.02534237690269947,0.9459459185600281,0.31391639076173306
pc1,NeuralNetFastAI,998,111,0.0949860272540366,0.17639722019142404,0.03456798940896988,0.06441778689622879,0.954954981803894,0.3152664424851537
pc1,NeuralNetTorch,998,111,0.09282377979114326,0.1694952000602476,0.02233191579580307,0.023336367681622505,0.9459459185600281,0.35277548898011446
pc1,RandomForest,998,111,0.0791914635678388,0.15148837107999946,0.023161090910434723,0.0272158645093441,0.9459459185600281,0.3656344572082162
pc1,XGBoost,998,111,0.085707043537382,0.15462155000190375,0.016560498625040054,0.02439136430621147,0.9459459185600281,0.27317770663648844
pc2,CatBoost,5030,559,0.006094522877405576,0.013433364135723389,0.003737002145498991,0.004176196176558733,0.9964221715927124,0.47448653262108564
pc2,ExtraTrees,5030,559,0.006588498742237213,0.014463284419613769,0.0030049930792301893,0.0027076536789536476,0.9964221715927124,0.6116841249167919
pc2,LightGBM,5030,559,0.006403237227878612,0.013353777634074087,0.003471731673926115,0.005990434903651476,0.9964221715927124,0.4345774659886956
pc2,LinearModel,5030,559,0.0065590366547696325,0.01449442880417218,0.0031040790490806103,0.0027790777385234833,0.9964221715927124,0.8374614715576172
pc2,NeuralNetFastAI,5030,559,0.006585686324805597,0.013715252291928468,0.0033641986083239317,0.0011757013853639364,0.9964221715927124,0.8469158932566643
pc2,NeuralNetTorch,5030,559,0.006678645040785988,0.0143584524604375,0.0033346284180879593,0.0009963164338842034,0.9964221715927124,0.5840802248567343
pc2,RandomForest,5030,559,0.006617574013643603,0.014837348153360307,0.003586335340514779,0.0011926126899197698,0.9964221715927124,0.63778739515692
pc2,XGBoost,5030,559,0.005722694356851174,0.013930084146701114,0.005466506350785494,0.007977306842803955,0.9964221715927124,0.4347007256001234
pc3,CatBoost,1406,157,0.171725317796973,0.2773902817420743,0.038077257573604584,0.08315683901309967,0.8917197585105896,0.2707841405645013
pc3,ExtraTrees,1406,157,0.16538185597526042,0.2682176477407657,0.03785892575979233,0.07636602222919464,0.8917197585105896,0.3898623613640666
pc3,LightGBM,1406,157,0.1715071050029609,0.28018702107675375,0.03135467320680618,0.0587165467441082,0.8853503465652466,0.24698476772755384
pc3,LinearModel,1406,157,0.19075787323122548,0.3231593226940048,0.03985944390296936,0.10537557303905487,0.8917197585105896,0.3574100797995925
pc3,NeuralNetFastAI,1406,157,0.18003925463642328,0.29222738618842736,0.04155735298991203,0.06340841203927994,0.8980891704559326,0.3258190955966711
pc3,NeuralNetTorch,1406,157,0.1824213901268013,0.3116942873550115,0.04273926839232445,0.07424385100603104,0.9044585824012756,0.5484459493309259
pc3,RandomForest,1406,157,0.16858620210255876,0.28199123991368635,0.02618490904569626,0.07099201530218124,0.8853503465652466,0.4124730946496129
pc3,XGBoost,1406,157,0.1773410611655365,0.2849109415402311,0.038945358246564865,0.06205447390675545,0.8789808750152588,0.31213632319122553
pc4,CatBoost,1312,146,0.12135663153597948,0.188952937325235,0.037580788135528564,0.06024409458041191,0.9041095972061157,0.29164835903793573
pc4,ExtraTrees,1312,146,0.13002042080030532,0.20635066622242568,0.026486672461032867,0.05383769050240517,0.8904109597206116,0.3626199336722493
pc4,LightGBM,1312,146,0.12288623891824153,0.19436183449191335,0.03050140105187893,0.047152843326330185,0.9178082346916199,0.3331619007512927
pc4,LinearModel,1312,146,0.11764070812358027,0.199339881189973,0.04312089830636978,0.07687272131443024,0.9109588861465454,0.40913024824112654
pc4,NeuralNetFastAI,1312,146,0.11943365089960849,0.1995393927246827,0.030980484560132027,0.06394585222005844,0.9246575236320496,0.3383620176464319
pc4,NeuralNetTorch,1312,146,0.1335660968143874,0.20968691790611302,0.03560813516378403,0.050973277539014816,0.9109588861465454,0.36501345038414
pc4,RandomForest,1312,146,0.12489689735073438,0.19182074859320877,0.029328100383281708,0.061674002557992935,0.9041095972061157,0.32054340559989214
pc4,XGBoost,1312,146,0.1307045113044504,0.20280440077241516,0.036021679639816284,0.05162524804472923,0.8972602486610413,0.3364900993183255
philippine,CatBoost,5248,584,0.3160964079320012,0.469555305939466,0.017526566982269287,0.045155446976423264,0.7688356041908264,0.6376092238351703
philippine,ExtraTrees,5248,584,0.31553628477378004,0.4735797488721409,0.016452856361865997,0.022531811147928238,0.767123281955719,0.47510465513914824
philippine,LightGBM,5248,584,0.3003986065019888,0.45276334419278197,0.016608748584985733,0.03557555377483368,0.7773972749710083,0.6101907147094607
philippine,LinearModel,5248,584,0.37236597731387805,0.5549187547394152,0.020397784188389778,0.04835887625813484,0.7260273694992065,0.8120988346636295
philippine,NeuralNetFastAI,5248,584,0.36784003904872853,0.5437145206835804,0.027821332216262817,0.05118750408291817,0.7363013625144958,0.5943485526368022
philippine,NeuralNetTorch,5248,584,0.3644503324645022,0.5440269145258716,0.02988036349415779,0.05961955338716507,0.7294520735740662,0.7638765247538686
philippine,RandomForest,5248,584,0.32141713620219015,0.48652195138435717,0.016586579382419586,0.042645275592803955,0.7636986374855042,0.3744149301201105
philippine,XGBoost,5248,584,0.29940397718468015,0.45558718293736744,0.022078052163124084,0.028820570558309555,0.7791095972061157,0.6341679636389017
phoneme,CatBoost,4863,541,0.13422163606827625,0.217342705057539,0.012254908680915833,0.03864499554038048,0.9001848697662354,0.7955387933179736
phoneme,ExtraTrees,4863,541,0.12271962950204858,0.19925858640852476,0.010436471551656723,0.02469545602798462,0.9094269871711731,0.755429795011878
phoneme,LightGBM,4863,541,0.13329527939256527,0.21852549077504552,0.011054743081331253,0.02740257978439331,0.9112753868103027,0.9981947662308812
phoneme,LinearModel,4863,541,0.31703553369276416,0.4772309942900651,0.028761625289916992,0.058907605707645416,0.7615526914596558,0.5886024944484234
phoneme,NeuralNetFastAI,4863,541,0.15674748781616246,0.2525615841200244,0.01734282821416855,0.03531626611948013,0.8853974342346191,0.8620362970978022
phoneme,NeuralNetTorch,4863,541,0.13998349153250325,0.2343791363334364,0.0183087270706892,0.038873691111803055,0.9112753868103027,1.3526899795979261
phoneme,RandomForest,4863,541,0.1317563856646655,0.2167981320964202,0.013712853193283081,0.02710800990462303,0.9075785875320435,1.0491066072136164
phoneme,XGBoost,4863,541,0.13116107761529405,0.2162682536011071,0.0187460258603096,0.04134480655193329,0.9112753868103027,0.7197272405028343
pm10,CatBoost,450,50,0.45137332875037095,0.6438093354560749,0.10348118841648102,0.1136559396982193,0.7599999904632568,0.12593293469399214
pm10,ExtraTrees,450,50,0.45144913895579825,0.6439296555716184,0.08798089623451233,0.16746535897254944,0.6000000238418579,0.09009065944701433
pm10,LightGBM,450,50,0.4399575827750186,0.6323606496516981,0.09305132925510406,0.13094696402549744,0.699999988079071,0.09857492987066507
pm10,LinearModel,450,50,0.49998632293174966,0.6931335081429383,0.07953998446464539,0.018495943397283554,0.5199999809265137,0.09205822739750147
pm10,NeuralNetFastAI,450,50,0.49920182694569326,0.6921244538000674,0.059136763215065,0.0726902112364769,0.47999998927116394,0.11413566675037146
pm10,NeuralNetTorch,450,50,0.49217974250364876,0.6847325871733382,0.07429985702037811,0.12249068170785904,0.5,0.11839271150529385
pm10,RandomForest,450,50,0.42944702348543773,0.6219734228346805,0.0814618170261383,0.16387437283992767,0.7200000286102295,0.13420410733669996
pm10,XGBoost,450,50,0.45039114552087695,0.6425804017395396,0.0918961688876152,0.14696313440799713,0.699999988079071,0.13772275019437075
pollen,CatBoost,3463,385,0.4998267678771159,0.6929731871632702,0.035435862839221954,0.004279181826859713,0.5038961172103882,0.2004111995920539
pollen,ExtraTrees,3463,385,0.4999387572968798,0.6930858658783239,0.033570289611816406,0.0010129011934623122,0.501298725605011,0.2612133314833045
pollen,LightGBM,3463,385,0.5010393967929546,0.6941933463379169,0.034445300698280334,0.006055846344679594,0.5324675440788269,0.20629172399640083
pollen,LinearModel,3463,385,0.4999189564196321,0.6930661443408571,0.0285673588514328,0.0020245390478521585,0.501298725605011,0.20862672571092844
pollen,NeuralNetFastAI,3463,385,0.49961673708044807,0.6927679713193022,0.038502782583236694,0.009095435962080956,0.5350649356842041,0.21093693748116493
pollen,NeuralNetTorch,3463,385,0.49992666346801795,0.6930738749027262,0.019281037151813507,0.004913766402751207,0.5194805264472961,0.1813987074419856
pollen,RandomForest,3463,385,0.5008742157848657,0.6940226574801935,0.0271187424659729,0.0018966378411278129,0.4935064911842346,0.18124258797615767
pollen,XGBoost,3463,385,0.500809950912299,0.6939572835620849,0.029377061873674393,0.0034720427356660366,0.48831167817115784,0.19104392174631357
puma32H,CatBoost,7372,820,0.1307518242999554,0.20664021414006686,0.009571466594934464,0.02802116982638836,0.9073171019554138,0.9276983253657818
puma32H,ExtraTrees,7372,820,0.14230454271735307,0.2219915653619606,0.009422525763511658,0.030652804300189018,0.8939024209976196,0.9897477747872472
puma32H,LightGBM,7372,820,0.14289220885578002,0.2240518652414444,0.008057110011577606,0.023747427389025688,0.8914633989334106,1.0900070127099752
puma32H,LinearModel,7372,820,0.46621717226335785,0.6591384834975067,0.026380881667137146,0.04665697365999222,0.6378048658370972,0.5679359678179026
puma32H,NeuralNetFastAI,7372,820,0.10589349062830243,0.17424574513642216,0.012238606810569763,0.027953529730439186,0.9280487895011902,1.1479010097682476
puma32H,NeuralNetTorch,7372,820,0.10895421132924875,0.18270405282977217,0.014592431485652924,0.03593355044722557,0.9243902564048767,0.8555249180644751
puma32H,RandomForest,7372,820,0.15001983002921668,0.2381619850892646,0.013171061873435974,0.030884312465786934,0.8890243768692017,1.3029631609097123
puma32H,XGBoost,7372,820,0.14260681591554084,0.22966286419985626,0.01569342613220215,0.029208965599536896,0.8975609540939331,0.9915773263201118
puma8NH,CatBoost,7372,820,0.22981316978014596,0.3628925521474033,0.02012677863240242,0.03511498495936394,0.8426828980445862,0.6294042346999049
puma8NH,ExtraTrees,7372,820,0.2267868485185289,0.3573186924562072,0.02350124716758728,0.04185764864087105,0.8414633870124817,0.7495260881260037
puma8NH,LightGBM,7372,820,0.23197994834790434,0.3664833636912138,0.023780737072229385,0.03218234330415726,0.8402438759803772,0.7905567763373256
puma8NH,LinearModel,7372,820,0.2444128805111437,0.38012913377626273,0.013464967720210552,0.03508026897907257,0.8280487656593323,1.1654134448617697
puma8NH,NeuralNetFastAI,7372,820,0.22729471399114592,0.3573131947161807,0.023881670087575912,0.04707777872681618,0.8329268097877502,0.8883418515324593
puma8NH,NeuralNetTorch,7372,820,0.22494671709773645,0.3530220890132592,0.020809341222047806,0.05170067027211189,0.8390243649482727,0.768975330516696
puma8NH,RandomForest,7372,820,0.2265661347593768,0.3574926814845236,0.022149493917822838,0.03871835768222809,0.8378048539161682,0.6405354421585798
puma8NH,XGBoost,7372,820,0.2288095804470753,0.36476347066883874,0.023013675585389137,0.03936371952295303,0.8414633870124817,0.9166219001635909
qsar-biodeg,CatBoost,949,106,0.1744831395506648,0.2874742318794713,0.022596009075641632,0.07232785224914551,0.8773584961891174,0.2707871561869979
qsar-biodeg,ExtraTrees,949,106,0.18353080883384246,0.30554617794262745,0.03530499339103699,0.09037622064352036,0.8679245114326477,0.25343593675643206
qsar-biodeg,LightGBM,949,106,0.1660303794770166,0.27905594253072996,0.02048511803150177,0.051180560141801834,0.8962264060974121,0.24461242835968733
qsar-biodeg,LinearModel,949,106,0.19086598702307142,0.3046856757417434,0.04336404800415039,0.1105811819434166,0.8584905862808228,0.3470267802476883
qsar-biodeg,NeuralNetFastAI,949,106,0.17102987870097455,0.2731398284990169,0.03174775466322899,0.1041363850235939,0.8773584961891174,0.34804983902722597
qsar-biodeg,NeuralNetTorch,949,106,0.18264587047692576,0.3017152220517157,0.03429892659187317,0.07669167220592499,0.8773584961891174,0.2488517090678215
qsar-biodeg,RandomForest,949,106,0.16946122108868683,0.2818082490353975,0.02799440547823906,0.08003799617290497,0.8679245114326477,0.21802555583417416
qsar-biodeg,XGBoost,949,106,0.17309201532838875,0.29308282640944494,0.024034976959228516,0.07304379343986511,0.8962264060974121,0.2313000075519085
ringnorm,CatBoost,6660,740,0.031917390457366995,0.05918247397737056,0.006752615328878164,0.015737837180495262,0.9824324250221252,1.2105158334597945
ringnorm,ExtraTrees,6660,740,0.033890309619832484,0.05905701760556023,0.00503174215555191,0.014471564441919327,0.9783783555030823,1.121244608424604
ringnorm,LightGBM,6660,740,0.030403672777719108,0.057101129612480955,0.003689234144985676,0.00994925107806921,0.9824324250221252,1.1866308934986591
ringnorm,LinearModel,6660,740,0.30587561177319156,0.45920199651674853,0.01727369986474514,0.0463089756667614,0.7851351499557495,0.8404098683968186
ringnorm,NeuralNetFastAI,6660,740,0.034095872263329316,0.06052139465228241,0.005361122079193592,0.014044140465557575,0.9797297120094299,1.190278097987175
ringnorm,NeuralNetTorch,6660,740,0.030544413702121933,0.05309694908160419,0.004803437273949385,0.010947121307253838,0.9783783555030823,0.9161735447123647
ringnorm,RandomForest,6660,740,0.056348366545789515,0.09953508637317034,0.007452849298715591,0.015127554535865784,0.9648648500442505,1.2589677330106497
ringnorm,XGBoost,6660,740,0.03547493169137449,0.06578068658582775,0.007068210747092962,0.019352588802576065,0.9783783555030823,1.2566960202530026
rmftsa_ladata,CatBoost,457,51,0.17414880869191218,0.335016271821628,0.0748576670885086,0.1546304076910019,0.8823529481887817,0.14485228341072798
rmftsa_ladata,ExtraTrees,457,51,0.14291106177456925,0.25052668361688296,0.0602547787129879,0.1374598741531372,0.9019607901573181,0.1611962029710412
rmftsa_ladata,LightGBM,457,51,0.16003845966150737,0.26554869130936043,0.044194296002388,0.08650753647089005,0.8823529481887817,0.197032799012959
rmftsa_ladata,LinearModel,457,51,0.1143178000795714,0.1969204289493953,0.042132895439863205,0.09443749487400055,0.9411764740943909,0.22761897649616003
rmftsa_ladata,NeuralNetFastAI,457,51,0.10107696812675986,0.18794967427813739,0.0444803461432457,0.11640796810388565,0.9607843160629272,0.20642374642193317
rmftsa_ladata,NeuralNetTorch,457,51,0.13683673726240092,0.24618443464198145,0.038330577313899994,0.1082237958908081,0.9019607901573181,0.30441576708108187
rmftsa_ladata,RandomForest,457,51,0.15716314399877193,0.2649007988169407,0.03449345380067825,0.0843786969780922,0.9019607901573181,0.19819945842027664
rmftsa_ladata,XGBoost,457,51,0.16339991245112956,0.2722905722250897,0.055828679352998734,0.12217837572097778,0.9019607901573181,0.20432625152170658
spambase,CatBoost,4140,461,0.08115636773807251,0.16632817592440524,0.025369219481945038,0.0298989899456501,0.9457700848579407,0.8281323807314038
spambase,ExtraTrees,4140,461,0.0891726516406958,0.16372372639752966,0.023536497727036476,0.03013903833925724,0.9479392766952515,0.9108559172600508
spambase,LightGBM,4140,461,0.08553868071041822,0.15294970214202794,0.028310151770710945,0.045702677220106125,0.9414316415786743,0.9701139070093632
spambase,LinearModel,4140,461,0.10448841945071949,0.2022255378560462,0.0243418850004673,0.03622310236096382,0.9305856823921204,0.9576073875650764
spambase,NeuralNetFastAI,4140,461,0.09309176004117813,0.16827014853711608,0.019073931500315666,0.027017034590244293,0.9392624497413635,1.2251815032213926
spambase,NeuralNetTorch,4140,461,0.08893690437734939,0.16250943157605433,0.024133477360010147,0.02481432817876339,0.9414316415786743,0.8962603230029345
spambase,RandomForest,4140,461,0.09137050970172556,0.20323990892964866,0.028994165360927582,0.03429141268134117,0.9349240660667419,0.9139247145503759
spambase,XGBoost,4140,461,0.08999157239242503,0.15369170154182202,0.03246411681175232,0.04252541437745094,0.9305856823921204,0.9469360196962953
sylvine,CatBoost,4611,513,0.08695902346247374,0.15471319231865982,0.018572868779301643,0.02109280601143837,0.943469762802124,0.9239396871998906
sylvine,ExtraTrees,4611,513,0.08819307564302227,0.1554736462547629,0.014395857229828835,0.031011393293738365,0.9376218318939209,0.7865327894687653
sylvine,LightGBM,4611,513,0.08578305200549502,0.1514418313550967,0.01311800442636013,0.0250859335064888,0.9376218318939209,0.9982139486819506
sylvine,LinearModel,4611,513,0.15421991290756454,0.26355324484500514,0.016902130097150803,0.035133276134729385,0.8966861367225647,1.374371494166553
sylvine,NeuralNetFastAI,4611,513,0.09747272682459272,0.16702069158472588,0.018812837079167366,0.029751282185316086,0.9337232112884521,0.9393218206241727
sylvine,NeuralNetTorch,4611,513,0.100856896967646,0.17834636390242337,0.01946408674120903,0.032436344772577286,0.9298245906829834,0.853497825562954
sylvine,RandomForest,4611,513,0.11006636169573017,0.18841803531497947,0.015224605798721313,0.03135960176587105,0.9259259104728699,0.8973351223394275
sylvine,XGBoost,4611,513,0.08732861514603604,0.15437865325189715,0.014223134145140648,0.031164947897195816,0.9395711421966553,0.7998780375346541
tokyo1,CatBoost,863,96,0.07522436180765502,0.12084522539786273,0.022312849760055542,0.05458970367908478,0.9166666865348816,0.24992009904235601
tokyo1,ExtraTrees,863,96,0.07758661365598224,0.12662689341879443,0.019542332738637924,0.07278086245059967,0.9375,0.35266654565930367
tokyo1,LightGBM,863,96,0.09890282929402379,0.15144420886584584,0.02695823460817337,0.06972213834524155,0.9166666865348816,0.28145017195492983
tokyo1,LinearModel,863,96,0.1234839191456556,0.1906355545250725,0.036233387887477875,0.0718521699309349,0.90625,0.37161176186054945
tokyo1,NeuralNetFastAI,863,96,0.08574080352657226,0.13163603806674964,0.0165843702852726,0.05065147951245308,0.9375,0.2889549024403095
tokyo1,NeuralNetTorch,863,96,0.0704039902237987,0.11868849105793493,0.0209260955452919,0.05527467653155327,0.9583333134651184,0.4930078322067857
tokyo1,RandomForest,863,96,0.07913838158254329,0.12528928576050638,0.0254619512706995,0.06214694678783417,0.9166666865348816,0.3310942919924855
tokyo1,XGBoost,863,96,0.09584767709214781,0.14457087007792754,0.02706748992204666,0.05751481279730797,0.9166666865348816,0.27068906370550394
twonorm,CatBoost,6660,740,0.03209718536599464,0.05643260153704931,0.006876693107187748,0.01494594942778349,0.9770269989967346,1.2304621683433652
twonorm,ExtraTrees,6660,740,0.032752200855637154,0.05888261109692109,0.01049125101417303,0.01753092184662819,0.9783783555030823,0.8631693823263049
twonorm,LightGBM,6660,740,0.033159144152183684,0.05697535186634783,0.007003179285675287,0.015642542392015457,0.9783783555030823,1.2647423977032304
twonorm,LinearModel,6660,740,0.02910860128080505,0.05419830648248361,0.00880291499197483,0.012737765908241272,0.9810810685157776,1.3308482440188527
twonorm,NeuralNetFastAI,6660,740,0.030569395044420997,0.05450277707598599,0.009536701254546642,0.012502363882958889,0.9783783555030823,1.4665366858243942
twonorm,NeuralNetTorch,6660,740,0.029656375336948867,0.05423627182774475,0.008919266052544117,0.013302696868777275,0.9797297120094299,0.976306970231235
twonorm,RandomForest,6660,740,0.03170239731125893,0.059915941347226706,0.008476955816149712,0.01567375659942627,0.9783783555030823,1.095580192282796
twonorm,XGBoost,6660,740,0.03510131777326465,0.06127777269752319,0.008030234836041927,0.01129958126693964,0.9770269989967346,1.104920913465321
visualizing_soil,CatBoost,7776,865,5.924448620149558e-12,5.852138444046676e-08,1.1920928955078125e-07,1.5840393530197616e-07,1.0,0.7349320128560066
visualizing_soil,ExtraTrees,7776,865,0.00012670685114473258,0.00038136509164892813,0.000295140576781705,0.00034383844467811286,1.0,0.835687474347651
visualizing_soil,LightGBM,7776,865,1.0313175988585092e-07,8.17055164892488e-06,8.165836334228516e-06,8.199676813092083e-06,1.0,1.1895659053698182
visualizing_soil,LinearModel,7776,865,0.00023317474987724559,0.0004584824504471988,0.00037116502062417567,0.00038399678305722773,1.0,0.762225978076458
visualizing_soil,NeuralNetFastAI,7776,865,0.00021106975465183428,0.0010432764724354385,0.0005743149085901678,0.000983405509032309,1.0,0.9130999715998769
visualizing_soil,NeuralNetTorch,7776,865,9.80564133831161e-06,0.00022776755782289882,0.0001327004429185763,0.00022532217553816736,1.0,0.7636409886181355
visualizing_soil,RandomForest,7776,865,0.00013290856132629208,0.0004461357079045012,0.00037609392893500626,0.0004071254807058722,1.0,1.0121529875323176
visualizing_soil,XGBoost,7776,865,4.0275989949051063e-07,2.2351015638085533e-05,2.2292137145996094e-05,2.2304464437183924e-05,1.0,0.6567824622616172
wilt,CatBoost,4355,484,0.031498937489915696,0.055315417572160665,0.006861419416964054,0.01006555650383234,0.9814049601554871,0.6542916698381305
wilt,ExtraTrees,4355,484,0.03104859367162584,0.053588189488855194,0.004898909013718367,0.015670564025640488,0.9814049601554871,0.7878076834604144
wilt,LightGBM,4355,484,0.03077213652941711,0.05748187959298064,0.006134013645350933,0.014198150485754013,0.9834710955619812,0.7097507352009416
wilt,LinearModel,4355,484,0.032384519233466684,0.054116561483910704,0.01090198289602995,0.01468772441148758,0.9793388247489929,0.5546854184940457
wilt,NeuralNetFastAI,4355,484,0.02136586579715125,0.035098059200246716,0.005120646208524704,0.012126217596232891,0.9834710955619812,0.704595422372222
wilt,NeuralNetTorch,4355,484,0.024901996917853886,0.03968993730694407,0.0063801174983382225,0.014440366066992283,0.9834710955619812,0.6921289004385471
wilt,RandomForest,4355,484,0.03411061786502407,0.05645568507371523,0.007097496651113033,0.012961297295987606,0.9752066135406494,0.814940138719976
wilt,XGBoost,4355,484,0.03540702459956507,0.057682143788708624,0.007533157244324684,0.020153023302555084,0.9814049601554871,0.7329372670501471
wind,CatBoost,5916,658,0.18143041768157772,0.29297409011229353,0.017082594335079193,0.03224595636129379,0.8647416234016418,1.054619592614472
wind,ExtraTrees,5916,658,0.18645565110008147,0.30241732877396893,0.014806404709815979,0.03568200021982193,0.8708206415176392,1.514512948691845
wind,LightGBM,5916,658,0.17993174633663786,0.28850292148837153,0.01847091317176819,0.04090471193194389,0.8723404407501221,1.1343490676954389
wind,LinearModel,5916,658,0.1980346088627226,0.3167361996863629,0.01793341338634491,0.030908962711691856,0.8601823449134827,1.0901582995429635
wind,NeuralNetFastAI,5916,658,0.17410217991200966,0.2812233274711504,0.016024991869926453,0.03342965990304947,0.8814589381217957,1.3119811732321978
wind,NeuralNetTorch,5916,658,0.17458466722851496,0.2819721118262258,0.015457473695278168,0.03412463515996933,0.8784194588661194,1.1711668772622943
wind,RandomForest,5916,658,0.18972862240436694,0.30880696504722793,0.010631024837493896,0.03561359643936157,0.8723404407501221,1.372367043979466
wind,XGBoost,5916,658,0.18114357860396083,0.29411720578186473,0.018376760184764862,0.0340350866317749,0.8723404407501221,1.1110683372244239
