dataset,model,cal_size,test_size,TS_brier,TS_logloss,TS_kuiper,TS_ece-15,TS_accuracy,TS_time
2dplanes,CatBoost,36691,4077,0.09566894918680191,0.15233394503593445,0.006388536654412746,0.013042171485722065,0.9256806373596191,0.14832254289649427
2dplanes,ExtraTrees,36691,4077,0.09486407786607742,0.15230096876621246,0.005923550575971603,0.008477991446852684,0.9256806373596191,0.1312196779763326
2dplanes,LightGBM,36691,4077,0.09542441368103027,0.1532960683107376,0.006136345211416483,0.011614213697612286,0.9298503994941711,0.1049664169549942
2dplanes,LinearModel,36691,4077,0.23376622796058655,0.3669770658016205,0.013455860316753387,0.02132563479244709,0.8403237462043762,0.10410091408994049
2dplanes,NeuralNetFastAI,36691,4077,0.09426107257604599,0.15072131156921387,0.004373398143798113,0.00885014608502388,0.9332842826843262,0.10759570205118507
2dplanes,NeuralNetTorch,36691,4077,0.09488222748041153,0.15239250659942627,0.007446751464158297,0.010554918088018894,0.9315673112869263,0.1047562969615683
2dplanes,RandomForest,36691,4077,0.09544902294874191,0.15378759801387787,0.004488238133490086,0.013349862769246101,0.9271523356437683,0.10314271203242242
2dplanes,XGBoost,36691,4077,0.09558474272489548,0.1529323160648346,0.0061304280534386635,0.014090781100094318,0.9276428818702698,0.10147425695322454
APSFailure,CatBoost,68400,7600,0.00790544506162405,0.01560065895318985,0.0019242537673562765,0.0027832023333758116,0.9952631592750549,0.1930669890716672
APSFailure,ExtraTrees,68400,7600,0.010972450487315655,0.030452992767095566,0.0041654990054667,0.006793408188968897,0.9940789341926575,0.20154044299852103
APSFailure,LightGBM,68400,7600,0.007919725961983204,0.015733933076262474,0.001534889917820692,0.002366814063861966,0.9951315522193909,0.19400708796456456
APSFailure,LinearModel,68400,7600,0.011453112587332726,0.021787729114294052,0.0012781842378899455,0.0034092108253389597,0.99289470911026,0.19069367600604892
APSFailure,NeuralNetFastAI,68400,7600,0.009721432812511921,0.017889441922307014,0.0025164345279335976,0.0037036568392068148,0.9934210777282715,0.1834212049143389
APSFailure,NeuralNetTorch,68400,7600,0.010783406905829906,0.020806988701224327,0.001700347289443016,0.0031163652893155813,0.9931579232215881,0.18681848503183573
APSFailure,RandomForest,68400,7600,0.010582482442259789,0.03764447197318077,0.006105941254645586,0.009605571627616882,0.9951315522193909,0.2015481200069189
APSFailure,XGBoost,68400,7600,0.00768645666539669,0.015189331024885178,0.0019190713064745069,0.002135420450940728,0.9952631592750549,0.19112459605094045
Amazon_employee_access,CatBoost,29492,3277,0.0719987154006958,0.13422434031963348,0.00597345782443881,0.010864973068237305,0.9545316100120544,0.08325409598182887
Amazon_employee_access,ExtraTrees,29492,3277,0.08103986084461212,0.15167202055454254,0.011745892465114594,0.019524045288562775,0.9469026327133179,0.08409566699992865
Amazon_employee_access,LightGBM,29492,3277,0.07908070832490921,0.15146344900131226,0.006466222926974297,0.00782129354774952,0.9499542117118835,0.08398326800670475
Amazon_employee_access,LinearModel,29492,3277,0.08392538130283356,0.15648230910301208,0.006386213935911655,0.00805805716663599,0.9453768730163574,0.0836556579452008
Amazon_employee_access,NeuralNetFastAI,29492,3277,0.08378573507070541,0.15563413500785828,0.007639692630618811,0.013612006790935993,0.9481232762336731,0.08122913108672947
Amazon_employee_access,NeuralNetTorch,29492,3277,0.08570532500743866,0.16170401871204376,0.016457339748740196,0.01855328679084778,0.9465975165367126,0.08120451401919127
Amazon_employee_access,RandomForest,29492,3277,0.07882186770439148,0.15103405714035034,0.026643268764019012,0.03298594802618027,0.9478181004524231,0.08638365392107517
Amazon_employee_access,XGBoost,29492,3277,0.07554250210523605,0.14387527108192444,0.004709060303866863,0.009283425286412239,0.951785147190094,0.0834103119559586
Australian,CatBoost,621,69,0.17612899839878082,0.2907930016517639,0.05096367374062538,0.06911251693964005,0.8695651888847351,0.004542940063402057
Australian,ExtraTrees,621,69,0.17212191224098206,0.2902728021144867,0.06118587404489517,0.10149110853672028,0.8550724387168884,0.00453726202249527
Australian,LightGBM,621,69,0.17528656125068665,0.3194452226161957,0.060134679079055786,0.0887126624584198,0.8695651888847351,0.004514912026934326
Australian,LinearModel,621,69,0.1705426126718521,0.2923663258552551,0.05980611965060234,0.1318105012178421,0.9130434989929199,0.004402084043249488
Australian,NeuralNetFastAI,621,69,0.15939964354038239,0.28478196263313293,0.06613156944513321,0.074717216193676,0.8985507488250732,0.004182306933216751
Australian,NeuralNetTorch,621,69,0.16440173983573914,0.28042373061180115,0.03859685733914375,0.09795745462179184,0.8840579986572266,0.004569854005239904
Australian,RandomForest,621,69,0.18015262484550476,0.3262474238872528,0.07938738167285919,0.15446323156356812,0.8550724387168884,0.004515148000791669
Australian,XGBoost,621,69,0.15012048184871674,0.26215821504592896,0.04814984276890755,0.09698376804590225,0.8840579986572266,0.004522571922279894
Bioresponse,CatBoost,3375,376,0.27733927965164185,0.43529361486434937,0.02179362252354622,0.06771023571491241,0.8164893388748169,0.011943363933824003
Bioresponse,ExtraTrees,3375,376,0.28284943103790283,0.4316426217556,0.01759367436170578,0.049774400889873505,0.7952127456665039,0.012276837951503694
Bioresponse,LightGBM,3375,376,0.27676257491111755,0.4325992465019226,0.02478214167058468,0.05734536424279213,0.8218085169792175,0.012099415995180607
Bioresponse,LinearModel,3375,376,0.4309520423412323,0.6192013025283813,0.10959663987159729,0.13771769404411316,0.7473404407501221,0.011970632011070848
Bioresponse,NeuralNetFastAI,3375,376,0.2868637144565582,0.4433872401714325,0.022788554430007935,0.06958408653736115,0.7792553305625916,0.012203835067339242
Bioresponse,NeuralNetTorch,3375,376,0.29218724370002747,0.45054781436920166,0.022743210196495056,0.05507862567901611,0.7952127456665039,0.011987514095380902
Bioresponse,RandomForest,3375,376,0.28098905086517334,0.4340830147266388,0.026260539889335632,0.056212447583675385,0.811170220375061,0.012132831965573132
Bioresponse,XGBoost,3375,376,0.27532872557640076,0.4320458471775055,0.025937851518392563,0.05147772654891014,0.8164893388748169,0.012156837969087064
Click_prediction_small,CatBoost,35953,3995,0.25338003039360046,0.41181299090385437,0.007608059793710709,0.01226766873151064,0.8362953662872314,0.10357596108224243
Click_prediction_small,ExtraTrees,35953,3995,0.26023900508880615,0.42096176743507385,0.007598266936838627,0.00841692928224802,0.8342928886413574,0.1039994319435209
Click_prediction_small,LightGBM,35953,3995,0.25805893540382385,0.418875515460968,0.007573302835226059,0.010546606034040451,0.8367959856987,0.10355826804880053
Click_prediction_small,LinearModel,35953,3995,0.2624593675136566,0.4263887107372284,0.028793882578611374,0.031561728566884995,0.8365457057952881,0.10221547400578856
Click_prediction_small,NeuralNetFastAI,35953,3995,0.2582891881465912,0.4200841784477234,0.006431641057133675,0.008491558954119682,0.8375469446182251,0.10228021291550249
Click_prediction_small,NeuralNetTorch,35953,3995,0.2597760856151581,0.4188360869884491,0.009463157504796982,0.012410879135131836,0.8345431685447693,0.09976223297417164
Click_prediction_small,RandomForest,35953,3995,0.2591570317745209,0.41832607984542847,0.005161751061677933,0.009926111437380314,0.8342928886413574,0.10414949699770659
Click_prediction_small,XGBoost,35953,3995,0.2579515278339386,0.4171726405620575,0.008601168170571327,0.014103397727012634,0.8347935080528259,0.1018336849519983
GAMETES_Epistasis_2-Way_1000atts_0_4H_EDM-1_EDM-1_1,CatBoost,1440,160,0.40787118673324585,0.5982913970947266,0.08357308804988861,0.14565667510032654,0.737500011920929,0.006899643107317388
GAMETES_Epistasis_2-Way_1000atts_0_4H_EDM-1_EDM-1_1,ExtraTrees,1440,160,0.5043250918388367,0.6974764466285706,0.07511836290359497,0.03672390431165695,0.4375,0.006883491994813085
GAMETES_Epistasis_2-Way_1000atts_0_4H_EDM-1_EDM-1_1,LightGBM,1440,160,0.5121166706085205,0.7052925229072571,0.08470693230628967,0.03705674782395363,0.39375001192092896,0.006819898029789329
GAMETES_Epistasis_2-Way_1000atts_0_4H_EDM-1_EDM-1_1,LinearModel,1440,160,0.4999999403953552,0.6931471824645996,0.05624999850988388,1.1920928955078125e-07,0.48750001192092896,0.006875443970784545
GAMETES_Epistasis_2-Way_1000atts_0_4H_EDM-1_EDM-1_1,NeuralNetFastAI,1440,160,0.49260997772216797,0.6857486963272095,0.0595552995800972,0.008852553553879261,0.5874999761581421,0.006798196933232248
GAMETES_Epistasis_2-Way_1000atts_0_4H_EDM-1_EDM-1_1,NeuralNetTorch,1440,160,0.50128573179245,0.6944332122802734,0.053116023540496826,0.0005611181259155273,0.46875,0.006562680937349796
GAMETES_Epistasis_2-Way_1000atts_0_4H_EDM-1_EDM-1_1,RandomForest,1440,160,0.5072473287582397,0.7004178166389465,0.047090012580156326,0.03816261142492294,0.4437499940395355,0.006541420938447118
GAMETES_Epistasis_2-Way_1000atts_0_4H_EDM-1_EDM-1_1,XGBoost,1440,160,0.5023878812789917,0.6955533027648926,0.03529083728790283,0.037954844534397125,0.4937500059604645,0.006583590991795063
GAMETES_Epistasis_2-Way_20atts_0_1H_EDM-1_1,CatBoost,1440,160,0.41550812125205994,0.6063677668571472,0.04794130101799965,0.08673018217086792,0.699999988079071,0.006822468945756555
GAMETES_Epistasis_2-Way_20atts_0_1H_EDM-1_1,ExtraTrees,1440,160,0.4677416682243347,0.6602340936660767,0.04504235088825226,0.055397093296051025,0.6000000238418579,0.006834776024334133
GAMETES_Epistasis_2-Way_20atts_0_1H_EDM-1_1,LightGBM,1440,160,0.4378335475921631,0.6290277242660522,0.05836610496044159,0.1162964478135109,0.668749988079071,0.006796614034101367
GAMETES_Epistasis_2-Way_20atts_0_1H_EDM-1_1,LinearModel,1440,160,0.5,0.6931472420692444,0.20624999701976776,0.0,0.5062500238418579,0.006789527949877083
GAMETES_Epistasis_2-Way_20atts_0_1H_EDM-1_1,NeuralNetFastAI,1440,160,0.41022008657455444,0.5994359254837036,0.048878658562898636,0.08972739428281784,0.699999988079071,0.006916997954249382
GAMETES_Epistasis_2-Way_20atts_0_1H_EDM-1_1,NeuralNetTorch,1440,160,0.4150242805480957,0.6088702082633972,0.054472893476486206,0.07887773215770721,0.699999988079071,0.006642478983849287
GAMETES_Epistasis_2-Way_20atts_0_1H_EDM-1_1,RandomForest,1440,160,0.47644877433776855,0.6694754362106323,0.04008522629737854,0.061616431921720505,0.612500011920929,0.00652260601054877
GAMETES_Epistasis_2-Way_20atts_0_1H_EDM-1_1,XGBoost,1440,160,0.4441259801387787,0.6360064744949341,0.041657641530036926,0.05788335204124451,0.6625000238418579,0.006491648964583874
GAMETES_Epistasis_2-Way_20atts_0_4H_EDM-1_1,CatBoost,1440,160,0.30567800998687744,0.4578379690647125,0.04242474585771561,0.10270638018846512,0.7562500238418579,0.006839137990027666
GAMETES_Epistasis_2-Way_20atts_0_4H_EDM-1_1,ExtraTrees,1440,160,0.3980802893638611,0.591713547706604,0.04539583623409271,0.11390577256679535,0.699999988079071,0.006729542976245284
GAMETES_Epistasis_2-Way_20atts_0_4H_EDM-1_1,LightGBM,1440,160,0.3418050706386566,0.5079631805419922,0.0649326741695404,0.14876845479011536,0.731249988079071,0.00681599008385092
GAMETES_Epistasis_2-Way_20atts_0_4H_EDM-1_1,LinearModel,1440,160,0.5,0.6931472420692444,0.22187501192092896,0.0,0.48124998807907104,0.006810244987718761
GAMETES_Epistasis_2-Way_20atts_0_4H_EDM-1_1,NeuralNetFastAI,1440,160,0.2855913043022156,0.43498125672340393,0.03754212334752083,0.03460407629609108,0.793749988079071,0.0068577820202335715
GAMETES_Epistasis_2-Way_20atts_0_4H_EDM-1_1,NeuralNetTorch,1440,160,0.30447620153427124,0.46600326895713806,0.03321095556020737,0.09441542625427246,0.7875000238418579,0.006662606028839946
GAMETES_Epistasis_2-Way_20atts_0_4H_EDM-1_1,RandomForest,1440,160,0.39519599080085754,0.5861262679100037,0.04330269247293472,0.09743794798851013,0.699999988079071,0.0067114540142938495
GAMETES_Epistasis_2-Way_20atts_0_4H_EDM-1_1,XGBoost,1440,160,0.3547816276550293,0.5285699963569641,0.06163041293621063,0.1472007930278778,0.731249988079071,0.006753740017302334
GAMETES_Epistasis_3-Way_20atts_0_2H_EDM-1_1,CatBoost,1440,160,0.4051141142845154,0.583747923374176,0.05825503170490265,0.1304493248462677,0.643750011920929,0.006799955037422478
GAMETES_Epistasis_3-Way_20atts_0_2H_EDM-1_1,ExtraTrees,1440,160,0.4878116548061371,0.6809256076812744,0.03173211216926575,0.049213338643312454,0.5562499761581421,0.00675007700920105
GAMETES_Epistasis_3-Way_20atts_0_2H_EDM-1_1,LightGBM,1440,160,0.48572367429733276,0.6786723136901855,0.04388846457004547,0.04398038610816002,0.574999988079071,0.0066654219990596175
GAMETES_Epistasis_3-Way_20atts_0_2H_EDM-1_1,LinearModel,1440,160,0.4995354115962982,0.6926831007003784,0.03887711465358734,0.014177214354276657,0.512499988079071,0.006790615967474878
GAMETES_Epistasis_3-Way_20atts_0_2H_EDM-1_1,NeuralNetFastAI,1440,160,0.39608025550842285,0.5654052495956421,0.048071250319480896,0.08517690747976303,0.65625,0.006566778989508748
GAMETES_Epistasis_3-Way_20atts_0_2H_EDM-1_1,NeuralNetTorch,1440,160,0.4261479377746582,0.6141247749328613,0.04386468231678009,0.08656882494688034,0.6312500238418579,0.006627482012845576
GAMETES_Epistasis_3-Way_20atts_0_2H_EDM-1_1,RandomForest,1440,160,0.491893470287323,0.6847926378250122,0.0476953387260437,0.0979384183883667,0.543749988079071,0.006576625048182905
GAMETES_Epistasis_3-Way_20atts_0_2H_EDM-1_1,XGBoost,1440,160,0.48829174041748047,0.6812506914138794,0.05690288543701172,0.0713142454624176,0.5687500238418579,0.006836696993559599
GAMETES_Heterogeneity_20atts_1600_Het_0_4_0_2_50_EDM-2_001,CatBoost,1440,160,0.4198419153690338,0.5925686955451965,0.07045744359493256,0.14586079120635986,0.6499999761581421,0.006826113909482956
GAMETES_Heterogeneity_20atts_1600_Het_0_4_0_2_50_EDM-2_001,ExtraTrees,1440,160,0.4966425895690918,0.6977142095565796,0.06534062325954437,0.13714349269866943,0.6187499761581421,0.006798958987928927
GAMETES_Heterogeneity_20atts_1600_Het_0_4_0_2_50_EDM-2_001,LightGBM,1440,160,0.46280747652053833,0.6538677215576172,0.0694614127278328,0.11102025210857391,0.6187499761581421,0.006911139003932476
GAMETES_Heterogeneity_20atts_1600_Het_0_4_0_2_50_EDM-2_001,LinearModel,1440,160,0.5,0.6931472420692444,0.19062501192092896,0.0,0.42500001192092896,0.0072892800671979785
GAMETES_Heterogeneity_20atts_1600_Het_0_4_0_2_50_EDM-2_001,NeuralNetFastAI,1440,160,0.4636349081993103,0.6532050967216492,0.09230383485555649,0.1701514720916748,0.612500011920929,0.0075569950276985765
GAMETES_Heterogeneity_20atts_1600_Het_0_4_0_2_50_EDM-2_001,NeuralNetTorch,1440,160,0.44989457726478577,0.6398717164993286,0.07339252531528473,0.1401648074388504,0.6312500238418579,0.007320012082345784
GAMETES_Heterogeneity_20atts_1600_Het_0_4_0_2_50_EDM-2_001,RandomForest,1440,160,0.49697357416152954,0.6971347332000732,0.060881108045578,0.12717454135417938,0.606249988079071,0.006860633031465113
GAMETES_Heterogeneity_20atts_1600_Het_0_4_0_2_50_EDM-2_001,XGBoost,1440,160,0.4539397656917572,0.6470022201538086,0.0458238422870636,0.09010178595781326,0.6499999761581421,0.006829018006101251
GAMETES_Heterogeneity_20atts_1600_Het_0_4_0_2_75_EDM-2_001,CatBoost,1440,160,0.3753170669078827,0.5538303852081299,0.04691317677497864,0.09689389914274216,0.6937500238418579,0.006697583943605423
GAMETES_Heterogeneity_20atts_1600_Het_0_4_0_2_75_EDM-2_001,ExtraTrees,1440,160,0.4179651737213135,0.60726398229599,0.038362935185432434,0.07911129295825958,0.668749988079071,0.006904106005094945
GAMETES_Heterogeneity_20atts_1600_Het_0_4_0_2_75_EDM-2_001,LightGBM,1440,160,0.3877190053462982,0.5732932090759277,0.03813454508781433,0.10110507905483246,0.699999988079071,0.006911753909662366
GAMETES_Heterogeneity_20atts_1600_Het_0_4_0_2_75_EDM-2_001,LinearModel,1440,160,0.5,0.6931472420692444,0.21562500298023224,0.0,0.48750001192092896,0.007069762097671628
GAMETES_Heterogeneity_20atts_1600_Het_0_4_0_2_75_EDM-2_001,NeuralNetFastAI,1440,160,0.3805122971534729,0.5629018545150757,0.0706876888871193,0.1046874150633812,0.699999988079071,0.006901288987137377
GAMETES_Heterogeneity_20atts_1600_Het_0_4_0_2_75_EDM-2_001,NeuralNetTorch,1440,160,0.34914475679397583,0.5248512625694275,0.0497402660548687,0.08278636634349823,0.737500011920929,0.006674987962469459
GAMETES_Heterogeneity_20atts_1600_Het_0_4_0_2_75_EDM-2_001,RandomForest,1440,160,0.40647315979003906,0.5954712629318237,0.04113583266735077,0.057043060660362244,0.699999988079071,0.006785004050470889
GAMETES_Heterogeneity_20atts_1600_Het_0_4_0_2_75_EDM-2_001,XGBoost,1440,160,0.39039450883865356,0.5759853720664978,0.03810884803533554,0.06355227530002594,0.6937500238418579,0.006814843043684959
Internet-Advertisements,CatBoost,2951,328,0.04693838953971863,0.09645520150661469,0.0212976336479187,0.021524522453546524,0.9756097793579102,0.010909921955317259
Internet-Advertisements,ExtraTrees,2951,328,0.05624622106552124,0.25026604533195496,0.04815246909856796,0.07159445434808731,0.9786585569381714,0.011275219032540917
Internet-Advertisements,LightGBM,2951,328,0.04792702570557594,0.09855809807777405,0.02133038640022278,0.021127009764313698,0.9695122241973877,0.01107075996696949
Internet-Advertisements,LinearModel,2951,328,0.06338698416948318,0.13538441061973572,0.019174326211214066,0.022742044180631638,0.9603658318519592,0.010960944928228855
Internet-Advertisements,NeuralNetFastAI,2951,328,0.0530209094285965,0.10755781084299088,0.015034275129437447,0.024731848388910294,0.9603658318519592,0.010845632059499621
Internet-Advertisements,NeuralNetTorch,2951,328,0.05260215327143669,0.11428520083427429,0.013086438179016113,0.02976611815392971,0.9664633870124817,0.010982683976180851
Internet-Advertisements,RandomForest,2951,328,0.05544085055589676,0.1176370158791542,0.03953266888856888,0.0639258325099945,0.9725610017776489,0.011346747050993145
Internet-Advertisements,XGBoost,2951,328,0.05036259815096855,0.10156189650297165,0.013870656490325928,0.020405156537890434,0.9695122241973877,0.011099587078206241
OVA_Colon,CatBoost,1390,155,0.07516372203826904,0.17231103777885437,0.023819373920559883,0.034456320106983185,0.9612902998924255,0.006417572032660246
OVA_Colon,ExtraTrees,1390,155,0.07030037045478821,0.15407049655914307,0.02498973160982132,0.03772839903831482,0.9612902998924255,0.00650914094876498
OVA_Colon,LightGBM,1390,155,0.0664670318365097,0.1531447321176529,0.02349662408232689,0.02943643182516098,0.9677419066429138,0.006688741035759449
OVA_Colon,LinearModel,1390,155,0.07281339168548584,0.33193615078926086,0.023672107607126236,0.03458352014422417,0.9677419066429138,0.006804786971770227
OVA_Colon,NeuralNetFastAI,1390,155,0.07416550815105438,0.18839947879314423,0.01576216146349907,0.03522301837801933,0.9612902998924255,0.006473378045484424
OVA_Colon,NeuralNetTorch,1390,155,0.07029097527265549,0.16291141510009766,0.022043738514184952,0.040744051337242126,0.9677419066429138,0.006545123993419111
OVA_Colon,RandomForest,1390,155,0.08053843677043915,0.17617933452129364,0.021892748773097992,0.04671281576156616,0.948387086391449,0.006612759898416698
OVA_Colon,XGBoost,1390,155,0.0728558599948883,0.17017096281051636,0.02146417275071144,0.03563782200217247,0.9612902998924255,0.006501002004370093
OVA_Endometrium,CatBoost,1390,155,0.06133950874209404,0.11228358000516891,0.019787296652793884,0.021871186792850494,0.9612902998924255,0.006585774011909962
OVA_Endometrium,ExtraTrees,1390,155,0.060123927891254425,0.10616970807313919,0.01589956507086754,0.020848143845796585,0.9612902998924255,0.006864774972200394
OVA_Endometrium,LightGBM,1390,155,0.05668487399816513,0.1037607491016388,0.02190248668193817,0.025531744584441185,0.9612902998924255,0.006627268041484058
OVA_Endometrium,LinearModel,1390,155,0.04097150266170502,0.07334286719560623,0.01635250449180603,0.021023714914917946,0.9677419066429138,0.006834276951849461
OVA_Endometrium,NeuralNetFastAI,1390,155,0.04401427507400513,0.07952910661697388,0.013164058327674866,0.014381729997694492,0.9677419066429138,0.006538624060340226
OVA_Endometrium,NeuralNetTorch,1390,155,0.04448511824011803,0.08694501966238022,0.012289687991142273,0.01848032884299755,0.9677419066429138,0.006515154964290559
OVA_Endometrium,RandomForest,1390,155,0.06033170595765114,0.1174594908952713,0.020148389041423798,0.03700695186853409,0.9612902998924255,0.006996787036769092
OVA_Endometrium,XGBoost,1390,155,0.05577457323670387,0.10532409697771072,0.01784422993659973,0.02052895538508892,0.9612902998924255,0.006162010016851127
OVA_Kidney,CatBoost,1390,155,0.01416610088199377,0.04234011843800545,0.006385134533047676,0.014137547463178635,0.9935483932495117,0.0061094529228284955
OVA_Kidney,ExtraTrees,1390,155,0.01643064059317112,0.05618489161133766,0.008075525984168053,0.016433199867606163,0.9935483932495117,0.006310206954367459
OVA_Kidney,LightGBM,1390,155,0.013370858505368233,0.039505962282419205,0.00862584263086319,0.010785490274429321,0.9935483932495117,0.006753471912816167
OVA_Kidney,LinearModel,1390,155,0.014186139218509197,0.0470215380191803,0.01505108829587698,0.014882096089422703,0.9935483932495117,0.006880717002786696
OVA_Kidney,NeuralNetFastAI,1390,155,0.017058543860912323,0.04434121027588844,0.015852002426981926,0.022046025842428207,0.9935483932495117,0.0070620879996567965
OVA_Kidney,NeuralNetTorch,1390,155,0.014306840486824512,0.04205741733312607,0.010667303577065468,0.013700589537620544,0.9935483932495117,0.007142747985199094
OVA_Kidney,RandomForest,1390,155,0.01821744069457054,0.056746236979961395,0.010755445808172226,0.02209302969276905,0.9935483932495117,0.006979450001381338
OVA_Kidney,XGBoost,1390,155,0.013441874645650387,0.04339127615094185,0.011215785518288612,0.01335129514336586,0.9935483932495117,0.006858499953523278
OVA_Lung,CatBoost,1390,155,0.01701951213181019,0.05055296793580055,0.008572339080274105,0.009959912858903408,0.9870967864990234,0.007064182893373072
OVA_Lung,ExtraTrees,1390,155,0.03984872251749039,0.10333191603422165,0.027571672573685646,0.03179393708705902,0.9870967864990234,0.006788810947909951
OVA_Lung,LightGBM,1390,155,0.020628338679671288,0.0571049228310585,0.009514614008367062,0.011986138299107552,0.9870967864990234,0.006745601887814701
OVA_Lung,LinearModel,1390,155,0.028573621064424515,0.16861699521541595,0.024772536009550095,0.03074593096971512,0.9870967864990234,0.006809828104451299
OVA_Lung,NeuralNetFastAI,1390,155,0.03922392055392265,0.07462072372436523,0.01173922885209322,0.020730197429656982,0.9741935729980469,0.00679883302655071
OVA_Lung,NeuralNetTorch,1390,155,0.022956639528274536,0.06631923466920853,0.016138922423124313,0.01871306262910366,0.9870967864990234,0.006416192045435309
OVA_Lung,RandomForest,1390,155,0.07230393588542938,0.13988526165485382,0.04284926503896713,0.04685094580054283,0.9354838728904724,0.0066604119492694736
OVA_Lung,XGBoost,1390,155,0.0162153672426939,0.04863737151026726,0.0094645656645298,0.009923326782882214,0.9935483932495117,0.006350059062242508
OVA_Ovary,CatBoost,1390,155,0.1180143877863884,0.19498057663440704,0.03999566659331322,0.04859950393438339,0.9225806593894958,0.006261358968913555
OVA_Ovary,ExtraTrees,1390,155,0.12824402749538422,0.18885284662246704,0.05056937783956528,0.08630934357643127,0.896774172782898,0.006259792950004339
OVA_Ovary,LightGBM,1390,155,0.10858968645334244,0.17751924693584442,0.04025324061512947,0.05889727175235748,0.9225806593894958,0.006720877951011062
OVA_Ovary,LinearModel,1390,155,0.11210838705301285,0.19546319544315338,0.024897878989577293,0.06602747738361359,0.9290322661399841,0.006651905016042292
OVA_Ovary,NeuralNetFastAI,1390,155,0.11994915455579758,0.18579667806625366,0.03803183138370514,0.0745229721069336,0.9161290526390076,0.006501669995486736
OVA_Ovary,NeuralNetTorch,1390,155,0.0980367511510849,0.15675175189971924,0.024459946900606155,0.07619716972112656,0.9290322661399841,0.006623174995183945
OVA_Ovary,RandomForest,1390,155,0.13377049565315247,0.1924215853214264,0.057670291513204575,0.08757104724645615,0.8838709592819214,0.006757611990906298
OVA_Ovary,XGBoost,1390,155,0.10938382148742676,0.1951587051153183,0.035071466118097305,0.058534495532512665,0.9290322661399841,0.0067268130369484425
OVA_Prostate,CatBoost,1390,155,0.023433353751897812,0.044654782861471176,0.006344194523990154,0.01322928350418806,0.9870967864990234,0.006658521946519613
OVA_Prostate,ExtraTrees,1390,155,0.020753009244799614,0.04575582593679428,0.006419144570827484,0.01200098730623722,0.9870967864990234,0.0070441929856315255
OVA_Prostate,LightGBM,1390,155,0.013497315347194672,0.029801981523633003,0.006326992064714432,0.008265819400548935,0.9935483932495117,0.006716836942359805
OVA_Prostate,LinearModel,1390,155,0.016746869310736656,0.2383011430501938,0.00884973257780075,0.011984318494796753,0.9935483932495117,0.006757576018571854
OVA_Prostate,NeuralNetFastAI,1390,155,0.016491003334522247,0.07967148721218109,0.006697855889797211,0.011859658174216747,0.9935483932495117,0.0068950599525123835
OVA_Prostate,NeuralNetTorch,1390,155,0.01281918864697218,0.03603220358490944,0.006424460560083389,0.0062241624109447,0.9935483932495117,0.006765176076442003
OVA_Prostate,RandomForest,1390,155,0.020966507494449615,0.03994085639715195,0.006656749173998833,0.014036419801414013,0.9870967864990234,0.006720887031406164
OVA_Prostate,XGBoost,1390,155,0.02207217365503311,0.04577453434467316,0.006408043205738068,0.012646418064832687,0.9870967864990234,0.00656246196012944
PhishingWebsites,CatBoost,9949,1106,0.049094706773757935,0.08690885454416275,0.010293127037584782,0.019699586555361748,0.9629294872283936,0.030403029057197273
PhishingWebsites,ExtraTrees,9949,1106,0.05901971459388733,0.10287666320800781,0.017324090003967285,0.021212054416537285,0.9647377729415894,0.03074260801076889
PhishingWebsites,LightGBM,9949,1106,0.04757850989699364,0.08129456639289856,0.01031030248850584,0.0160366203635931,0.9683544039726257,0.03023218596354127
PhishingWebsites,LinearModel,9949,1106,0.09426040202379227,0.15242668986320496,0.009103143587708473,0.023098144680261612,0.9358047246932983,0.03069627401418984
PhishingWebsites,NeuralNetFastAI,9949,1106,0.049380313605070114,0.08244328200817108,0.008579844608902931,0.015809640288352966,0.965641975402832,0.030688812024891376
PhishingWebsites,NeuralNetTorch,9949,1106,0.04922521486878395,0.08252467215061188,0.011098435148596764,0.01808272860944271,0.9647377729415894,0.0306703100213781
PhishingWebsites,RandomForest,9949,1106,0.05835285782814026,0.10238520801067352,0.016867034137248993,0.016865374520421028,0.9638336300849915,0.030085621983744204
PhishingWebsites,XGBoost,9949,1106,0.048414673656225204,0.08622011542320251,0.010592644102871418,0.016208920627832413,0.965641975402832,0.030232687015086412
Run_or_walk_information,CatBoost,79729,8859,0.009184746071696281,0.017084766179323196,0.0016837161965668201,0.003399919020012021,0.9942431449890137,0.22103897493798286
Run_or_walk_information,ExtraTrees,79729,8859,0.012335272505879402,0.02475404553115368,0.004268141929060221,0.007784011773765087,0.9928885698318481,0.23069234401918948
Run_or_walk_information,LightGBM,79729,8859,0.008444475941359997,0.01626596413552761,0.0020239357836544514,0.002196543850004673,0.9943560361862183,0.22165496298111975
Run_or_walk_information,LinearModel,79729,8859,0.28372102975845337,0.4329476058483124,0.06434871256351471,0.12518343329429626,0.7234450578689575,0.2216405029175803
Run_or_walk_information,NeuralNetFastAI,79729,8859,0.013172916136682034,0.025553002953529358,0.0019003767520189285,0.003002692246809602,0.9916468858718872,0.21911356307100505
Run_or_walk_information,NeuralNetTorch,79729,8859,0.010798492468893528,0.02128119394183159,0.003684606868773699,0.005211240146309137,0.9936787486076355,0.22159181907773018
Run_or_walk_information,RandomForest,79729,8859,0.01379984151571989,0.027465539053082466,0.005246893502771854,0.008495527319610119,0.9922112822532654,0.3791039220523089
Run_or_walk_information,XGBoost,79729,8859,0.009935748763382435,0.018209077417850494,0.0019464995712041855,0.00273856520652771,0.9933401346206665,0.21461560996249318
Satellite,CatBoost,4590,510,0.016779959201812744,0.031472738832235336,0.00816906988620758,0.007087399251759052,0.9901960492134094,0.016512506059370935
Satellite,ExtraTrees,4590,510,0.01737073063850403,0.0292900949716568,0.00783577747642994,0.007807489484548569,0.9901960492134094,0.020294679910875857
Satellite,LightGBM,4590,510,0.017508698627352715,0.03169025853276253,0.008405635133385658,0.007854356430470943,0.9901960492134094,0.014676266931928694
Satellite,LinearModel,4590,510,0.015059766359627247,0.026471219956874847,0.006213072687387466,0.0073095811530947685,0.9921568632125854,0.015328098903410137
Satellite,NeuralNetFastAI,4590,510,0.013604431413114071,0.025142477825284004,0.005911331623792648,0.007623917888849974,0.9921568632125854,0.015367451007477939
Satellite,NeuralNetTorch,4590,510,0.01959414966404438,0.036980945616960526,0.009582387283444405,0.007575570605695248,0.9882352948188782,0.01443812099751085
Satellite,RandomForest,4590,510,0.013860618695616722,0.024801572784781456,0.005036425311118364,0.008077518083155155,0.9882352948188782,0.028869119007140398
Satellite,XGBoost,4590,510,0.01661783829331398,0.031284742057323456,0.00796869583427906,0.005703865084797144,0.9901960492134094,0.014886928955093026
SpeedDating,CatBoost,7540,838,0.17573106288909912,0.28932031989097595,0.012156503275036812,0.02259242534637451,0.8818615674972534,0.022343809017911553
SpeedDating,ExtraTrees,7540,838,0.19347476959228516,0.3112025558948517,0.014879979193210602,0.02280254103243351,0.8651551604270935,0.02361167606431991
SpeedDating,LightGBM,7540,838,0.17620231211185455,0.29028287529945374,0.019052991643548012,0.035280853509902954,0.8890214562416077,0.022337195929139853
SpeedDating,LinearModel,7540,838,0.19080522656440735,0.3134615123271942,0.034945059567689896,0.04726583883166313,0.879474937915802,0.022020810982212424
SpeedDating,NeuralNetFastAI,7540,838,0.18898269534111023,0.3078911304473877,0.028450563549995422,0.035520508885383606,0.8758949637413025,0.02272258698940277
SpeedDating,NeuralNetTorch,7540,838,0.1891413778066635,0.3082382082939148,0.023786446079611778,0.03222041204571724,0.8735083341598511,0.022496127989143133
SpeedDating,RandomForest,7540,838,0.19373755156993866,0.3140919804573059,0.022288575768470764,0.030660981312394142,0.8723150491714478,0.023128117085434496
SpeedDating,XGBoost,7540,838,0.17564262449741364,0.28962165117263794,0.018251946195960045,0.029938166961073875,0.8854415416717529,0.022918889997527003
Titanic,CatBoost,1980,221,0.2529783248901367,0.40876391530036926,0.06471335887908936,0.05065929517149925,0.8325791954994202,0.007972438004799187
Titanic,ExtraTrees,1980,221,0.26295551657676697,0.4289977550506592,0.07128079980611801,0.06954517215490341,0.8325791954994202,0.007733483915217221
Titanic,LightGBM,1980,221,0.25301286578178406,0.4094405472278595,0.06540650874376297,0.05130373314023018,0.8325791954994202,0.007698803907260299
Titanic,LinearModel,1980,221,0.2801123261451721,0.4547553062438965,0.062028974294662476,0.05936503782868385,0.8325791954994202,0.008251478080637753
Titanic,NeuralNetFastAI,1980,221,0.2534474730491638,0.4084577262401581,0.06690588593482971,0.05573864281177521,0.8325791954994202,0.008203755947761238
Titanic,NeuralNetTorch,1980,221,0.25396671891212463,0.4102977216243744,0.0658591017127037,0.05096714571118355,0.8325791954994202,0.00785650999750942
Titanic,RandomForest,1980,221,0.2575520873069763,0.4202481508255005,0.06688607484102249,0.05344286561012268,0.8325791954994202,0.007918349001556635
Titanic,XGBoost,1980,221,0.2530920207500458,0.4088682234287262,0.06685454398393631,0.05163471773266792,0.8325791954994202,0.007698931032791734
ada,CatBoost,3732,415,0.17008131742477417,0.2672562003135681,0.012762952595949173,0.03731829673051834,0.8867470026016235,0.012098520994186401
ada,ExtraTrees,3732,415,0.19891126453876495,0.31585225462913513,0.03691224753856659,0.0639650970697403,0.8578312993049622,0.013116682996042073
ada,LightGBM,3732,415,0.1714707463979721,0.2735198736190796,0.015055874362587929,0.04053950309753418,0.8819277286529541,0.012883002986200154
ada,LinearModel,3732,415,0.19699615240097046,0.3112744390964508,0.015080895274877548,0.04094920679926872,0.8602409362792969,0.012684877961874008
ada,NeuralNetFastAI,3732,415,0.18594998121261597,0.29504409432411194,0.022039266303181648,0.03495223447680473,0.87469881772995,0.012114931014366448
ada,NeuralNetTorch,3732,415,0.18484541773796082,0.2887296974658966,0.014463655650615692,0.032116085290908813,0.8722891807556152,0.01220969995483756
ada,RandomForest,3732,415,0.18241974711418152,0.28932058811187744,0.018312565982341766,0.04242441803216934,0.8722891807556152,0.013058713055215776
ada,XGBoost,3732,415,0.16964656114578247,0.2681320011615753,0.009171631187200546,0.02928290329873562,0.8819277286529541,0.012926577939651906
adult,CatBoost,43957,4885,0.171222984790802,0.270677775144577,0.005092266481369734,0.010296368040144444,0.8769702911376953,0.11927217897027731
adult,ExtraTrees,43957,4885,0.190336674451828,0.31698447465896606,0.007781967520713806,0.012729527428746223,0.863459587097168,0.11927875399123877
adult,LightGBM,43957,4885,0.1707923412322998,0.2689597010612488,0.0064613958820700645,0.011515780352056026,0.8771750330924988,0.11808752897195518
adult,LinearModel,43957,4885,0.2033810168504715,0.3193383812904358,0.00921125803142786,0.013284578919410706,0.8538382649421692,0.11869990010745823
adult,NeuralNetFastAI,43957,4885,0.18933574855327606,0.29955166578292847,0.007725507020950317,0.009205447509884834,0.8653019666671753,0.12053377891425043
adult,NeuralNetTorch,43957,4885,0.1911531388759613,0.30084294080734253,0.003510907292366028,0.006856875494122505,0.8642783761024475,0.11899045505560935
adult,RandomForest,43957,4885,0.18730434775352478,0.2945723831653595,0.010291146114468575,0.01215157750993967,0.8614124655723572,0.1288612149655819
adult,XGBoost,43957,4885,0.17020921409130096,0.26807543635368347,0.007248958572745323,0.011609727516770363,0.8763561844825745,0.11907894094474614
ailerons,CatBoost,12375,1375,0.15979301929473877,0.2605472207069397,0.012521367520093918,0.028327763080596924,0.8894545435905457,0.03584041399881244
ailerons,ExtraTrees,12375,1375,0.16838470101356506,0.27544811367988586,0.00823160633444786,0.022123342379927635,0.8807272911071777,0.036624452914111316
ailerons,LightGBM,12375,1375,0.15866395831108093,0.2579706013202667,0.009780477732419968,0.020884770900011063,0.8923636078834534,0.03523145604413003
ailerons,LinearModel,12375,1375,0.16969630122184753,0.2764267921447754,0.008076395839452744,0.020572790876030922,0.8843636512756348,0.035320929950103164
ailerons,NeuralNetFastAI,12375,1375,0.1665281355381012,0.2700965106487274,0.007211366668343544,0.02399958297610283,0.8814545273780823,0.03466322901658714
ailerons,NeuralNetTorch,12375,1375,0.16468948125839233,0.2675863802433014,0.008195385336875916,0.016364311799407005,0.8814545273780823,0.035859987954609096
ailerons,RandomForest,12375,1375,0.16358682513237,0.32784903049468994,0.008861779235303402,0.025444116443395615,0.8821818232536316,0.041488166083581746
ailerons,XGBoost,12375,1375,0.1591872274875641,0.25853314995765686,0.008418075740337372,0.021636400371789932,0.8872727155685425,0.03574967593885958
arcene,CatBoost,90,10,0.36713907122612,0.5899392366409302,0.15382984280586243,0.2615310549736023,0.699999988079071,0.0027780859963968396
arcene,ExtraTrees,90,10,0.28068193793296814,0.4976723790168762,0.10463669151067734,0.2483416199684143,0.8999999761581421,0.002648579073138535
arcene,LightGBM,90,10,0.3767582178115845,0.5817837715148926,0.12668663263320923,0.22292554378509521,0.699999988079071,0.002732257009483874
arcene,LinearModel,90,10,0.27602705359458923,0.4210888743400574,0.10809633880853653,0.28857675194740295,0.699999988079071,0.0026537120575085282
arcene,NeuralNetFastAI,90,10,0.3357868790626526,0.5424069166183472,0.1497802734375,0.27671778202056885,0.800000011920929,0.002988297026604414
arcene,NeuralNetTorch,90,10,0.306999534368515,0.7170003652572632,0.121150441467762,0.21119645237922668,0.800000011920929,0.0028193750185891986
arcene,RandomForest,90,10,0.3815820515155792,0.6300122141838074,0.09694527089595795,0.2763806879520416,0.800000011920929,0.0029793339781463146
arcene,XGBoost,90,10,0.37312108278274536,0.5694710612297058,0.09776642918586731,0.26467442512512207,0.800000011920929,0.0028221160173416138
arsenic-female-bladder,CatBoost,503,56,0.19625595211982727,0.3148835301399231,0.026592135429382324,0.055355168879032135,0.875,0.004185482976026833
arsenic-female-bladder,ExtraTrees,503,56,0.20904289186000824,0.3337416648864746,0.04128246009349823,0.11026181280612946,0.875,0.0040456230053678155
arsenic-female-bladder,LightGBM,503,56,0.21182812750339508,0.3404873013496399,0.043186694383621216,0.0585322305560112,0.875,0.0038983080303296447
arsenic-female-bladder,LinearModel,503,56,0.2377772480249405,0.37166252732276917,0.04863767325878143,0.048260580748319626,0.8392857313156128,0.004054283024743199
arsenic-female-bladder,NeuralNetFastAI,503,56,0.22901701927185059,0.33866479992866516,0.07029438018798828,0.10381821542978287,0.8035714030265808,0.003810120979323983
arsenic-female-bladder,NeuralNetTorch,503,56,0.18981221318244934,0.3171963691711426,0.06583669781684875,0.1432906985282898,0.875,0.003721243003383279
arsenic-female-bladder,RandomForest,503,56,0.2639082670211792,0.4177614748477936,0.1493711918592453,0.15838494896888733,0.8571428656578064,0.003823274979367852
arsenic-female-bladder,XGBoost,503,56,0.21119877696037292,0.34324219822883606,0.026780903339385986,0.0517188236117363,0.8571428656578064,0.003836092073470354
autoUniv-au1-1000,CatBoost,900,100,0.36117619276046753,0.5508555769920349,0.045719392597675323,0.09621729701757431,0.7799999713897705,0.005124023067764938
autoUniv-au1-1000,ExtraTrees,900,100,0.3609990179538727,0.5521730184555054,0.039706092327833176,0.12318641692399979,0.7699999809265137,0.005315917078405619
autoUniv-au1-1000,LightGBM,900,100,0.35629910230636597,0.5475978851318359,0.05706441029906273,0.16328811645507812,0.7799999713897705,0.005234665935859084
autoUniv-au1-1000,LinearModel,900,100,0.3895725607872009,0.589053750038147,0.09036784619092941,0.14968697726726532,0.7400000095367432,0.005056163063272834
autoUniv-au1-1000,NeuralNetFastAI,900,100,0.3518664240837097,0.538937509059906,0.05455741658806801,0.10933250188827515,0.7799999713897705,0.005189086077734828
autoUniv-au1-1000,NeuralNetTorch,900,100,0.3615218698978424,0.5456821918487549,0.08912139385938644,0.09886861592531204,0.7300000190734863,0.004991772933863103
autoUniv-au1-1000,RandomForest,900,100,0.37523791193962097,0.5677708983421326,0.049648717045784,0.14291168749332428,0.7200000286102295,0.004885232076048851
autoUniv-au1-1000,XGBoost,900,100,0.365597128868103,0.5540138483047485,0.05697161704301834,0.1306266337633133,0.7599999904632568,0.0048573140520602465
bank-marketing,CatBoost,40689,4522,0.11778108775615692,0.18737608194351196,0.009009478613734245,0.012648683972656727,0.9104378819465637,0.11146450997330248
bank-marketing,ExtraTrees,40689,4522,0.1264238804578781,0.20124492049217224,0.009898551739752293,0.017072681337594986,0.9049093127250671,0.11425609001889825
bank-marketing,LightGBM,40689,4522,0.11984610557556152,0.1897965520620346,0.008951513096690178,0.011181319132447243,0.9128704071044922,0.10937988001387566
bank-marketing,LinearModel,40689,4522,0.14372161030769348,0.23395895957946777,0.012969976291060448,0.020127233117818832,0.8984962701797485,0.11133973300457001
bank-marketing,NeuralNetFastAI,40689,4522,0.12022741883993149,0.1908695250749588,0.004852181300520897,0.007719732355326414,0.9106590151786804,0.1104913029121235
bank-marketing,NeuralNetTorch,40689,4522,0.12017765641212463,0.19061961770057678,0.005650266073644161,0.010873301886022091,0.9108801484107971,0.1101082059321925
bank-marketing,RandomForest,40689,4522,0.1255238801240921,0.19922587275505066,0.008946927264332771,0.013700256124138832,0.9044670462608337,0.13165270793251693
bank-marketing,XGBoost,40689,4522,0.12051776051521301,0.1917506605386734,0.012688133865594864,0.016185903921723366,0.9082264304161072,0.11054865701589733
bank32nh,CatBoost,7372,820,0.2688336670398712,0.4122970998287201,0.019055645912885666,0.04349686577916145,0.7939024567604065,0.021495993016287684
bank32nh,ExtraTrees,7372,820,0.2704361379146576,0.4157017469406128,0.02681988850235939,0.043785665184259415,0.790243923664093,0.022841999074444175
bank32nh,LightGBM,7372,820,0.26789477467536926,0.41220253705978394,0.017554808408021927,0.041420891880989075,0.79756098985672,0.022693442995660007
bank32nh,LinearModel,7372,820,0.26919999718666077,0.4162296950817108,0.02201637253165245,0.049547791481018066,0.792682945728302,0.0216552420752123
bank32nh,NeuralNetFastAI,7372,820,0.2550834119319916,0.39517930150032043,0.02009698934853077,0.04062308743596077,0.8109756112098694,0.022486870060674846
bank32nh,NeuralNetTorch,7372,820,0.2616391181945801,0.4038172662258148,0.014069972559809685,0.025046456605196,0.8048780560493469,0.021803939016535878
bank32nh,RandomForest,7372,820,0.283834844827652,0.4342512786388397,0.018406113609671593,0.03512001782655716,0.790243923664093,0.022330933017656207
bank32nh,XGBoost,7372,820,0.27198857069015503,0.41862741112709045,0.019437111914157867,0.03817576915025711,0.8036585450172424,0.02244655799586326
bank8FM,CatBoost,7372,820,0.07462292909622192,0.12039978802204132,0.00999266467988491,0.01795114576816559,0.9475609660148621,0.02178884600289166
bank8FM,ExtraTrees,7372,820,0.08139579743146896,0.12915608286857605,0.017218688502907753,0.018867990002036095,0.9402438998222351,0.02303414198104292
bank8FM,LightGBM,7372,820,0.07554537057876587,0.12052062153816223,0.00973895937204361,0.02001122012734413,0.9487804770469666,0.022730547934770584
bank8FM,LinearModel,7372,820,0.08183343708515167,0.13400380313396454,0.009623758494853973,0.020763833075761795,0.9451219439506531,0.02146968198940158
bank8FM,NeuralNetFastAI,7372,820,0.07635243237018585,0.11778225004673004,0.009114689193665981,0.02387247048318386,0.9487804770469666,0.022836063988506794
bank8FM,NeuralNetTorch,7372,820,0.07989119738340378,0.12372032552957535,0.01440357230603695,0.019282210618257523,0.9451219439506531,0.02245012193452567
bank8FM,RandomForest,7372,820,0.07823531329631805,0.1306382417678833,0.00987476110458374,0.024485714733600616,0.9439024329185486,0.021993782022036612
bank8FM,XGBoost,7372,820,0.07708533853292465,0.12744028866291046,0.01159781776368618,0.025032557547092438,0.9475609660148621,0.022685906034894288
blood-transfusion-service-center,CatBoost,673,75,0.3227217197418213,0.48894551396369934,0.07082399725914001,0.10411245375871658,0.746666669845581,0.004548734053969383
blood-transfusion-service-center,ExtraTrees,673,75,0.31643399596214294,0.47804000973701477,0.05545647442340851,0.08214280754327774,0.7733333110809326,0.004320462932810187
blood-transfusion-service-center,LightGBM,673,75,0.316525936126709,0.4788498878479004,0.06079038977622986,0.10786888003349304,0.7333333492279053,0.004207134945318103
blood-transfusion-service-center,LinearModel,673,75,0.3109186291694641,0.4665728211402893,0.06313589215278625,0.07458895444869995,0.746666669845581,0.004275712999515235
blood-transfusion-service-center,NeuralNetFastAI,673,75,0.313970685005188,0.4711313247680664,0.06028025597333908,0.11150243878364563,0.7599999904632568,0.00422645197249949
blood-transfusion-service-center,NeuralNetTorch,673,75,0.31662002205848694,0.47905290126800537,0.0702793300151825,0.09457676112651825,0.7333333492279053,0.004444150952622294
blood-transfusion-service-center,RandomForest,673,75,0.3167440593242645,0.4805227518081665,0.053805090487003326,0.08606766164302826,0.7733333110809326,0.004562085960060358
blood-transfusion-service-center,XGBoost,673,75,0.32985061407089233,0.5028757452964783,0.038717351853847504,0.06701698154211044,0.746666669845581,0.004547356977127492
boston_corrected,CatBoost,455,51,0.1664210855960846,0.27189576625823975,0.08312477171421051,0.09971749782562256,0.8823529481887817,0.0040742700221017
boston_corrected,ExtraTrees,455,51,0.14139753580093384,0.2440655678510666,0.08706562221050262,0.14077624678611755,0.9215686321258545,0.0038818870671093464
boston_corrected,LightGBM,455,51,0.1610230952501297,0.2639671862125397,0.08640603721141815,0.11655276268720627,0.9215686321258545,0.003965037991292775
boston_corrected,LinearModel,455,51,0.17895887792110443,0.2866397798061371,0.08939293771982193,0.1556965708732605,0.8823529481887817,0.0037988090189173818
boston_corrected,NeuralNetFastAI,455,51,0.1549089103937149,0.25815123319625854,0.12071872502565384,0.13671784102916718,0.8823529481887817,0.0037564110243692994
boston_corrected,NeuralNetTorch,455,51,0.17004536092281342,0.27254652976989746,0.0862845778465271,0.15016868710517883,0.9019607901573181,0.0037002849858254194
boston_corrected,RandomForest,455,51,0.16746371984481812,0.2779969871044159,0.07836328446865082,0.11933428049087524,0.8823529481887817,0.003769921022467315
boston_corrected,XGBoost,455,51,0.19473031163215637,0.30705785751342773,0.08179128915071487,0.14812928438186646,0.8823529481887817,0.0037360190181061625
churn,CatBoost,4500,500,0.0859772264957428,0.1835777312517166,0.015317119657993317,0.02911469154059887,0.949999988079071,0.014901643036864698
churn,ExtraTrees,4500,500,0.10409659147262573,0.2197766900062561,0.061297424137592316,0.08376339077949524,0.9539999961853027,0.01495413004886359
churn,LightGBM,4500,500,0.09662146866321564,0.2107761651277542,0.020100301131606102,0.04704414680600166,0.9459999799728394,0.014614911982789636
churn,LinearModel,4500,500,0.20997025072574615,0.3355711102485657,0.033084459602832794,0.0676417350769043,0.8460000157356262,0.013996673049405217
churn,NeuralNetFastAI,4500,500,0.07916276156902313,0.1721383035182953,0.014064356684684753,0.027674073353409767,0.9580000042915344,0.014929207973182201
churn,NeuralNetTorch,4500,500,0.08925960212945938,0.18736369907855988,0.02089161053299904,0.04123380780220032,0.9559999704360962,0.014896002016030252
churn,RandomForest,4500,500,0.09895288944244385,0.37191563844680786,0.01761208102107048,0.025294873863458633,0.9399999976158142,0.0158257270231843
churn,XGBoost,4500,500,0.08816776424646378,0.18823851644992828,0.015379308722913265,0.039788618683815,0.9520000219345093,0.01415548799559474
climate-model-simulation-crashes,CatBoost,486,54,0.07525145262479782,0.15088345110416412,0.02459235116839409,0.03594903275370598,0.9629629850387573,0.004055788973346353
climate-model-simulation-crashes,ExtraTrees,486,54,0.07679189741611481,0.21322879195213318,0.03479382023215294,0.06550686061382294,0.9629629850387573,0.004160423995926976
climate-model-simulation-crashes,LightGBM,486,54,0.06582097709178925,0.2022726684808731,0.03811618685722351,0.047694988548755646,0.9629629850387573,0.004191891988739371
climate-model-simulation-crashes,LinearModel,486,54,0.09791947156190872,0.3323986828327179,0.05900871008634567,0.07521024346351624,0.9444444179534912,0.004132276983000338
climate-model-simulation-crashes,NeuralNetFastAI,486,54,0.09531897306442261,0.31074559688568115,0.04897205904126167,0.05786805972456932,0.9444444179534912,0.003875427064485848
climate-model-simulation-crashes,NeuralNetTorch,486,54,0.11224976181983948,0.3047158420085907,0.05260400474071503,0.08115051686763763,0.9074074029922485,0.004126629093661904
climate-model-simulation-crashes,RandomForest,486,54,0.11287311464548111,0.21936629712581635,0.05047954246401787,0.07411506772041321,0.9259259104728699,0.004121959093026817
climate-model-simulation-crashes,XGBoost,486,54,0.07442103326320648,0.17405740916728973,0.04190925508737564,0.056290894746780396,0.9444444179534912,0.0038188151083886623
colleges_usnews,CatBoost,1171,131,0.37652093172073364,0.547353982925415,0.057965680956840515,0.11657228320837021,0.7099236845970154,0.005577015923336148
colleges_usnews,ExtraTrees,1171,131,0.37279170751571655,0.5456068515777588,0.06187765300273895,0.14987169206142426,0.7022900581359863,0.005628986982628703
colleges_usnews,LightGBM,1171,131,0.38873282074928284,0.5634540319442749,0.07679609954357147,0.12806525826454163,0.7022900581359863,0.005647317972034216
colleges_usnews,LinearModel,1171,131,0.39271989464759827,0.5663552284240723,0.062193695455789566,0.12755879759788513,0.6717557311058044,0.006027234019711614
colleges_usnews,NeuralNetFastAI,1171,131,0.3989887535572052,0.5733241438865662,0.07752979546785355,0.13958661258220673,0.6793892979621887,0.005967375007458031
colleges_usnews,NeuralNetTorch,1171,131,0.3894575238227844,0.559306800365448,0.07883592694997787,0.15322211384773254,0.6870229244232178,0.005785686080344021
colleges_usnews,RandomForest,1171,131,0.36931541562080383,0.5589020252227783,0.058209069073200226,0.14103226363658905,0.7022900581359863,0.0058878910494968295
colleges_usnews,XGBoost,1171,131,0.3962686061859131,0.5704718232154846,0.07986851036548615,0.14440391957759857,0.694656491279602,0.006023625028319657
cpu_act,CatBoost,7372,820,0.06489989906549454,0.11094600707292557,0.013057803735136986,0.02463517338037491,0.9585365653038025,0.021242345101200044
cpu_act,ExtraTrees,7372,820,0.07801798731088638,0.13209909200668335,0.016587916761636734,0.033449359238147736,0.9512194991111755,0.02732158696744591
cpu_act,LightGBM,7372,820,0.06646563112735748,0.11213207989931107,0.013475153595209122,0.02476840652525425,0.962195098400116,0.022050229948945343
cpu_act,LinearModel,7372,820,0.08405657857656479,0.14316527545452118,0.015945713967084885,0.029863910749554634,0.9439024329185486,0.0216941989492625
cpu_act,NeuralNetFastAI,7372,820,0.07080551981925964,0.12062304466962814,0.01675286516547203,0.034677550196647644,0.949999988079071,0.022553680930286646
cpu_act,NeuralNetTorch,7372,820,0.07435277849435806,0.12710879743099213,0.016620038077235222,0.03537639230489731,0.957317054271698,0.02189888700377196
cpu_act,RandomForest,7372,820,0.07723329961299896,0.134627565741539,0.021949080750346184,0.03851154446601868,0.954878032207489,0.03278233902528882
cpu_act,XGBoost,7372,820,0.06435322761535645,0.1099095568060875,0.014683765359222889,0.026326801627874374,0.9560975432395935,0.02170552290044725
cpu_small,CatBoost,7372,820,0.09568783640861511,0.1535998433828354,0.010992821305990219,0.032709527760744095,0.9365853667259216,0.021643688902258873
cpu_small,ExtraTrees,7372,820,0.10577423870563507,0.17153991758823395,0.016222689300775528,0.029080253094434738,0.9256097674369812,0.02649128995835781
cpu_small,LightGBM,7372,820,0.09605889767408371,0.15475642681121826,0.00979016162455082,0.036792464554309845,0.9341463446617126,0.021382004022598267
cpu_small,LinearModel,7372,820,0.12652269005775452,0.20069453120231628,0.01056131161749363,0.024887820705771446,0.9073171019554138,0.02270480594597757
cpu_small,NeuralNetFastAI,7372,820,0.10890542715787888,0.17035190761089325,0.00851382128894329,0.030193844810128212,0.9219512343406677,0.02399597503244877
cpu_small,NeuralNetTorch,7372,820,0.10356299579143524,0.16518449783325195,0.012283287942409515,0.026834752410650253,0.9207317233085632,0.021048730006441474
cpu_small,RandomForest,7372,820,0.10290086269378662,0.1671116203069687,0.014332093298435211,0.03150153160095215,0.9341463446617126,0.032643927028402686
cpu_small,XGBoost,7372,820,0.09804609417915344,0.15817537903785706,0.010923804715275764,0.03263973444700241,0.9365853667259216,0.022088135010562837
credit-g,CatBoost,900,100,0.2743864357471466,0.4244999587535858,0.047849852591753006,0.12551018595695496,0.8199999928474426,0.004852405050769448
credit-g,ExtraTrees,900,100,0.2942209541797638,0.4508156478404999,0.05813785642385483,0.11765842139720917,0.800000011920929,0.005136199994012713
credit-g,LightGBM,900,100,0.28681379556655884,0.4449148178100586,0.04552251100540161,0.08520739525556564,0.800000011920929,0.005289789987728
credit-g,LinearModel,900,100,0.3072735667228699,0.4707084596157074,0.05947116017341614,0.08961929380893707,0.7900000214576721,0.005216530989855528
credit-g,NeuralNetFastAI,900,100,0.29520493745803833,0.4495662748813629,0.045735426247119904,0.09201252460479736,0.800000011920929,0.005100385984405875
credit-g,NeuralNetTorch,900,100,0.3046703338623047,0.47167259454727173,0.08432665467262268,0.10207613557577133,0.7599999904632568,0.005279567907564342
credit-g,RandomForest,900,100,0.27415648102760315,0.42552852630615234,0.058973655104637146,0.09646438807249069,0.7900000214576721,0.005180232925340533
credit-g,XGBoost,900,100,0.293118417263031,0.4458916187286377,0.04228605329990387,0.07888773083686829,0.7699999809265137,0.0048500970005989075
cylinder-bands,CatBoost,486,54,0.19875572621822357,0.3172636032104492,0.07101353257894516,0.12374981492757797,0.8333333134651184,0.003816194017417729
cylinder-bands,ExtraTrees,486,54,0.1920941025018692,0.3224208950996399,0.07515774667263031,0.11427783221006393,0.8518518805503845,0.0038349839160218835
cylinder-bands,LightGBM,486,54,0.1988500952720642,0.3232707381248474,0.07871352136135101,0.144365131855011,0.8518518805503845,0.0038066679844632745
cylinder-bands,LinearModel,486,54,0.2723795473575592,0.42287325859069824,0.06946355849504471,0.16829758882522583,0.8148148059844971,0.003901276970282197
cylinder-bands,NeuralNetFastAI,486,54,0.24719049036502838,0.39922958612442017,0.0884106308221817,0.1715434044599533,0.8703703880310059,0.004091958981007338
cylinder-bands,NeuralNetTorch,486,54,0.2295897752046585,0.36878713965415955,0.11003167927265167,0.13338367640972137,0.8888888955116272,0.004133717040531337
cylinder-bands,RandomForest,486,54,0.1826348453760147,0.30480465292930603,0.05610501021146774,0.11244732141494751,0.9074074029922485,0.004159905016422272
cylinder-bands,XGBoost,486,54,0.1775752753019333,0.30175337195396423,0.059630218893289566,0.1355789750814438,0.8518518805503845,0.004002380999736488
delta_ailerons,CatBoost,6416,713,0.08970840275287628,0.17944861948490143,0.009930306114256382,0.019960088655352592,0.9453015327453613,0.019660728983581066
delta_ailerons,ExtraTrees,6416,713,0.09517909586429596,0.4016156494617462,0.021720530465245247,0.027470258995890617,0.9453015327453613,0.019690199987962842
delta_ailerons,LightGBM,6416,713,0.09121754765510559,0.18433009088039398,0.010516149923205376,0.024293024092912674,0.9424964785575867,0.019834424019791186
delta_ailerons,LinearModel,6416,713,0.11171244084835052,0.22179552912712097,0.012805508449673653,0.033930353820323944,0.9382889270782471,0.01990007096901536
delta_ailerons,NeuralNetFastAI,6416,713,0.10176046937704086,0.20175054669380188,0.010411820374429226,0.025933492928743362,0.9424964785575867,0.020273215021006763
delta_ailerons,NeuralNetTorch,6416,713,0.10064899176359177,0.198542982339859,0.012310379184782505,0.024967320263385773,0.9438990354537964,0.02010206994600594
delta_ailerons,RandomForest,6416,713,0.09365054219961166,0.185523122549057,0.013616099953651428,0.018613986670970917,0.9438990354537964,0.019793340004980564
delta_ailerons,XGBoost,6416,713,0.09184550493955612,0.18615488708019257,0.012629895471036434,0.025696005672216415,0.946704089641571,0.019354759948328137
delta_elevators,CatBoost,8565,952,0.1766582727432251,0.2967529892921448,0.011431769467890263,0.01808113604784012,0.8855041861534119,0.025717384996823967
delta_elevators,ExtraTrees,8565,952,0.17963656783103943,0.29945623874664307,0.010337128303945065,0.025810888037085533,0.8792017102241516,0.0250845430418849
delta_elevators,LightGBM,8565,952,0.1750142127275467,0.2939825654029846,0.013482918031513691,0.03086828999221325,0.8897058963775635,0.02563220902811736
delta_elevators,LinearModel,8565,952,0.18029989302158356,0.3111605942249298,0.016326475888490677,0.0342201292514801,0.881302535533905,0.025236619054339826
delta_elevators,NeuralNetFastAI,8565,952,0.1780066341161728,0.29937097430229187,0.009368404746055603,0.021514439955353737,0.8771008253097534,0.0250853089382872
delta_elevators,NeuralNetTorch,8565,952,0.1763554811477661,0.2955677807331085,0.010581016540527344,0.02154318243265152,0.8771008253097534,0.02555138396564871
delta_elevators,RandomForest,8565,952,0.18332572281360626,0.30458083748817444,0.01185700949281454,0.03415825217962265,0.8728991746902466,0.024812664021737874
delta_elevators,XGBoost,8565,952,0.17655950784683228,0.2955389618873596,0.00952143780887127,0.02406873181462288,0.8823529481887817,0.026308186003006995
diabetes,CatBoost,691,77,0.24802809953689575,0.3919571042060852,0.04366680979728699,0.10818689316511154,0.8311688303947449,0.004729093983769417
diabetes,ExtraTrees,691,77,0.23474574089050293,0.3729003369808197,0.05554700270295143,0.10697201639413834,0.8571428656578064,0.004592281999066472
diabetes,LightGBM,691,77,0.243985116481781,0.38612958788871765,0.036591216921806335,0.10259966552257538,0.8311688303947449,0.004490659921430051
diabetes,LinearModel,691,77,0.22548943758010864,0.3664839565753937,0.06006651371717453,0.11704930663108826,0.8311688303947449,0.004321697051636875
diabetes,NeuralNetFastAI,691,77,0.24161118268966675,0.3850420415401459,0.0636460930109024,0.11060965806245804,0.8181818127632141,0.004300565924495459
diabetes,NeuralNetTorch,691,77,0.24521178007125854,0.3843057453632355,0.048587311059236526,0.1390438824892044,0.8311688303947449,0.004308620002120733
diabetes,RandomForest,691,77,0.24164533615112305,0.38443058729171753,0.048591531813144684,0.1245381310582161,0.8311688303947449,0.004675197065807879
diabetes,XGBoost,691,77,0.2582932412624359,0.40888309478759766,0.04153981804847717,0.1326582282781601,0.8051947951316833,0.004714844049885869
dresses-sales,CatBoost,450,50,0.4771885573863983,0.6701297163963318,0.07276298105716705,0.07949279993772507,0.6000000238418579,0.004069995018653572
dresses-sales,ExtraTrees,450,50,0.5087937712669373,0.7038232684135437,0.10579672455787659,0.14505714178085327,0.5799999833106995,0.0040078910533338785
dresses-sales,LightGBM,450,50,0.4897686243057251,0.6856628656387329,0.069993756711483,0.13436150550842285,0.6000000238418579,0.0038074241019785404
dresses-sales,LinearModel,450,50,0.4933345317840576,0.6899397969245911,0.11025756597518921,0.18884356319904327,0.6600000262260437,0.0038096540374681354
dresses-sales,NeuralNetFastAI,450,50,0.4863256812095642,0.6854661703109741,0.09294936060905457,0.20642268657684326,0.6800000071525574,0.00407683290541172
dresses-sales,NeuralNetTorch,450,50,0.4828273057937622,0.6781938672065735,0.09125800430774689,0.15937268733978271,0.6200000047683716,0.003723273053765297
dresses-sales,RandomForest,450,50,0.5099779367446899,0.7055352926254272,0.08580407500267029,0.16435447335243225,0.5799999833106995,0.003701518988236785
dresses-sales,XGBoost,450,50,0.49928203225135803,0.6960746645927429,0.06850691884756088,0.10528077185153961,0.6000000238418579,0.00368666707072407
eeg-eye-state,CatBoost,13482,1498,0.061647769063711166,0.10654783248901367,0.012374203652143478,0.014731642790138721,0.9586114883422852,0.03947997104842216
eeg-eye-state,ExtraTrees,13482,1498,0.08481798321008682,0.1408642679452896,0.025371601805090904,0.02761043608188629,0.9419225454330444,0.037890346022322774
eeg-eye-state,LightGBM,13482,1498,0.068538598716259,0.11646044254302979,0.015977418050169945,0.016919970512390137,0.9552736878395081,0.03926750388927758
eeg-eye-state,LinearModel,13482,1498,0.44817405939102173,0.6385047435760498,0.020731881260871887,0.048115141689777374,0.6321762204170227,0.0380465550115332
eeg-eye-state,NeuralNetFastAI,13482,1498,0.2527870833873749,0.39912399649620056,0.04926179721951485,0.08407986164093018,0.8204272389411926,0.03818654897622764
eeg-eye-state,NeuralNetTorch,13482,1498,0.02601749263703823,0.04737529903650284,0.0030839804094284773,0.011314252391457558,0.9813084006309509,0.03890345094259828
eeg-eye-state,RandomForest,13482,1498,0.09711089730262756,0.16427884995937347,0.024124065414071083,0.023760195821523666,0.9345794320106506,0.038169726030901074
eeg-eye-state,XGBoost,13482,1498,0.0717623308300972,0.12180531769990921,0.014522606506943703,0.014585603959858418,0.9539386034011841,0.039050490013323724
electricity,CatBoost,40780,4532,0.08100812137126923,0.1399758905172348,0.004246475175023079,0.011544748209416866,0.9477052092552185,0.11045097804162651
electricity,ExtraTrees,40780,4532,0.13706174492835999,0.2267669439315796,0.0055561065673828125,0.013554409146308899,0.908428966999054,0.11230723396874964
electricity,LightGBM,40780,4532,0.08157975226640701,0.1429407000541687,0.006598643958568573,0.01368800550699234,0.9485878348350525,0.11032717500347644
electricity,LinearModel,40780,4532,0.32869434356689453,0.4945369362831116,0.006622813642024994,0.011666852980852127,0.7561782598495483,0.11175187292974442
electricity,NeuralNetFastAI,40780,4532,0.22019577026367188,0.34614670276641846,0.016100941225886345,0.02216559275984764,0.843777596950531,0.1101723329629749
electricity,NeuralNetTorch,40780,4532,0.18585844337940216,0.29915285110473633,0.019959671422839165,0.030834365636110306,0.8718005418777466,0.11129138700198382
electricity,RandomForest,40780,4532,0.10626737773418427,0.19894976913928986,0.008506657555699348,0.014471013098955154,0.9298322796821594,0.11334807402454317
electricity,XGBoost,40780,4532,0.07954868674278259,0.13958461582660675,0.005517102312296629,0.010803300887346268,0.948808491230011,0.10958863201085478
fri_c0_1000_5,CatBoost,900,100,0.12099143862724304,0.18941499292850494,0.0553051121532917,0.0957951545715332,0.9100000262260437,0.0052572430577129126
fri_c0_1000_5,ExtraTrees,900,100,0.14023566246032715,0.21608856320381165,0.04957596957683563,0.09666851162910461,0.8899999856948853,0.005366071010939777
fri_c0_1000_5,LightGBM,900,100,0.114947110414505,0.17817726731300354,0.035387542098760605,0.07370065152645111,0.9100000262260437,0.005155247985385358
fri_c0_1000_5,LinearModel,900,100,0.2083289474248886,0.3559873104095459,0.06707428395748138,0.1339370310306549,0.8899999856948853,0.004918042104691267
fri_c0_1000_5,NeuralNetFastAI,900,100,0.09841640293598175,0.15594634413719177,0.04228378087282181,0.0680607259273529,0.9399999976158142,0.005039626965299249
fri_c0_1000_5,NeuralNetTorch,900,100,0.09910310059785843,0.15210337936878204,0.028033394366502762,0.06922955065965652,0.9100000262260437,0.0049498549196869135
fri_c0_1000_5,RandomForest,900,100,0.12451109290122986,0.20996534824371338,0.044435933232307434,0.08048141747713089,0.9300000071525574,0.004890960990451276
fri_c0_1000_5,XGBoost,900,100,0.136137917637825,0.21359330415725708,0.03751619905233383,0.10375010967254639,0.8799999952316284,0.004953199997544289
fri_c0_500_5,CatBoost,450,50,0.20617710053920746,0.31280431151390076,0.08005283027887344,0.14372406899929047,0.8399999737739563,0.00401277793571353
fri_c0_500_5,ExtraTrees,450,50,0.25049418210983276,0.3889520764350891,0.09257431328296661,0.1283104121685028,0.800000011920929,0.004047621972858906
fri_c0_500_5,LightGBM,450,50,0.20273500680923462,0.3092062771320343,0.07586587965488434,0.1300809234380722,0.8600000143051147,0.003736087935976684
fri_c0_500_5,LinearModel,450,50,0.28182557225227356,0.4224015772342682,0.037201687693595886,0.13298453390598297,0.7799999713897705,0.004008461954072118
fri_c0_500_5,NeuralNetFastAI,450,50,0.20293869078159332,0.29537543654441833,0.08044373989105225,0.10564173012971878,0.8399999737739563,0.004013609024696052
fri_c0_500_5,NeuralNetTorch,450,50,0.2052968591451645,0.30233895778656006,0.07812757045030594,0.12452271580696106,0.8600000143051147,0.0038064339896664023
fri_c0_500_5,RandomForest,450,50,0.2664465308189392,0.39309683442115784,0.08837929368019104,0.15917378664016724,0.7799999713897705,0.004047496011480689
fri_c0_500_5,XGBoost,450,50,0.22544284164905548,0.3505854308605194,0.07755215466022491,0.11972817778587341,0.800000011920929,0.003726494964212179
fri_c1_1000_50,CatBoost,900,100,0.11942902207374573,0.20494751632213593,0.01568523421883583,0.07237546145915985,0.8999999761581421,0.004872018005698919
fri_c1_1000_50,ExtraTrees,900,100,0.11516854166984558,0.20337560772895813,0.022442374378442764,0.06506964564323425,0.9300000071525574,0.004877516068518162
fri_c1_1000_50,LightGBM,900,100,0.13824516534805298,0.21601718664169312,0.02926795557141304,0.08494710177183151,0.8700000047683716,0.005049505969509482
fri_c1_1000_50,LinearModel,900,100,0.4102245569229126,0.5966354608535767,0.04701044037938118,0.08437241613864899,0.6700000166893005,0.005287945969030261
fri_c1_1000_50,NeuralNetFastAI,900,100,0.14911223948001862,0.25982409715652466,0.05424441769719124,0.10168448835611343,0.8999999761581421,0.005295496084727347
fri_c1_1000_50,NeuralNetTorch,900,100,0.2298264056444168,0.3619087338447571,0.04906243830919266,0.10397042334079742,0.8399999737739563,0.005144124967046082
fri_c1_1000_50,RandomForest,900,100,0.1547105461359024,0.2665174603462219,0.029927346855401993,0.08455587923526764,0.9100000262260437,0.00517552497331053
fri_c1_1000_50,XGBoost,900,100,0.12303861975669861,0.20335710048675537,0.0293937586247921,0.07919257879257202,0.8999999761581421,0.004998089978471398
fri_c2_1000_25,CatBoost,900,100,0.12389251589775085,0.21254180371761322,0.02987745590507984,0.07988367229700089,0.9200000166893005,0.004948273999616504
fri_c2_1000_25,ExtraTrees,900,100,0.14660018682479858,0.2595517933368683,0.02611881121993065,0.07180000096559525,0.8799999952316284,0.004887563991360366
fri_c2_1000_25,LightGBM,900,100,0.14294975996017456,0.24688774347305298,0.028236862272024155,0.07294139266014099,0.8899999856948853,0.004860840039327741
fri_c2_1000_25,LinearModel,900,100,0.3579760491847992,0.5311928391456604,0.05269893258810043,0.12754587829113007,0.699999988079071,0.004853083053603768
fri_c2_1000_25,NeuralNetFastAI,900,100,0.13199864327907562,0.2301943600177765,0.03500167280435562,0.07945632189512253,0.8899999856948853,0.005271008005365729
fri_c2_1000_25,NeuralNetTorch,900,100,0.13179470598697662,0.22598448395729065,0.020028095692396164,0.05035365745425224,0.8999999761581421,0.0052213899325579405
fri_c2_1000_25,RandomForest,900,100,0.15410195291042328,0.2940662205219269,0.03359533101320267,0.0753515288233757,0.8899999856948853,0.005209745024330914
fri_c2_1000_25,XGBoost,900,100,0.14059682190418243,0.24252250790596008,0.030153173953294754,0.0864604040980339,0.8899999856948853,0.005048308055847883
fri_c2_500_50,CatBoost,450,50,0.19096702337265015,0.29895898699760437,0.05614170432090759,0.1532415747642517,0.8399999737739563,0.0038552869809791446
fri_c2_500_50,ExtraTrees,450,50,0.21577714383602142,0.3322451710700989,0.05483391880989075,0.12439883500337601,0.8199999928474426,0.0038740229792892933
fri_c2_500_50,LightGBM,450,50,0.18229007720947266,0.27830618619918823,0.05464879050850868,0.11673318594694138,0.8799999952316284,0.003824489889666438
fri_c2_500_50,LinearModel,450,50,0.3790096342563629,0.5539016127586365,0.06987610459327698,0.19410689175128937,0.699999988079071,0.0036803600378334522
fri_c2_500_50,NeuralNetFastAI,450,50,0.21361090242862701,0.3666945695877075,0.07266173511743546,0.1671585738658905,0.8799999952316284,0.003706202027387917
fri_c2_500_50,NeuralNetTorch,450,50,0.27313366532325745,0.44077742099761963,0.06483949720859528,0.1679668128490448,0.800000011920929,0.003688985016196966
fri_c2_500_50,RandomForest,450,50,0.22301563620567322,0.3438340723514557,0.05881102383136749,0.11421793699264526,0.8199999928474426,0.003705980023369193
fri_c2_500_50,XGBoost,450,50,0.2287502884864807,0.34908732771873474,0.05578651651740074,0.1270548701286316,0.8399999737739563,0.004025124944746494
fri_c3_1000_10,CatBoost,900,100,0.10615566372871399,0.18187552690505981,0.03349651023745537,0.06852606683969498,0.9300000071525574,0.00527031603269279
fri_c3_1000_10,ExtraTrees,900,100,0.09411685913801193,0.16870082914829254,0.02140863426029682,0.053610023111104965,0.949999988079071,0.005212918040342629
fri_c3_1000_10,LightGBM,900,100,0.11157718300819397,0.18280935287475586,0.022324759513139725,0.07049921900033951,0.9200000166893005,0.005062730051577091
fri_c3_1000_10,LinearModel,900,100,0.3825407028198242,0.5637890696525574,0.04436187446117401,0.14088000357151031,0.7200000286102295,0.005183124914765358
fri_c3_1000_10,NeuralNetFastAI,900,100,0.08531451225280762,0.14329710602760315,0.0403042733669281,0.06016702204942703,0.9399999976158142,0.005193677032366395
fri_c3_1000_10,NeuralNetTorch,900,100,0.09296903759241104,0.16829341650009155,0.030343420803546906,0.06412883847951889,0.949999988079071,0.004850358935073018
fri_c3_1000_10,RandomForest,900,100,0.11584509164094925,0.2155987173318863,0.02360103465616703,0.07030188292264938,0.9399999976158142,0.004894757992587984
fri_c3_1000_10,XGBoost,900,100,0.09894433617591858,0.17891386151313782,0.029343759641051292,0.06293313205242157,0.9399999976158142,0.004828882985748351
fri_c3_1000_25,CatBoost,900,100,0.1101311519742012,0.16572044789791107,0.030573274940252304,0.06406208127737045,0.9100000262260437,0.005134555045515299
fri_c3_1000_25,ExtraTrees,900,100,0.10213234275579453,0.1573169082403183,0.026506535708904266,0.06137775629758835,0.9200000166893005,0.005085640004836023
fri_c3_1000_25,LightGBM,900,100,0.07949318736791611,0.131952166557312,0.020885508507490158,0.06391940265893936,0.9599999785423279,0.0053021779749542475
fri_c3_1000_25,LinearModel,900,100,0.42969903349876404,0.6129599809646606,0.04740745574235916,0.11313307285308838,0.6499999761581421,0.00526579690631479
fri_c3_1000_25,NeuralNetFastAI,900,100,0.08058717101812363,0.1381981074810028,0.024301383644342422,0.051807280629873276,0.9599999785423279,0.00526831392198801
fri_c3_1000_25,NeuralNetTorch,900,100,0.08262065798044205,0.1573982834815979,0.03844612091779709,0.08414740115404129,0.9399999976158142,0.005091071012429893
fri_c3_1000_25,RandomForest,900,100,0.13483117520809174,0.2083638310432434,0.027521539479494095,0.0665302500128746,0.9100000262260437,0.005088947014883161
fri_c3_1000_25,XGBoost,900,100,0.09883762151002884,0.16312529146671295,0.023787420243024826,0.06714345514774323,0.9300000071525574,0.004897936014458537
fri_c3_500_10,CatBoost,450,50,0.20771171152591705,0.3459380865097046,0.0673319399356842,0.1239422932267189,0.8600000143051147,0.003718936932273209
fri_c3_500_10,ExtraTrees,450,50,0.24251361191272736,0.4324343204498291,0.08291295170783997,0.142154261469841,0.8600000143051147,0.0037349730264395475
fri_c3_500_10,LightGBM,450,50,0.2501797080039978,0.4067803919315338,0.07504210621118546,0.139555424451828,0.800000011920929,0.004045321024022996
fri_c3_500_10,LinearModel,450,50,0.3976386785507202,0.5840722322463989,0.0771884173154831,0.1511436104774475,0.7400000095367432,0.0038718919968232512
fri_c3_500_10,NeuralNetFastAI,450,50,0.22137819230556488,0.36607906222343445,0.06074295938014984,0.15596778690814972,0.8399999737739563,0.00393696001265198
fri_c3_500_10,NeuralNetTorch,450,50,0.18455561995506287,0.3055724799633026,0.06352141499519348,0.10954343527555466,0.8999999761581421,0.003970755031332374
fri_c3_500_10,RandomForest,450,50,0.2245311141014099,0.3880870044231415,0.07140081375837326,0.13141758739948273,0.8399999737739563,0.003851106041111052
fri_c3_500_10,XGBoost,450,50,0.20500648021697998,0.34473511576652527,0.06120842695236206,0.12147395312786102,0.8600000143051147,0.004041953943669796
fri_c3_500_50,CatBoost,450,50,0.2128772735595703,0.33958908915519714,0.0670795738697052,0.16184327006340027,0.8399999737739563,0.00402337999548763
fri_c3_500_50,ExtraTrees,450,50,0.192050039768219,0.3083373010158539,0.05603569746017456,0.16171588003635406,0.8199999928474426,0.0038323109038174152
fri_c3_500_50,LightGBM,450,50,0.1867910623550415,0.3174910843372345,0.03899674862623215,0.1049831286072731,0.8799999952316284,0.003764329943805933
fri_c3_500_50,LinearModel,450,50,0.436552494764328,0.6206270456314087,0.11426219344139099,0.1913648545742035,0.5600000023841858,0.0037262620171532035
fri_c3_500_50,NeuralNetFastAI,450,50,0.43065083026885986,0.6171643137931824,0.087473064661026,0.17947542667388916,0.6800000071525574,0.003660581074655056
fri_c3_500_50,NeuralNetTorch,450,50,0.4335293471813202,0.6247332692146301,0.12351550161838531,0.15056252479553223,0.6800000071525574,0.0038167479215189815
fri_c3_500_50,RandomForest,450,50,0.19170644879341125,0.30648288130760193,0.036427367478609085,0.09579385071992874,0.8600000143051147,0.0039475420489907265
fri_c3_500_50,XGBoost,450,50,0.1714695543050766,0.29834192991256714,0.03912188112735748,0.12791499495506287,0.8799999952316284,0.003919011913239956
fri_c4_500_100,CatBoost,450,50,0.1669546365737915,0.25057271122932434,0.059127744287252426,0.1304549276828766,0.8999999761581421,0.003823250997811556
fri_c4_500_100,ExtraTrees,450,50,0.15539748966693878,0.2374597042798996,0.06635784357786179,0.09633584320545197,0.8399999737739563,0.0037933929124847054
fri_c4_500_100,LightGBM,450,50,0.15438327193260193,0.24626263976097107,0.052496060729026794,0.13724638521671295,0.8999999761581421,0.003994669998064637
fri_c4_500_100,LinearModel,450,50,0.4609858989715576,0.6529199481010437,0.07792551070451736,0.15115240216255188,0.6000000238418579,0.003802314051426947
fri_c4_500_100,NeuralNetFastAI,450,50,0.4517652094364166,0.6435467004776001,0.07981617748737335,0.15505048632621765,0.5799999833106995,0.003996302955783904
fri_c4_500_100,NeuralNetTorch,450,50,0.44841933250427246,0.6401661038398743,0.10334551334381104,0.11397676169872284,0.7200000286102295,0.003832521033473313
fri_c4_500_100,RandomForest,450,50,0.172515407204628,0.2638331651687622,0.0483427569270134,0.10866935551166534,0.8799999952316284,0.0036777780624106526
fri_c4_500_100,XGBoost,450,50,0.1514754444360733,0.2341795563697815,0.05703066289424896,0.056789178401231766,0.8799999952316284,0.003625190001912415
fried,CatBoost,36691,4077,0.0925815999507904,0.14593741297721863,0.007679583039134741,0.011073650792241096,0.9308314919471741,0.10124357405584306
fried,ExtraTrees,36691,4077,0.11410869657993317,0.17889653146266937,0.00887573417276144,0.01552191749215126,0.9200392365455627,0.10199013294186443
fried,LightGBM,36691,4077,0.0934944823384285,0.147724911570549,0.007504192180931568,0.012039643712341785,0.9293597936630249,0.10415244300384074
fried,LinearModel,36691,4077,0.2329278588294983,0.3783631920814514,0.010324427857995033,0.025411278009414673,0.8400784730911255,0.09944407502189279
fried,NeuralNetFastAI,36691,4077,0.09122615307569504,0.14432819187641144,0.008587032556533813,0.010870673693716526,0.9347559213638306,0.10146627796348184
fried,NeuralNetTorch,36691,4077,0.0908508375287056,0.14406339824199677,0.007304750382900238,0.011094344779849052,0.9354918003082275,0.1023401040583849
fried,RandomForest,36691,4077,0.1155969500541687,0.182268887758255,0.009116514585912228,0.016189418733119965,0.9151336550712585,0.10277084808330983
fried,XGBoost,36691,4077,0.09462276101112366,0.15056003630161285,0.007372703403234482,0.011796737089753151,0.9335295557975769,0.10305356909520924
gina,CatBoost,2837,316,0.060294587165117264,0.10353360325098038,0.009295801632106304,0.026553761214017868,0.9620253443717957,0.010159873054362833
gina,ExtraTrees,2837,316,0.09409887343645096,0.1612883359193802,0.013349343091249466,0.036143019795417786,0.9430379867553711,0.010089424904435873
gina,LightGBM,2837,316,0.06334052234888077,0.11103545874357224,0.009686911478638649,0.027822239324450493,0.9588607549667358,0.009778543026186526
gina,LinearModel,2837,316,0.23639847338199615,0.38111427426338196,0.05749731883406639,0.11266019940376282,0.8481012582778931,0.010221641045063734
gina,NeuralNetFastAI,2837,316,0.0645284578204155,0.12424369901418686,0.04225523769855499,0.06816470623016357,0.9683544039726257,0.010510827996768057
gina,NeuralNetTorch,2837,316,0.05806198716163635,0.11319703608751297,0.03256327658891678,0.05484245344996452,0.9778481125831604,0.010247846017591655
gina,RandomForest,2837,316,0.09143128991127014,0.15640030801296234,0.012003716081380844,0.03174396976828575,0.9430379867553711,0.010297361994162202
gina,XGBoost,2837,316,0.06807491183280945,0.11767254769802094,0.009625313803553581,0.024824295192956924,0.9556962251663208,0.009847971028648317
hill-valley,CatBoost,1090,122,0.48015838861465454,0.6729966402053833,0.0522790402173996,0.0776636153459549,0.5819672346115112,0.0053821110632270575
hill-valley,ExtraTrees,1090,122,0.4669119417667389,0.6592284440994263,0.04285331815481186,0.08265127241611481,0.5819672346115112,0.00563370599411428
hill-valley,LightGBM,1090,122,0.4516497552394867,0.6430394053459167,0.046340979635715485,0.08981452882289886,0.6065573692321777,0.0057317729806527495
hill-valley,LinearModel,1090,122,0.16769741475582123,0.321576863527298,0.09001773595809937,0.13315095007419586,0.9098360538482666,0.0056094699539244175
hill-valley,NeuralNetFastAI,1090,122,0.285934180021286,0.43026062846183777,0.15092572569847107,0.15922518074512482,0.9098360538482666,0.005782770924270153
hill-valley,NeuralNetTorch,1090,122,0.12958095967769623,0.21600468456745148,0.032072074711322784,0.06731747090816498,0.9098360538482666,0.005860681994818151
hill-valley,RandomForest,1090,122,0.4685641825199127,0.6608374118804932,0.056534722447395325,0.07492466270923615,0.631147563457489,0.005696356995031238
hill-valley,XGBoost,1090,122,0.4761112928390503,0.668822169303894,0.03543845936655998,0.03633132949471474,0.5983606576919556,0.005344945937395096
hiva_agnostic,CatBoost,3806,423,0.060602810233831406,0.13219323754310608,0.00971115380525589,0.01872493512928486,0.9669030904769897,0.012265621917322278
hiva_agnostic,ExtraTrees,3806,423,0.06180248036980629,0.13943599164485931,0.011368576437234879,0.015205306932330132,0.9669030904769897,0.01324232795741409
hiva_agnostic,LightGBM,3806,423,0.06276732683181763,0.1371326744556427,0.010220744647085667,0.018199458718299866,0.9669030904769897,0.01279515796341002
hiva_agnostic,LinearModel,3806,423,0.08690249919891357,0.18373166024684906,0.06311924755573273,0.05463341251015663,0.9503546357154846,0.013032043003477156
hiva_agnostic,NeuralNetFastAI,3806,423,0.07364323735237122,0.1534103900194168,0.03504548966884613,0.029043324291706085,0.9503546357154846,0.012279388960450888
hiva_agnostic,NeuralNetTorch,3806,423,0.07318143546581268,0.15362152457237244,0.029421711340546608,0.03157834708690643,0.9550827145576477,0.012622763053514063
hiva_agnostic,RandomForest,3806,423,0.06174483150243759,0.13539287447929382,0.009859170764684677,0.014746501110494137,0.9669030904769897,0.013196893036365509
hiva_agnostic,XGBoost,3806,423,0.06043488532304764,0.13182388246059418,0.010325525887310505,0.019090119749307632,0.9692671298980713,0.012865422992035747
houses,CatBoost,18576,2064,0.01624905690550804,0.029260804876685143,0.0031273311469703913,0.007351446896791458,0.9903100728988647,0.05156433500815183
houses,ExtraTrees,18576,2064,0.01574890874326229,0.02864086627960205,0.003845643252134323,0.007334528490900993,0.9898256063461304,0.07759865291882306
houses,LightGBM,18576,2064,0.017951324582099915,0.031852155923843384,0.004377289675176144,0.008379709906876087,0.9864341020584106,0.051404437981545925
houses,LinearModel,18576,2064,0.046749845147132874,0.08331596851348877,0.007233362179249525,0.01908719539642334,0.9685077667236328,0.051406448939815164
houses,NeuralNetFastAI,18576,2064,0.01797165535390377,0.032138559967279434,0.004989397246390581,0.007286113686859608,0.9864341020584106,0.05199404200538993
houses,NeuralNetTorch,18576,2064,0.01861674152314663,0.03311852738261223,0.0038675693795084953,0.0072128563188016415,0.9874030947685242,0.06257592199835926
houses,RandomForest,18576,2064,0.018919534981250763,0.03295544162392616,0.003424655878916383,0.00668620178475976,0.9883720874786377,0.09422157297376543
houses,XGBoost,18576,2064,0.017788317054510117,0.03156473487615585,0.003909928258508444,0.006929872091859579,0.9893410801887512,0.05146098998375237
ilpd,CatBoost,524,59,0.3709457516670227,0.5404931902885437,0.057237349450588226,0.09375175833702087,0.7118644118309021,0.004214914049953222
ilpd,ExtraTrees,524,59,0.35559895634651184,0.5128206610679626,0.04642872139811516,0.1388349086046219,0.7288135886192322,0.004023357992991805
ilpd,LightGBM,524,59,0.3634563088417053,0.5290433168411255,0.07756638526916504,0.15447163581848145,0.7288135886192322,0.004231387050822377
ilpd,LinearModel,524,59,0.40269458293914795,0.7131407856941223,0.08222922682762146,0.16956952214241028,0.6440678238868713,0.004127043066546321
ilpd,NeuralNetFastAI,524,59,0.35756343603134155,0.5083644390106201,0.07764147222042084,0.1452798843383789,0.6440678238868713,0.004028436029329896
ilpd,NeuralNetTorch,524,59,0.3750765025615692,0.5486685633659363,0.0755632221698761,0.1157936379313469,0.6440678238868713,0.004241197952069342
ilpd,RandomForest,524,59,0.36495187878608704,0.5281234979629517,0.043574415147304535,0.11566746234893799,0.694915235042572,0.003917447989806533
ilpd,XGBoost,524,59,0.3749470114707947,0.5416130423545837,0.06672422587871552,0.13531018793582916,0.7288135886192322,0.0038981310790404677
jasmine,CatBoost,2685,299,0.26434871554374695,0.4039424657821655,0.025505809113383293,0.07560593634843826,0.8060200810432434,0.009458604035899043
jasmine,ExtraTrees,2685,299,0.27160581946372986,0.4077143371105194,0.01811186596751213,0.04909878224134445,0.8160535097122192,0.011897673015482724
jasmine,LightGBM,2685,299,0.25919830799102783,0.39935144782066345,0.027708902955055237,0.059515710920095444,0.8127090334892273,0.009983383002690971
jasmine,LinearModel,2685,299,0.29832205176353455,0.4527374505996704,0.04874062538146973,0.05616529658436775,0.7926421165466309,0.009864835999906063
jasmine,NeuralNetFastAI,2685,299,0.28410282731056213,0.42942216992378235,0.03728969022631645,0.05943063274025917,0.8060200810432434,0.00948775396682322
jasmine,NeuralNetTorch,2685,299,0.284544974565506,0.42942091822624207,0.036086004227399826,0.05691593140363693,0.7993311285972595,0.00952668790705502
jasmine,RandomForest,2685,299,0.2627975642681122,0.3966383934020996,0.03166480362415314,0.06132865324616432,0.8260869383811951,0.01169087493326515
jasmine,XGBoost,2685,299,0.2576054036617279,0.3958299458026886,0.018618900328874588,0.05174567177891731,0.8260869383811951,0.010055090999230742
jm1,CatBoost,9796,1089,0.26441019773483276,0.41788387298583984,0.01254800520837307,0.026826808229088783,0.8163452744483948,0.028572222916409373
jm1,ExtraTrees,9796,1089,0.2617851793766022,0.411500483751297,0.012387622147798538,0.02567467838525772,0.8172635436058044,0.0291305729188025
jm1,LightGBM,9796,1089,0.2642454504966736,0.4182833433151245,0.01359550654888153,0.023602768778800964,0.8200183510780334,0.028587289969436824
jm1,LinearModel,9796,1089,0.2798290252685547,0.44181349873542786,0.013189345598220825,0.028083911165595055,0.8163452744483948,0.027850231039337814
jm1,NeuralNetFastAI,9796,1089,0.2691235840320587,0.4296782612800598,0.018050193786621094,0.03269440308213234,0.8236914873123169,0.028944244026206434
jm1,NeuralNetTorch,9796,1089,0.27548399567604065,0.43452781438827515,0.01795993000268936,0.030028145760297775,0.8154270052909851,0.027244801982305944
jm1,RandomForest,9796,1089,0.2635266184806824,0.4153188169002533,0.024230115115642548,0.03217526525259018,0.8227731585502625,0.02852357691153884
jm1,XGBoost,9796,1089,0.2641114890575409,0.41726624965667725,0.01014376524835825,0.023009715601801872,0.8200183510780334,0.027265454991720617
kc1,CatBoost,1898,211,0.18041832745075226,0.3045874238014221,0.022634349763393402,0.05118595436215401,0.8720378875732422,0.007501635001972318
kc1,ExtraTrees,1898,211,0.27846759557724,0.4113280177116394,0.1681344211101532,0.16597136855125427,0.8720378875732422,0.00767770002130419
kc1,LightGBM,1898,211,0.19071049988269806,0.31612443923950195,0.016384661197662354,0.029483046382665634,0.8767772316932678,0.007626981940120459
kc1,LinearModel,1898,211,0.21116048097610474,0.3429107069969177,0.028288617730140686,0.06498528271913528,0.8530805706977844,0.007355466019362211
kc1,NeuralNetFastAI,1898,211,0.18970316648483276,0.31585296988487244,0.030846383422613144,0.04833344370126724,0.8720378875732422,0.007717569009400904
kc1,NeuralNetTorch,1898,211,0.2118258774280548,0.33853679895401,0.025550495833158493,0.049860239028930664,0.8483412265777588,0.0073811899637803435
kc1,RandomForest,1898,211,0.2993518114089966,0.4335446357727051,0.18295633792877197,0.16960129141807556,0.8672986030578613,0.007520659943111241
kc1,XGBoost,1898,211,0.20037877559661865,0.3315494656562805,0.023958507925271988,0.03836677223443985,0.8767772316932678,0.007877048919908702
kc2,CatBoost,469,53,0.247683584690094,0.3715808093547821,0.0769529789686203,0.1455593705177307,0.7735849022865295,0.0038670250214636326
kc2,ExtraTrees,469,53,0.2783629298210144,0.4246988594532013,0.09189362078905106,0.1418437659740448,0.7924528121948242,0.0038804039359092712
kc2,LightGBM,469,53,0.22869189083576202,0.34467658400535583,0.08604085445404053,0.15216021239757538,0.7924528121948242,0.0037623830139636993
kc2,LinearModel,469,53,0.2502610683441162,0.38045358657836914,0.0730888694524765,0.15848512947559357,0.8113207817077637,0.0038866959512233734
kc2,NeuralNetFastAI,469,53,0.2509661614894867,0.3725946843624115,0.07313040643930435,0.11521576344966888,0.7924528121948242,0.003954902058467269
kc2,NeuralNetTorch,469,53,0.25557780265808105,0.38842394948005676,0.06649716943502426,0.12055465579032898,0.7735849022865295,0.0037463580956682563
kc2,RandomForest,469,53,0.23453444242477417,0.3533852696418762,0.06155487895011902,0.13550199568271637,0.7735849022865295,0.0037450739182531834
kc2,XGBoost,469,53,0.23732924461364746,0.3604661226272583,0.07334741204977036,0.17424826323986053,0.7924528121948242,0.0037432460812851787
kdd_el_nino-small,CatBoost,703,79,0.10042668879032135,0.14848768711090088,0.035669635981321335,0.07400061190128326,0.9240506291389465,0.0043704810086637735
kdd_el_nino-small,ExtraTrees,703,79,0.11036963760852814,0.17099986970424652,0.028313592076301575,0.06295887380838394,0.9367088675498962,0.004578112042509019
kdd_el_nino-small,LightGBM,703,79,0.10797549039125443,0.16553360223770142,0.036789655685424805,0.06973528861999512,0.9240506291389465,0.00448042806237936
kdd_el_nino-small,LinearModel,703,79,0.10014118999242783,0.15531688928604126,0.03213045746088028,0.06810139119625092,0.9113923907279968,0.0044748829677701
kdd_el_nino-small,NeuralNetFastAI,703,79,0.09825752675533295,0.1770298331975937,0.01866639405488968,0.04411112889647484,0.949367105960846,0.004693144932389259
kdd_el_nino-small,NeuralNetTorch,703,79,0.12488927692174911,0.20745845139026642,0.03825029730796814,0.07503757625818253,0.9113923907279968,0.004350552102550864
kdd_el_nino-small,RandomForest,703,79,0.10031301528215408,0.14859332144260406,0.025909241288900375,0.060271792113780975,0.9367088675498962,0.004444713005796075
kdd_el_nino-small,XGBoost,703,79,0.10735642164945602,0.1754063069820404,0.034914832562208176,0.06082012876868248,0.9367088675498962,0.004447408951818943
kdd_internet_usage,CatBoost,9097,1011,0.15018416941165924,0.23751477897167206,0.011800216510891914,0.02533959038555622,0.9010880589485168,0.026209073956124485
kdd_internet_usage,ExtraTrees,9097,1011,0.1605055034160614,0.2525556683540344,0.0172289926558733,0.025093326345086098,0.8832838535308838,0.030119547969661653
kdd_internet_usage,LightGBM,9097,1011,0.15028788149356842,0.23607459664344788,0.015021872706711292,0.025191133841872215,0.8941642045974731,0.026301103993318975
kdd_internet_usage,LinearModel,9097,1011,0.1684097796678543,0.27373892068862915,0.013702268712222576,0.030723264440894127,0.8793274164199829,0.02648524392861873
kdd_internet_usage,NeuralNetFastAI,9097,1011,0.15267176926136017,0.23539555072784424,0.018793977797031403,0.02195092663168907,0.8872403502464294,0.025987216969951987
kdd_internet_usage,NeuralNetTorch,9097,1011,0.15188920497894287,0.23586507141590118,0.018093934282660484,0.029776912182569504,0.8902077078819275,0.02634324599057436
kdd_internet_usage,RandomForest,9097,1011,0.15992797911167145,0.25157374143600464,0.015653029084205627,0.029219605028629303,0.888229489326477,0.03421701490879059
kdd_internet_usage,XGBoost,9097,1011,0.14931242167949677,0.23685725033283234,0.011710691265761852,0.030715201050043106,0.8981207013130188,0.026544354041107
kick,CatBoost,65684,7299,0.16127850115299225,0.28458651900291443,0.004483617842197418,0.007839163765311241,0.9034114480018616,0.17246077000163496
kick,ExtraTrees,65684,7299,0.16950660943984985,0.297895610332489,0.00651151780039072,0.01471170224249363,0.8980682492256165,0.17722935101483017
kick,LightGBM,65684,7299,0.16465289890766144,0.2912624180316925,0.004391498863697052,0.008782539516687393,0.9020413756370544,0.17104883200954646
kick,LinearModel,65684,7299,0.17145726084709167,0.3018317222595215,0.009933039546012878,0.01258817221969366,0.897794246673584,0.16966949007473886
kick,NeuralNetFastAI,65684,7299,0.16363997757434845,0.2885993719100952,0.003590012900531292,0.00988751370459795,0.9023153781890869,0.1758875009836629
kick,NeuralNetTorch,65684,7299,0.16366128623485565,0.2890889644622803,0.0037401393055915833,0.00807544682174921,0.9028633832931519,0.17662639392074198
kick,RandomForest,65684,7299,0.17056013643741608,0.29889264702796936,0.011279193684458733,0.013744644820690155,0.9003973007202148,0.17723561194725335
kick,XGBoost,65684,7299,0.16176488995552063,0.2857907712459564,0.0031139887869358063,0.005757624749094248,0.903685450553894,0.17499740899074823
kin8nm,CatBoost,7372,820,0.14594344794750214,0.2341352105140686,0.017041504383087158,0.03961724787950516,0.8939024209976196,0.022596650989726186
kin8nm,ExtraTrees,7372,820,0.21396997570991516,0.33949628472328186,0.02026786282658577,0.050775643438100815,0.8500000238418579,0.021819969988428056
kin8nm,LightGBM,7372,820,0.15218088030815125,0.24335171282291412,0.014357060194015503,0.036279935389757156,0.8902438879013062,0.022403476061299443
kin8nm,LinearModel,7372,820,0.3561626076698303,0.5341378450393677,0.02285141497850418,0.039921097457408905,0.7292683124542236,0.022272269940003753
kin8nm,NeuralNetFastAI,7372,820,0.1288670301437378,0.2042514830827713,0.015794742852449417,0.03025830164551735,0.9036585092544556,0.02222177793737501
kin8nm,NeuralNetTorch,7372,820,0.12812800705432892,0.20167845487594604,0.015982188284397125,0.03355725482106209,0.9134146571159363,0.022359751048497856
kin8nm,RandomForest,7372,820,0.21274107694625854,0.3362208604812622,0.01816190779209137,0.03785805404186249,0.8487805128097534,0.022220331011340022
kin8nm,XGBoost,7372,820,0.17646797001361847,0.28565844893455505,0.02004113979637623,0.033771172165870667,0.8817073106765747,0.022445446928031743
madeline,CatBoost,2826,314,0.1927366852760315,0.32678839564323425,0.02142537757754326,0.051404763013124466,0.8694267272949219,0.010370127973146737
madeline,ExtraTrees,2826,314,0.2209651917219162,0.3696393072605133,0.02490249276161194,0.0439235083758831,0.8471337556838989,0.010268507990986109
madeline,LightGBM,2826,314,0.2129393368959427,0.35705244541168213,0.02552909590303898,0.041402969509363174,0.8662420511245728,0.009830220020376146
madeline,LinearModel,2826,314,0.48213544487953186,0.674845278263092,0.023281171917915344,0.029963452368974686,0.5891719460487366,0.00991969311144203
madeline,NeuralNetFastAI,2826,314,0.39143094420433044,0.5755197405815125,0.057085469365119934,0.10686657577753067,0.7165604829788208,0.01046699401922524
madeline,NeuralNetTorch,2826,314,0.3654983937740326,0.5460764169692993,0.06263032555580139,0.10076629370450974,0.7484076619148254,0.01034749997779727
madeline,RandomForest,2826,314,0.2312718778848648,0.38947200775146484,0.022602546960115433,0.05203139781951904,0.8503184914588928,0.010195827926509082
madeline,XGBoost,2826,314,0.21710945665836334,0.36312931776046753,0.024358639493584633,0.045238714665174484,0.8662420511245728,0.010113003081642091
madelon,CatBoost,2340,260,0.18851502239704132,0.3176747262477875,0.025276999920606613,0.05687025189399719,0.8692307472229004,0.00859848503023386
madelon,ExtraTrees,2340,260,0.21329815685749054,0.35351866483688354,0.04180685430765152,0.06307363510131836,0.8730769157409668,0.008912529912777245
madelon,LightGBM,2340,260,0.1933107227087021,0.3304246962070465,0.04983033239841461,0.09935212135314941,0.8884615302085876,0.009266423992812634
madelon,LinearModel,2340,260,0.4879401624202728,0.6810287237167358,0.037956640124320984,0.02327580563724041,0.5884615182876587,0.009042292018420994
madelon,NeuralNetFastAI,2340,260,0.4065714180469513,0.5957806706428528,0.08225368708372116,0.14723417162895203,0.7230769395828247,0.008973343996331096
madelon,NeuralNetTorch,2340,260,0.437473326921463,0.628684401512146,0.07660000026226044,0.1328844428062439,0.6846153736114502,0.008805570076219738
madelon,RandomForest,2340,260,0.217830091714859,0.3616640269756317,0.036123260855674744,0.08048861473798752,0.8500000238418579,0.008604646078310907
madelon,XGBoost,2340,260,0.1993347853422165,0.335161417722702,0.03496935963630676,0.06464390456676483,0.8807692527770996,0.008905544062145054
mammography,CatBoost,10064,1119,0.02097201533615589,0.04840407148003578,0.002835612976923585,0.004950287751853466,0.9883824586868286,0.030083003919571638
mammography,ExtraTrees,10064,1119,0.02559807151556015,0.05715765058994293,0.004873184021562338,0.010132361203432083,0.9865951538085938,0.030598868965171278
mammography,LightGBM,10064,1119,0.022685177624225616,0.04976094141602516,0.004225942771881819,0.007922566495835781,0.9874888062477112,0.03027229500003159
mammography,LinearModel,10064,1119,0.030308349058032036,0.07834325730800629,0.007280828431248665,0.009596984833478928,0.9803395867347717,0.028746473020873964
mammography,NeuralNetFastAI,10064,1119,0.02441820129752159,0.05563899502158165,0.004288231022655964,0.01047934964299202,0.9848078489303589,0.030456039938144386
mammography,NeuralNetTorch,10064,1119,0.02528705820441246,0.05620594695210457,0.00314175128005445,0.011792370118200779,0.9857015013694763,0.029018935980275273
mammography,RandomForest,10064,1119,0.026442646980285645,0.05657140910625458,0.005635434295982122,0.006657038815319538,0.9874888062477112,0.034831872093491256
mammography,XGBoost,10064,1119,0.02197638899087906,0.04963186755776405,0.003702937625348568,0.005057651549577713,0.9883824586868286,0.029002409079112113
mc1,CatBoost,8519,947,0.008731028996407986,0.017307765781879425,0.002639729529619217,0.00440131314098835,0.9947201609611511,0.025618253042921424
mc1,ExtraTrees,8519,947,0.008549267426133156,0.018853623420000076,0.0027490127831697464,0.004194188863039017,0.9947201609611511,0.029615208972245455
mc1,LightGBM,8519,947,0.007031944114714861,0.0144813172519207,0.002010988537222147,0.002498856745660305,0.9947201609611511,0.024837690987624228
mc1,LinearModel,8519,947,0.011712090112268925,0.030393851920962334,0.005107159726321697,0.004700912162661552,0.9926082491874695,0.025543656898662448
mc1,NeuralNetFastAI,8519,947,0.010494259186089039,0.026227768510580063,0.0029648125637322664,0.0040059564635157585,0.9947201609611511,0.02431947097647935
mc1,NeuralNetTorch,8519,947,0.011591472662985325,0.029351798817515373,0.004527080804109573,0.003955009859055281,0.9926082491874695,0.02545709302648902
mc1,RandomForest,8519,947,0.010428574867546558,0.021389087662100792,0.0023301313631236553,0.004357336554676294,0.9947201609611511,0.04712434101384133
mc1,XGBoost,8519,947,0.007953392341732979,0.015410215593874454,0.002019568346440792,0.004818044137209654,0.9947201609611511,0.025362640037201345
meta,CatBoost,475,53,0.08946044743061066,0.1459362655878067,0.03575141727924347,0.07313326001167297,0.9622641801834106,0.003913984983228147
meta,ExtraTrees,475,53,0.13152840733528137,0.21759822964668274,0.07208310067653656,0.12644651532173157,0.8867924809455872,0.0038656380493193865
meta,LightGBM,475,53,0.09970354288816452,0.15792594850063324,0.04246620833873749,0.09723921865224838,0.9433962106704712,0.0037879670271649957
meta,LinearModel,475,53,0.08557938039302826,0.14745685458183289,0.04224180057644844,0.08177155256271362,0.9622641801834106,0.00379884394351393
meta,NeuralNetFastAI,475,53,0.12016543745994568,0.19268359243869781,0.0846688523888588,0.12463907897472382,0.8679245114326477,0.004071066039614379
meta,NeuralNetTorch,475,53,0.09833075106143951,0.1540999859571457,0.06638752669095993,0.07612056285142899,0.9622641801834106,0.003907339996658266
meta,RandomForest,475,53,0.15711911022663116,0.25703996419906616,0.13186925649642944,0.14390593767166138,0.9245283007621765,0.004161220975220203
meta,XGBoost,475,53,0.09347160905599594,0.15674945712089539,0.05077865347266197,0.09303029626607895,0.9433962106704712,0.004051114083267748
mozilla4,CatBoost,13990,1555,0.06832250952720642,0.12159731239080429,0.008284389972686768,0.013822229579091072,0.9536977410316467,0.03954977390822023
mozilla4,ExtraTrees,13990,1555,0.07172627747058868,0.17511270940303802,0.0249965600669384,0.031959570944309235,0.9549839496612549,0.041558480937965214
mozilla4,LightGBM,13990,1555,0.06607494503259659,0.12099669128656387,0.012031517922878265,0.016071844846010208,0.9569131731987,0.039129393990151584
mozilla4,LinearModel,13990,1555,0.11492671817541122,0.2021138221025467,0.013634223490953445,0.016868382692337036,0.9318327903747559,0.03905875002965331
mozilla4,NeuralNetFastAI,13990,1555,0.11556678265333176,0.20838533341884613,0.013860316947102547,0.01874542236328125,0.9266880750656128,0.0402485360391438
mozilla4,NeuralNetTorch,13990,1555,0.09039996564388275,0.15869832038879395,0.012520387768745422,0.019014663994312286,0.9408360123634338,0.03907174407504499
mozilla4,RandomForest,13990,1555,0.07069595158100128,0.16647765040397644,0.02415444329380989,0.030360396951436996,0.9536977410316467,0.042060130974277854
mozilla4,XGBoost,13990,1555,0.06781543046236038,0.12069011479616165,0.0073585957288742065,0.017071446403861046,0.9549839496612549,0.039857344003394246
no2,CatBoost,450,50,0.43737196922302246,0.6248300671577454,0.07113736122846603,0.13873514533042908,0.6200000047683716,0.004030436975881457
no2,ExtraTrees,450,50,0.4326275885105133,0.6194741129875183,0.08071941882371902,0.1917925775051117,0.6200000047683716,0.004005515016615391
no2,LightGBM,450,50,0.4294481575489044,0.6170774698257446,0.04911384731531143,0.11537735909223557,0.6600000262260437,0.004082928993739188
no2,LinearModel,450,50,0.47874125838279724,0.6712291240692139,0.13082846999168396,0.1626622974872589,0.5199999809265137,0.00376230594702065
no2,NeuralNetFastAI,450,50,0.4338945150375366,0.6227686405181885,0.07326354086399078,0.16759110987186432,0.6200000047683716,0.003803314990364015
no2,NeuralNetTorch,450,50,0.4457972049713135,0.6370341777801514,0.057776570320129395,0.08574967086315155,0.6600000262260437,0.0037817939883098006
no2,RandomForest,450,50,0.42686471343040466,0.6121851801872253,0.06567981094121933,0.195262610912323,0.6000000238418579,0.003771855030208826
no2,XGBoost,450,50,0.4262208640575409,0.6128349900245667,0.04576246440410614,0.11314447224140167,0.6000000238418579,0.003939884947612882
nomao,CatBoost,31018,3447,0.03797195106744766,0.06747657060623169,0.0034071793779730797,0.0059933713637292385,0.975921094417572,0.08538330905139446
nomao,ExtraTrees,31018,3447,0.05300895869731903,0.1437307596206665,0.012023553252220154,0.019972890615463257,0.9663475751876831,0.14934169594198465
nomao,LightGBM,31018,3447,0.037964172661304474,0.0674227625131607,0.0035670928191393614,0.005046349950134754,0.975921094417572,0.08431442605797201
nomao,LinearModel,31018,3447,0.07320030778646469,0.12518523633480072,0.004339812323451042,0.00687604071572423,0.9503916501998901,0.08471117995213717
nomao,NeuralNetFastAI,31018,3447,0.05277220159769058,0.09249318391084671,0.0054468633607029915,0.010342308320105076,0.967798113822937,0.08430246391799301
nomao,NeuralNetTorch,31018,3447,0.05213899537920952,0.09239326417446136,0.004254911560565233,0.0107312286272645,0.9654772281646729,0.08508223795797676
nomao,RandomForest,31018,3447,0.04995822533965111,0.16340990364551544,0.012889082543551922,0.01993454247713089,0.9704090356826782,0.14729027496650815
nomao,XGBoost,31018,3447,0.03811417892575264,0.0674801766872406,0.0045084296725690365,0.0060003893449902534,0.9756309986114502,0.0859647470060736
numerai28_6,CatBoost,86688,9632,0.49910247325897217,0.6922492384910583,0.00793081521987915,0.0033015734516084194,0.5154692530632019,0.23257155600003898
numerai28_6,ExtraTrees,86688,9632,0.49902740120887756,0.6921725273132324,0.004874080419540405,0.005003571510314941,0.516299843788147,0.23144232400227338
numerai28_6,LightGBM,86688,9632,0.49907463788986206,0.692219078540802,0.00803712010383606,0.0027667188551276922,0.5129776000976562,0.2302402330096811
numerai28_6,LinearModel,86688,9632,0.49908447265625,0.6922308206558228,0.005709509365260601,0.001151037635281682,0.5201411843299866,0.22747492894995958
numerai28_6,NeuralNetFastAI,86688,9632,0.49890366196632385,0.6920504570007324,0.006529383361339569,0.0018410542979836464,0.519518256187439,0.23242394591215998
numerai28_6,NeuralNetTorch,86688,9632,0.49878543615341187,0.6919314861297607,0.004364132881164551,0.003175833262503147,0.5228405594825745,0.22983210894744843
numerai28_6,RandomForest,86688,9632,0.49922874569892883,0.6923741102218628,0.006468527019023895,0.001767628942616284,0.5134966969490051,0.22799269505776465
numerai28_6,XGBoost,86688,9632,0.4991418719291687,0.6922887563705444,0.007571309804916382,0.004465758800506592,0.5131852030754089,0.23125411896035075
ozone-level-8hr,CatBoost,2280,254,0.08243253827095032,0.13878287374973297,0.018441613763570786,0.05626200884580612,0.9448819160461426,0.00851039809640497
ozone-level-8hr,ExtraTrees,2280,254,0.07486104220151901,0.13303013145923615,0.025329306721687317,0.033208053559064865,0.9448819160461426,0.00920249498449266
ozone-level-8hr,LightGBM,2280,254,0.07886214554309845,0.1301811933517456,0.016411125659942627,0.04268417879939079,0.9448819160461426,0.008988411049358547
ozone-level-8hr,LinearModel,2280,254,0.07676659524440765,0.12276753038167953,0.022751469165086746,0.03950463607907295,0.9370078444480896,0.008943854016251862
ozone-level-8hr,NeuralNetFastAI,2280,254,0.0773034617304802,0.12438251823186874,0.021533023566007614,0.03505249693989754,0.9409449100494385,0.008680601022206247
ozone-level-8hr,NeuralNetTorch,2280,254,0.07087983936071396,0.11952671408653259,0.010931383818387985,0.030982606112957,0.9448819160461426,0.008307295036502182
ozone-level-8hr,RandomForest,2280,254,0.07481960207223892,0.1261678785085678,0.012482859194278717,0.01868293620646,0.9488189220428467,0.00985005998518318
ozone-level-8hr,XGBoost,2280,254,0.08210814744234085,0.14009104669094086,0.020960818976163864,0.04971539229154587,0.9488189220428467,0.008915937971323729
parity5_plus_5,CatBoost,1011,113,0.0,0.0,0.0,7.962356818325134e-08,1.0,0.0056839860044419765
parity5_plus_5,ExtraTrees,1011,113,0.04686351493000984,0.08329766243696213,0.01746344566345215,0.03443220257759094,0.9646017551422119,0.005470440024510026
parity5_plus_5,LightGBM,1011,113,0.0,0.0,0.0,7.962356818325134e-08,1.0,0.0058427429758012295
parity5_plus_5,LinearModel,1011,113,0.5,0.6931471824645996,0.25221237540245056,0.004424750804901123,0.4955752193927765,0.0056537960190325975
parity5_plus_5,NeuralNetFastAI,1011,113,0.0,0.0,0.0,7.962356818325134e-08,1.0,0.005368878017179668
parity5_plus_5,NeuralNetTorch,1011,113,0.0,0.0,0.0,7.962356818325134e-08,1.0,0.00541198905557394
parity5_plus_5,RandomForest,1011,113,0.0562000535428524,0.09845831245183945,0.022745275869965553,0.04134751111268997,0.9557521939277649,0.005297107039950788
parity5_plus_5,XGBoost,1011,113,1.0720408726468703e-19,0.0,3.25233451281548e-11,7.962356818325134e-08,1.0,0.0056928780395537615
pbcseq,CatBoost,1750,195,0.18926751613616943,0.3222295939922333,0.03909346088767052,0.06673533469438553,0.8820512890815735,0.00762118399143219
pbcseq,ExtraTrees,1750,195,0.2354869544506073,0.3829748332500458,0.030926961451768875,0.06249186396598816,0.8410256505012512,0.007706311997026205
pbcseq,LightGBM,1750,195,0.19671009480953217,0.3322973847389221,0.03542330488562584,0.06246822327375412,0.8871794939041138,0.007636673981323838
pbcseq,LinearModel,1750,195,0.3957328498363495,0.5746963620185852,0.04744173586368561,0.10249502211809158,0.6666666865348816,0.007568186963908374
pbcseq,NeuralNetFastAI,1750,195,0.29366788268089294,0.4597112536430359,0.04365924373269081,0.08040429651737213,0.7897436022758484,0.007018827949650586
pbcseq,NeuralNetTorch,1750,195,0.3116454482078552,0.48668810725212097,0.07690753042697906,0.1274368166923523,0.8051282167434692,0.007060803007334471
pbcseq,RandomForest,1750,195,0.24059997498989105,0.3966773748397827,0.05192577838897705,0.0990503579378128,0.8717948794364929,0.007301780045963824
pbcseq,XGBoost,1750,195,0.1899699717760086,0.32757362723350525,0.044907230883836746,0.07772620022296906,0.892307698726654,0.007517059100791812
pc1,CatBoost,998,111,0.08036011457443237,0.16242726147174835,0.0170708280056715,0.034346628934144974,0.954954981803894,0.00540360389277339
pc1,ExtraTrees,998,111,0.08215107768774033,0.16309534013271332,0.013968901708722115,0.03797905147075653,0.954954981803894,0.00604393903631717
pc1,LightGBM,998,111,0.08432145416736603,0.17420007288455963,0.017449190840125084,0.035026490688323975,0.954954981803894,0.0054020710522308946
pc1,LinearModel,998,111,0.09448041021823883,0.1866413801908493,0.02063889615237713,0.024866709485650063,0.9459459185600281,0.005440925946459174
pc1,NeuralNetFastAI,998,111,0.09171020984649658,0.17281349003314972,0.03190700709819794,0.05213157832622528,0.954954981803894,0.005340573959983885
pc1,NeuralNetTorch,998,111,0.09267612546682358,0.17037972807884216,0.021851997822523117,0.02759948931634426,0.9459459185600281,0.005200898973271251
pc1,RandomForest,998,111,0.08620260655879974,0.1699085682630539,0.052305757999420166,0.06304654479026794,0.954954981803894,0.00522740907035768
pc1,XGBoost,998,111,0.08261416852474213,0.1564042568206787,0.01685827597975731,0.040323883295059204,0.954954981803894,0.005471118958666921
pc2,CatBoost,5030,559,0.00633282121270895,0.013807393610477448,0.003092945320531726,0.0033621930051594973,0.9964221715927124,0.016180329024791718
pc2,ExtraTrees,5030,559,0.006718430668115616,0.016790809109807014,0.006336689461022615,0.007306895684450865,0.9964221715927124,0.016993483062833548
pc2,LightGBM,5030,559,0.006544444710016251,0.014283879660069942,0.003240790218114853,0.0002153350505977869,0.9964221715927124,0.015398222021758556
pc2,LinearModel,5030,559,0.006449912209063768,0.014098781161010265,0.003567188512533903,0.0034236449282616377,0.9964221715927124,0.01616268092766404
pc2,NeuralNetFastAI,5030,559,0.006699962541460991,0.014941180124878883,0.003427902702242136,0.0005175062688067555,0.9964221715927124,0.016177152981981635
pc2,NeuralNetTorch,5030,559,0.0067901876755058765,0.015498969703912735,0.003400055691599846,0.00018354062922298908,0.9964221715927124,0.015872544958256185
pc2,RandomForest,5030,559,0.006751918699592352,0.016592595726251602,0.006452623289078474,0.005871973931789398,0.9964221715927124,0.015993161010555923
pc2,XGBoost,5030,559,0.005426850635558367,0.01126615609973669,0.0030521638691425323,0.00333335530012846,0.9964221715927124,0.01626635401044041
pc3,CatBoost,1406,157,0.1709752231836319,0.27965331077575684,0.042448416352272034,0.08979576826095581,0.8917197585105896,0.006512632011435926
pc3,ExtraTrees,1406,157,0.17740607261657715,0.2956320643424988,0.09105412662029266,0.10700147598981857,0.8917197585105896,0.006644178065471351
pc3,LightGBM,1406,157,0.1682957261800766,0.28046223521232605,0.031994372606277466,0.031119564548134804,0.8980891704559326,0.006579659995622933
pc3,LinearModel,1406,157,0.20320968329906464,0.34723618626594543,0.05327963829040527,0.10617616027593613,0.8726114630699158,0.006169653031975031
pc3,NeuralNetFastAI,1406,157,0.1778327226638794,0.28969162702560425,0.03580659627914429,0.06577317416667938,0.8980891704559326,0.0061829660553485155
pc3,NeuralNetTorch,1406,157,0.18202058970928192,0.29781341552734375,0.053767815232276917,0.056260500103235245,0.8980891704559326,0.0063633699901402
pc3,RandomForest,1406,157,0.17802971601486206,0.5947979092597961,0.08698852360248566,0.07782906293869019,0.8853503465652466,0.006740455981343985
pc3,XGBoost,1406,157,0.1791735142469406,0.28681203722953796,0.038019854575395584,0.06126057729125023,0.8789808750152588,0.006511503946967423
pc4,CatBoost,1312,146,0.11493679881095886,0.1813235878944397,0.02423838898539543,0.04787661135196686,0.9109588861465454,0.0060586059698835015
pc4,ExtraTrees,1312,146,0.12345132231712341,0.20205476880073547,0.02173539623618126,0.050403282046318054,0.9041095972061157,0.0062479740008711815
pc4,LightGBM,1312,146,0.1177133172750473,0.18958979845046997,0.022045673802495003,0.05963420495390892,0.9109588861465454,0.006230208091437817
pc4,LinearModel,1312,146,0.12132537364959717,0.20336125791072845,0.0484907329082489,0.059153273701667786,0.9041095972061157,0.005951942992396653
pc4,NeuralNetFastAI,1312,146,0.11570233851671219,0.19442540407180786,0.025054892525076866,0.05547148734331131,0.9383561611175537,0.005982675007544458
pc4,NeuralNetTorch,1312,146,0.14272896945476532,0.22024667263031006,0.050207629799842834,0.07493335008621216,0.8835616707801819,0.006122429971583188
pc4,RandomForest,1312,146,0.1198868528008461,0.1833578199148178,0.023859746754169464,0.05941544473171234,0.9109588861465454,0.007416052045300603
pc4,XGBoost,1312,146,0.122801274061203,0.19737005233764648,0.021861983463168144,0.04814312979578972,0.9109588861465454,0.006258414941839874
philippine,CatBoost,5248,584,0.31817036867141724,0.47642815113067627,0.02584090456366539,0.07193390280008316,0.7654109597206116,0.016674835002049804
philippine,ExtraTrees,5248,584,0.31641051173210144,0.4753909707069397,0.023419255390763283,0.037450652569532394,0.767123281955719,0.016355917905457318
philippine,LightGBM,5248,584,0.30125176906585693,0.4556759297847748,0.02333611436188221,0.03196937218308449,0.7808219194412231,0.01666865195147693
philippine,LinearModel,5248,584,0.3730142116546631,0.5562479496002197,0.023488452658057213,0.04808497428894043,0.7226027250289917,0.016966964001767337
philippine,NeuralNetFastAI,5248,584,0.3690248131752014,0.5448957681655884,0.03176902234554291,0.05049680918455124,0.732876718044281,0.016842728946357965
philippine,NeuralNetTorch,5248,584,0.3624565899372101,0.5407529473304749,0.025508634746074677,0.0670587420463562,0.7294520735740662,0.016136561054736376
philippine,RandomForest,5248,584,0.32159700989723206,0.485722154378891,0.016917742788791656,0.049246955662965775,0.7619863152503967,0.01738717604894191
philippine,XGBoost,5248,584,0.30044668912887573,0.45694699883461,0.02413049340248108,0.05106139928102493,0.789383590221405,0.017072562011890113
phoneme,CatBoost,4863,541,0.1346573680639267,0.21827517449855804,0.013217631727457047,0.03610609844326973,0.8964880108833313,0.01534522499423474
phoneme,ExtraTrees,4863,541,0.12302752584218979,0.2042485773563385,0.009191915392875671,0.033255208283662796,0.9094269871711731,0.015611692098900676
phoneme,LightGBM,4863,541,0.13327375054359436,0.21781571209430695,0.014445682056248188,0.031160429120063782,0.905730128288269,0.015768372104503214
phoneme,LinearModel,4863,541,0.32718604803085327,0.4886835515499115,0.03329228237271309,0.08340410888195038,0.7504621148109436,0.01598694105632603
phoneme,NeuralNetFastAI,4863,541,0.15676304697990417,0.25134727358818054,0.01743415743112564,0.043305233120918274,0.8853974342346191,0.015067168977111578
phoneme,NeuralNetTorch,4863,541,0.1450432538986206,0.2427108734846115,0.03373246267437935,0.051877789199352264,0.9001848697662354,0.015467565041035414
phoneme,RandomForest,4863,541,0.13661538064479828,0.23012205958366394,0.028474383056163788,0.04822458699345589,0.9075785875320435,0.015952073968946934
phoneme,XGBoost,4863,541,0.13070540130138397,0.21651259064674377,0.01855594292283058,0.04841185361146927,0.9094269871711731,0.016056290944106877
pm10,CatBoost,450,50,0.43150192499160767,0.6234735250473022,0.09016566723585129,0.14242279529571533,0.7400000095367432,0.0039140250300988555
pm10,ExtraTrees,450,50,0.4493325352668762,0.6416261196136475,0.08463194966316223,0.16093163192272186,0.6399999856948853,0.003942964016459882
pm10,LightGBM,450,50,0.4332060217857361,0.6255209445953369,0.09549885988235474,0.13899430632591248,0.6800000071525574,0.0037391389487311244
pm10,LinearModel,450,50,0.5,0.6931471228599548,0.23000000417232513,0.019999980926513672,0.4399999976158142,0.0037981480127200484
pm10,NeuralNetFastAI,450,50,0.4999050796031952,0.6927331686019897,0.0655125230550766,0.06742385774850845,0.5,0.004086120054125786
pm10,NeuralNetTorch,450,50,0.494399756193161,0.6866457462310791,0.07316164672374725,0.08896881341934204,0.5400000214576721,0.0039163060719147325
pm10,RandomForest,450,50,0.4308479428291321,0.623688280582428,0.08212524652481079,0.16513691842556,0.7200000286102295,0.003884861944243312
pm10,XGBoost,450,50,0.4483723044395447,0.641099214553833,0.09182514995336533,0.14790135622024536,0.6600000262260437,0.003958430956117809
pollen,CatBoost,3463,385,0.499789834022522,0.6929356455802917,0.03528676927089691,0.0058669159188866615,0.4961038827896118,0.012313224957324564
pollen,ExtraTrees,3463,385,0.5,0.6931471228599548,0.19090907275676727,0.0012986958026885986,0.5090909004211426,0.011579273035749793
pollen,LightGBM,3463,385,0.5010581612586975,0.6942105293273926,0.034751489758491516,0.006955495569854975,0.5376623272895813,0.011653961963020265
pollen,LinearModel,3463,385,0.5,0.6931471228599548,0.2493506371974945,0.0012986958026885986,0.501298725605011,0.012235280009917915
pollen,NeuralNetFastAI,3463,385,0.49964484572410583,0.6927984952926636,0.03786689043045044,0.007706803269684315,0.5194805264472961,0.012102251057513058
pollen,NeuralNetTorch,3463,385,0.49991321563720703,0.6930609345436096,0.01982620358467102,0.0035473965108394623,0.5090909004211426,0.012102151988074183
pollen,RandomForest,3463,385,0.4998275935649872,0.6929747462272644,0.031905800104141235,0.0012561380863189697,0.4935064911842346,0.011671317974105477
pollen,XGBoost,3463,385,0.5008251667022705,0.6939725875854492,0.029181629419326782,0.003713908838108182,0.48831167817115784,0.012018160079605877
puma32H,CatBoost,7372,820,0.13147912919521332,0.2112342119216919,0.014230260625481606,0.02886240929365158,0.9073171019554138,0.022906061029061675
puma32H,ExtraTrees,7372,820,0.14242933690547943,0.22246213257312775,0.011027663946151733,0.02768806368112564,0.8963414430618286,0.022279510973021388
puma32H,LightGBM,7372,820,0.14330266416072845,0.22660623490810394,0.009958788752555847,0.028551332652568817,0.8902438879013062,0.022514736047014594
puma32H,LinearModel,7372,820,0.46787840127944946,0.6610006093978882,0.02919885516166687,0.0547141395509243,0.6414633989334106,0.02272210700903088
puma32H,NeuralNetFastAI,7372,820,0.10558854788541794,0.17422057688236237,0.011844657361507416,0.023722149431705475,0.9268292784690857,0.02144905098248273
puma32H,NeuralNetTorch,7372,820,0.10805759578943253,0.18074935674667358,0.014656566083431244,0.02699945867061615,0.9243902564048767,0.022674230975098908
puma32H,RandomForest,7372,820,0.1500990092754364,0.23737238347530365,0.012749580666422844,0.03627860173583031,0.8878048658370972,0.022923255106434226
puma32H,XGBoost,7372,820,0.14199502766132355,0.22955672442913055,0.012405291199684143,0.033255741000175476,0.8963414430618286,0.021529516903683543
puma8NH,CatBoost,7372,820,0.23003517091274261,0.36405089497566223,0.019618775695562363,0.03965332731604576,0.8402438759803772,0.023113996954634786
puma8NH,ExtraTrees,7372,820,0.22592255473136902,0.35685014724731445,0.017304737120866776,0.0301975030452013,0.8439024686813354,0.022454455960541964
puma8NH,LightGBM,7372,820,0.2310723066329956,0.3668413460254669,0.01616060361266136,0.032740768045186996,0.8414633870124817,0.022655520937405527
puma8NH,LinearModel,7372,820,0.3056890666484833,0.5056519508361816,0.0664006769657135,0.14566203951835632,0.8256097435951233,0.02275921101681888
puma8NH,NeuralNetFastAI,7372,820,0.2264300435781479,0.35800257325172424,0.017212696373462677,0.05261533707380295,0.8439024686813354,0.022030772059224546
puma8NH,NeuralNetTorch,7372,820,0.22459036111831665,0.35415035486221313,0.016385763883590698,0.045769102871418,0.8426828980445862,0.022949774051085114
puma8NH,RandomForest,7372,820,0.22590261697769165,0.35694000124931335,0.017002111300826073,0.034004077315330505,0.8414633870124817,0.02335751603823155
puma8NH,XGBoost,7372,820,0.22953058779239655,0.36611470580101013,0.023037659004330635,0.042003192007541656,0.8414633870124817,0.022997398977167904
qsar-biodeg,CatBoost,949,106,0.174184650182724,0.28587034344673157,0.02215753123164177,0.06984418630599976,0.8773584961891174,0.005279458011500537
qsar-biodeg,ExtraTrees,949,106,0.18827539682388306,0.311239093542099,0.04410775005817413,0.09780646860599518,0.8773584961891174,0.005480193067342043
qsar-biodeg,LightGBM,949,106,0.16614867746829987,0.2761675715446472,0.022879792377352715,0.05298338830471039,0.8962264060974121,0.00544537091627717
qsar-biodeg,LinearModel,949,106,0.18271367251873016,0.2913782000541687,0.03483615443110466,0.11738989502191544,0.8679245114326477,0.0053732049418613315
qsar-biodeg,NeuralNetFastAI,949,106,0.16828979551792145,0.26919278502464294,0.026445504277944565,0.09021130204200745,0.8584905862808228,0.005355585948564112
qsar-biodeg,NeuralNetTorch,949,106,0.1829807013273239,0.3006715476512909,0.032063789665699005,0.06648460030555725,0.8773584961891174,0.005442988942377269
qsar-biodeg,RandomForest,949,106,0.16870447993278503,0.27487611770629883,0.025057632476091385,0.08573472499847412,0.8773584961891174,0.005241759936325252
qsar-biodeg,XGBoost,949,106,0.17239072918891907,0.2886441648006439,0.020222458988428116,0.07892762124538422,0.8867924809455872,0.005236502969637513
ringnorm,CatBoost,6660,740,0.03345665708184242,0.06104414537549019,0.009630451910197735,0.017595738172531128,0.9810810685157776,0.020652236067689955
ringnorm,ExtraTrees,6660,740,0.03479137644171715,0.06333614885807037,0.010558582842350006,0.018826527521014214,0.9756757020950317,0.020331254927441478
ringnorm,LightGBM,6660,740,0.031099071726202965,0.058923911303281784,0.004480515606701374,0.011877368204295635,0.9824324250221252,0.019781347014941275
ringnorm,LinearModel,6660,740,0.32611405849456787,0.49953123927116394,0.048339709639549255,0.07949989289045334,0.7729730010032654,0.020164157962426543
ringnorm,NeuralNetFastAI,6660,740,0.0337153859436512,0.06187640503048897,0.005890021100640297,0.016701258718967438,0.9783783555030823,0.020382817019708455
ringnorm,NeuralNetTorch,6660,740,0.030562859028577805,0.055239882320165634,0.008127734065055847,0.014102958142757416,0.9797297120094299,0.019668864086270332
ringnorm,RandomForest,6660,740,0.06635134667158127,0.1109924241900444,0.025613516569137573,0.0283733569085598,0.954054057598114,0.019956705975346267
ringnorm,XGBoost,6660,740,0.035912249237298965,0.06598953902721405,0.009012461639940739,0.01742469146847725,0.9783783555030823,0.01960253098513931
rmftsa_ladata,CatBoost,457,51,0.13932684063911438,0.23554186522960663,0.03680633008480072,0.0868757963180542,0.9215686321258545,0.0037409448996186256
rmftsa_ladata,ExtraTrees,457,51,0.13260392844676971,0.21285218000411987,0.042447447776794434,0.11207424849271774,0.9215686321258545,0.003740216954611242
rmftsa_ladata,LightGBM,457,51,0.1346871554851532,0.22002668678760529,0.02964945137500763,0.08662223070859909,0.9019607901573181,0.0037734730867668986
rmftsa_ladata,LinearModel,457,51,0.10553278028964996,0.18219256401062012,0.03600483015179634,0.08286085724830627,0.9411764740943909,0.0036825230345129967
rmftsa_ladata,NeuralNetFastAI,457,51,0.10160387307405472,0.18144959211349487,0.043552741408348083,0.11899804323911667,0.9607843160629272,0.0037505360087379813
rmftsa_ladata,NeuralNetTorch,457,51,0.14151157438755035,0.23373901844024658,0.041916459798812866,0.11869493126869202,0.9215686321258545,0.0037422949681058526
rmftsa_ladata,RandomForest,457,51,0.14786285161972046,0.23317603766918182,0.02634674496948719,0.09036945551633835,0.8823529481887817,0.003955555963329971
rmftsa_ladata,XGBoost,457,51,0.13037654757499695,0.22807228565216064,0.038835298269987106,0.1352134793996811,0.9215686321258545,0.0038831529673188925
spambase,CatBoost,4140,461,0.08018966764211655,0.1492011845111847,0.02471935749053955,0.038049619644880295,0.952277660369873,0.013774780090898275
spambase,ExtraTrees,4140,461,0.09082208573818207,0.16622203588485718,0.025234457105398178,0.03783715143799782,0.9479392766952515,0.013866975903511047
spambase,LightGBM,4140,461,0.08598297089338303,0.15119805932044983,0.02922261506319046,0.04576044902205467,0.9392624497413635,0.013114511966705322
spambase,LinearModel,4140,461,0.10478175431489944,0.19144856929779053,0.026519563049077988,0.028027474880218506,0.9262472987174988,0.014080020016990602
spambase,NeuralNetFastAI,4140,461,0.09187572449445724,0.1687602400779724,0.014758975245058537,0.024988515302538872,0.9370932579040527,0.013764815987087786
spambase,NeuralNetTorch,4140,461,0.08778925240039825,0.1635141372680664,0.020816223695874214,0.026293789967894554,0.9392624497413635,0.0134840770624578
spambase,RandomForest,4140,461,0.09156942367553711,0.33353671431541443,0.03125399351119995,0.04252135381102562,0.9392624497413635,0.013465887983329594
spambase,XGBoost,4140,461,0.08989649266004562,0.15527646243572235,0.0318482406437397,0.04377240687608719,0.9305856823921204,0.013973376015201211
sylvine,CatBoost,4611,513,0.09128443896770477,0.16034631431102753,0.03034702129662037,0.03172828257083893,0.9376218318939209,0.015265902038663626
sylvine,ExtraTrees,4611,513,0.09438750147819519,0.16618625819683075,0.034061700105667114,0.036311402916908264,0.9415204524993896,0.015104471938684583
sylvine,LightGBM,4611,513,0.0905526652932167,0.161479189991951,0.03050670027732849,0.03647252172231674,0.9415204524993896,0.014454539050348103
sylvine,LinearModel,4611,513,0.1544942408800125,0.2758040428161621,0.014153430238366127,0.03741398826241493,0.892787516117096,0.01570947701111436
sylvine,NeuralNetFastAI,4611,513,0.09886448085308075,0.16924472153186798,0.024379869922995567,0.03226889297366142,0.9376218318939209,0.01536532398313284
sylvine,NeuralNetTorch,4611,513,0.09994335472583771,0.17404983937740326,0.015631671994924545,0.030285492539405823,0.9298245906829834,0.015011508017778397
sylvine,RandomForest,4611,513,0.11297906935214996,0.19573760032653809,0.024982627481222153,0.03918235003948212,0.9278752207756042,0.014416389050893486
sylvine,XGBoost,4611,513,0.091472327709198,0.16135825216770172,0.026911795139312744,0.03551831096410751,0.9376218318939209,0.015559259918518364
tokyo1,CatBoost,863,96,0.07921818643808365,0.12539535760879517,0.025270119309425354,0.06977775692939758,0.9166666865348816,0.00497197697404772
tokyo1,ExtraTrees,863,96,0.08676168322563171,0.15289413928985596,0.03782545030117035,0.09756113588809967,0.9375,0.0051705799996852875
tokyo1,LightGBM,863,96,0.10066352039575577,0.15366312861442566,0.028164729475975037,0.08000072836875916,0.9166666865348816,0.004955145064741373
tokyo1,LinearModel,863,96,0.1286143809556961,0.2015119045972824,0.03773299604654312,0.09685958921909332,0.90625,0.004844087990932167
tokyo1,NeuralNetFastAI,863,96,0.0877809152007103,0.13717962801456451,0.016481980681419373,0.0583537220954895,0.9270833134651184,0.004827297991141677
tokyo1,NeuralNetTorch,863,96,0.07553756237030029,0.1278621256351471,0.03126074746251106,0.05178202688694,0.9583333134651184,0.004895944963209331
tokyo1,RandomForest,863,96,0.08081842213869095,0.12451785802841187,0.02716066688299179,0.07436061650514603,0.9270833134651184,0.006422671023756266
tokyo1,XGBoost,863,96,0.09772346168756485,0.14884676039218903,0.02843301370739937,0.06777926534414291,0.9166666865348816,0.005215473007410765
twonorm,CatBoost,6660,740,0.032276131212711334,0.05605144426226616,0.006619189400225878,0.011867924593389034,0.9770269989967346,0.020032759057357907
twonorm,ExtraTrees,6660,740,0.03318385034799576,0.0588427372276783,0.011242318898439407,0.014237640425562859,0.9797297120094299,0.01983886701054871
twonorm,LightGBM,6660,740,0.033565767109394073,0.057362984865903854,0.007678759749978781,0.016591930761933327,0.9797297120094299,0.019928143941797316
twonorm,LinearModel,6660,740,0.02930440381169319,0.05398999899625778,0.008758295327425003,0.013942067511379719,0.9810810685157776,0.02079084503930062
twonorm,NeuralNetFastAI,6660,740,0.030641699209809303,0.054209887981414795,0.009488515555858612,0.01211514137685299,0.9783783555030823,0.0198894269997254
twonorm,NeuralNetTorch,6660,740,0.030771592631936073,0.05518145114183426,0.009864204563200474,0.015847153961658478,0.9797297120094299,0.019243478076532483
twonorm,RandomForest,6660,740,0.03131774067878723,0.058799393475055695,0.007265475578606129,0.014855117537081242,0.9783783555030823,0.01982078596483916
twonorm,XGBoost,6660,740,0.035283010452985764,0.06103436276316643,0.0077508133836090565,0.01314941979944706,0.9770269989967346,0.01931434404104948
visualizing_soil,CatBoost,7776,865,5.572550199062221e-10,5.848819455422927e-07,5.960464477539062e-07,6.465992896664829e-07,1.0,0.022247167071327567
visualizing_soil,ExtraTrees,7776,865,2.9530381198128453e-06,4.2071667849086225e-05,4.1365623474121094e-05,4.139323937124573e-05,1.0,0.02416251297108829
visualizing_soil,LightGBM,7776,865,6.982586597814588e-08,3.7762802094221115e-05,2.2310809072223492e-05,3.884190664393827e-05,1.0,0.023146823048591614
visualizing_soil,LinearModel,7776,865,0.0005177820567041636,0.0007414380670525134,0.0005470794276334345,0.0005475835059769452,1.0,0.02386041299905628
visualizing_soil,NeuralNetFastAI,7776,865,0.0,0.0,0.0,7.777107668971439e-08,1.0,0.023474434041418135
visualizing_soil,NeuralNetTorch,7776,865,6.838597049751982e-11,2.8484487302193884e-07,2.980232238769531e-07,3.605586869070976e-07,1.0,0.02405327302403748
visualizing_soil,RandomForest,7776,865,7.181763794505969e-05,0.0002663847408257425,0.00023979321122169495,0.00024595786817371845,1.0,0.02314608101733029
visualizing_soil,XGBoost,7776,865,0.0,0.0,0.0,7.777107668971439e-08,1.0,0.023517031921073794
wilt,CatBoost,4355,484,0.031702663749456406,0.05700503662228584,0.008830144070088863,0.015053545124828815,0.9814049601554871,0.013529839925467968
wilt,ExtraTrees,4355,484,0.032944194972515106,0.055543914437294006,0.010333660989999771,0.0153306033462286,0.9772727489471436,0.014098915969952941
wilt,LightGBM,4355,484,0.030674541369080544,0.056627970188856125,0.00650426372885704,0.014840835705399513,0.9772727489471436,0.01333495497237891
wilt,LinearModel,4355,484,0.035743989050388336,0.05524595454335213,0.01541141513735056,0.018459688872098923,0.9731404781341553,0.013495018938556314
wilt,NeuralNetFastAI,4355,484,0.02248236909508705,0.03658140450716019,0.008497077971696854,0.008503048680722713,0.9834710955619812,0.013778986991383135
wilt,NeuralNetTorch,4355,484,0.024451615288853645,0.03853841871023178,0.004898354411125183,0.017187973484396935,0.9814049601554871,0.013552341028116643
wilt,RandomForest,4355,484,0.03372235968708992,0.05684757977724075,0.008081832900643349,0.013808631338179111,0.9793388247489929,0.013858712976798415
wilt,XGBoost,4355,484,0.03765575587749481,0.0653904601931572,0.01270610187202692,0.0178393442183733,0.9752066135406494,0.013495648046955466
wind,CatBoost,5916,658,0.18031622469425201,0.291663259267807,0.015006735920906067,0.03864220902323723,0.8632218837738037,0.017503907904028893
wind,ExtraTrees,5916,658,0.187508225440979,0.30404144525527954,0.016845107078552246,0.040354520082473755,0.8647416234016418,0.01764563494361937
wind,LightGBM,5916,658,0.1780315786600113,0.2863094210624695,0.016547441482543945,0.04147649183869362,0.8738601803779602,0.01744657289236784
wind,LinearModel,5916,658,0.19830352067947388,0.31752169132232666,0.016516122967004776,0.034717317670583725,0.8556231260299683,0.017418511910364032
wind,NeuralNetFastAI,5916,658,0.17466318607330322,0.28151267766952515,0.019309643656015396,0.02744349092245102,0.8814589381217957,0.017415627953596413
wind,NeuralNetTorch,5916,658,0.1754680722951889,0.28373855352401733,0.017441801726818085,0.03389858081936836,0.8784194588661194,0.01729570608586073
wind,RandomForest,5916,658,0.19165989756584167,0.3134467303752899,0.018235690891742706,0.049293152987957,0.8708206415176392,0.01936709601432085
wind,XGBoost,5916,658,0.18124359846115112,0.2940017879009247,0.017622828483581543,0.037839584052562714,0.8708206415176392,0.017473394982516766
