dataset,model,cal_size,test_size,Venn-Abers_brier,Venn-Abers_logloss,Venn-Abers_kuiper,Venn-Abers_ece-15,Venn-Abers_accuracy,Venn-Abers_time
2dplanes,CatBoost,36691,4077,0.09472304693154132,0.1509491228603295,0.008254623971879482,0.009832991287112236,0.9261711835861206,2.2120570220286027
2dplanes,ExtraTrees,36691,4077,0.09439973431597753,0.15152360735102183,0.013113850727677345,0.004921854007989168,0.9261711835861206,1.3021621069638059
2dplanes,LightGBM,36691,4077,0.09436177793093739,0.15125384853172513,0.01145679410547018,0.005131757352501154,0.9271523356437683,2.4194835119415075
2dplanes,LinearModel,36691,4077,0.23019879468918694,0.3591561238302883,0.00904352031648159,0.013476315885782242,0.843021810054779,0.918930105981417
2dplanes,NeuralNetFastAI,36691,4077,0.09404040036449283,0.15035096498764774,0.007292996626347303,0.004453048575669527,0.9305862188339233,1.6678158650174737
2dplanes,NeuralNetTorch,36691,4077,0.09438527643496943,0.15152574267729055,0.0036208354867994785,0.00679238373413682,0.9315673112869263,1.6183070989791304
2dplanes,RandomForest,36691,4077,0.0943169880691854,0.15242272379439428,0.012777542695403099,0.005499416962265968,0.9308314919471741,0.3896923619322479
2dplanes,XGBoost,36691,4077,0.09423636100500422,0.15088882174318696,0.009630661457777023,0.005791922099888325,0.927397608757019,1.9384240609360859
APSFailure,CatBoost,68400,7600,0.007810232704919053,0.015501502191227914,0.0009089382365345955,0.0023089763708412647,0.9952631592750549,4.408179102931172
APSFailure,ExtraTrees,68400,7600,0.009241396722607086,0.017749784280245078,0.0011420762166380882,0.00204025418497622,0.9940789341926575,0.13510729395784438
APSFailure,LightGBM,68400,7600,0.0077042475837098634,0.015308188753762749,0.0008921114495024085,0.002151300897821784,0.995394766330719,5.509786057984456
APSFailure,LinearModel,68400,7600,0.011594066685277068,0.02219846577568342,0.0013619340024888515,0.0026237403508275747,0.9930263161659241,3.06051042501349
APSFailure,NeuralNetFastAI,68400,7600,0.009163204821036367,0.01734007018557524,0.00125392887275666,0.003308139508590102,0.9943420886993408,2.175371974008158
APSFailure,NeuralNetTorch,68400,7600,0.01120880229935305,0.021676650848564006,0.0023300161119550467,0.004579028580337763,0.9932894706726074,8.39786815608386
APSFailure,RandomForest,68400,7600,0.0079524436022768,0.0161050760284215,0.001262704492546618,0.0021422449499368668,0.9948683977127075,0.028598231030628085
APSFailure,XGBoost,68400,7600,0.007522380614160971,0.014848353316009016,0.0008542339783161879,0.0025289952754974365,0.995394766330719,2.0902724059997126
Amazon_employee_access,CatBoost,29492,3277,0.07235156450670856,0.13411957955623652,0.00423286110162735,0.011450055986642838,0.9527006149291992,0.3053924640407786
Amazon_employee_access,ExtraTrees,29492,3277,0.0788301090244426,0.14817361047203942,0.005564709659665823,0.009955724701285362,0.9490387439727783,0.20314565498847514
Amazon_employee_access,LightGBM,29492,3277,0.07916809295138898,0.15105227633286744,0.004709022119641304,0.009168263524770737,0.9493439197540283,0.19929351296741515
Amazon_employee_access,LinearModel,29492,3277,0.08366127736212478,0.15639679336202233,0.00374354375526309,0.009286516346037388,0.9465975165367126,0.2350115799345076
Amazon_employee_access,NeuralNetFastAI,29492,3277,0.0832866512747921,0.15506154569044692,0.005913879722356796,0.0072690509259700775,0.9465975165367126,0.222382697975263
Amazon_employee_access,NeuralNetTorch,29492,3277,0.08548344445694318,0.1609710217107551,0.007585279643535614,0.011717833578586578,0.9459871649742126,0.1828986060572788
Amazon_employee_access,RandomForest,29492,3277,0.07505389719089885,0.14184772125728257,0.00672401487827301,0.01208613533526659,0.9530057907104492,0.16328268696088344
Amazon_employee_access,XGBoost,29492,3277,0.07517816611958611,0.1436139495916549,0.0035898350179195404,0.008838566020131111,0.951785147190094,0.20581662200856954
Australian,CatBoost,621,69,0.18003903366897606,0.30618007424288607,0.05740305408835411,0.0758594498038292,0.8840579986572266,0.008541490067727864
Australian,ExtraTrees,621,69,0.17234362965487598,0.2936779008982898,0.05553680658340454,0.10296981781721115,0.8550724387168884,0.007603625999763608
Australian,LightGBM,621,69,0.1848603075781,0.3290183382873173,0.07604792714118958,0.11886902153491974,0.8550724387168884,0.009722214075736701
Australian,LinearModel,621,69,0.1710525495763893,0.3004289009919795,0.06445684283971786,0.13254320621490479,0.9130434989929199,0.006664425018243492
Australian,NeuralNetFastAI,621,69,0.1535779130576006,0.2885474079293481,0.07261088490486145,0.10954949259757996,0.8985507488250732,0.008613414014689624
Australian,NeuralNetTorch,621,69,0.17304297720758036,0.29919966783477675,0.059393998235464096,0.06401123851537704,0.8840579986572266,0.007620096090249717
Australian,RandomForest,621,69,0.1668815862237218,0.28971087278467955,0.052404873073101044,0.09231416881084442,0.8550724387168884,0.0071712619392201304
Australian,XGBoost,621,69,0.15135299790064938,0.2767890562761758,0.04402168095111847,0.09598416090011597,0.8985507488250732,0.01018888596445322
Bioresponse,CatBoost,3375,376,0.28256098911150807,0.44194344162555416,0.024398311972618103,0.03964279964566231,0.8058510422706604,0.02401847194414586
Bioresponse,ExtraTrees,3375,376,0.2865397437602571,0.44139042716973376,0.026506716385483742,0.06037984415888786,0.8005319237709045,0.014372510020621121
Bioresponse,LightGBM,3375,376,0.28044422728521945,0.4367507088642886,0.038092464208602905,0.07390069216489792,0.813829779624939,0.025980626000091434
Bioresponse,LinearModel,3375,376,0.3668969004519644,0.5517177603781855,0.047498539090156555,0.08011049032211304,0.7446808218955994,0.0182067200075835
Bioresponse,NeuralNetFastAI,3375,376,0.2872131378869995,0.44422393543961,0.023889878764748573,0.045976925641298294,0.7765957713127136,0.02172163501381874
Bioresponse,NeuralNetTorch,3375,376,0.2976101613106735,0.45851783853376604,0.0286715030670166,0.051820334047079086,0.7765957713127136,0.023255506996065378
Bioresponse,RandomForest,3375,376,0.28498988182438517,0.44121030557076185,0.031491346657276154,0.07015236467123032,0.8085106611251831,0.023735723923891783
Bioresponse,XGBoost,3375,376,0.27810635083609875,0.43610288786169077,0.02794351801276207,0.054930686950683594,0.8085106611251831,0.02663584891706705
Click_prediction_small,CatBoost,35953,3995,0.2535622710031559,0.4120961277350418,0.008670900017023087,0.010923588648438454,0.8367959856987,0.22372060699854046
Click_prediction_small,ExtraTrees,35953,3995,0.2602109777932658,0.4207090924505692,0.0063138678669929504,0.010096549987792969,0.8345431685447693,0.2755349649814889
Click_prediction_small,LightGBM,35953,3995,0.2583206063334424,0.41907790965365993,0.0105892987921834,0.012882097624242306,0.8372966051101685,0.2092391470214352
Click_prediction_small,LinearModel,35953,3995,0.26114036260684675,0.4241855593949191,0.012528189457952976,0.020727774128317833,0.8345431685447693,0.23349429399240762
Click_prediction_small,NeuralNetFastAI,35953,3995,0.258623528887938,0.420182280679877,0.014131926000118256,0.006427026819437742,0.8375469446182251,0.23590877605602145
Click_prediction_small,NeuralNetTorch,35953,3995,0.2593801189010097,0.41819135706695426,0.005465175025165081,0.0075722960755229,0.8340425491333008,0.22798186691943556
Click_prediction_small,RandomForest,35953,3995,0.2593897088915885,0.4185085015751146,0.004758048802614212,0.01116387639194727,0.8345431685447693,0.2830662709893659
Click_prediction_small,XGBoost,35953,3995,0.2578824551932689,0.41731101646530366,0.0073830485343933105,0.01165681704878807,0.8357947468757629,0.21834493800997734
GAMETES_Epistasis_2-Way_1000atts_0_4H_EDM-1_EDM-1_1,CatBoost,1440,160,0.41330670932665525,0.6045937244349625,0.0914282351732254,0.1314421445131302,0.7437499761581421,0.009484317968599498
GAMETES_Epistasis_2-Way_1000atts_0_4H_EDM-1_EDM-1_1,ExtraTrees,1440,160,0.500409029643557,0.6935927775254639,0.182227224111557,0.014934656210243702,0.518750011920929,0.006969640031456947
GAMETES_Epistasis_2-Way_1000atts_0_4H_EDM-1_EDM-1_1,LightGBM,1440,160,0.5168071032889235,0.7100260737119004,0.08946120738983154,0.05238891765475273,0.375,0.007782832952216268
GAMETES_Epistasis_2-Way_1000atts_0_4H_EDM-1_EDM-1_1,LinearModel,1440,160,0.5015947537701296,0.6947423237197319,0.15055882930755615,0.00960720144212246,0.45625001192092896,0.007032157038338482
GAMETES_Epistasis_2-Way_1000atts_0_4H_EDM-1_EDM-1_1,NeuralNetFastAI,1440,160,0.4945009881173661,0.6876467657103451,0.18776732683181763,0.040466174483299255,0.5625,0.008335633901879191
GAMETES_Epistasis_2-Way_1000atts_0_4H_EDM-1_EDM-1_1,NeuralNetTorch,1440,160,0.5017525764784806,0.6949108056246202,0.08449698239564896,0.009785899892449379,0.46875,0.008162894984707236
GAMETES_Epistasis_2-Way_1000atts_0_4H_EDM-1_EDM-1_1,RandomForest,1440,160,0.5121194473087607,0.7053410118926123,0.05292119085788727,0.0798783153295517,0.44999998807907104,0.007589524029754102
GAMETES_Epistasis_2-Way_1000atts_0_4H_EDM-1_EDM-1_1,XGBoost,1440,160,0.5015285105269023,0.6946976987262804,0.044002629816532135,0.02241075411438942,0.512499988079071,0.005496347090229392
GAMETES_Epistasis_2-Way_20atts_0_1H_EDM-1_1,CatBoost,1440,160,0.4144427541597553,0.60504937689335,0.0729377493262291,0.06465978920459747,0.699999988079071,0.008739771088585258
GAMETES_Epistasis_2-Way_20atts_0_1H_EDM-1_1,ExtraTrees,1440,160,0.46405470253414444,0.656528494181281,0.061908356845378876,0.09388784319162369,0.6312500238418579,0.009069227031432092
GAMETES_Epistasis_2-Way_20atts_0_1H_EDM-1_1,LightGBM,1440,160,0.4444440590736776,0.6359773004952664,0.052354805171489716,0.08410216122865677,0.6625000238418579,0.009563429979607463
GAMETES_Epistasis_2-Way_20atts_0_1H_EDM-1_1,LinearModel,1440,160,0.49992606807133216,0.6930733736706289,0.23231711983680725,0.0008205301710404456,0.5062500238418579,0.006740487995557487
GAMETES_Epistasis_2-Way_20atts_0_1H_EDM-1_1,NeuralNetFastAI,1440,160,0.413644871231247,0.6031063304238237,0.04780079424381256,0.04800516366958618,0.699999988079071,0.010762318037450314
GAMETES_Epistasis_2-Way_20atts_0_1H_EDM-1_1,NeuralNetTorch,1440,160,0.4053091086356345,0.5951208316602606,0.06510372459888458,0.08535552024841309,0.699999988079071,0.008644007029943168
GAMETES_Epistasis_2-Way_20atts_0_1H_EDM-1_1,RandomForest,1440,160,0.47892999559389515,0.6716773751989222,0.06953524053096771,0.03206079453229904,0.612500011920929,0.008172178990207613
GAMETES_Epistasis_2-Way_20atts_0_1H_EDM-1_1,XGBoost,1440,160,0.4408267960190976,0.6316119939773268,0.06129223108291626,0.051049087196588516,0.65625,0.00871979200746864
GAMETES_Epistasis_2-Way_20atts_0_4H_EDM-1_1,CatBoost,1440,160,0.2956052757877128,0.44990553702415614,0.058590229600667953,0.07760169357061386,0.793749988079071,0.01201715599745512
GAMETES_Epistasis_2-Way_20atts_0_4H_EDM-1_1,ExtraTrees,1440,160,0.39359371115341485,0.5776320167190948,0.035930976271629333,0.06000424921512604,0.706250011920929,0.009934792062267661
GAMETES_Epistasis_2-Way_20atts_0_4H_EDM-1_1,LightGBM,1440,160,0.312959440524868,0.4731481442218115,0.05058377981185913,0.07581155002117157,0.768750011920929,0.01399638201110065
GAMETES_Epistasis_2-Way_20atts_0_4H_EDM-1_1,LinearModel,1440,160,0.5031726923986649,0.6965329271971138,0.25177305936813354,0.011060700751841068,0.4937500059604645,0.006277780048549175
GAMETES_Epistasis_2-Way_20atts_0_4H_EDM-1_1,NeuralNetFastAI,1440,160,0.28638243772145655,0.4388062280575453,0.08182890713214874,0.04784977808594704,0.793749988079071,0.01588205504231155
GAMETES_Epistasis_2-Way_20atts_0_4H_EDM-1_1,NeuralNetTorch,1440,160,0.30081655122979944,0.462022324019021,0.028146758675575256,0.06574579328298569,0.78125,0.01231488399207592
GAMETES_Epistasis_2-Way_20atts_0_4H_EDM-1_1,RandomForest,1440,160,0.38825648718865974,0.5735136117448258,0.03007681667804718,0.05419046804308891,0.7124999761581421,0.010219585034064949
GAMETES_Epistasis_2-Way_20atts_0_4H_EDM-1_1,XGBoost,1440,160,0.33476113163529514,0.5062581855575521,0.038581013679504395,0.06775739789009094,0.7437499761581421,0.011649093008600175
GAMETES_Epistasis_3-Way_20atts_0_2H_EDM-1_1,CatBoost,1440,160,0.39672285584930334,0.5730614751034867,0.03318460285663605,0.08190593123435974,0.643750011920929,0.010855952044948936
GAMETES_Epistasis_3-Way_20atts_0_2H_EDM-1_1,ExtraTrees,1440,160,0.49002237613542754,0.6832154061231028,0.043129369616508484,0.031967103481292725,0.5687500238418579,0.0057294019497931
GAMETES_Epistasis_3-Way_20atts_0_2H_EDM-1_1,LightGBM,1440,160,0.48605200547872895,0.6790404914782017,0.03590819239616394,0.05571255832910538,0.5874999761581421,0.00927606807090342
GAMETES_Epistasis_3-Way_20atts_0_2H_EDM-1_1,LinearModel,1440,160,0.4964668322407423,0.6895305042631985,0.03060527890920639,0.009025141596794128,0.53125,0.007640379946678877
GAMETES_Epistasis_3-Way_20atts_0_2H_EDM-1_1,NeuralNetFastAI,1440,160,0.3982077075500676,0.5674313595947104,0.0867716372013092,0.07870600372552872,0.643750011920929,0.012133451993577182
GAMETES_Epistasis_3-Way_20atts_0_2H_EDM-1_1,NeuralNetTorch,1440,160,0.43071595595517814,0.6181880682978059,0.06052834540605545,0.07413186877965927,0.637499988079071,0.009638543939217925
GAMETES_Epistasis_3-Way_20atts_0_2H_EDM-1_1,RandomForest,1440,160,0.4989924136620136,0.69187830116313,0.09304381906986237,0.10013504326343536,0.5249999761581421,0.007911811931990087
GAMETES_Epistasis_3-Way_20atts_0_2H_EDM-1_1,XGBoost,1440,160,0.4956750215312845,0.6889654220031695,0.0770852118730545,0.11392510682344437,0.5375000238418579,0.008973237010650337
GAMETES_Heterogeneity_20atts_1600_Het_0_4_0_2_50_EDM-2_001,CatBoost,1440,160,0.4137859648912922,0.5817321036793048,0.07163242250680923,0.13877718150615692,0.65625,0.012319013010710478
GAMETES_Heterogeneity_20atts_1600_Het_0_4_0_2_50_EDM-2_001,ExtraTrees,1440,160,0.49529387369692046,0.6949357198652317,0.06738419085741043,0.11899594217538834,0.6187499761581421,0.009057237999513745
GAMETES_Heterogeneity_20atts_1600_Het_0_4_0_2_50_EDM-2_001,LightGBM,1440,160,0.46020294345899276,0.6505808471895231,0.07078325003385544,0.08638457208871841,0.6312500238418579,0.011231650016270578
GAMETES_Heterogeneity_20atts_1600_Het_0_4_0_2_50_EDM-2_001,LinearModel,1440,160,0.5053701647735268,0.6987860922490307,0.14548718929290771,0.019968746230006218,0.48750001192092896,0.00662459502927959
GAMETES_Heterogeneity_20atts_1600_Het_0_4_0_2_50_EDM-2_001,NeuralNetFastAI,1440,160,0.4413237574460055,0.6181914558301352,0.07230691611766815,0.13333356380462646,0.606249988079071,0.011956764035858214
GAMETES_Heterogeneity_20atts_1600_Het_0_4_0_2_50_EDM-2_001,NeuralNetTorch,1440,160,0.4472254581359822,0.6302129338876048,0.06998064368963242,0.13527829945087433,0.637499988079071,0.011125794961117208
GAMETES_Heterogeneity_20atts_1600_Het_0_4_0_2_50_EDM-2_001,RandomForest,1440,160,0.4906282794940117,0.6871001123496722,0.06545449793338776,0.12640872597694397,0.59375,0.009376107947900891
GAMETES_Heterogeneity_20atts_1600_Het_0_4_0_2_50_EDM-2_001,XGBoost,1440,160,0.4625517681947695,0.6582959738028827,0.06765609234571457,0.10791295766830444,0.625,0.010090301977470517
GAMETES_Heterogeneity_20atts_1600_Het_0_4_0_2_75_EDM-2_001,CatBoost,1440,160,0.38041632129647923,0.5567853488416508,0.04761628806591034,0.08485143631696701,0.699999988079071,0.012118938961066306
GAMETES_Heterogeneity_20atts_1600_Het_0_4_0_2_75_EDM-2_001,ExtraTrees,1440,160,0.4098570436541621,0.5984263094375739,0.03811074048280716,0.061106760054826736,0.675000011920929,0.008688210975378752
GAMETES_Heterogeneity_20atts_1600_Het_0_4_0_2_75_EDM-2_001,LightGBM,1440,160,0.3876500763051004,0.5736768267364974,0.03575611859560013,0.0608767569065094,0.699999988079071,0.009718473069369793
GAMETES_Heterogeneity_20atts_1600_Het_0_4_0_2_75_EDM-2_001,LinearModel,1440,160,0.49898663625241035,0.692123696335671,0.24979236721992493,0.005006502848118544,0.5062500238418579,0.006088378024287522
GAMETES_Heterogeneity_20atts_1600_Het_0_4_0_2_75_EDM-2_001,NeuralNetFastAI,1440,160,0.37976362934680175,0.5604664255210425,0.05275328829884529,0.07452605664730072,0.699999988079071,0.01066281390376389
GAMETES_Heterogeneity_20atts_1600_Het_0_4_0_2_75_EDM-2_001,NeuralNetTorch,1440,160,0.35798242939581676,0.5359747716374224,0.06378147006034851,0.07829701155424118,0.706250011920929,0.010784837999381125
GAMETES_Heterogeneity_20atts_1600_Het_0_4_0_2_75_EDM-2_001,RandomForest,1440,160,0.40425502808139696,0.5910911475772642,0.050238341093063354,0.05123921111226082,0.6937500238418579,0.008876551990397274
GAMETES_Heterogeneity_20atts_1600_Het_0_4_0_2_75_EDM-2_001,XGBoost,1440,160,0.38983403075717304,0.5726520866322339,0.04422691464424133,0.061775092035532,0.699999988079071,0.00985940801911056
Internet-Advertisements,CatBoost,2951,328,0.043402228464489816,0.0901667770018623,0.015379399061203003,0.02037665992975235,0.9756097793579102,0.03263172903098166
Internet-Advertisements,ExtraTrees,2951,328,0.03150899211434225,0.07433537058288124,0.01159100141376257,0.01714324578642845,0.9817073345184326,0.011112968903034925
Internet-Advertisements,LightGBM,2951,328,0.04406836777190586,0.08718460423888413,0.011433199048042297,0.014715990051627159,0.9756097793579102,0.040483905002474785
Internet-Advertisements,LinearModel,2951,328,0.06352589401267093,0.1331398347834953,0.013270249590277672,0.02983143739402294,0.9603658318519592,0.02690785296726972
Internet-Advertisements,NeuralNetFastAI,2951,328,0.05257262781600234,0.11281780390197887,0.013147072866559029,0.021593183279037476,0.9664633870124817,0.03685207793023437
Internet-Advertisements,NeuralNetTorch,2951,328,0.052400480417707604,0.11539850200169019,0.012472903355956078,0.028722399845719337,0.9603658318519592,0.04358601791318506
Internet-Advertisements,RandomForest,2951,328,0.03769257356219424,0.07767949500925737,0.010805219411849976,0.007235265802592039,0.9786585569381714,0.009914973983541131
Internet-Advertisements,XGBoost,2951,328,0.05249536877687396,0.10308758941985528,0.01106463372707367,0.01834116131067276,0.9695122241973877,0.03962884494103491
OVA_Colon,CatBoost,1390,155,0.07455930305097194,0.16294275654389234,0.017169706523418427,0.030384020879864693,0.9612902998924255,0.024072441970929503
OVA_Colon,ExtraTrees,1390,155,0.06853389564501826,0.14812730717870534,0.01809764839708805,0.03362605348229408,0.9612902998924255,0.021812170976772904
OVA_Colon,LightGBM,1390,155,0.06407280870978832,0.14601989483041697,0.01862367056310177,0.03021753579378128,0.9677419066429138,0.023053213022649288
OVA_Colon,LinearModel,1390,155,0.0697434071458298,0.16201989855795318,0.015134892426431179,0.032916631549596786,0.9677419066429138,0.005763088003732264
OVA_Colon,NeuralNetFastAI,1390,155,0.08710648410549361,0.18409467003780514,0.026937002316117287,0.04550889879465103,0.9612902998924255,0.02131372899748385
OVA_Colon,NeuralNetTorch,1390,155,0.08952838654584189,0.18710920988961566,0.03082539327442646,0.06448344141244888,0.9290322661399841,0.018877063994295895
OVA_Colon,RandomForest,1390,155,0.08273918361152184,0.16676373407588713,0.017550960183143616,0.03848053142428398,0.948387086391449,0.021066267043352127
OVA_Colon,XGBoost,1390,155,0.07165538811486795,0.1596767660126816,0.019171634688973427,0.03358221799135208,0.9612902998924255,0.02207449299748987
OVA_Endometrium,CatBoost,1390,155,0.05576572751161334,0.09879901651338759,0.026784254238009453,0.03321150690317154,0.9677419066429138,0.02603490697219968
OVA_Endometrium,ExtraTrees,1390,155,0.06090529477731948,0.11241704413807423,0.023849384859204292,0.028622005134820938,0.9548386931419373,0.018552424968220294
OVA_Endometrium,LightGBM,1390,155,0.049119880423765666,0.09107044488677794,0.02157394215464592,0.037082161754369736,0.9612902998924255,0.025594560895115137
OVA_Endometrium,LinearModel,1390,155,0.03746681523789806,0.06728663905027565,0.012782883830368519,0.017151227220892906,0.9806451797485352,0.007592516019940376
OVA_Endometrium,NeuralNetFastAI,1390,155,0.04824907464726992,0.08489561824533054,0.012227757833898067,0.022051425650715828,0.9612902998924255,0.020381905953399837
OVA_Endometrium,NeuralNetTorch,1390,155,0.04501168482958776,0.08917757558011591,0.021196966990828514,0.016965780407190323,0.9741935729980469,0.01537720998749137
OVA_Endometrium,RandomForest,1390,155,0.05614107549303435,0.11724551155577492,0.026067331433296204,0.0381084680557251,0.9677419066429138,0.015918059973046184
OVA_Endometrium,XGBoost,1390,155,0.0520076122864823,0.09707386169451228,0.024710118770599365,0.03798207268118858,0.9612902998924255,0.021455378970131278
OVA_Kidney,CatBoost,1390,155,0.015644290902557794,0.04673143720465206,0.015637468546628952,0.021566949784755707,0.9935483932495117,0.030322423903271556
OVA_Kidney,ExtraTrees,1390,155,0.01768382063273699,0.052102263268904395,0.019857121631503105,0.02336340770125389,0.9935483932495117,0.009233779972419143
OVA_Kidney,LightGBM,1390,155,0.016392288801783058,0.04753178736065675,0.016059715300798416,0.020923543721437454,0.9935483932495117,0.030668388935737312
OVA_Kidney,LinearModel,1390,155,0.016582754179972983,0.043695290193654854,0.016662491485476494,0.0168919637799263,0.9935483932495117,0.006914964062161744
OVA_Kidney,NeuralNetFastAI,1390,155,0.02316790762317038,0.05759209986325303,0.020810769870877266,0.03132073953747749,0.9935483932495117,0.029586560907773674
OVA_Kidney,NeuralNetTorch,1390,155,0.022198047472889094,0.060591391947681456,0.025737283751368523,0.031301792711019516,0.9935483932495117,0.029712373041547835
OVA_Kidney,RandomForest,1390,155,0.01724268104442226,0.05389289210423591,0.019936133176088333,0.023597057908773422,0.9935483932495117,0.02785678196232766
OVA_Kidney,XGBoost,1390,155,0.01802587374171842,0.049684979353378546,0.014807919040322304,0.02251756191253662,0.9935483932495117,0.025976788019761443
OVA_Lung,CatBoost,1390,155,0.016125757383374743,0.06058680240426629,0.01741732843220234,0.015812398865818977,0.9935483932495117,0.02539182303007692
OVA_Lung,ExtraTrees,1390,155,0.023307437171654084,0.06353083237771331,0.014216918498277664,0.014613773673772812,0.9870967864990234,0.0186355720506981
OVA_Lung,LightGBM,1390,155,0.020298659340194668,0.06182206439566519,0.021560903638601303,0.02013910748064518,0.9870967864990234,0.023435499984771013
OVA_Lung,LinearModel,1390,155,0.030763216077358636,0.07285168986583722,0.017095433548092842,0.023120148107409477,0.9806451797485352,0.005272667040117085
OVA_Lung,NeuralNetFastAI,1390,155,0.03331141651967032,0.07167912267985342,0.01123543456196785,0.018281424418091774,0.9806451797485352,0.020870118984021246
OVA_Lung,NeuralNetTorch,1390,155,0.02823508148808872,0.07491175110061637,0.027167871594429016,0.01849108375608921,0.9870967864990234,0.026660397998057306
OVA_Lung,RandomForest,1390,155,0.03543083446797454,0.08472228497267448,0.01914442703127861,0.01710953749716282,0.9806451797485352,0.02090422506444156
OVA_Lung,XGBoost,1390,155,0.017352630764096263,0.05736727229531863,0.015757832676172256,0.01624736562371254,0.9935483932495117,0.01828549790661782
OVA_Ovary,CatBoost,1390,155,0.10598310908307186,0.1751268589568361,0.024947961792349815,0.05665842816233635,0.9225806593894958,0.03275906795170158
OVA_Ovary,ExtraTrees,1390,155,0.11552036088739434,0.18397028067105178,0.029741350561380386,0.061841875314712524,0.9161290526390076,0.03114624402951449
OVA_Ovary,LightGBM,1390,155,0.09402658994572909,0.15412930775594166,0.021319620311260223,0.052447061985731125,0.9354838728904724,0.03336106694769114
OVA_Ovary,LinearModel,1390,155,0.10872866666782786,0.17585784524451345,0.02203311026096344,0.051605224609375,0.9225806593894958,0.02157166099641472
OVA_Ovary,NeuralNetFastAI,1390,155,0.10708219117612082,0.16994364413022425,0.027491580694913864,0.06829779595136642,0.9161290526390076,0.021061595994979143
OVA_Ovary,NeuralNetTorch,1390,155,0.09558486731131398,0.1529772785168235,0.02879374288022518,0.04949644207954407,0.9354838728904724,0.026932262000627816
OVA_Ovary,RandomForest,1390,155,0.11435753730020835,0.1741967538347405,0.035589687526226044,0.07777334749698639,0.9225806593894958,0.025984570966102183
OVA_Ovary,XGBoost,1390,155,0.10275698520109325,0.17661929659758457,0.02603452280163765,0.03620614483952522,0.9419354796409607,0.030025549000129104
OVA_Prostate,CatBoost,1390,155,0.015520964511151562,0.030687519224455412,0.008265982381999493,0.012828162871301174,0.9935483932495117,0.04529220797121525
OVA_Prostate,ExtraTrees,1390,155,0.014313476413659864,0.03507457332536698,0.00884341076016426,0.01406614575535059,0.9935483932495117,0.034563501947559416
OVA_Prostate,LightGBM,1390,155,0.013095633878384872,0.02599073502922671,0.006882036570459604,0.008763757534325123,0.9935483932495117,0.044009212986566126
OVA_Prostate,LinearModel,1390,155,0.021697792868785558,0.046991833412984484,0.014485469087958336,0.018116245046257973,0.9870967864990234,0.043208936927840114
OVA_Prostate,NeuralNetFastAI,1390,155,0.019466741386628822,0.03998764573275979,0.014806248247623444,0.020179536193609238,0.9870967864990234,0.04426952905487269
OVA_Prostate,NeuralNetTorch,1390,155,0.012696833273465805,0.02795642329499397,0.00724826380610466,0.011088510043919086,0.9935483932495117,0.0435949529055506
OVA_Prostate,RandomForest,1390,155,0.018631813105847068,0.04067033702863799,0.013471873477101326,0.021392112597823143,0.9935483932495117,0.010885194991715252
OVA_Prostate,XGBoost,1390,155,0.017789289778424575,0.03322681831301964,0.006144395098090172,0.013426799327135086,0.9870967864990234,0.031501509016379714
PhishingWebsites,CatBoost,9949,1106,0.0471006852213729,0.08293305279660344,0.009041081182658672,0.013640818186104298,0.9710668921470642,0.2511339579941705
PhishingWebsites,ExtraTrees,9949,1106,0.05785390530121528,0.09851084069653165,0.009567693807184696,0.01220849622040987,0.9638336300849915,0.36647381796501577
PhishingWebsites,LightGBM,9949,1106,0.0471852227100672,0.08076729473900918,0.008096945472061634,0.010837980546057224,0.9683544039726257,0.2798999639926478
PhishingWebsites,LinearModel,9949,1106,0.09479769616677457,0.15353719238981145,0.0060806237161159515,0.016955165192484856,0.9339963793754578,0.23747885297052562
PhishingWebsites,NeuralNetFastAI,9949,1106,0.048396869430095336,0.08153197115049397,0.00705055333673954,0.008894229307770729,0.9665461182594299,0.17362984805367887
PhishingWebsites,NeuralNetTorch,9949,1106,0.04627911919094898,0.07917635347947813,0.009638287127017975,0.010269229300320148,0.9683544039726257,0.1836094829486683
PhishingWebsites,RandomForest,9949,1106,0.05599116149683179,0.09767692335680464,0.011244886554777622,0.010674161836504936,0.9629294872283936,0.30389980995096266
PhishingWebsites,XGBoost,9949,1106,0.04846849213578588,0.08546443146644181,0.008401046507060528,0.010417689569294453,0.9692586064338684,0.23549777595326304
Run_or_walk_information,CatBoost,79729,8859,0.009463143610095624,0.017742019209962365,0.0026886509731411934,0.003559328382834792,0.9942431449890137,4.500891724019311
Run_or_walk_information,ExtraTrees,79729,8859,0.011747304005040865,0.02208446883595427,0.0022406931966543198,0.0032602266874164343,0.9926628470420837,0.036091200076043606
Run_or_walk_information,LightGBM,79729,8859,0.00861982812070784,0.01651709918242414,0.0025817696005105972,0.0029521165415644646,0.9942431449890137,3.483185573015362
Run_or_walk_information,LinearModel,79729,8859,0.23039354046065333,0.3485445142328348,0.08416630327701569,0.012952923774719238,0.8256011009216309,1.5324357390636578
Run_or_walk_information,NeuralNetFastAI,79729,8859,0.013295140427935444,0.02602025480040472,0.0030209431424736977,0.003875402733683586,0.9916468858718872,3.0510280010057613
Run_or_walk_information,NeuralNetTorch,79729,8859,0.010846720518030876,0.021334534554910956,0.003986559808254242,0.005048858001828194,0.9935658574104309,2.889955926919356
Run_or_walk_information,RandomForest,79729,8859,0.013048878049463683,0.024358076300715664,0.0024283970706164837,0.003461167449131608,0.9922112822532654,0.524111443082802
Run_or_walk_information,XGBoost,79729,8859,0.010003778190978467,0.01834844279998228,0.0025070132687687874,0.0033420452382415533,0.9933401346206665,3.5510086370632052
Satellite,CatBoost,4590,510,0.014059277805376079,0.026654281713899095,0.004808973986655474,0.008188108913600445,0.9882352948188782,0.11556907498743385
Satellite,ExtraTrees,4590,510,0.01579025192751682,0.02584669100239116,0.004653467331081629,0.005492511671036482,0.9882352948188782,0.036764630931429565
Satellite,LightGBM,4590,510,0.01390325148472134,0.023969002394118623,0.006184931844472885,0.007868495769798756,0.9901960492134094,0.07881527999415994
Satellite,LinearModel,4590,510,0.01533778543917501,0.02650076493880683,0.004918467253446579,0.006345637142658234,0.9921568632125854,0.07933174399659038
Satellite,NeuralNetFastAI,4590,510,0.01166363949766632,0.023868363194528633,0.0038150507025420666,0.005978242959827185,0.9921568632125854,0.04337685205973685
Satellite,NeuralNetTorch,4590,510,0.015189756853060673,0.02765810979911254,0.005744535475969315,0.006032143719494343,0.9882352948188782,0.0631362380227074
Satellite,RandomForest,4590,510,0.014581034777447833,0.02598270249993947,0.005159982014447451,0.007881217636168003,0.9882352948188782,0.004193473025225103
Satellite,XGBoost,4590,510,0.014822927526673337,0.02463512976516617,0.006011216901242733,0.004472456872463226,0.9901960492134094,0.06206580495927483
SpeedDating,CatBoost,7540,838,0.1766823115098336,0.28980268408998106,0.02742827497422695,0.03515690937638283,0.8818615674972534,0.07711165805812925
SpeedDating,ExtraTrees,7540,838,0.1917351934438524,0.3097232869602608,0.017871104180812836,0.0336858332157135,0.8699284195899963,0.06500205397605896
SpeedDating,LightGBM,7540,838,0.1787968959892972,0.29402076579366365,0.02503974176943302,0.03553561866283417,0.8890214562416077,0.07369715010281652
SpeedDating,LinearModel,7540,838,0.19067716795245865,0.3155676485657422,0.028629587963223457,0.03687795251607895,0.8747016787528992,0.07501421810593456
SpeedDating,NeuralNetFastAI,7540,838,0.187704592355927,0.30795903173575445,0.02317466028034687,0.03338707983493805,0.8782815933227539,0.07102956401649863
SpeedDating,NeuralNetTorch,7540,838,0.18649252497711832,0.30521659700894826,0.023159855976700783,0.027786236256361008,0.8735083341598511,0.0643092020181939
SpeedDating,RandomForest,7540,838,0.19154105091278711,0.313474949681826,0.02165926620364189,0.03384099155664444,0.8711217045783997,0.06189299502875656
SpeedDating,XGBoost,7540,838,0.17584137507964068,0.28898812075059355,0.0224665068089962,0.028688527643680573,0.8854415416717529,0.0901242180261761
Titanic,CatBoost,1980,221,0.25474013533175605,0.4145751825061056,0.0655955895781517,0.054944612085819244,0.8325791954994202,0.0017093970673158765
Titanic,ExtraTrees,1980,221,0.25496579876318043,0.41202904731389095,0.07131560891866684,0.0520540252327919,0.8325791954994202,0.01069531892426312
Titanic,LightGBM,1980,221,0.25424933521206206,0.4134944235865009,0.06772009283304214,0.05920981615781784,0.8325791954994202,0.0017177630215883255
Titanic,LinearModel,1980,221,0.25998006377363053,0.4255967988424358,0.07678220421075821,0.05606960132718086,0.8325791954994202,0.0015538479201495647
Titanic,NeuralNetFastAI,1980,221,0.25292497189442487,0.4096023645287138,0.06578616797924042,0.050590746104717255,0.8325791954994202,0.002320482977665961
Titanic,NeuralNetTorch,1980,221,0.2550323996967691,0.41048165026337485,0.06910309195518494,0.061021167784929276,0.8325791954994202,0.0020652770763263106
Titanic,RandomForest,1980,221,0.25528715230302196,0.4122679087560889,0.07117275893688202,0.05411956459283829,0.8325791954994202,0.011371891014277935
Titanic,XGBoost,1980,221,0.25682961666803705,0.4192686618925911,0.06617265939712524,0.0654478445649147,0.8325791954994202,0.0016560220392420888
ada,CatBoost,3732,415,0.16959389882609693,0.2686288448590282,0.014044176787137985,0.02659274823963642,0.8795180916786194,0.045246878056786954
ada,ExtraTrees,3732,415,0.1963271201463782,0.3087962067280033,0.019224725663661957,0.03949590027332306,0.8602409362792969,0.032893524039536715
ada,LightGBM,3732,415,0.17257566392195514,0.2749925186362991,0.017154939472675323,0.03998648747801781,0.87469881772995,0.04567505500745028
ada,LinearModel,3732,415,0.20031045760777094,0.3163804285037173,0.019241061061620712,0.02629784680902958,0.8530120253562927,0.037767010973766446
ada,NeuralNetFastAI,3732,415,0.18662610102803218,0.3002496210302125,0.013291294686496258,0.03691863641142845,0.8722891807556152,0.0407561759930104
ada,NeuralNetTorch,3732,415,0.18399949282014824,0.2897485743511557,0.01619182527065277,0.028140932321548462,0.87469881772995,0.04282559303101152
ada,RandomForest,3732,415,0.17950258915969555,0.2861557108069482,0.013991497457027435,0.027754705399274826,0.8771084547042847,0.045045142993330956
ada,XGBoost,3732,415,0.172784255325439,0.27549309801249766,0.014051122590899467,0.026918115094304085,0.87469881772995,0.0432313228957355
adult,CatBoost,43957,4885,0.17153472229173924,0.2708488541641636,0.00885997898876667,0.013390413485467434,0.8777891397476196,1.1422496859449893
adult,ExtraTrees,43957,4885,0.1903102868432329,0.3002930092167786,0.006504520773887634,0.017013482749462128,0.8593654036521912,0.5208192629506811
adult,LightGBM,43957,4885,0.17134431299445327,0.2693023354163056,0.0057632289826869965,0.012890264391899109,0.8769702911376953,1.3644252140074968
adult,LinearModel,43957,4885,0.20292840693099293,0.3169102635760786,0.009761245921254158,0.011255726218223572,0.8528147339820862,0.9327273729722947
adult,NeuralNetFastAI,43957,4885,0.18996740534541326,0.2991897624047167,0.008973674848675728,0.010573617182672024,0.8640736937522888,1.1964128679828718
adult,NeuralNetTorch,43957,4885,0.19163908582503547,0.30052679586477876,0.008288977667689323,0.008842104114592075,0.8626407384872437,1.2230004669399932
adult,RandomForest,43957,4885,0.18714002855838416,0.29381600894501186,0.008233325555920601,0.012948935851454735,0.8630501627922058,0.8596285650273785
adult,XGBoost,43957,4885,0.1701219020916547,0.2674876218202734,0.005813702940940857,0.013006332330405712,0.8773797154426575,1.4342613520566374
ailerons,CatBoost,12375,1375,0.15852618394466594,0.2595236673264161,0.007694952189922333,0.022458361461758614,0.8916363716125488,0.2655303879873827
ailerons,ExtraTrees,12375,1375,0.1677261003304802,0.2731202727285253,0.007833968847990036,0.015450609847903252,0.8807272911071777,0.20013383403420448
ailerons,LightGBM,12375,1375,0.1584998329418436,0.25899911733167047,0.009475285187363625,0.019402185454964638,0.8930909037590027,0.2378947709221393
ailerons,LinearModel,12375,1375,0.16940650241008243,0.2767536477205899,0.009950014762580395,0.025220759212970734,0.8821818232536316,0.22688178403768688
ailerons,NeuralNetFastAI,12375,1375,0.166165137391467,0.27132798298595034,0.010175839066505432,0.021799728274345398,0.8850908875465393,0.25250636297278106
ailerons,NeuralNetTorch,12375,1375,0.16470091460698025,0.2675917432476538,0.0076832398772239685,0.02079816907644272,0.8829091191291809,0.25894682109355927
ailerons,RandomForest,12375,1375,0.16378683892144952,0.2701573177373882,0.00882047414779663,0.02337363362312317,0.8850908875465393,0.13578046893235296
ailerons,XGBoost,12375,1375,0.15901911474294075,0.2589044511334753,0.006575705483555794,0.015435527078807354,0.8887272477149963,0.2638306189328432
arcene,CatBoost,90,10,0.4001587062633078,0.640056530145893,0.14887747168540955,0.270779013633728,0.699999988079071,0.0023277560248970985
arcene,ExtraTrees,90,10,0.2939719144845199,0.44115467058426666,0.12256798148155212,0.28863197565078735,0.8999999761581421,0.001972705009393394
arcene,LightGBM,90,10,0.4344903563288728,0.6747387835395332,0.15454545617103577,0.1633622795343399,0.699999988079071,0.0020685720955953
arcene,LinearModel,90,10,0.36514821454598556,0.5532382101012777,0.12207791209220886,0.2604793310165405,0.699999988079071,0.0015394729562103748
arcene,NeuralNetFastAI,90,10,0.3389452988166945,0.5373702202959716,0.14944443106651306,0.20722222328186035,0.800000011920929,0.0022865840001031756
arcene,NeuralNetTorch,90,10,0.36708396533003257,0.6227844208321536,0.17658957839012146,0.3081514537334442,0.699999988079071,0.002451605978421867
arcene,RandomForest,90,10,0.36536880144492345,0.5736904892215575,0.09444444626569748,0.18210144340991974,0.699999988079071,0.0019523130031302571
arcene,XGBoost,90,10,0.39625614420082184,0.5866626014359293,0.11610523611307144,0.1788291186094284,0.699999988079071,0.001919973990879953
arsenic-female-bladder,CatBoost,503,56,0.21101567913423872,0.33340025304921334,0.044200360774993896,0.032975729554891586,0.8571428656578064,0.006840393994934857
arsenic-female-bladder,ExtraTrees,503,56,0.22497572067602198,0.3622276910089532,0.054735444486141205,0.08704991638660431,0.8571428656578064,0.005553488968871534
arsenic-female-bladder,LightGBM,503,56,0.2183560510488492,0.35414682098591543,0.054031580686569214,0.09759441763162613,0.8571428656578064,0.006570324068889022
arsenic-female-bladder,LinearModel,503,56,0.23419163065645485,0.3630912597845212,0.056594640016555786,0.08216940611600876,0.8571428656578064,0.006049305899068713
arsenic-female-bladder,NeuralNetFastAI,503,56,0.2127957983491394,0.3239778135469931,0.05793631076812744,0.09761294722557068,0.8392857313156128,0.007044535013847053
arsenic-female-bladder,NeuralNetTorch,503,56,0.18958447390122027,0.3167933288761447,0.04794912040233612,0.03765762224793434,0.8571428656578064,0.005395755055360496
arsenic-female-bladder,RandomForest,503,56,0.21662409712243094,0.35495109170399913,0.04724207520484924,0.09931666404008865,0.8571428656578064,0.003808289999142289
arsenic-female-bladder,XGBoost,503,56,0.2044949549094913,0.32957657637548,0.04303416609764099,0.06427746266126633,0.8571428656578064,0.00619188800919801
autoUniv-au1-1000,CatBoost,900,100,0.37340882765130823,0.5590817335811985,0.06511316448450089,0.08198526501655579,0.7300000190734863,0.006742349942214787
autoUniv-au1-1000,ExtraTrees,900,100,0.3620273825089373,0.5513628632953261,0.0499100387096405,0.06239432841539383,0.7599999904632568,0.006639168015681207
autoUniv-au1-1000,LightGBM,900,100,0.35766840766977187,0.5448986087079242,0.039282724261283875,0.07440529763698578,0.7799999713897705,0.006242468953132629
autoUniv-au1-1000,LinearModel,900,100,0.38288885194113176,0.5748111668458052,0.08385396003723145,0.09701966494321823,0.7400000095367432,0.006161866011098027
autoUniv-au1-1000,NeuralNetFastAI,900,100,0.34925579104116516,0.5372102822153664,0.039696455001831055,0.08205193281173706,0.7799999713897705,0.006603701040148735
autoUniv-au1-1000,NeuralNetTorch,900,100,0.35370867076374113,0.5354880905614462,0.03263512998819351,0.03619462251663208,0.7400000095367432,0.006467847037129104
autoUniv-au1-1000,RandomForest,900,100,0.38051387791910707,0.5657968848490724,0.05287405848503113,0.05639394000172615,0.7300000190734863,0.0064097350696101785
autoUniv-au1-1000,XGBoost,900,100,0.3734751588074871,0.5576102625600758,0.07502542436122894,0.09224709123373032,0.699999988079071,0.006391292903572321
bank-marketing,CatBoost,40689,4522,0.11725426636512776,0.18656795133901918,0.005950499325990677,0.007670320570468903,0.9153029918670654,1.1109676120104268
bank-marketing,ExtraTrees,40689,4522,0.12568873775476186,0.20021717203649406,0.006964653730392456,0.012183016166090965,0.9062361717224121,0.4024626319296658
bank-marketing,LightGBM,40689,4522,0.11961093672041241,0.1896988925525252,0.0073013827204704285,0.009339419193565845,0.9119858741760254,0.9042289120843634
bank-marketing,LinearModel,40689,4522,0.14144748687568356,0.22790548116417547,0.007275987416505814,0.009935582987964153,0.8998230695724487,0.5791832999093458
bank-marketing,NeuralNetFastAI,40689,4522,0.12064176202491748,0.19142251297853166,0.007957402616739273,0.00981659535318613,0.9106590151786804,1.057195904897526
bank-marketing,NeuralNetTorch,40689,4522,0.12009180888600597,0.1907227729353493,0.0076819779351353645,0.012408893555402756,0.9084475636482239,1.2269997999537736
bank-marketing,RandomForest,40689,4522,0.1254564799257897,0.1993240881473735,0.005943216383457184,0.008660093881189823,0.9082264304161072,0.601752204936929
bank-marketing,XGBoost,40689,4522,0.1193264500017924,0.19024266952597643,0.00540752150118351,0.008102859370410442,0.9130915403366089,1.0970019398955628
bank32nh,CatBoost,7372,820,0.2690055994110683,0.41329208559084074,0.021109342575073242,0.04537512734532356,0.795121967792511,0.08520482503809035
bank32nh,ExtraTrees,7372,820,0.26995072179573476,0.41282839918936287,0.02071680687367916,0.035563595592975616,0.7987805008888245,0.0908750519156456
bank32nh,LightGBM,7372,820,0.2692147040625577,0.4156392658483336,0.02288844995200634,0.05151358246803284,0.795121967792511,0.08994225296191871
bank32nh,LinearModel,7372,820,0.26857987407831546,0.4099619936962756,0.021117709577083588,0.036893200129270554,0.7939024567604065,0.07479007495567203
bank32nh,NeuralNetFastAI,7372,820,0.2564823436142799,0.39676512585455315,0.022286564111709595,0.04275780916213989,0.8085365891456604,0.07746692793443799
bank32nh,NeuralNetTorch,7372,820,0.26123816206609796,0.4040843300624368,0.01695479080080986,0.027868010103702545,0.8012195229530334,0.07597249106038362
bank32nh,RandomForest,7372,820,0.28565932110485365,0.43587334239867953,0.025985892862081528,0.03620009124279022,0.790243923664093,0.07675320992711931
bank32nh,XGBoost,7372,820,0.2731739235246064,0.4205760094201174,0.020653648301959038,0.035098686814308167,0.795121967792511,0.08782846201211214
bank8FM,CatBoost,7372,820,0.07392804898870574,0.11945784823428625,0.011465873569250107,0.014148515649139881,0.9439024329185486,0.21174111496657133
bank8FM,ExtraTrees,7372,820,0.07824992023591254,0.12522819317717152,0.009569250978529453,0.01939539983868599,0.9487804770469666,0.22545870498288423
bank8FM,LightGBM,7372,820,0.075050825270902,0.11893570453573077,0.011547557078301907,0.02163763716816902,0.9487804770469666,0.23345943097956479
bank8FM,LinearModel,7372,820,0.0822949948101142,0.1349100865607891,0.009065164253115654,0.015668431296944618,0.9463414549827576,0.22023905208334327
bank8FM,NeuralNetFastAI,7372,820,0.07686391238630753,0.11827147210009444,0.0107958372682333,0.02099221758544445,0.9475609660148621,0.2071851419750601
bank8FM,NeuralNetTorch,7372,820,0.08116301403202568,0.12577902209427497,0.009591404348611832,0.016443857923150063,0.9439024329185486,0.21835273294709623
bank8FM,RandomForest,7372,820,0.07956066896217642,0.13418039374447535,0.010414127260446548,0.019768083468079567,0.9463414549827576,0.1702336680609733
bank8FM,XGBoost,7372,820,0.07603918112855076,0.12655925741676433,0.00947923120111227,0.02194119617342949,0.9439024329185486,0.2257997349370271
blood-transfusion-service-center,CatBoost,673,75,0.33757692332014116,0.5119817157655497,0.07254060357809067,0.05719950050115585,0.7599999904632568,0.0050608000019565225
blood-transfusion-service-center,ExtraTrees,673,75,0.32847922884967434,0.49515161918960426,0.06432650983333588,0.06320749223232269,0.7599999904632568,0.006108092027716339
blood-transfusion-service-center,LightGBM,673,75,0.33070502582210604,0.49836007423901124,0.07665354013442993,0.11030040681362152,0.7733333110809326,0.005438579944893718
blood-transfusion-service-center,LinearModel,673,75,0.3204374264283341,0.47803731178551195,0.0813649445772171,0.1331605464220047,0.746666669845581,0.005578652024269104
blood-transfusion-service-center,NeuralNetFastAI,673,75,0.3304074633744534,0.4913383240113825,0.06049378216266632,0.12888239324092865,0.746666669845581,0.006281381007283926
blood-transfusion-service-center,NeuralNetTorch,673,75,0.3073628688747606,0.46054951568205155,0.04623336344957352,0.09273681789636612,0.7599999904632568,0.004985300009138882
blood-transfusion-service-center,RandomForest,673,75,0.32071954192862556,0.49092977255525766,0.08021390438079834,0.10095968842506409,0.7733333110809326,0.0051857600919902325
blood-transfusion-service-center,XGBoost,673,75,0.3442516843313712,0.5211729624981878,0.04670882597565651,0.08309172093868256,0.746666669845581,0.0041772660333663225
boston_corrected,CatBoost,455,51,0.17084918261614881,0.2833620803096137,0.0856701210141182,0.0987042486667633,0.9019607901573181,0.007417472079396248
boston_corrected,ExtraTrees,455,51,0.16685725099167417,0.27375283876725354,0.10788047313690186,0.14030241966247559,0.843137264251709,0.006446967017836869
boston_corrected,LightGBM,455,51,0.15955799763747805,0.27471619160698774,0.10184478759765625,0.1433703601360321,0.9411764740943909,0.007925915997475386
boston_corrected,LinearModel,455,51,0.1827754621938971,0.29384881237373484,0.09885692596435547,0.1369573026895523,0.8627451062202454,0.0066367569379508495
boston_corrected,NeuralNetFastAI,455,51,0.15306690802540887,0.2607680606284249,0.11700575053691864,0.15214484930038452,0.8627451062202454,0.006700775935314596
boston_corrected,NeuralNetTorch,455,51,0.21435259701802284,0.32348275450019753,0.1136963739991188,0.14480333030223846,0.8039215803146362,0.006877397070638835
boston_corrected,RandomForest,455,51,0.18338162581192413,0.2997284951182958,0.1002156138420105,0.11010132730007172,0.8823529481887817,0.005924924975261092
boston_corrected,XGBoost,455,51,0.20249994373813962,0.3223677540892891,0.09138989448547363,0.14399747550487518,0.8627451062202454,0.007553534931503236
churn,CatBoost,4500,500,0.08448545827040342,0.17199735937792895,0.015986628830432892,0.021250320598483086,0.949999988079071,0.0452267921064049
churn,ExtraTrees,4500,500,0.08432352909109139,0.1723778402376294,0.019539374858140945,0.02189919538795948,0.9480000138282776,0.013850818970240653
churn,LightGBM,4500,500,0.08966755193142086,0.18363625969739047,0.01749718189239502,0.02670934610068798,0.9459999799728394,0.0400804050732404
churn,LinearModel,4500,500,0.1847672575878117,0.30197722473551153,0.02958880364894867,0.030071374028921127,0.8479999899864197,0.03387797495815903
churn,NeuralNetFastAI,4500,500,0.07776154811626748,0.16365119627638808,0.009528035297989845,0.017390115186572075,0.9559999704360962,0.04646678001154214
churn,NeuralNetTorch,4500,500,0.08553923321508852,0.17743411842388776,0.02329493686556816,0.03016677312552929,0.9520000219345093,0.050697650061920285
churn,RandomForest,4500,500,0.09959524125781052,0.19462592167913254,0.02009444124996662,0.02287069335579872,0.9359999895095825,0.03522773599252105
churn,XGBoost,4500,500,0.0875464511601751,0.17679655771855982,0.013851114548742771,0.022476015612483025,0.9440000057220459,0.045407216995954514
climate-model-simulation-crashes,CatBoost,486,54,0.09507474963182701,0.18758887092292167,0.05752694234251976,0.06404508650302887,0.9444444179534912,0.009592918097041547
climate-model-simulation-crashes,ExtraTrees,486,54,0.09340087600203317,0.2026735373707887,0.05768434330821037,0.06061525270342827,0.9444444179534912,0.007807826972566545
climate-model-simulation-crashes,LightGBM,486,54,0.08780266166213815,0.18914151793196438,0.058205291628837585,0.06698420643806458,0.9259259104728699,0.008569929981604218
climate-model-simulation-crashes,LinearModel,486,54,0.10449167962393176,0.2304085514359528,0.06856229901313782,0.059456586837768555,0.9444444179534912,0.009253822034224868
climate-model-simulation-crashes,NeuralNetFastAI,486,54,0.08894820924834301,0.20157376080613898,0.05960798263549805,0.06539624184370041,0.9629629850387573,0.009753012913279235
climate-model-simulation-crashes,NeuralNetTorch,486,54,0.10262213672871187,0.21282824942390502,0.05660809576511383,0.09313664585351944,0.9074074029922485,0.005922438926063478
climate-model-simulation-crashes,RandomForest,486,54,0.09979275368442578,0.21813319049914243,0.07551676034927368,0.07051936537027359,0.9259259104728699,0.008342963992618024
climate-model-simulation-crashes,XGBoost,486,54,0.0977651883234837,0.20518389241226345,0.07204245775938034,0.0684296265244484,0.9444444179534912,0.009321007994003594
colleges_usnews,CatBoost,1171,131,0.3737730058832622,0.542540625167349,0.056038811802864075,0.08202558010816574,0.7099236845970154,0.012820789008401334
colleges_usnews,ExtraTrees,1171,131,0.36508719596048267,0.5351753719993435,0.05940447747707367,0.11514507979154587,0.694656491279602,0.012458055978640914
colleges_usnews,LightGBM,1171,131,0.38900911307742814,0.5656678155941843,0.07152347266674042,0.1303028017282486,0.6793892979621887,0.01210898905992508
colleges_usnews,LinearModel,1171,131,0.4033056816423156,0.5879537270280801,0.06307007372379303,0.11552900820970535,0.6641221642494202,0.010522519936785102
colleges_usnews,NeuralNetFastAI,1171,131,0.3955526281828654,0.5710312654986874,0.0807085856795311,0.09773413836956024,0.694656491279602,0.012315529980696738
colleges_usnews,NeuralNetTorch,1171,131,0.38035291503539626,0.5506106756398974,0.0763382613658905,0.1524239182472229,0.732824444770813,0.01395338901784271
colleges_usnews,RandomForest,1171,131,0.37216609116333255,0.5573487592042327,0.06400525569915771,0.08061233162879944,0.7022900581359863,0.011262921965681016
colleges_usnews,XGBoost,1171,131,0.3800023082201857,0.5462716013104896,0.06775525957345963,0.11968562752008438,0.6793892979621887,0.012157106073573232
cpu_act,CatBoost,7372,820,0.06750644675252446,0.1163556857671792,0.01639987714588642,0.030315930023789406,0.959756076335907,0.20527435699477792
cpu_act,ExtraTrees,7372,820,0.07651647826661176,0.12927996600608854,0.01551041379570961,0.03379249572753906,0.95243901014328,0.06927429104689509
cpu_act,LightGBM,7372,820,0.07008189103390142,0.1178724208673431,0.016295218840241432,0.033406831324100494,0.95243901014328,0.20455658505670726
cpu_act,LinearModel,7372,820,0.08656333061324482,0.14718395081714813,0.017998890951275826,0.032248515635728836,0.9426829218864441,0.18030592100694776
cpu_act,NeuralNetFastAI,7372,820,0.07307890068377837,0.12532239513425283,0.019800186157226562,0.033880848437547684,0.9451219439506531,0.18672556604724377
cpu_act,NeuralNetTorch,7372,820,0.07920975459411062,0.13493978193584646,0.020711904391646385,0.036242417991161346,0.9426829218864441,0.1779795860638842
cpu_act,RandomForest,7372,820,0.07506746500656249,0.12939836269868418,0.015155183151364326,0.02454501949250698,0.954878032207489,0.055961324949748814
cpu_act,XGBoost,7372,820,0.0672861697474223,0.11533996862596448,0.017482707276940346,0.028490036725997925,0.9585365653038025,0.1973543131025508
cpu_small,CatBoost,7372,820,0.098326551918093,0.15792898924843815,0.014665592461824417,0.02131951041519642,0.9341463446617126,0.19054857396986336
cpu_small,ExtraTrees,7372,820,0.10480479956607056,0.1683701175119319,0.011235501617193222,0.02643638662993908,0.9292683005332947,0.02447694505099207
cpu_small,LightGBM,7372,820,0.0989090118168832,0.15829435194821104,0.01458156481385231,0.0252893827855587,0.9378048777580261,0.1949075289303437
cpu_small,LinearModel,7372,820,0.12592530546060246,0.20058084063207787,0.012238569557666779,0.028695546090602875,0.9073171019554138,0.1498299220111221
cpu_small,NeuralNetFastAI,7372,820,0.11066842599164624,0.17417711284473922,0.009141603484749794,0.026978056877851486,0.9170731902122498,0.16236288892105222
cpu_small,NeuralNetTorch,7372,820,0.1032412641872392,0.16637378952610934,0.01634564995765686,0.03326646238565445,0.9256097674369812,0.18319692905060947
cpu_small,RandomForest,7372,820,0.1014657625595085,0.16456259168034562,0.015535436570644379,0.030836520716547966,0.9341463446617126,0.019329537986777723
cpu_small,XGBoost,7372,820,0.09985900710117061,0.16051541812104567,0.014790602028369904,0.032390695065259933,0.9304878115653992,0.18497410893905908
credit-g,CatBoost,900,100,0.28072102626304535,0.4345776478843428,0.04682306945323944,0.08270823210477829,0.8199999928474426,0.0084073900943622
credit-g,ExtraTrees,900,100,0.2855696464537465,0.445458592863493,0.047805652022361755,0.11596712470054626,0.8199999928474426,0.007919528987258673
credit-g,LightGBM,900,100,0.28740831786936843,0.4457934018442735,0.05008891224861145,0.1058216542005539,0.7900000214576721,0.007446483010426164
credit-g,LinearModel,900,100,0.3119678658498749,0.4781121621321402,0.05082544684410095,0.08292316645383835,0.7799999713897705,0.007083736942149699
credit-g,NeuralNetFastAI,900,100,0.300099780604803,0.45793486187538773,0.03359532356262207,0.05909790098667145,0.7599999904632568,0.008412221912294626
credit-g,NeuralNetTorch,900,100,0.28896012635460666,0.4451893343999508,0.04870903491973877,0.11450187116861343,0.7799999713897705,0.0073340029921382666
credit-g,RandomForest,900,100,0.27596153845767185,0.43117471230185345,0.059010714292526245,0.09620156139135361,0.7900000214576721,0.007706165895797312
credit-g,XGBoost,900,100,0.29172149795411567,0.4470647429415986,0.04708988219499588,0.09110920876264572,0.7699999809265137,0.0083050939720124
cylinder-bands,CatBoost,486,54,0.19110708172339622,0.31413243393223816,0.05291684716939926,0.09148585051298141,0.8333333134651184,0.007531197974458337
cylinder-bands,ExtraTrees,486,54,0.18399762961395738,0.3130473145014727,0.05232088267803192,0.09246385842561722,0.9074074029922485,0.005161073058843613
cylinder-bands,LightGBM,486,54,0.1841769833915286,0.3105654380888099,0.06101983040571213,0.091021828353405,0.8888888955116272,0.0068788459757342935
cylinder-bands,LinearModel,486,54,0.26637611279396944,0.42374031022933506,0.05641629546880722,0.1260116547346115,0.8148148059844971,0.005558113916777074
cylinder-bands,NeuralNetFastAI,486,54,0.23147896600996334,0.38731858229862715,0.09305955469608307,0.1422193944454193,0.8703703880310059,0.005731021985411644
cylinder-bands,NeuralNetTorch,486,54,0.20938000396957565,0.35244729298730354,0.08057591319084167,0.12018874287605286,0.8518518805503845,0.0055838810512796044
cylinder-bands,RandomForest,486,54,0.17048961215853192,0.2897543123662436,0.04161796346306801,0.05809583142399788,0.8888888955116272,0.005525922053493559
cylinder-bands,XGBoost,486,54,0.1759585807605804,0.30664503738294663,0.0668000727891922,0.15329749882221222,0.8518518805503845,0.007250205962918699
delta_ailerons,CatBoost,6416,713,0.09066283595753327,0.18175052432811858,0.010507363826036453,0.016145789995789528,0.948106586933136,0.0897345709381625
delta_ailerons,ExtraTrees,6416,713,0.0925065209808585,0.1832152281626669,0.0130856242030859,0.01618177816271782,0.948106586933136,0.013843066990375519
delta_ailerons,LightGBM,6416,713,0.09213160650291494,0.1842462201609138,0.011686979793012142,0.02053658664226532,0.9438990354537964,0.09255788708105683
delta_ailerons,LinearModel,6416,713,0.11074900278064756,0.21994409095612322,0.012641903012990952,0.030307713896036148,0.9382889270782471,0.08709942200221121
delta_ailerons,NeuralNetFastAI,6416,713,0.10204515870387339,0.20179745823207648,0.011668730527162552,0.019568338990211487,0.9453015327453613,0.09396291803568602
delta_ailerons,NeuralNetTorch,6416,713,0.10123574325158112,0.19679592412154445,0.011711400002241135,0.022789716720581055,0.9453015327453613,0.09047084301710129
delta_ailerons,RandomForest,6416,713,0.09388617342072064,0.18230610883943085,0.011995885521173477,0.020282911136746407,0.9438990354537964,0.0669759459560737
delta_ailerons,XGBoost,6416,713,0.09256475660039604,0.18627225940015002,0.010564621537923813,0.023162785917520523,0.9453015327453613,0.09801831201184541
delta_elevators,CatBoost,8565,952,0.17824906792313702,0.2981129393117113,0.011526748538017273,0.028173478320240974,0.8844537734985352,0.09806863602716476
delta_elevators,ExtraTrees,8565,952,0.17959583503236246,0.29882727241125856,0.011293921619653702,0.027612637728452682,0.8844537734985352,0.09710547898430377
delta_elevators,LightGBM,8565,952,0.177073735810486,0.2962695772656538,0.013173351995646954,0.027670666575431824,0.8897058963775635,0.09134654700756073
delta_elevators,LinearModel,8565,952,0.1802340549170955,0.30549555038461207,0.012954416684806347,0.023714669048786163,0.8823529481887817,0.07731128996238112
delta_elevators,NeuralNetFastAI,8565,952,0.177942759347867,0.2995275788501531,0.0101127028465271,0.018971534445881844,0.881302535533905,0.09055112104397267
delta_elevators,NeuralNetTorch,8565,952,0.17661639646383984,0.29653049745450755,0.009183458983898163,0.02234436757862568,0.8855041861534119,0.09878885897342116
delta_elevators,RandomForest,8565,952,0.182883817505173,0.3015034344579616,0.012638051062822342,0.026602033525705338,0.8728991746902466,0.08769413095433265
delta_elevators,XGBoost,8565,952,0.1766339313550126,0.29673769527033944,0.012214548885822296,0.024250345304608345,0.8792017102241516,0.09783082304056734
diabetes,CatBoost,691,77,0.2484082040862148,0.39436579091552654,0.05253469944000244,0.11223116517066956,0.8311688303947449,0.009651064989157021
diabetes,ExtraTrees,691,77,0.23786735089916144,0.3803590646683274,0.04670223593711853,0.07103929668664932,0.8441558480262756,0.008602731977589428
diabetes,LightGBM,691,77,0.24598910939630592,0.39005894295961174,0.03762631118297577,0.06609667837619781,0.8051947951316833,0.009170499979518354
diabetes,LinearModel,691,77,0.2287261085337991,0.3682256944282262,0.06560540199279785,0.14245688915252686,0.8311688303947449,0.007051913999021053
diabetes,NeuralNetFastAI,691,77,0.24611131795558555,0.38577991895670477,0.06536775827407837,0.12457489967346191,0.8311688303947449,0.007298012962564826
diabetes,NeuralNetTorch,691,77,0.23417022236134272,0.3699479101179028,0.04401728883385658,0.09565450251102448,0.8311688303947449,0.007421504007652402
diabetes,RandomForest,691,77,0.24650106411870934,0.3960078410687504,0.047420352697372437,0.07439883053302765,0.8311688303947449,0.007808896014466882
diabetes,XGBoost,691,77,0.2694893743135472,0.42756732572248973,0.043749429285526276,0.17698076367378235,0.8051947951316833,0.008619871106930077
dresses-sales,CatBoost,450,50,0.47524601362693547,0.6679408303386316,0.07347829639911652,0.1718827188014984,0.5799999833106995,0.0038291540695354342
dresses-sales,ExtraTrees,450,50,0.5176896215303871,0.7150014212589758,0.13148896396160126,0.16122855246067047,0.5799999833106995,0.0034270499600097537
dresses-sales,LightGBM,450,50,0.5079607986609475,0.7102889868691368,0.08151194453239441,0.12678048014640808,0.6000000238418579,0.003989489050582051
dresses-sales,LinearModel,450,50,0.4785282057899748,0.6764096158315134,0.13418114185333252,0.14183084666728973,0.6399999856948853,0.0034039439633488655
dresses-sales,NeuralNetFastAI,450,50,0.5006754310533962,0.7026145258931024,0.11332106590270996,0.18184803426265717,0.6800000071525574,0.0042977071134373546
dresses-sales,NeuralNetTorch,450,50,0.49478582777279356,0.6928093648695267,0.09200955927371979,0.13867433369159698,0.6200000047683716,0.003693756996653974
dresses-sales,RandomForest,450,50,0.516578339478219,0.7146431894352525,0.13417431712150574,0.1799508035182953,0.5799999833106995,0.003423730027861893
dresses-sales,XGBoost,450,50,0.49545359909763703,0.689695657712721,0.069237619638443,0.1401350200176239,0.6200000047683716,0.003822583006694913
eeg-eye-state,CatBoost,13482,1498,0.06158507337576839,0.10772561936195105,0.007392323575913906,0.0092249670997262,0.9599465727806091,0.47506385401356965
eeg-eye-state,ExtraTrees,13482,1498,0.08158490065752406,0.13512311797456772,0.010836738161742687,0.01815694198012352,0.9405874609947205,0.059447792009450495
eeg-eye-state,LightGBM,13482,1498,0.06811180615699529,0.11523871912794546,0.009748319163918495,0.01716177724301815,0.9579439163208008,0.4909670730121434
eeg-eye-state,LinearModel,13482,1498,0.44681108842856254,0.6358971363899599,0.03248678147792816,0.022284476086497307,0.62950599193573,0.07530743500683457
eeg-eye-state,NeuralNetFastAI,13482,1498,0.2545078400568634,0.40196847563146737,0.04656583070755005,0.0788191556930542,0.8184245824813843,0.1567292739637196
eeg-eye-state,NeuralNetTorch,13482,1498,0.027118990283670236,0.04882925496917148,0.004633795935660601,0.009335877373814583,0.9826435446739197,0.4339122340315953
eeg-eye-state,RandomForest,13482,1498,0.09498117846419044,0.15960641228909142,0.009693337604403496,0.015805456787347794,0.935247004032135,0.05086571292486042
eeg-eye-state,XGBoost,13482,1498,0.07075081441855746,0.12051002558050725,0.008361348882317543,0.013620945625007153,0.9526034593582153,0.39754049200564623
electricity,CatBoost,40780,4532,0.08117215131680319,0.14080057000243987,0.005307380110025406,0.013794641941785812,0.9477052092552185,1.482062847004272
electricity,ExtraTrees,40780,4532,0.1373591746073796,0.2269242228605486,0.0063230725936591625,0.008819851092994213,0.9048985242843628,0.03832076408434659
electricity,LightGBM,40780,4532,0.08175478433937948,0.14301210096896494,0.007845887914299965,0.014030960388481617,0.948367178440094,1.8185678459703922
electricity,LinearModel,40780,4532,0.32930353534423845,0.49549385230799997,0.013960734009742737,0.019796686246991158,0.7563989162445068,0.4100867649540305
electricity,NeuralNetFastAI,40780,4532,0.21952031721253856,0.34502024188184344,0.010296355001628399,0.01428693626075983,0.8453221321105957,0.770353549043648
electricity,NeuralNetTorch,40780,4532,0.1852491650659645,0.29880791164542714,0.016748761758208275,0.028143979609012604,0.8711385726928711,0.4784734209533781
electricity,RandomForest,40780,4532,0.10573758050575283,0.17996010013647715,0.004634631797671318,0.007779747247695923,0.9302735924720764,0.03490990598220378
electricity,XGBoost,40780,4532,0.07984008581489434,0.14011124952066525,0.006205425597727299,0.013615291565656662,0.9477052092552185,1.6311399459373206
fri_c0_1000_5,CatBoost,900,100,0.11921566834634097,0.19180671907521757,0.07778069376945496,0.08283842355012894,0.8999999761581421,0.01949446799699217
fri_c0_1000_5,ExtraTrees,900,100,0.15011378984396942,0.22995491139755472,0.060579217970371246,0.07084908336400986,0.8899999856948853,0.01630882010795176
fri_c0_1000_5,LightGBM,900,100,0.12042542826089349,0.19170530369628758,0.04610610753297806,0.0596972219645977,0.8799999952316284,0.01970871794037521
fri_c0_1000_5,LinearModel,900,100,0.22025077510939556,0.3656278196328438,0.06670251488685608,0.10370178520679474,0.8399999737739563,0.01105261198244989
fri_c0_1000_5,NeuralNetFastAI,900,100,0.10347718071567552,0.17280257832487408,0.05041584372520447,0.08673735707998276,0.9399999976158142,0.018398389918729663
fri_c0_1000_5,NeuralNetTorch,900,100,0.10910494137825166,0.17093667510492694,0.03441067039966583,0.07871741056442261,0.9100000262260437,0.021074702963232994
fri_c0_1000_5,RandomForest,900,100,0.13732635722309464,0.23319768495501633,0.053853876888751984,0.07402186840772629,0.9300000071525574,0.0131364919943735
fri_c0_1000_5,XGBoost,900,100,0.1365299064978555,0.2214458780234128,0.053878314793109894,0.07194939255714417,0.8899999856948853,0.01851055398583412
fri_c0_500_5,CatBoost,450,50,0.18515592467410344,0.2967735844460648,0.06972391158342361,0.0771416500210762,0.8600000143051147,0.009278344921767712
fri_c0_500_5,ExtraTrees,450,50,0.25179720319059734,0.39318908644034267,0.08251427114009857,0.09191601723432541,0.8399999737739563,0.007395107997581363
fri_c0_500_5,LightGBM,450,50,0.20061298054697452,0.3104849794215562,0.0713128000497818,0.12409434467554092,0.8799999952316284,0.009088161983527243
fri_c0_500_5,LinearModel,450,50,0.29702665883644735,0.46059991772475956,0.08482524752616882,0.137853741645813,0.800000011920929,0.005841476027853787
fri_c0_500_5,NeuralNetFastAI,450,50,0.2074555691487727,0.31344542876742154,0.06781058013439178,0.11781180649995804,0.8399999737739563,0.009059907053597271
fri_c0_500_5,NeuralNetTorch,450,50,0.17666389235203023,0.2741665926774265,0.06945553421974182,0.09780151396989822,0.8399999737739563,0.009069969994015992
fri_c0_500_5,RandomForest,450,50,0.2567833185097943,0.394311876075404,0.07288461178541183,0.10008519887924194,0.7799999713897705,0.00814455607905984
fri_c0_500_5,XGBoost,450,50,0.21743038876978837,0.3361226109580748,0.0669412761926651,0.09603717923164368,0.8199999928474426,0.009155228035524487
fri_c1_1000_50,CatBoost,900,100,0.11585383633563894,0.20585344416508333,0.024489687755703926,0.04818655177950859,0.9300000071525574,0.022618904011324048
fri_c1_1000_50,ExtraTrees,900,100,0.11092365264282758,0.1892973351067664,0.025230364874005318,0.03973784297704697,0.9300000071525574,0.01999569998588413
fri_c1_1000_50,LightGBM,900,100,0.14548625170216684,0.22944045415624786,0.033504918217659,0.08790809661149979,0.8700000047683716,0.021824882016517222
fri_c1_1000_50,LinearModel,900,100,0.4137550159502203,0.5998779736706077,0.06050361692905426,0.057430945336818695,0.6800000071525574,0.007332129054702818
fri_c1_1000_50,NeuralNetFastAI,900,100,0.1409005233913055,0.25093741520021723,0.05560217425227165,0.09263668954372406,0.8899999856948853,0.015159831964410841
fri_c1_1000_50,NeuralNetTorch,900,100,0.23560089206477045,0.37493346803027783,0.05207359045743942,0.09820716828107834,0.8500000238418579,0.01510419009719044
fri_c1_1000_50,RandomForest,900,100,0.1569772170437529,0.2677967917390711,0.033182159066200256,0.061822980642318726,0.8999999761581421,0.017850415082648396
fri_c1_1000_50,XGBoost,900,100,0.12119890653966095,0.20267619003917242,0.026235736906528473,0.08163183182477951,0.9100000262260437,0.020350811071693897
fri_c2_1000_25,CatBoost,900,100,0.130957725871865,0.22560495999937788,0.038684945553541183,0.063822902739048,0.9100000262260437,0.021944788983091712
fri_c2_1000_25,ExtraTrees,900,100,0.14190681230579794,0.25015641590160065,0.02388307824730873,0.0707782506942749,0.8799999952316284,0.016797325923107564
fri_c2_1000_25,LightGBM,900,100,0.14647159477574545,0.24669432528525778,0.03609595447778702,0.05251180753111839,0.8899999856948853,0.021012280019931495
fri_c2_1000_25,LinearModel,900,100,0.3595747416783588,0.5286796036746123,0.07125648856163025,0.09422694891691208,0.7400000095367432,0.00930946203880012
fri_c2_1000_25,NeuralNetFastAI,900,100,0.12462607303821006,0.2087204052414617,0.02829604782164097,0.06466930359601974,0.9300000071525574,0.020178996957838535
fri_c2_1000_25,NeuralNetTorch,900,100,0.13691437822963187,0.22642528847809804,0.028571180999279022,0.07035550475120544,0.8899999856948853,0.020583151024766266
fri_c2_1000_25,RandomForest,900,100,0.1595876683961226,0.2777831936773802,0.03652142360806465,0.069737009704113,0.8999999761581421,0.017950106994248927
fri_c2_1000_25,XGBoost,900,100,0.14064402674928186,0.24415356432051596,0.03639479726552963,0.055573150515556335,0.8899999856948853,0.021418357035145164
fri_c2_500_50,CatBoost,450,50,0.18433556433979498,0.29036172639848895,0.04857143014669418,0.10865408927202225,0.8399999737739563,0.009494042955338955
fri_c2_500_50,ExtraTrees,450,50,0.2278177962989907,0.3391206270311018,0.06125122308731079,0.11401394754648209,0.8199999928474426,0.008496324066072702
fri_c2_500_50,LightGBM,450,50,0.1912040603899645,0.2973331699942092,0.04579321667551994,0.0997140184044838,0.8799999952316284,0.010166260995902121
fri_c2_500_50,LinearModel,450,50,0.3834330695412842,0.5591450925155007,0.06729921698570251,0.12510253489017487,0.7400000095367432,0.004376302007585764
fri_c2_500_50,NeuralNetFastAI,450,50,0.19262861661518013,0.3347291291656441,0.06538325548171997,0.14170965552330017,0.9200000166893005,0.007090336992405355
fri_c2_500_50,NeuralNetTorch,450,50,0.2471446968881396,0.3975761570733116,0.050061650574207306,0.11191961914300919,0.800000011920929,0.0057081879349425435
fri_c2_500_50,RandomForest,450,50,0.2283457749448202,0.3497172165684484,0.04827963188290596,0.10667064040899277,0.8199999928474426,0.008224531076848507
fri_c2_500_50,XGBoost,450,50,0.23348092477791002,0.3595285967374926,0.05215848237276077,0.09933280944824219,0.8399999737739563,0.008953950949944556
fri_c3_1000_10,CatBoost,900,100,0.10268659613860669,0.17798180649051074,0.03734824061393738,0.06634469330310822,0.949999988079071,0.01803615503013134
fri_c3_1000_10,ExtraTrees,900,100,0.09380826679708633,0.17231499532511865,0.01946742832660675,0.0334426574409008,0.9399999976158142,0.011839736020192504
fri_c3_1000_10,LightGBM,900,100,0.11484763291916461,0.18812574982450792,0.022440504282712936,0.07263670861721039,0.9300000071525574,0.01617583096958697
fri_c3_1000_10,LinearModel,900,100,0.3913566651996257,0.5736144024779136,0.037145331501960754,0.10408023744821548,0.7099999785423279,0.007075217901729047
fri_c3_1000_10,NeuralNetFastAI,900,100,0.09137707083037094,0.15401500390222286,0.03296792507171631,0.05347365140914917,0.9300000071525574,0.016788716078735888
fri_c3_1000_10,NeuralNetTorch,900,100,0.09642411311444857,0.17391058537451065,0.0384959951043129,0.06297454237937927,0.949999988079071,0.020679039997048676
fri_c3_1000_10,RandomForest,900,100,0.1181203799391171,0.2092780924268386,0.03267741948366165,0.07552795857191086,0.9300000071525574,0.009525766945444047
fri_c3_1000_10,XGBoost,900,100,0.11018626638938347,0.1937882239186345,0.04764094203710556,0.09151001274585724,0.949999988079071,0.017933955998159945
fri_c3_1000_25,CatBoost,900,100,0.12681653232379272,0.1973745093476755,0.03392829746007919,0.07174724340438843,0.8999999761581421,0.020284864003770053
fri_c3_1000_25,ExtraTrees,900,100,0.10279423656552378,0.16657246647714452,0.02033238299190998,0.05010448768734932,0.9200000166893005,0.020073929917998612
fri_c3_1000_25,LightGBM,900,100,0.08350886866157825,0.1428296246354741,0.02810833416879177,0.06191891059279442,0.949999988079071,0.019538206979632378
fri_c3_1000_25,LinearModel,900,100,0.43364050177585367,0.6177971876466306,0.044388547539711,0.0799960121512413,0.6399999856948853,0.007717496948316693
fri_c3_1000_25,NeuralNetFastAI,900,100,0.08196279738788666,0.1487413497203794,0.033080436289310455,0.04613642767071724,0.949999988079071,0.01976288401056081
fri_c3_1000_25,NeuralNetTorch,900,100,0.08256303348419167,0.1624401623594819,0.038591571152210236,0.09709623456001282,0.9399999976158142,0.017348650959320366
fri_c3_1000_25,RandomForest,900,100,0.13724915564440784,0.2144556988410936,0.026979520916938782,0.07218766212463379,0.8999999761581421,0.012079122941941023
fri_c3_1000_25,XGBoost,900,100,0.09793725184072795,0.1714606968542563,0.025811290368437767,0.061019282788038254,0.9300000071525574,0.017824579030275345
fri_c3_500_10,CatBoost,450,50,0.19437554279993424,0.31957760067338264,0.04811377823352814,0.08043212443590164,0.8600000143051147,0.009568759007379413
fri_c3_500_10,ExtraTrees,450,50,0.2299637726151166,0.38058040219404354,0.06510186940431595,0.1192358136177063,0.8600000143051147,0.008751824963837862
fri_c3_500_10,LightGBM,450,50,0.2542891984285881,0.38976920568157003,0.06367968022823334,0.14848895370960236,0.800000011920929,0.009981188923120499
fri_c3_500_10,LinearModel,450,50,0.4012347980263326,0.583897272802218,0.0862368643283844,0.13552959263324738,0.6399999856948853,0.0036883180728182197
fri_c3_500_10,NeuralNetFastAI,450,50,0.20756185605539276,0.32780531738124663,0.04888994246721268,0.1026223674416542,0.8799999952316284,0.010309069999493659
fri_c3_500_10,NeuralNetTorch,450,50,0.18233461617896407,0.2850753865033898,0.04258137568831444,0.11541751772165298,0.8999999761581421,0.01110840798355639
fri_c3_500_10,RandomForest,450,50,0.21859646536654365,0.35960008169796986,0.06055736914277077,0.09461262077093124,0.8399999737739563,0.00765444990247488
fri_c3_500_10,XGBoost,450,50,0.2003011261078891,0.32797149837580436,0.054982639849185944,0.08922301977872849,0.8600000143051147,0.009361561969853938
fri_c3_500_50,CatBoost,450,50,0.21934928725365269,0.35649825545335984,0.06447266042232513,0.19826577603816986,0.800000011920929,0.009931527078151703
fri_c3_500_50,ExtraTrees,450,50,0.21409966561022606,0.3437782067994018,0.08080416172742844,0.14961904287338257,0.8399999737739563,0.006625561974942684
fri_c3_500_50,LightGBM,450,50,0.199188634410815,0.3333545823237115,0.048732690513134,0.11365748196840286,0.8600000143051147,0.00805153395049274
fri_c3_500_50,LinearModel,450,50,0.40922767228682444,0.5887703028527101,0.10493241250514984,0.14185017347335815,0.6399999856948853,0.004385438980534673
fri_c3_500_50,NeuralNetFastAI,450,50,0.419022919861119,0.60336141956182,0.09617835283279419,0.12163618952035904,0.6200000047683716,0.004485368030145764
fri_c3_500_50,NeuralNetTorch,450,50,0.39669433398775555,0.5830394547985608,0.09801191836595535,0.11107729375362396,0.7200000286102295,0.004400328965857625
fri_c3_500_50,RandomForest,450,50,0.1977659259611249,0.31694041895395814,0.032290875911712646,0.04569332301616669,0.8600000143051147,0.007928499020636082
fri_c3_500_50,XGBoost,450,50,0.18243169210903915,0.31364566276206746,0.05580580234527588,0.08776840567588806,0.8999999761581421,0.009291594033129513
fri_c4_500_100,CatBoost,450,50,0.1710531833194927,0.25878928661883704,0.05030951648950577,0.09440605342388153,0.8799999952316284,0.008459549979306757
fri_c4_500_100,ExtraTrees,450,50,0.14890149309637862,0.2403102217153218,0.058546774089336395,0.08631452918052673,0.8999999761581421,0.006440200959332287
fri_c4_500_100,LightGBM,450,50,0.17155846350766052,0.2746594253447482,0.04540121555328369,0.1069321483373642,0.8999999761581421,0.009291587979532778
fri_c4_500_100,LinearModel,450,50,0.4490727574406015,0.6390841249599499,0.09552450478076935,0.1192188411951065,0.6000000238418579,0.0039832849288359284
fri_c4_500_100,NeuralNetFastAI,450,50,0.44106885647114474,0.6313886937536133,0.10003975033760071,0.1240643784403801,0.6399999856948853,0.004423476988449693
fri_c4_500_100,NeuralNetTorch,450,50,0.43263649671465765,0.6229767501526221,0.11690489947795868,0.12734061479568481,0.6800000071525574,0.004489024053327739
fri_c4_500_100,RandomForest,450,50,0.168366127289492,0.2659024193364864,0.048675358295440674,0.05398523807525635,0.8799999952316284,0.008166927029378712
fri_c4_500_100,XGBoost,450,50,0.14931347404652018,0.24188062181602488,0.058395735919475555,0.06882545351982117,0.8999999761581421,0.008706656051799655
fried,CatBoost,36691,4077,0.09259674204713275,0.14651855308248585,0.006338263396173716,0.01220909133553505,0.9320578575134277,2.4196807050611824
fried,ExtraTrees,36691,4077,0.11407060754219982,0.179583396891863,0.009630958549678326,0.014412776567041874,0.9183223247528076,0.04849093488883227
fried,LightGBM,36691,4077,0.09333007971160327,0.14798957214198005,0.00639305729418993,0.015478570014238358,0.9308314919471741,2.0996296460507438
fried,LinearModel,36691,4077,0.23201592586320488,0.3671589282937196,0.009823997505009174,0.01612205058336258,0.8359087705612183,0.8334678299725056
fried,NeuralNetFastAI,36691,4077,0.09059087881276359,0.14285885709238538,0.006376252975314856,0.01013963297009468,0.9352465271949768,2.356106408056803
fried,NeuralNetTorch,36691,4077,0.09075763187874529,0.14428781056411677,0.006067268550395966,0.01000246126204729,0.9352465271949768,2.2468634319957346
fried,RandomForest,36691,4077,0.11555056288017888,0.18265965165389317,0.009101453237235546,0.018272608518600464,0.9170958995819092,1.0595942409709096
fried,XGBoost,36691,4077,0.09500918350352837,0.15114650385362044,0.007019273471087217,0.009962339885532856,0.9327937364578247,1.936914365971461
gina,CatBoost,2837,316,0.061171248145683366,0.10663611771074588,0.013354655355215073,0.024212641641497612,0.9588607549667358,0.07171983399894089
gina,ExtraTrees,2837,316,0.092370449208617,0.15713469155908827,0.013167638331651688,0.03213484585285187,0.9430379867553711,0.03190124302636832
gina,LightGBM,2837,316,0.06401567746929554,0.11311772714456747,0.009379019029438496,0.01612713746726513,0.9588607549667358,0.06859688006807119
gina,LinearModel,2837,316,0.2267930719217948,0.3677976197049377,0.044473372399806976,0.08623038977384567,0.8354430198669434,0.019346843007951975
gina,NeuralNetFastAI,2837,316,0.0631240874228631,0.11960868304577559,0.03298547863960266,0.06288615614175797,0.9683544039726257,0.04040674294810742
gina,NeuralNetTorch,2837,316,0.06590638945994047,0.12496849277510066,0.03266436979174614,0.05789567530155182,0.9588607549667358,0.04287777794525027
gina,RandomForest,2837,316,0.0923135863816254,0.16004653460795643,0.012197728268802166,0.02206161618232727,0.9398733973503113,0.029436482000164688
gina,XGBoost,2837,316,0.06712216415006601,0.12032652519117067,0.008449023589491844,0.01809430867433548,0.9588607549667358,0.060275505064055324
hill-valley,CatBoost,1090,122,0.48942529074602986,0.6823981115893969,0.07485245168209076,0.03544711321592331,0.5491803288459778,0.005817495984956622
hill-valley,ExtraTrees,1090,122,0.4618275911392265,0.6538858182858387,0.07829394191503525,0.06003700569272041,0.6147540807723999,0.005688362987712026
hill-valley,LightGBM,1090,122,0.4560945276579917,0.6476491676824007,0.04426230490207672,0.04907028749585152,0.5983606576919556,0.006687005050480366
hill-valley,LinearModel,1090,122,0.1406268750189909,0.2395235212096212,0.048358723521232605,0.0726340264081955,0.8934426307678223,0.013083311030641198
hill-valley,NeuralNetFastAI,1090,122,0.2081234757033883,0.34568352904935373,0.11725763231515884,0.2041662335395813,0.8852459192276001,0.012101995991542935
hill-valley,NeuralNetTorch,1090,122,0.13699677291037102,0.22993083696441222,0.055052489042282104,0.06510037928819656,0.9098360538482666,0.01658759207930416
hill-valley,RandomForest,1090,122,0.4674071752122673,0.6598377215768213,0.03872603923082352,0.05859528109431267,0.6065573692321777,0.005532574956305325
hill-valley,XGBoost,1090,122,0.47467642792428444,0.667047383131847,0.04991229251027107,0.03118468075990677,0.5819672346115112,0.0053880560444667935
hiva_agnostic,CatBoost,3806,423,0.06416456429582339,0.13586300491415518,0.013840645551681519,0.01921582594513893,0.9669030904769897,0.04788910609204322
hiva_agnostic,ExtraTrees,3806,423,0.06802232658197568,0.14216744952175395,0.015494421124458313,0.019215689972043037,0.9598108530044556,0.043853312032297254
hiva_agnostic,LightGBM,3806,423,0.0669730373082387,0.1410642641433065,0.01565484330058098,0.016593169420957565,0.9645389914512634,0.051792732905596495
hiva_agnostic,LinearModel,3806,423,0.06050514508975805,0.1331881632093681,0.016704488545656204,0.006509359460324049,0.9645389914512634,0.024709210032597184
hiva_agnostic,NeuralNetFastAI,3806,423,0.06315631066707827,0.1379399882880364,0.010034127160906792,0.006969709414988756,0.9669030904769897,0.03514966706279665
hiva_agnostic,NeuralNetTorch,3806,423,0.06318369615096318,0.14382740065017544,0.018844395875930786,0.01590549759566784,0.9669030904769897,0.0432194781024009
hiva_agnostic,RandomForest,3806,423,0.06988386220009775,0.14367834418333675,0.01772017776966095,0.016858896240592003,0.9598108530044556,0.04786147898994386
hiva_agnostic,XGBoost,3806,423,0.06220337035050166,0.13511029254379237,0.014506228268146515,0.018993571400642395,0.9692671298980713,0.05303599196486175
houses,CatBoost,18576,2064,0.017264597874709887,0.031102953740369556,0.004875596612691879,0.007457492873072624,0.9893410801887512,1.1778624509461224
houses,ExtraTrees,18576,2064,0.015716706772130353,0.028668960476720892,0.004650518298149109,0.007487991824746132,0.9903100728988647,0.015836148988455534
houses,LightGBM,18576,2064,0.018690316994633856,0.03360091297875194,0.006147987209260464,0.008311624638736248,0.9864341020584106,1.0659129379782826
houses,LinearModel,18576,2064,0.04386673997172288,0.07401420788960833,0.005329499952495098,0.007682680152356625,0.9689922332763672,0.7988575549097732
houses,NeuralNetFastAI,18576,2064,0.01869006394142482,0.03315140108993767,0.006212462671101093,0.009855824522674084,0.9864341020584106,0.770174028002657
houses,NeuralNetTorch,18576,2064,0.01933228407154885,0.0339366738086985,0.005555721465498209,0.009686639532446861,0.9864341020584106,0.5187938740709797
houses,RandomForest,18576,2064,0.019248122649574255,0.03408525571378375,0.0045654065907001495,0.007709143683314323,0.9874030947685242,0.09999039198737592
houses,XGBoost,18576,2064,0.01896513748547972,0.0336548614058267,0.005433635786175728,0.008993303403258324,0.9869186282157898,0.9247428190428764
ilpd,CatBoost,524,59,0.35875636548469386,0.5249431744870637,0.04723791778087616,0.08553647249937057,0.7118644118309021,0.007283226004801691
ilpd,ExtraTrees,524,59,0.3550026346503922,0.5139463878142856,0.045217931270599365,0.09361515194177628,0.7288135886192322,0.0072907209396362305
ilpd,LightGBM,524,59,0.3564211940074531,0.5224790123260018,0.06886979937553406,0.12172231078147888,0.7288135886192322,0.0075882450910285115
ilpd,LinearModel,524,59,0.3963475194520216,0.5585316806247453,0.09424132108688354,0.14893275499343872,0.6440678238868713,0.006433477043174207
ilpd,NeuralNetFastAI,524,59,0.36528384045127094,0.5176640277574915,0.08386246860027313,0.12757335603237152,0.6440678238868713,0.007818358018994331
ilpd,NeuralNetTorch,524,59,0.37200070255028567,0.5397770596724043,0.06333205103874207,0.1435561329126358,0.6440678238868713,0.006005742005072534
ilpd,RandomForest,524,59,0.3679868139166965,0.5348158290574847,0.07419253140687943,0.08297361433506012,0.7118644118309021,0.006705129984766245
ilpd,XGBoost,524,59,0.36864753171191506,0.526054923723745,0.08312875777482986,0.07813131809234619,0.694915235042572,0.00764837209135294
jasmine,CatBoost,2685,299,0.2659535994700098,0.4062675987556809,0.0336633026599884,0.05657138675451279,0.8060200810432434,0.036318987025879323
jasmine,ExtraTrees,2685,299,0.2734917433054583,0.41376715080077986,0.02584439516067505,0.048242926597595215,0.8193979859352112,0.011781728942878544
jasmine,LightGBM,2685,299,0.26472244759780933,0.4054635152714098,0.030460715293884277,0.04813925549387932,0.8193979859352112,0.038765368051826954
jasmine,LinearModel,2685,299,0.28707483304571285,0.4379478753435131,0.02580323815345764,0.04621492326259613,0.7993311285972595,0.03359628200996667
jasmine,NeuralNetFastAI,2685,299,0.28261777971566066,0.4310381234585016,0.026584837585687637,0.05291009694337845,0.8060200810432434,0.02889517298899591
jasmine,NeuralNetTorch,2685,299,0.2841040815382077,0.43111362886186977,0.032787248492240906,0.05730493366718292,0.7993311285972595,0.030083663994446397
jasmine,RandomForest,2685,299,0.26432617334714587,0.40088108922311183,0.03532472252845764,0.0756034255027771,0.8026756048202515,0.013892229995690286
jasmine,XGBoost,2685,299,0.25711538877489776,0.3984504503612282,0.021722761914134026,0.04165051132440567,0.829431414604187,0.031039396999403834
jm1,CatBoost,9796,1089,0.26594542893782214,0.4193735703568016,0.01937420293688774,0.025004927068948746,0.8163452744483948,0.05432375497184694
jm1,ExtraTrees,9796,1089,0.26559597241446276,0.41794725029672275,0.016673080623149872,0.030335182324051857,0.8172635436058044,0.06273614196106791
jm1,LightGBM,9796,1089,0.2636740939985333,0.41807262777117676,0.01474461704492569,0.020758766680955887,0.8273645639419556,0.05705342907458544
jm1,LinearModel,9796,1089,0.28109261203333313,0.44325437272017776,0.020800253376364708,0.024728307500481606,0.8163452744483948,0.05149705498479307
jm1,NeuralNetFastAI,9796,1089,0.2719591808215347,0.4328200496387876,0.018754951655864716,0.03416779637336731,0.8227731585502625,0.05170449893921614
jm1,NeuralNetTorch,9796,1089,0.27631318176568875,0.4359332903851781,0.023286307230591774,0.032402295619249344,0.8145087361335754,0.054939269088208675
jm1,RandomForest,9796,1089,0.2627301520730383,0.4146555389315144,0.017010781913995743,0.022825583815574646,0.8218548893928528,0.06280133395921439
jm1,XGBoost,9796,1089,0.2648417131847896,0.41909912548631384,0.010313600301742554,0.02540713921189308,0.8191000819206238,0.060076229041442275
kc1,CatBoost,1898,211,0.18856549032416933,0.31807706118412055,0.03094632923603058,0.0688079297542572,0.8720378875732422,0.01276283001061529
kc1,ExtraTrees,1898,211,0.18873916418210543,0.31250297540267336,0.029147639870643616,0.03155983239412308,0.8767772316932678,0.00948703195899725
kc1,LightGBM,1898,211,0.18886319616337405,0.31501706256309786,0.021490730345249176,0.0341280922293663,0.8815165758132935,0.012743526953272521
kc1,LinearModel,1898,211,0.214162738736133,0.3457700948412138,0.0304192453622818,0.035593386739492416,0.8625592589378357,0.011603230028413236
kc1,NeuralNetFastAI,1898,211,0.19697095470035123,0.32436539554374555,0.028936713933944702,0.05831252783536911,0.8625592589378357,0.01273516402579844
kc1,NeuralNetTorch,1898,211,0.2090821088727812,0.3331731420958898,0.021430769935250282,0.03498988226056099,0.8483412265777588,0.012643944006413221
kc1,RandomForest,1898,211,0.1852644168409497,0.30858803567057863,0.03090899996459484,0.04313492029905319,0.8862559199333191,0.009787558927200735
kc1,XGBoost,1898,211,0.19859425836870812,0.3288618011750978,0.027946358546614647,0.038055431097745895,0.8767772316932678,0.011243835906498134
kc2,CatBoost,469,53,0.2584559055536865,0.3801151025516319,0.07852079719305038,0.1740368902683258,0.7547169923782349,0.003761426080018282
kc2,ExtraTrees,469,53,0.25385505888218624,0.3798774755569109,0.06204899027943611,0.12940825521945953,0.7547169923782349,0.005467946990393102
kc2,LightGBM,469,53,0.20417029442843104,0.3142896069496488,0.06159822642803192,0.11398192495107651,0.7924528121948242,0.004180149990133941
kc2,LinearModel,469,53,0.2563332071681008,0.38255467878038285,0.06415459513664246,0.14893291890621185,0.7924528121948242,0.003982248017564416
kc2,NeuralNetFastAI,469,53,0.2428052072506659,0.3724222006257823,0.05566606670618057,0.07057308405637741,0.8113207817077637,0.005165815004147589
kc2,NeuralNetTorch,469,53,0.26170733156573195,0.40112481135799366,0.042281489819288254,0.0760449692606926,0.7924528121948242,0.006440451950766146
kc2,RandomForest,469,53,0.2283739237041804,0.3440497053804516,0.06952284276485443,0.11931388825178146,0.8113207817077637,0.004939419915899634
kc2,XGBoost,469,53,0.2303094789611038,0.34431446498107626,0.06961209326982498,0.13969895243644714,0.7924528121948242,0.0036632519913837314
kdd_el_nino-small,CatBoost,703,79,0.10049311205193136,0.1543684535617151,0.036464791744947433,0.06240716204047203,0.9240506291389465,0.018973047961480916
kdd_el_nino-small,ExtraTrees,703,79,0.1043256493099636,0.16073475002587478,0.029635123908519745,0.06334245204925537,0.9113923907279968,0.008999411016702652
kdd_el_nino-small,LightGBM,703,79,0.11413437870912424,0.17435854512198393,0.0466284304857254,0.055952660739421844,0.9367088675498962,0.020079344976693392
kdd_el_nino-small,LinearModel,703,79,0.10075243705228194,0.16591510845552532,0.038947299122810364,0.08079923689365387,0.9240506291389465,0.015825237962417305
kdd_el_nino-small,NeuralNetFastAI,703,79,0.09672846549275267,0.17310793347357264,0.03129459172487259,0.04280907288193703,0.949367105960846,0.017965369974263012
kdd_el_nino-small,NeuralNetTorch,703,79,0.13382141897361932,0.21776379173469337,0.033230721950531006,0.04100247472524643,0.9113923907279968,0.019308649003505707
kdd_el_nino-small,RandomForest,703,79,0.10169966446889708,0.1540683957957097,0.025743108242750168,0.057405758649110794,0.9240506291389465,0.008159088087268174
kdd_el_nino-small,XGBoost,703,79,0.10482003946926591,0.17228456886354757,0.03326936066150665,0.057574059814214706,0.9367088675498962,0.02023001399356872
kdd_internet_usage,CatBoost,9097,1011,0.1495427874809144,0.2350190335722464,0.010730741545557976,0.02293197065591812,0.9000989198684692,0.1941776470048353
kdd_internet_usage,ExtraTrees,9097,1011,0.16218490735106988,0.2544296985285044,0.014960022643208504,0.02151591144502163,0.8862512111663818,0.15569956006947905
kdd_internet_usage,LightGBM,9097,1011,0.14943478183380896,0.2331932516767646,0.011640984565019608,0.016347425058484077,0.8971315622329712,0.19426674209535122
kdd_internet_usage,LinearModel,9097,1011,0.16885217685513979,0.273136245594793,0.010209336876869202,0.027374181896448135,0.8753709197044373,0.09498917998280376
kdd_internet_usage,NeuralNetFastAI,9097,1011,0.15115711197516335,0.23470240837188613,0.013598639518022537,0.019779907539486885,0.8921859264373779,0.18915919004939497
kdd_internet_usage,NeuralNetTorch,9097,1011,0.15196348830718726,0.23484332936511793,0.0148506173864007,0.023074837401509285,0.8902077078819275,0.18421090999618173
kdd_internet_usage,RandomForest,9097,1011,0.15991092938165058,0.24980463628854882,0.01662294939160347,0.029378080740571022,0.888229489326477,0.10365819500293583
kdd_internet_usage,XGBoost,9097,1011,0.14948013224783005,0.23567324091333627,0.010366914793848991,0.02068629488348961,0.8991097807884216,0.20832583494484425
kick,CatBoost,65684,7299,0.161353988370401,0.2844867683479475,0.00527447834610939,0.007252067793160677,0.9038224220275879,0.609476377023384
kick,ExtraTrees,65684,7299,0.16882346729033315,0.29649464794673863,0.005308480001986027,0.009532850235700607,0.8994382619857788,0.5633780190255493
kick,LightGBM,65684,7299,0.16433268236015883,0.2896352457853501,0.005041336640715599,0.00533861480653286,0.9020413756370544,0.5405318610137329
kick,LinearModel,65684,7299,0.17116903239089798,0.30154684253710895,0.006575312465429306,0.005452560726553202,0.8982052206993103,0.43351313995663077
kick,NeuralNetFastAI,65684,7299,0.16393944306717131,0.2891451283512527,0.005070485174655914,0.008836106397211552,0.9020413756370544,0.5282246168935671
kick,NeuralNetTorch,65684,7299,0.1639304709454872,0.28953439851150936,0.006883861497044563,0.00900398287922144,0.9028633832931519,0.592974329018034
kick,RandomForest,65684,7299,0.1667815628935469,0.2933040244894747,0.005584779195487499,0.009079418145120144,0.900260329246521,0.6091962249483913
kick,XGBoost,65684,7299,0.16175536252112988,0.28546570736666615,0.004359457641839981,0.006313956808298826,0.9038224220275879,0.514961232081987
kin8nm,CatBoost,7372,820,0.14773318286385104,0.23506280175039795,0.01862674206495285,0.03286178410053253,0.8939024209976196,0.12381521402858198
kin8nm,ExtraTrees,7372,820,0.21596232376772193,0.33873368098465645,0.02272600680589676,0.03339136764407158,0.8402438759803772,0.03131391806527972
kin8nm,LightGBM,7372,820,0.15243734053371077,0.24327887550911365,0.017860963940620422,0.03187179937958717,0.8865853548049927,0.1310410670703277
kin8nm,LinearModel,7372,820,0.3566578094153043,0.5354282379601956,0.028181105852127075,0.023873962461948395,0.7353658676147461,0.04606427997350693
kin8nm,NeuralNetFastAI,7372,820,0.12761662347503006,0.2045943082111254,0.012455418705940247,0.022133639082312584,0.9048780202865601,0.16270125098526478
kin8nm,NeuralNetTorch,7372,820,0.1261225549382722,0.20014130413748718,0.012269869446754456,0.023676367476582527,0.9109756350517273,0.18222292105201632
kin8nm,RandomForest,7372,820,0.2134071400106673,0.3372401536046871,0.02199966087937355,0.030489739030599594,0.8451219797134399,0.031816237955354154
kin8nm,XGBoost,7372,820,0.17832184033309972,0.2884168885244317,0.023140473291277885,0.0356346033513546,0.8817073106765747,0.10931532690301538
madeline,CatBoost,2826,314,0.19299598698391363,0.32992635533459763,0.024595893919467926,0.052240241318941116,0.8630573153495789,0.030903920996934175
madeline,ExtraTrees,2826,314,0.22375504678693864,0.3694473530022237,0.023574156686663628,0.0424807034432888,0.8407643437385559,0.019763526041060686
madeline,LightGBM,2826,314,0.2161758710647699,0.36134412929825493,0.021463090553879738,0.04997837543487549,0.8566879034042358,0.03055581101216376
madeline,LinearModel,2826,314,0.48289229516169646,0.6755372994203104,0.024811455979943275,0.05112551525235176,0.5859872698783875,0.015846717986278236
madeline,NeuralNetFastAI,2826,314,0.39409497496525003,0.5793703099090423,0.08117915689945221,0.0590076819062233,0.7070063948631287,0.019055633922107518
madeline,NeuralNetTorch,2826,314,0.357566833320332,0.5384472673866085,0.055184364318847656,0.08397873491048813,0.7547770738601685,0.019574563018977642
madeline,RandomForest,2826,314,0.23056359203448262,0.383475457469086,0.024583950638771057,0.045834288001060486,0.8535031676292419,0.01961277995724231
madeline,XGBoost,2826,314,0.21797407705540053,0.3620079608955983,0.025775140151381493,0.03782116621732712,0.8662420511245728,0.027789623010903597
madelon,CatBoost,2340,260,0.19199563177867873,0.32163976971605057,0.026577625423669815,0.07030469179153442,0.8653846383094788,0.024442214984446764
madelon,ExtraTrees,2340,260,0.20695078686416643,0.34504802481010827,0.027239982038736343,0.04732806980609894,0.8692307472229004,0.01544715091586113
madelon,LightGBM,2340,260,0.19265862504192754,0.32876372324717557,0.04400190711021423,0.0867917388677597,0.8807692527770996,0.023121427977457643
madelon,LinearModel,2340,260,0.4865180628425061,0.6795742493943195,0.04817765951156616,0.03406205400824547,0.5846154093742371,0.012670994037762284
madelon,NeuralNetFastAI,2340,260,0.39811817048229703,0.5859603761891868,0.07289087027311325,0.11912339925765991,0.7384615540504456,0.016425168025307357
madelon,NeuralNetTorch,2340,260,0.42912679699151046,0.6192250057425759,0.07986360788345337,0.10191285610198975,0.6807692050933838,0.01442319294437766
madelon,RandomForest,2340,260,0.21313997635610765,0.35171094738446324,0.026380471885204315,0.06068771332502365,0.8653846383094788,0.021598936058580875
madelon,XGBoost,2340,260,0.19983856550785176,0.33593310022507156,0.028919648379087448,0.051587820053100586,0.8692307472229004,0.025102287996560335
mammography,CatBoost,10064,1119,0.021442990023720535,0.050162600236749316,0.0026913913898169994,0.0035231290385127068,0.9874888062477112,0.17220952094066888
mammography,ExtraTrees,10064,1119,0.026337673466558843,0.05714271813182001,0.007168665528297424,0.009235527366399765,0.9848078489303589,0.1776378130307421
mammography,LightGBM,10064,1119,0.022785339350476098,0.04960154205925794,0.004797536414116621,0.009587747044861317,0.9874888062477112,0.1445152040105313
mammography,LinearModel,10064,1119,0.031606399151009726,0.07285126884138796,0.00775184016674757,0.01164826937019825,0.9812332391738892,0.07363085995893925
mammography,NeuralNetFastAI,10064,1119,0.0247681333866908,0.053433600953287315,0.0049081239849328995,0.007489820942282677,0.9839141964912415,0.14912487892434
mammography,NeuralNetTorch,10064,1119,0.02546230578123855,0.05512588773254351,0.0030058808624744415,0.007252971176058054,0.9848078489303589,0.17178466299083084
mammography,RandomForest,10064,1119,0.02727394005941851,0.05867042322792664,0.006289771292358637,0.008947344496846199,0.9848078489303589,0.1286697859177366
mammography,XGBoost,10064,1119,0.023255759058699012,0.050427009641278414,0.005430183373391628,0.00807828176766634,0.9874888062477112,0.10627476405352354
mc1,CatBoost,8519,947,0.008360329852164807,0.017313946602523507,0.0035318885929882526,0.0049451617524027824,0.9947201609611511,0.08657848194707185
mc1,ExtraTrees,8519,947,0.008460789549245794,0.01835851242059296,0.003218604950234294,0.003992980346083641,0.9947201609611511,0.11317955900449306
mc1,LightGBM,8519,947,0.0065210335647229774,0.013979800518645627,0.0030398378148674965,0.003879447700455785,0.9968320727348328,0.0713920429116115
mc1,LinearModel,8519,947,0.010532829944362597,0.02840055458432152,0.005042901262640953,0.0033772666938602924,0.9947201609611511,0.08008336403872818
mc1,NeuralNetFastAI,8519,947,0.010558368455358704,0.02699130749186356,0.004353832453489304,0.00485267722979188,0.9947201609611511,0.10254812799394131
mc1,NeuralNetTorch,8519,947,0.01156286226038132,0.02894340836283057,0.004592853598296642,0.004590902477502823,0.9926082491874695,0.09484357293695211
mc1,RandomForest,8519,947,0.01017587765619404,0.02190022744976991,0.0034186060074716806,0.0019823750481009483,0.9947201609611511,0.035466056084260345
mc1,XGBoost,8519,947,0.008204355539592692,0.015796252810854818,0.002540104789659381,0.0032636639662086964,0.9947201609611511,0.05287224205676466
meta,CatBoost,475,53,0.0875097645555283,0.14687665130257382,0.050546374171972275,0.06556618958711624,0.9433962106704712,0.007272778078913689
meta,ExtraTrees,475,53,0.1508740957703119,0.24446345515364054,0.06813649833202362,0.05856086313724518,0.8867924809455872,0.0036702759098261595
meta,LightGBM,475,53,0.10815503133565095,0.17610785182959163,0.056638073176145554,0.10324753075838089,0.9433962106704712,0.007497632992453873
meta,LinearModel,475,53,0.11842481759339858,0.18776022635242384,0.06577745079994202,0.07634451985359192,0.9056603908538818,0.006635027006268501
meta,NeuralNetFastAI,475,53,0.12425295912915357,0.2174364673111787,0.08839451521635056,0.12796200811862946,0.8867924809455872,0.006965972948819399
meta,NeuralNetTorch,475,53,0.0904209184688274,0.15794855833388496,0.05247936025261879,0.07446795701980591,0.9622641801834106,0.004035943071357906
meta,RandomForest,475,53,0.12454044598883833,0.20916683792123167,0.08423588424921036,0.09163884818553925,0.9245283007621765,0.0036092790542170405
meta,XGBoost,475,53,0.10423132142594109,0.16835699271663696,0.05894820764660835,0.0841318815946579,0.9433962106704712,0.008140736958011985
mozilla4,CatBoost,13990,1555,0.06930716489510348,0.12345470587793482,0.009009435772895813,0.012493503279983997,0.9536977410316467,0.39917464402969927
mozilla4,ExtraTrees,13990,1555,0.06861025747290816,0.12207978896348391,0.005832372233271599,0.010971253737807274,0.9549839496612549,0.02171271899715066
mozilla4,LightGBM,13990,1555,0.06562587306246927,0.11832845012563911,0.009806431829929352,0.01575053669512272,0.9562700986862183,0.4345862959744409
mozilla4,LinearModel,13990,1555,0.11229205841091627,0.19746184066157338,0.01765197515487671,0.01290865521878004,0.9344051480293274,0.3615481050219387
mozilla4,NeuralNetFastAI,13990,1555,0.11425918593881064,0.2054123429657154,0.008723817765712738,0.01343789417296648,0.9254019260406494,0.1595997370313853
mozilla4,NeuralNetTorch,13990,1555,0.09143681626424971,0.15979146885645432,0.01572561264038086,0.019374731928110123,0.9382636547088623,0.30640873697120696
mozilla4,RandomForest,13990,1555,0.06913448357743171,0.11893256172050129,0.00642123119905591,0.017528986558318138,0.9517685174942017,0.015026310924440622
mozilla4,XGBoost,13990,1555,0.06784642720269889,0.12139890549028734,0.00980515405535698,0.01934557408094406,0.953054666519165,0.4359306279802695
no2,CatBoost,450,50,0.42870122139398215,0.617098496195086,0.08130991458892822,0.12254887074232101,0.6000000238418579,0.004475052934139967
no2,ExtraTrees,450,50,0.41034301003188617,0.5960899291062876,0.06628686934709549,0.11703331023454666,0.6399999856948853,0.004164795973338187
no2,LightGBM,450,50,0.4584215482893211,0.6496811989188324,0.08072243630886078,0.09430447220802307,0.6200000047683716,0.0038462949451059103
no2,LinearModel,450,50,0.49250940977452873,0.6855972871942168,0.15132944285869598,0.18388402462005615,0.47999998927116394,0.003383563016541302
no2,NeuralNetFastAI,450,50,0.43654605968479343,0.6246710667244488,0.07812730967998505,0.15609948337078094,0.5600000023841858,0.00448524602688849
no2,NeuralNetTorch,450,50,0.4388337294800928,0.6288327468833198,0.05844442546367645,0.04117251932621002,0.6600000262260437,0.004072044976055622
no2,RandomForest,450,50,0.42836668350082696,0.6133637412903084,0.0637209415435791,0.15280702710151672,0.6000000238418579,0.004109050962142646
no2,XGBoost,450,50,0.4335796991374555,0.6205323989290058,0.06728626042604446,0.1127089112997055,0.6200000047683716,0.0039049299666658044
nomao,CatBoost,31018,3447,0.03849643690949552,0.06810932538178874,0.002978378441184759,0.004964848048985004,0.9747606515884399,1.2746410650433972
nomao,ExtraTrees,31018,3447,0.05023684028879205,0.09218505742098339,0.0041848220862448215,0.009620253928005695,0.9669277667999268,0.02900694904383272
nomao,LightGBM,31018,3447,0.03815783841096433,0.06808738260002077,0.002530683297663927,0.00626205513253808,0.9747606515884399,0.8014624459901825
nomao,LinearModel,31018,3447,0.0733170371658286,0.12496598517070022,0.00507428077980876,0.00861735362559557,0.9498114585876465,0.9121462079929188
nomao,NeuralNetFastAI,31018,3447,0.05213123141463849,0.09223998741530705,0.004510595928877592,0.00973215326666832,0.9675079584121704,0.588745094020851
nomao,NeuralNetTorch,31018,3447,0.052449931795847164,0.09164902805635726,0.0041707889176905155,0.008437570184469223,0.964026689529419,1.5319294210057706
nomao,RandomForest,31018,3447,0.04731216026063722,0.08740256085796919,0.0035610226914286613,0.006694478448480368,0.9704090356826782,0.03034653200302273
nomao,XGBoost,31018,3447,0.0383129227011355,0.06823985085047744,0.003869632026180625,0.007898961193859577,0.9765012860298157,0.7246762129943818
numerai28_6,CatBoost,86688,9632,0.49908078281084195,0.6922267357969888,0.022409573197364807,0.0018532902467995882,0.5141196250915527,0.37927229807246476
numerai28_6,ExtraTrees,86688,9632,0.4990892674918304,0.6922362390022395,0.025244832038879395,0.003960998263210058,0.5189991593360901,0.3722136269789189
numerai28_6,LightGBM,86688,9632,0.4990436759875978,0.692186047730353,0.01635036990046501,0.003686863463371992,0.5121470093727112,0.39129239902831614
numerai28_6,LinearModel,86688,9632,0.4989635867000745,0.6921093830716444,0.024400459602475166,0.002643706277012825,0.5178571343421936,0.38397814298514277
numerai28_6,NeuralNetFastAI,86688,9632,0.4988226525227622,0.6919693302011559,0.042101867496967316,0.0016434240387752652,0.5187915563583374,0.37570936197880656
numerai28_6,NeuralNetTorch,86688,9632,0.49892580510157003,0.6920741109297488,0.052480414509773254,0.002423762809485197,0.521698534488678,0.37711421004496515
numerai28_6,RandomForest,86688,9632,0.49941480782544073,0.6925593204605904,0.032365500926971436,0.004057190380990505,0.5114202499389648,0.38603634492028505
numerai28_6,XGBoost,86688,9632,0.4994781061158528,0.6926295048233969,0.054800838232040405,0.007079837843775749,0.5143272280693054,0.38461539905983955
ozone-level-8hr,CatBoost,2280,254,0.08330271190873673,0.13770714378341806,0.024468591436743736,0.02181241288781166,0.9448819160461426,0.04966582695487887
ozone-level-8hr,ExtraTrees,2280,254,0.07798164378048526,0.1295970038446123,0.020538289099931717,0.03347824513912201,0.9409449100494385,0.007967610959894955
ozone-level-8hr,LightGBM,2280,254,0.08218775696851119,0.13625061077924921,0.023858461529016495,0.04810568690299988,0.9370078444480896,0.05751519196201116
ozone-level-8hr,LinearModel,2280,254,0.07634083462075403,0.12501592954409213,0.019139830023050308,0.03809881955385208,0.9409449100494385,0.0459072960074991
ozone-level-8hr,NeuralNetFastAI,2280,254,0.07446742526059788,0.12236462071192905,0.02252577617764473,0.02929554134607315,0.9448819160461426,0.058103919960558414
ozone-level-8hr,NeuralNetTorch,2280,254,0.07167097825948265,0.12287566836504174,0.01567891798913479,0.023250030353665352,0.9448819160461426,0.06304278294555843
ozone-level-8hr,RandomForest,2280,254,0.07870189731862892,0.1306018422860866,0.020786762237548828,0.024089574813842773,0.9448819160461426,0.028738565044477582
ozone-level-8hr,XGBoost,2280,254,0.08301716079293898,0.14036875030852602,0.019206836819648743,0.04271288588643074,0.9370078444480896,0.040962722967378795
parity5_plus_5,CatBoost,1011,113,0.0003245425346138933,0.008400371638762918,0.004864864982664585,0.008316928520798683,1.0,0.030343355960212648
parity5_plus_5,ExtraTrees,1011,113,0.05490954646505023,0.10471709509252587,0.021835478022694588,0.04873757064342499,0.9646017551422119,0.01836933591403067
parity5_plus_5,LightGBM,1011,113,0.0010374439032425267,0.014238706520449443,0.0077552953734993935,0.013964825309813023,1.0,0.029323385911993682
parity5_plus_5,LinearModel,1011,113,0.4999608432763714,0.6931080233252498,0.2499890923500061,1.7471978935645893e-05,0.5044247508049011,0.00498479709494859
parity5_plus_5,NeuralNetFastAI,1011,113,0.00011579326383304837,0.006279595775647338,0.0034826411865651608,0.006250383798032999,1.0,0.030996183049865067
parity5_plus_5,NeuralNetTorch,1011,113,0.00043664936228860927,0.009554300178729566,0.005733885802328587,0.009441953152418137,1.0,0.02930371998809278
parity5_plus_5,RandomForest,1011,113,0.0643709259732578,0.11631495045742854,0.026080047711730003,0.04730788618326187,0.9469026327133179,0.018134374055080116
parity5_plus_5,XGBoost,1011,113,0.0001303200833358679,0.006635644714379705,0.0035775387659668922,0.006602734327316284,1.0,0.03127011097967625
pbcseq,CatBoost,1750,195,0.19153386173081668,0.32624563060856343,0.04043794795870781,0.08185887336730957,0.892307698726654,0.02035810297820717
pbcseq,ExtraTrees,1750,195,0.237825682233497,0.3869868730243672,0.054895032197237015,0.06422523409128189,0.8461538553237915,0.011844202992506325
pbcseq,LightGBM,1750,195,0.2043347027841103,0.34117482143416195,0.048832766711711884,0.07967973500490189,0.8820512890815735,0.0223461149726063
pbcseq,LinearModel,1750,195,0.403239650689232,0.5857474688704009,0.05465342104434967,0.09713545441627502,0.656410276889801,0.012556220986880362
pbcseq,NeuralNetFastAI,1750,195,0.2888088614269826,0.45300916691575,0.03803832828998566,0.0633394792675972,0.7897436022758484,0.01614456600509584
pbcseq,NeuralNetTorch,1750,195,0.29818752560844425,0.4699721372275439,0.0724659338593483,0.12246765196323395,0.8102564215660095,0.014543920988216996
pbcseq,RandomForest,1750,195,0.24867192996825754,0.40683101917529596,0.0541008785367012,0.09891967475414276,0.8615384697914124,0.01434059499297291
pbcseq,XGBoost,1750,195,0.187883372951876,0.3267447883274953,0.0426812507212162,0.0783424973487854,0.8871794939041138,0.019338920945301652
pc1,CatBoost,998,111,0.0886343075195926,0.17497769306212643,0.0297931507229805,0.056876663118600845,0.9459459185600281,0.023023311980068684
pc1,ExtraTrees,998,111,0.08113832900045806,0.16348705648524303,0.018380872905254364,0.03317542001605034,0.9639639854431152,0.01141529402229935
pc1,LightGBM,998,111,0.09539476886698188,0.19402142040742537,0.032159026712179184,0.06212788075208664,0.9369369149208069,0.02144243405200541
pc1,LinearModel,998,111,0.10097138219347226,0.18720330324405632,0.025921355932950974,0.022306550294160843,0.9369369149208069,0.012735136086121202
pc1,NeuralNetFastAI,998,111,0.10214399622802797,0.19037312027344058,0.03571733087301254,0.0689975693821907,0.9459459185600281,0.02325072104576975
pc1,NeuralNetTorch,998,111,0.09519838723147268,0.17564055140616563,0.0236385278403759,0.034006331115961075,0.9459459185600281,0.022211205097846687
pc1,RandomForest,998,111,0.08317406698786851,0.16009146408275424,0.031266286969184875,0.02794097363948822,0.9459459185600281,0.005499259917996824
pc1,XGBoost,998,111,0.08651609849573642,0.16194147729795955,0.015517281368374825,0.019473696127533913,0.9459459185600281,0.020316342008300126
pc2,CatBoost,5030,559,0.005833528097545465,0.01341858070628264,0.004883575718849897,0.006275156978517771,0.9964221715927124,0.055465323966927826
pc2,ExtraTrees,5030,559,0.006546809333870574,0.01541650552801938,0.004599482286721468,0.003149950411170721,0.9964221715927124,0.033957549021579325
pc2,LightGBM,5030,559,0.0065359385141104094,0.015463160036033062,0.005958156194537878,0.0062158722430467606,0.9964221715927124,0.0650592059828341
pc2,LinearModel,5030,559,0.006414479223602143,0.014970241789163731,0.005310435779392719,0.005576001945883036,0.9964221715927124,0.037639225949533284
pc2,NeuralNetFastAI,5030,559,0.006205613482389498,0.01394700130583715,0.005211589392274618,0.007033744361251593,0.9964221715927124,0.07747987506445497
pc2,NeuralNetTorch,5030,559,0.006628714247734824,0.015919480908606207,0.0048166378401219845,0.0038505166303366423,0.9964221715927124,0.07965696102473885
pc2,RandomForest,5030,559,0.006931551886937456,0.017285173301715615,0.005087586585432291,0.0028021689504384995,0.9964221715927124,0.03579771297518164
pc2,XGBoost,5030,559,0.005828478561625702,0.013167911423517073,0.005430533085018396,0.005690859630703926,0.9964221715927124,0.03518195799551904
pc3,CatBoost,1406,157,0.17156783206988285,0.27567681777464403,0.03984329104423523,0.07925059646368027,0.9044585824012756,0.02062005002517253
pc3,ExtraTrees,1406,157,0.16337801463698493,0.26094327178986304,0.03515961393713951,0.06451074779033661,0.8980891704559326,0.009292060974985361
pc3,LightGBM,1406,157,0.16938716985003638,0.2759283121010152,0.03477172553539276,0.053258877247571945,0.8726114630699158,0.017897011945024133
pc3,LinearModel,1406,157,0.1875955687669137,0.3115339783814502,0.05079789087176323,0.08615881949663162,0.8917197585105896,0.01977045799139887
pc3,NeuralNetFastAI,1406,157,0.18056879729228875,0.2936830087518887,0.044589508324861526,0.07272171974182129,0.8917197585105896,0.01995079207699746
pc3,NeuralNetTorch,1406,157,0.18431647933437723,0.3111611837320752,0.0479622446000576,0.06678304821252823,0.8980891704559326,0.01690771197900176
pc3,RandomForest,1406,157,0.16786846936714045,0.275957269962788,0.03855745121836662,0.051706861704587936,0.8980891704559326,0.008148419088684022
pc3,XGBoost,1406,157,0.17539726064564448,0.28228052379270013,0.041719984263181686,0.05763278529047966,0.8789808750152588,0.02012126997578889
pc4,CatBoost,1312,146,0.12037082744390487,0.18972707686710638,0.041925832629203796,0.048814523965120316,0.8972602486610413,0.032443371950648725
pc4,ExtraTrees,1312,146,0.12345560400387748,0.20191237875745902,0.026246391236782074,0.0579088032245636,0.8904109597206116,0.010941190994344652
pc4,LightGBM,1312,146,0.12564915856430334,0.1996534003377184,0.031535156071186066,0.055311236530542374,0.9109588861465454,0.034144142060540617
pc4,LinearModel,1312,146,0.11916530811179188,0.19964051867160684,0.04251550883054733,0.05726706236600876,0.9246575236320496,0.02504451898857951
pc4,NeuralNetFastAI,1312,146,0.12294740692907315,0.20728144223145503,0.04093483090400696,0.051717475056648254,0.931506872177124,0.031095282989554107
pc4,NeuralNetTorch,1312,146,0.13236101669450118,0.2074810698200894,0.03276417404413223,0.04060264676809311,0.9109588861465454,0.029024741961620748
pc4,RandomForest,1312,146,0.12567447281960045,0.19197846084456524,0.03240295872092247,0.06752444803714752,0.9109588861465454,0.008125989930704236
pc4,XGBoost,1312,146,0.13288190627261193,0.20905617149867883,0.039191119372844696,0.05830498784780502,0.9178082346916199,0.03109933203086257
philippine,CatBoost,5248,584,0.31646028915342556,0.4718289703130767,0.018747366964817047,0.0465015172958374,0.7636986374855042,0.048048455035313964
philippine,ExtraTrees,5248,584,0.31775015099497445,0.47637884971726097,0.01827399991452694,0.029598418623209,0.767123281955719,0.04531068494543433
philippine,LightGBM,5248,584,0.3018850172999193,0.4549765481935633,0.02723640203475952,0.027258630841970444,0.7773972749710083,0.049220053013414145
philippine,LinearModel,5248,584,0.37489579719629706,0.5603169459619891,0.022784575819969177,0.058988310396671295,0.7243150472640991,0.03664565400686115
philippine,NeuralNetFastAI,5248,584,0.3659513783393231,0.5418519678635826,0.031041234731674194,0.05462699756026268,0.7431507110595703,0.03614353004377335
philippine,NeuralNetTorch,5248,584,0.365245919959956,0.5468126660707745,0.027311351150274277,0.0647900328040123,0.7345890402793884,0.038224557996727526
philippine,RandomForest,5248,584,0.3210963297379046,0.4870164663418918,0.019123032689094543,0.03361016511917114,0.7602739930152893,0.04519164597149938
philippine,XGBoost,5248,584,0.30021766571706504,0.45606208247481894,0.022054921835660934,0.041807420551776886,0.7773972749710083,0.05292694398667663
phoneme,CatBoost,4863,541,0.1330095236137304,0.2173430917491165,0.013689704239368439,0.04165682941675186,0.902033269405365,0.09842970699537545
phoneme,ExtraTrees,4863,541,0.12527053777113017,0.2040408238865387,0.01686810329556465,0.019619494676589966,0.9131238460540771,0.02120736998040229
phoneme,LightGBM,4863,541,0.13521376470000093,0.2220319810200043,0.014103345572948456,0.040280781686306,0.9112753868103027,0.08241383696440607
phoneme,LinearModel,4863,541,0.3192233539717499,0.4788008613167453,0.049526140093803406,0.04635616019368172,0.7634010910987854,0.03335132799111307
phoneme,NeuralNetFastAI,4863,541,0.1577482111366254,0.2542681557033895,0.018340909853577614,0.03282715752720833,0.8835489749908447,0.08302852895576507
phoneme,NeuralNetTorch,4863,541,0.14121640303029248,0.2372086401489704,0.021504268050193787,0.04126903414726257,0.9112753868103027,0.0726184940431267
phoneme,RandomForest,4863,541,0.13192723319763894,0.2163479394127115,0.013546843081712723,0.03497708588838577,0.905730128288269,0.01883937604725361
phoneme,XGBoost,4863,541,0.13160433411833208,0.2190706160422726,0.019581399857997894,0.05107671767473221,0.9112753868103027,0.0798121920088306
pm10,CatBoost,450,50,0.434113448802286,0.6275960887552583,0.09423810243606567,0.164775550365448,0.7599999904632568,0.004075261997058988
pm10,ExtraTrees,450,50,0.45607414810112246,0.6472650126569137,0.08334175497293472,0.1122884526848793,0.6000000238418579,0.0034605810651555657
pm10,LightGBM,450,50,0.4264557744279173,0.6183730704075578,0.07474696636199951,0.10787592828273773,0.6800000071525574,0.003779198043048382
pm10,LinearModel,450,50,0.4983209720130688,0.6915095138352637,0.1693238466978073,0.03421585261821747,0.5600000023841858,0.0029454720206558704
pm10,NeuralNetFastAI,450,50,0.5191679617137958,0.7130034429453801,0.09195183217525482,0.11696238815784454,0.47999998927116394,0.0036373119801282883
pm10,NeuralNetTorch,450,50,0.5232711786590656,0.7159930714164614,0.13975000381469727,0.14328767359256744,0.47999998927116394,0.003542091930285096
pm10,RandomForest,450,50,0.43815574329379614,0.6314622825446156,0.11110743135213852,0.1639830768108368,0.7200000286102295,0.003327211015857756
pm10,XGBoost,450,50,0.47465174182223163,0.6713702237696155,0.09449298679828644,0.09131467342376709,0.6800000071525574,0.003978244960308075
pollen,CatBoost,3463,385,0.5014699899191,0.6946260708544058,0.07384827733039856,0.007574044167995453,0.4961038827896118,0.011973764980211854
pollen,ExtraTrees,3463,385,0.5001433634915696,0.6932762749191919,0.08873867988586426,0.0041921972297132015,0.48051947355270386,0.015462407027371228
pollen,LightGBM,3463,385,0.5020214837166221,0.6952625169737425,0.09952503442764282,0.02239689789712429,0.5220779180526733,0.00882768991868943
pollen,LinearModel,3463,385,0.5009060688218893,0.6940588259640221,0.21233400702476501,0.008884662762284279,0.4935064911842346,0.014883039984852076
pollen,NeuralNetFastAI,3463,385,0.49802923491425594,0.6911966778241891,0.09948697686195374,0.0236244797706604,0.5402597188949585,0.018204565974883735
pollen,NeuralNetTorch,3463,385,0.502164025065193,0.6953187908239951,0.12966091930866241,0.030192602425813675,0.4961038827896118,0.01743971509858966
pollen,RandomForest,3463,385,0.4987735057800246,0.6918902261837389,0.1840299665927887,0.011515004560351372,0.5038961172103882,0.01534372998867184
pollen,XGBoost,3463,385,0.5042101793345304,0.6973717637564442,0.059555813670158386,0.04225478321313858,0.4909090995788574,0.013252436998300254
puma32H,CatBoost,7372,820,0.13042939101539305,0.20575108605770062,0.011464430019259453,0.020536402240395546,0.9048780202865601,0.17877430794760585
puma32H,ExtraTrees,7372,820,0.14503852248595947,0.22535350379743596,0.012055856175720692,0.028038449585437775,0.8926829099655151,0.14356285601388663
puma32H,LightGBM,7372,820,0.14351810039651572,0.22536524927406187,0.00996939092874527,0.02434162050485611,0.8939024209976196,0.16808104002848268
puma32H,LinearModel,7372,820,0.46430875151544454,0.6571562693252265,0.027120262384414673,0.04365114867687225,0.6390243768692017,0.037553544039838016
puma32H,NeuralNetFastAI,7372,820,0.10592901833197267,0.17517726037871156,0.011786229908466339,0.02384941279888153,0.9280487895011902,0.1972992760129273
puma32H,NeuralNetTorch,7372,820,0.11095802972236483,0.1846188777042408,0.017250314354896545,0.031156295910477638,0.9207317233085632,0.1975522239226848
puma32H,RandomForest,7372,820,0.15083480229455443,0.23804673581480115,0.014059341512620449,0.03636655956506729,0.8865853548049927,0.14340612897649407
puma32H,XGBoost,7372,820,0.14525622059893417,0.23194993967745356,0.015748996287584305,0.03029060922563076,0.8975609540939331,0.13667225698009133
puma8NH,CatBoost,7372,820,0.22930952059826895,0.3636357299978143,0.017525576055049896,0.04347681254148483,0.8378048539161682,0.0723271359456703
puma8NH,ExtraTrees,7372,820,0.2278210810465637,0.35947189073385416,0.019992277026176453,0.05019566789269447,0.8390243649482727,0.07305561809334904
puma8NH,LightGBM,7372,820,0.23133701276336163,0.3660791599020839,0.019572272896766663,0.030282510444521904,0.8378048539161682,0.07878567394800484
puma8NH,LinearModel,7372,820,0.26390353636333563,0.4245409944767584,0.01714971661567688,0.03145410120487213,0.8243902325630188,0.03916948998812586
puma8NH,NeuralNetFastAI,7372,820,0.2272421468064398,0.35843168080094917,0.019013747572898865,0.053235381841659546,0.8463414907455444,0.07068447303026915
puma8NH,NeuralNetTorch,7372,820,0.2261471043506625,0.3550258550508781,0.017934925854206085,0.04929540678858757,0.8378048539161682,0.07464840495958924
puma8NH,RandomForest,7372,820,0.2265531490545535,0.36051640497439535,0.018624193966388702,0.04246558994054794,0.8451219797134399,0.05973088298924267
puma8NH,XGBoost,7372,820,0.22958415661876275,0.36481007579084385,0.02439115196466446,0.035546328872442245,0.8414633870124817,0.0619240109808743
qsar-biodeg,CatBoost,949,106,0.1782973468105013,0.2950555398520021,0.02071184478700161,0.06015521287918091,0.8773584961891174,0.015315755037590861
qsar-biodeg,ExtraTrees,949,106,0.18128865178956033,0.29198458821625123,0.044426366686820984,0.05922617018222809,0.8584905862808228,0.01296396809630096
qsar-biodeg,LightGBM,949,106,0.16961761064750908,0.2886391498959332,0.03124707005918026,0.07279173284769058,0.8962264060974121,0.015132765984162688
qsar-biodeg,LinearModel,949,106,0.18320150993947312,0.29903871779469204,0.04267871379852295,0.10917595773935318,0.8679245114326477,0.012801841017790139
qsar-biodeg,NeuralNetFastAI,949,106,0.17289075341707785,0.2814740811784454,0.03830830752849579,0.09099624305963516,0.8773584961891174,0.014865871984511614
qsar-biodeg,NeuralNetTorch,949,106,0.18732886848011956,0.3094239418352975,0.032450780272483826,0.08598168939352036,0.8773584961891174,0.014512996072880924
qsar-biodeg,RandomForest,949,106,0.1683333466497719,0.2783220600952868,0.035448648035526276,0.06877526640892029,0.8773584961891174,0.012878719018772244
qsar-biodeg,XGBoost,949,106,0.18027836192097102,0.3022770612334288,0.028749782592058182,0.05581999197602272,0.8867924809455872,0.014649606077000499
ringnorm,CatBoost,6660,740,0.03126234784204247,0.05919413279617769,0.006332814693450928,0.013433785177767277,0.9824324250221252,0.22767471300903708
ringnorm,ExtraTrees,6660,740,0.03404136234162449,0.05967493507865535,0.005087638273835182,0.009101995266973972,0.9770269989967346,0.05720927403308451
ringnorm,LightGBM,6660,740,0.03084842365041924,0.05761899672826842,0.0037208721041679382,0.007723073475062847,0.9824324250221252,0.2346575369592756
ringnorm,LinearModel,6660,740,0.3108973554317859,0.46564617077757153,0.017886057496070862,0.036875829100608826,0.7770270109176636,0.07346022606361657
ringnorm,NeuralNetFastAI,6660,740,0.03519479040011861,0.061984739690744486,0.005829337984323502,0.012386504560709,0.9770269989967346,0.20817815989721566
ringnorm,NeuralNetTorch,6660,740,0.02942137744151849,0.052899834494469375,0.005454110912978649,0.009419451467692852,0.9783783555030823,0.23824048007372767
ringnorm,RandomForest,6660,740,0.056429084617852544,0.10153292449651745,0.008189551532268524,0.020424779504537582,0.9648648500442505,0.11016688100062311
ringnorm,XGBoost,6660,740,0.034188283346376795,0.06494186218528322,0.006950630806386471,0.015218068845570087,0.9810810685157776,0.22641353600192815
rmftsa_ladata,CatBoost,457,51,0.16228659829353825,0.27085287518449797,0.049140412360429764,0.09026025235652924,0.8823529481887817,0.008325546979904175
rmftsa_ladata,ExtraTrees,457,51,0.14737727996680053,0.23472827962866807,0.04066552594304085,0.11633805930614471,0.8627451062202454,0.006913732038810849
rmftsa_ladata,LightGBM,457,51,0.1668638474898408,0.26185985983751037,0.05453920736908913,0.0848778560757637,0.8823529481887817,0.00903657404705882
rmftsa_ladata,LinearModel,457,51,0.11660098454183485,0.20874925241770229,0.04803428798913956,0.11067840456962585,0.9411764740943909,0.008573433966375887
rmftsa_ladata,NeuralNetFastAI,457,51,0.1018848189272195,0.186159051102989,0.06772275269031525,0.11361821740865707,0.9607843160629272,0.009090580977499485
rmftsa_ladata,NeuralNetTorch,457,51,0.13708267785941158,0.2383438509514155,0.04388090595602989,0.13367542624473572,0.9019607901573181,0.007444134913384914
rmftsa_ladata,RandomForest,457,51,0.15561020336067632,0.2567831738346745,0.039397548884153366,0.05652111396193504,0.8823529481887817,0.006172194029204547
rmftsa_ladata,XGBoost,457,51,0.16962075882906927,0.2737534198883389,0.066695936024189,0.12879769504070282,0.9019607901573181,0.007715058047324419
spambase,CatBoost,4140,461,0.08034175266998558,0.14306844301559157,0.02480681613087654,0.030238986015319824,0.9501084685325623,0.07284346397500485
spambase,ExtraTrees,4140,461,0.08745756969907463,0.1581105429560415,0.024114524945616722,0.029475299641489983,0.9501084685325623,0.020419551990926266
spambase,LightGBM,4140,461,0.08754472445043524,0.1488868583197782,0.027415186166763306,0.03215580806136131,0.9414316415786743,0.07787767692934722
spambase,LinearModel,4140,461,0.10333427832929735,0.18442335596773576,0.022202186286449432,0.025177139788866043,0.9327548742294312,0.07032731606159359
spambase,NeuralNetFastAI,4140,461,0.0943009857295303,0.17326856262928364,0.019352223724126816,0.028898505493998528,0.9414316415786743,0.07412819296587259
spambase,NeuralNetTorch,4140,461,0.08921246555743223,0.15896521470515865,0.02298128604888916,0.027577435597777367,0.9327548742294312,0.06357352901250124
spambase,RandomForest,4140,461,0.0888065236778418,0.15683862749302885,0.025613879784941673,0.029251892119646072,0.9370932579040527,0.019892090000212193
spambase,XGBoost,4140,461,0.09103948778651937,0.15352436119904428,0.03252774104475975,0.04160108417272568,0.9305856823921204,0.07270535302814096
sylvine,CatBoost,4611,513,0.08587262494412508,0.15193415695096757,0.01899692602455616,0.017107078805565834,0.943469762802124,0.12086760997772217
sylvine,ExtraTrees,4611,513,0.0910296874318749,0.16024440991082625,0.014413196593523026,0.028931813314557076,0.9356725215911865,0.029407282010652125
sylvine,LightGBM,4611,513,0.08714896007291258,0.15196821251762316,0.011418849229812622,0.025252988561987877,0.9395711421966553,0.11542766296770424
sylvine,LinearModel,4611,513,0.15484239029661803,0.2625007304021269,0.01669037714600563,0.028807824477553368,0.8908382058143616,0.07095598592422903
sylvine,NeuralNetFastAI,4611,513,0.0993126816709718,0.17368219689551448,0.017324626445770264,0.023165680468082428,0.9376218318939209,0.1082293150248006
sylvine,NeuralNetTorch,4611,513,0.10184153321435377,0.1778720529418055,0.01694468967616558,0.03224099427461624,0.9337232112884521,0.11163466004654765
sylvine,RandomForest,4611,513,0.10947705774108947,0.18939681871496158,0.011848557740449905,0.019344326108694077,0.9278752207756042,0.08466580102685839
sylvine,XGBoost,4611,513,0.08819008919703036,0.15669812886185186,0.01087957713752985,0.02715054713189602,0.9415204524993896,0.11842305504251271
tokyo1,CatBoost,863,96,0.06975394055403271,0.11879824980285647,0.021165460348129272,0.03672463819384575,0.9166666865348816,0.016395311919040978
tokyo1,ExtraTrees,863,96,0.07328567876977603,0.12713952262207676,0.02011496014893055,0.059753987938165665,0.9375,0.007643355056643486
tokyo1,LightGBM,863,96,0.09317012010817612,0.1510964409900765,0.02570076659321785,0.042625799775123596,0.9375,0.0163646109867841
tokyo1,LinearModel,863,96,0.11800116843300883,0.18925101101597766,0.03636707365512848,0.08648614585399628,0.90625,0.016745033906772733
tokyo1,NeuralNetFastAI,863,96,0.09055342911473495,0.14692151574136866,0.01624419540166855,0.0506911501288414,0.9166666865348816,0.020024369936436415
tokyo1,NeuralNetTorch,863,96,0.07477932483848249,0.13380366103616495,0.024251453578472137,0.04033000022172928,0.9479166865348816,0.008261737995781004
tokyo1,RandomForest,863,96,0.07434916488703913,0.1262457978001072,0.0190336424857378,0.059182725846767426,0.9375,0.005298909032717347
tokyo1,XGBoost,863,96,0.09372205874996553,0.15089293295510128,0.026503782719373703,0.04030386358499527,0.9166666865348816,0.012878036010079086
twonorm,CatBoost,6660,740,0.03224182310227757,0.05783480575695657,0.0077626570127904415,0.011762397363781929,0.9770269989967346,0.20147288404405117
twonorm,ExtraTrees,6660,740,0.031764637507235426,0.059029764962508176,0.00921606458723545,0.015071950852870941,0.9797297120094299,0.0547905060229823
twonorm,LightGBM,6660,740,0.03359098862714054,0.05991915823341502,0.007879236713051796,0.013758903369307518,0.9797297120094299,0.20041000901255757
twonorm,LinearModel,6660,740,0.02929654528922534,0.05571909236346993,0.009057940915226936,0.013889641501009464,0.9810810685157776,0.19573927007149905
twonorm,NeuralNetFastAI,6660,740,0.03241591704345373,0.0597606814916366,0.010120226070284843,0.013361478224396706,0.9783783555030823,0.18755858892109245
twonorm,NeuralNetTorch,6660,740,0.029460697441564723,0.05542373246406037,0.00861801952123642,0.014470298774540424,0.9797297120094299,0.23506163898855448
twonorm,RandomForest,6660,740,0.03354877462358805,0.06309141586770114,0.010938894934952259,0.014730471186339855,0.9797297120094299,0.05071702890563756
twonorm,XGBoost,6660,740,0.03585518563668912,0.06380789405298383,0.010332254692912102,0.014449084177613258,0.9770269989967346,0.19768236193340272
visualizing_soil,CatBoost,7776,865,5.432287906555081e-05,0.0013988429607781384,0.0007038434850983322,0.0013843690976500511,1.0,0.2582817879738286
visualizing_soil,ExtraTrees,7776,865,0.0001131346628231326,0.0014703121205966964,0.0007579019293189049,0.0014383146772161126,1.0,0.04474676994141191
visualizing_soil,LightGBM,7776,865,0.00015295906380898472,0.002378885731535557,0.0013084603706374764,0.002333207055926323,1.0,0.05354682996403426
visualizing_soil,LinearModel,7776,865,0.0001089055293544392,0.0012756497624194841,0.000715350906830281,0.001244732760824263,1.0,0.05462882702704519
visualizing_soil,NeuralNetFastAI,7776,865,0.00030778711842193406,0.002016616498282204,0.001040270901285112,0.001920107752084732,1.0,0.24698871502187103
visualizing_soil,NeuralNetTorch,7776,865,4.442658591867923e-05,0.001497679991160079,0.0007991266902536154,0.001486300490796566,1.0,0.15829798695631325
visualizing_soil,RandomForest,7776,865,0.00039615097540182366,0.0022844780739485664,0.0012521197786554694,0.0021636856254190207,1.0,0.0499065569601953
visualizing_soil,XGBoost,7776,865,0.00010734324447052572,0.0017539271531348787,0.0009424465242773294,0.0017250983510166407,1.0,0.19467072398401797
wilt,CatBoost,4355,484,0.031251432291864154,0.05355379979116089,0.005962652154266834,0.009172284975647926,0.9793388247489929,0.14847941603511572
wilt,ExtraTrees,4355,484,0.03134165256462559,0.05550336600312116,0.0048384531401097775,0.013576837256550789,0.9793388247489929,0.00956284289713949
wilt,LightGBM,4355,484,0.030184735741670802,0.05678466352886426,0.005023567005991936,0.01000780425965786,0.9814049601554871,0.1489192299777642
wilt,LinearModel,4355,484,0.030045666080614472,0.04972642383912531,0.00898914784193039,0.012225131504237652,0.9793388247489929,0.12806593102868646
wilt,NeuralNetFastAI,4355,484,0.021379554244289153,0.035754504401138434,0.005980999208986759,0.013569051399827003,0.9855371713638306,0.15647263498976827
wilt,NeuralNetTorch,4355,484,0.02689930191232509,0.043547508338292414,0.006181113421916962,0.015393629670143127,0.9814049601554871,0.16040266095660627
wilt,RandomForest,4355,484,0.03423040558561692,0.057103188660388396,0.0065679289400577545,0.010928705334663391,0.9772727489471436,0.02773154596798122
wilt,XGBoost,4355,484,0.0379938231752394,0.06184005925234417,0.006934063043445349,0.016834603622555733,0.9731404781341553,0.14693636901210994
wind,CatBoost,5916,658,0.18243353164400694,0.29396978296014104,0.02161705493927002,0.04205372929573059,0.8632218837738037,0.08449455501977354
wind,ExtraTrees,5916,658,0.18665054625532185,0.3027968753893161,0.016706883907318115,0.03569294512271881,0.8738601803779602,0.07011138601228595
wind,LightGBM,5916,658,0.18022277261531028,0.29037825330013894,0.02185387909412384,0.04472675547003746,0.869300901889801,0.0851738880155608
wind,LinearModel,5916,658,0.19879171457258238,0.3181902747547488,0.01906191185116768,0.021707115694880486,0.8601823449134827,0.075940344016999
wind,NeuralNetFastAI,5916,658,0.1747155440560655,0.2829221279388343,0.019561588764190674,0.02919180504977703,0.8784194588661194,0.07795270392671227
wind,NeuralNetTorch,5916,658,0.174476452464799,0.28273259710636023,0.01494242250919342,0.042718082666397095,0.8784194588661194,0.08351796504575759
wind,RandomForest,5916,658,0.19199039740950063,0.3118375381829532,0.012734733521938324,0.03950658440589905,0.8647416234016418,0.05251643399242312
wind,XGBoost,5916,658,0.18160036273034932,0.29704554266142674,0.020733915269374847,0.04277365282177925,0.8768997192382812,0.07919680001214147
