dataset,model,cal_size,test_size,XGBoost_brier,XGBoost_logloss,XGBoost_kuiper,XGBoost_ece-15,XGBoost_accuracy,XGBoost_time
2dplanes,CatBoost,36691,4077,0.09551983326673508,0.1646682322025299,0.01372961699962616,0.02272767573595047,0.9261711835861206,0.17302751913666725
2dplanes,ExtraTrees,36691,4077,0.0953063815832138,0.16491933166980743,0.008932145312428474,0.018741073086857796,0.9261711835861206,0.12936384696513414
2dplanes,LightGBM,36691,4077,0.09503203630447388,0.16443631052970886,0.016155200079083443,0.017980782315135002,0.9254353642463684,0.13288388773798943
2dplanes,LinearModel,36691,4077,0.23015619814395905,0.3630894422531128,0.01316366158425808,0.02187366411089897,0.8425312638282776,0.13978936523199081
2dplanes,NeuralNetFastAI,36691,4077,0.0946778729557991,0.16366349160671234,0.013978101313114166,0.016907528042793274,0.9305862188339233,0.13289841450750828
2dplanes,NeuralNetTorch,36691,4077,0.09496363997459412,0.16473785042762756,0.010566264390945435,0.018708486109972,0.9315673112869263,0.13383574038743973
2dplanes,RandomForest,36691,4077,0.0949687585234642,0.16476085782051086,0.011418264359235764,0.020305143669247627,0.9320578575134277,0.13544877991080284
2dplanes,XGBoost,36691,4077,0.09489787369966507,0.16414529085159302,0.015267735347151756,0.018740545958280563,0.9303409457206726,0.13171810656785965
APSFailure,CatBoost,68400,7600,0.011566917411983013,0.02149868570268154,0.005887053906917572,0.0065237185917794704,0.9951315522193909,0.2140995180234313
APSFailure,ExtraTrees,68400,7600,0.010067809373140335,0.019223766401410103,0.002521068789064884,0.0036684582009911537,0.9939473867416382,0.18039487581700087
APSFailure,LightGBM,68400,7600,0.007937638089060783,0.020685799419879913,0.0014548092149198055,0.002450800035148859,0.9955263137817383,0.20633229613304138
APSFailure,LinearModel,68400,7600,0.01283346302807331,0.033778659999370575,0.0022211181931197643,0.004856253508478403,0.99289470911026,0.20970236044377089
APSFailure,NeuralNetFastAI,68400,7600,0.010904934257268906,0.020922990515828133,0.004469772335141897,0.006334442179650068,0.9948683977127075,0.21705386601388454
APSFailure,NeuralNetTorch,68400,7600,0.011042811907827854,0.021560262888669968,0.0018713711760938168,0.0033069737255573273,0.9932894706726074,0.21835105586797
APSFailure,RandomForest,68400,7600,0.008112183772027493,0.016560977324843407,0.0012617993634194136,0.0025239610113203526,0.9948683977127075,0.17708327528089285
APSFailure,XGBoost,68400,7600,0.00788503885269165,0.01575392484664917,0.0014326218515634537,0.0027776577044278383,0.9951315522193909,0.21373926382511854
Amazon_employee_access,CatBoost,29492,3277,0.0730450376868248,0.13552753627300262,0.007616005837917328,0.010332725010812283,0.952395498752594,0.11769457254558802
Amazon_employee_access,ExtraTrees,29492,3277,0.07898709923028946,0.14853797852993011,0.007116026245057583,0.010607068426907063,0.9493439197540283,0.11711837910115719
Amazon_employee_access,LightGBM,29492,3277,0.07922635972499847,0.1513160765171051,0.006393939256668091,0.012731999158859253,0.9484284520149231,0.11569211166352034
Amazon_employee_access,LinearModel,29492,3277,0.08385969698429108,0.15696550905704498,0.004509434103965759,0.006436237134039402,0.9459871649742126,0.11758281383663416
Amazon_employee_access,NeuralNetFastAI,29492,3277,0.08388140797615051,0.15600091218948364,0.004646774381399155,0.009682519361376762,0.9462923407554626,0.11749592516571283
Amazon_employee_access,NeuralNetTorch,29492,3277,0.08559449017047882,0.1613835096359253,0.00935257226228714,0.013053246773779392,0.9453768730163574,0.1176852760836482
Amazon_employee_access,RandomForest,29492,3277,0.0752352625131607,0.14283736050128937,0.006992250680923462,0.013025257736444473,0.9514800310134888,0.11728838365525007
Amazon_employee_access,XGBoost,29492,3277,0.07533222436904907,0.1441882699728012,0.004090592265129089,0.008471133187413216,0.951785147190094,0.11476248502731323
Australian,CatBoost,621,69,0.19702549278736115,0.33842208981513977,0.05684917792677879,0.08862309902906418,0.8840579986572266,0.02330210618674755
Australian,ExtraTrees,621,69,0.17843064665794373,0.30601999163627625,0.05495714768767357,0.10564713925123215,0.8695651888847351,0.022856881842017174
Australian,LightGBM,621,69,0.18461941182613373,0.32116156816482544,0.0744495838880539,0.12591497600078583,0.8695651888847351,0.023050200194120407
Australian,LinearModel,621,69,0.1636769324541092,0.2973158657550812,0.07265756279230118,0.11777543276548386,0.9275362491607666,0.02303953468799591
Australian,NeuralNetFastAI,621,69,0.1527961790561676,0.27836138010025024,0.06985132396221161,0.10334215313196182,0.8985507488250732,0.022919416427612305
Australian,NeuralNetTorch,621,69,0.17700625956058502,0.3025258481502533,0.05501444637775421,0.08753637224435806,0.8840579986572266,0.023342441767454147
Australian,RandomForest,621,69,0.16852658987045288,0.2914673686027527,0.04143277928233147,0.05648069456219673,0.8550724387168884,0.022868811152875423
Australian,XGBoost,621,69,0.15101346373558044,0.2677362561225891,0.039207130670547485,0.07490253448486328,0.8840579986572266,0.02217976376414299
Bioresponse,CatBoost,3375,376,0.28234702348709106,0.44239675998687744,0.026938745751976967,0.06091076135635376,0.8085106611251831,0.03342210128903389
Bioresponse,ExtraTrees,3375,376,0.2863696217536926,0.4434446692466736,0.02256827801465988,0.05676671862602234,0.8005319237709045,0.03217808250337839
Bioresponse,LightGBM,3375,376,0.28004318475723267,0.4379431903362274,0.03534960746765137,0.05409858003258705,0.813829779624939,0.032636663876473904
Bioresponse,LinearModel,3375,376,0.36946356296539307,0.555018424987793,0.04969993606209755,0.08182895928621292,0.7420212626457214,0.03287607431411743
Bioresponse,NeuralNetFastAI,3375,376,0.2877809703350067,0.44650283455848694,0.028447121381759644,0.0544140450656414,0.7792553305625916,0.034716266207396984
Bioresponse,NeuralNetTorch,3375,376,0.2994075417518616,0.4620572328567505,0.030435822904109955,0.0569247305393219,0.7765957713127136,0.03433275315910578
Bioresponse,RandomForest,3375,376,0.28381428122520447,0.44147738814353943,0.03195586055517197,0.06415905803442001,0.8085106611251831,0.032863203436136246
Bioresponse,XGBoost,3375,376,0.2779601514339447,0.4365899860858917,0.02747907117009163,0.05841653794050217,0.8085106611251831,0.033623251132667065
Click_prediction_small,CatBoost,35953,3995,0.2535586953163147,0.41193684935569763,0.008933326229453087,0.011278146877884865,0.8365457057952881,0.13778497744351625
Click_prediction_small,ExtraTrees,35953,3995,0.2603117823600769,0.4209674298763275,0.0071042850613594055,0.009047199971973896,0.8340425491333008,0.13775132782757282
Click_prediction_small,LightGBM,35953,3995,0.25799405574798584,0.4187370240688324,0.006332859396934509,0.008432315662503242,0.8372966051101685,0.13657186459749937
Click_prediction_small,LinearModel,35953,3995,0.26115164160728455,0.4240804612636566,0.013422304764389992,0.01947152614593506,0.8350437879562378,0.1350949890911579
Click_prediction_small,NeuralNetFastAI,35953,3995,0.258640855550766,0.42031025886535645,0.01072472333908081,0.009133710525929928,0.8362953662872314,0.1360670067369938
Click_prediction_small,NeuralNetTorch,35953,3995,0.2594084143638611,0.4184581935405731,0.007206878624856472,0.00459593441337347,0.8345431685447693,0.1388447768986225
Click_prediction_small,RandomForest,35953,3995,0.25925126671791077,0.4184458553791046,0.005707111209630966,0.00908482726663351,0.8342928886413574,0.13718361873179674
Click_prediction_small,XGBoost,35953,3995,0.2578069865703583,0.4172963500022888,0.007248526439070702,0.012151959352195263,0.8355444073677063,0.13584224600344896
GAMETES_Epistasis_2-Way_1000atts_0_4H_EDM-1_EDM-1_1,CatBoost,1440,160,0.4218413829803467,0.6135202646255493,0.09962494671344757,0.13588808476924896,0.737500011920929,0.025681990198791027
GAMETES_Epistasis_2-Way_1000atts_0_4H_EDM-1_EDM-1_1,ExtraTrees,1440,160,0.5043847560882568,0.6979905962944031,0.07252900302410126,0.08876076340675354,0.5375000238418579,0.025582391768693924
GAMETES_Epistasis_2-Way_1000atts_0_4H_EDM-1_EDM-1_1,LightGBM,1440,160,0.5247742533683777,0.7180969715118408,0.09516683220863342,0.12466682493686676,0.36250001192092896,0.02504899352788925
GAMETES_Epistasis_2-Way_1000atts_0_4H_EDM-1_EDM-1_1,LinearModel,1440,160,0.5040969848632812,0.6972184181213379,0.05577394366264343,0.035912852734327316,0.4437499940395355,0.025304489769041538
GAMETES_Epistasis_2-Way_1000atts_0_4H_EDM-1_EDM-1_1,NeuralNetFastAI,1440,160,0.5052658915519714,0.6984409093856812,0.04407379776239395,0.04200981557369232,0.46875,0.025853709317743778
GAMETES_Epistasis_2-Way_1000atts_0_4H_EDM-1_EDM-1_1,NeuralNetTorch,1440,160,0.5036522150039673,0.6968033313751221,0.05105051398277283,0.022019267082214355,0.4749999940395355,0.02535061538219452
GAMETES_Epistasis_2-Way_1000atts_0_4H_EDM-1_EDM-1_1,RandomForest,1440,160,0.5076837539672852,0.7009472846984863,0.04279918968677521,0.053684599697589874,0.4937500059604645,0.025211730040609837
GAMETES_Epistasis_2-Way_1000atts_0_4H_EDM-1_EDM-1_1,XGBoost,1440,160,0.5041806101799011,0.6974302530288696,0.04379314184188843,0.02766459248960018,0.5249999761581421,0.02396397851407528
GAMETES_Epistasis_2-Way_20atts_0_1H_EDM-1_1,CatBoost,1440,160,0.4147473871707916,0.6047528982162476,0.04746876657009125,0.06916002184152603,0.6875,0.024672935716807842
GAMETES_Epistasis_2-Way_20atts_0_1H_EDM-1_1,ExtraTrees,1440,160,0.462358295917511,0.654568612575531,0.047454945743083954,0.07372058182954788,0.6312500238418579,0.025237347930669785
GAMETES_Epistasis_2-Way_20atts_0_1H_EDM-1_1,LightGBM,1440,160,0.4437641501426697,0.6347452402114868,0.04297809675335884,0.08421280235052109,0.668749988079071,0.02477137465029955
GAMETES_Epistasis_2-Way_20atts_0_1H_EDM-1_1,LinearModel,1440,160,0.4963630139827728,0.6894676685333252,0.06201571226119995,0.00862792693078518,0.543749988079071,0.02413777820765972
GAMETES_Epistasis_2-Way_20atts_0_1H_EDM-1_1,NeuralNetFastAI,1440,160,0.41279348731040955,0.6019135117530823,0.03774208575487137,0.0380513072013855,0.699999988079071,0.024774525314569473
GAMETES_Epistasis_2-Way_20atts_0_1H_EDM-1_1,NeuralNetTorch,1440,160,0.40434855222702026,0.5943402051925659,0.05941692739725113,0.10437679290771484,0.731249988079071,0.024182558059692383
GAMETES_Epistasis_2-Way_20atts_0_1H_EDM-1_1,RandomForest,1440,160,0.4775480329990387,0.6698335409164429,0.04785563051700592,0.04469284042716026,0.6000000238418579,0.024361763149499893
GAMETES_Epistasis_2-Way_20atts_0_1H_EDM-1_1,XGBoost,1440,160,0.44298306107521057,0.6334786415100098,0.04534180462360382,0.04963838681578636,0.65625,0.025570926256477833
GAMETES_Epistasis_2-Way_20atts_0_4H_EDM-1_1,CatBoost,1440,160,0.29451408982276917,0.4510025978088379,0.032516300678253174,0.07573400437831879,0.7875000238418579,0.025272030383348465
GAMETES_Epistasis_2-Way_20atts_0_4H_EDM-1_1,ExtraTrees,1440,160,0.39245930314064026,0.5760608911514282,0.03995203971862793,0.05936859920620918,0.706250011920929,0.02569457795470953
GAMETES_Epistasis_2-Way_20atts_0_4H_EDM-1_1,LightGBM,1440,160,0.3074615001678467,0.4619264006614685,0.03427686542272568,0.06423231214284897,0.768750011920929,0.026873444207012653
GAMETES_Epistasis_2-Way_20atts_0_4H_EDM-1_1,LinearModel,1440,160,0.5195317268371582,0.7133775353431702,0.06494015455245972,0.07737969607114792,0.512499988079071,0.02629730850458145
GAMETES_Epistasis_2-Way_20atts_0_4H_EDM-1_1,NeuralNetFastAI,1440,160,0.2865390181541443,0.44000905752182007,0.08100329339504242,0.022484587505459785,0.793749988079071,0.026744664646685123
GAMETES_Epistasis_2-Way_20atts_0_4H_EDM-1_1,NeuralNetTorch,1440,160,0.3000333905220032,0.4599916338920593,0.03036176599562168,0.06597300618886948,0.78125,0.026374279521405697
GAMETES_Epistasis_2-Way_20atts_0_4H_EDM-1_1,RandomForest,1440,160,0.39068108797073364,0.5763189196586609,0.023639418184757233,0.05120639503002167,0.6875,0.02570173144340515
GAMETES_Epistasis_2-Way_20atts_0_4H_EDM-1_1,XGBoost,1440,160,0.33732014894485474,0.5079933404922485,0.03776470199227333,0.09487178176641464,0.75,0.028761915862560272
GAMETES_Epistasis_3-Way_20atts_0_2H_EDM-1_1,CatBoost,1440,160,0.3929995894432068,0.5701702833175659,0.037274084985256195,0.06304580718278885,0.65625,0.026763916946947575
GAMETES_Epistasis_3-Way_20atts_0_2H_EDM-1_1,ExtraTrees,1440,160,0.5077899098396301,0.7019413709640503,0.04120144248008728,0.0774240642786026,0.550000011920929,0.02593750413507223
GAMETES_Epistasis_3-Way_20atts_0_2H_EDM-1_1,LightGBM,1440,160,0.4943609833717346,0.6879327893257141,0.061498403549194336,0.11871521174907684,0.581250011920929,0.026977009139955044
GAMETES_Epistasis_3-Way_20atts_0_2H_EDM-1_1,LinearModel,1440,160,0.5038315057754517,0.6971389055252075,0.053073592483997345,0.039860814809799194,0.4937500059604645,0.02686462737619877
GAMETES_Epistasis_3-Way_20atts_0_2H_EDM-1_1,NeuralNetFastAI,1440,160,0.3972157835960388,0.5669592022895813,0.04768142104148865,0.08588242530822754,0.643750011920929,0.026897120289504528
GAMETES_Epistasis_3-Way_20atts_0_2H_EDM-1_1,NeuralNetTorch,1440,160,0.43270978331565857,0.6212178468704224,0.04863661527633667,0.10072387754917145,0.643750011920929,0.026216935366392136
GAMETES_Epistasis_3-Way_20atts_0_2H_EDM-1_1,RandomForest,1440,160,0.5061414837837219,0.6995951533317566,0.059017494320869446,0.10713918507099152,0.5562499761581421,0.0255307387560606
GAMETES_Epistasis_3-Way_20atts_0_2H_EDM-1_1,XGBoost,1440,160,0.504475474357605,0.6982753276824951,0.06187957525253296,0.12036179006099701,0.543749988079071,0.02635946497321129
GAMETES_Heterogeneity_20atts_1600_Het_0_4_0_2_50_EDM-2_001,CatBoost,1440,160,0.4113989770412445,0.5800933837890625,0.0656997486948967,0.1126280128955841,0.65625,0.026446291245520115
GAMETES_Heterogeneity_20atts_1600_Het_0_4_0_2_50_EDM-2_001,ExtraTrees,1440,160,0.4938613772392273,0.6929247975349426,0.05161866545677185,0.1128721833229065,0.6312500238418579,0.025984532199800014
GAMETES_Heterogeneity_20atts_1600_Het_0_4_0_2_50_EDM-2_001,LightGBM,1440,160,0.4601825177669525,0.6506963968276978,0.06193351000547409,0.10108593106269836,0.6312500238418579,0.02651994116604328
GAMETES_Heterogeneity_20atts_1600_Het_0_4_0_2_50_EDM-2_001,LinearModel,1440,160,0.5063954591751099,0.6994935274124146,0.05749574676156044,0.0628792867064476,0.45625001192092896,0.025736797600984573
GAMETES_Heterogeneity_20atts_1600_Het_0_4_0_2_50_EDM-2_001,NeuralNetFastAI,1440,160,0.4407086968421936,0.6197335124015808,0.06994010508060455,0.12063266336917877,0.606249988079071,0.02607819437980652
GAMETES_Heterogeneity_20atts_1600_Het_0_4_0_2_50_EDM-2_001,NeuralNetTorch,1440,160,0.4452565610408783,0.6272274255752563,0.08038082718849182,0.1215929388999939,0.637499988079071,0.026986979879438877
GAMETES_Heterogeneity_20atts_1600_Het_0_4_0_2_50_EDM-2_001,RandomForest,1440,160,0.4936842918395996,0.689945638179779,0.057482391595840454,0.10715890675783157,0.6000000238418579,0.02610016893595457
GAMETES_Heterogeneity_20atts_1600_Het_0_4_0_2_50_EDM-2_001,XGBoost,1440,160,0.4632357656955719,0.6583791375160217,0.049957774579524994,0.07036152482032776,0.637499988079071,0.02638442162424326
GAMETES_Heterogeneity_20atts_1600_Het_0_4_0_2_75_EDM-2_001,CatBoost,1440,160,0.3804243206977844,0.5561609268188477,0.04436527192592621,0.08313579857349396,0.706250011920929,0.02633932139724493
GAMETES_Heterogeneity_20atts_1600_Het_0_4_0_2_75_EDM-2_001,ExtraTrees,1440,160,0.40952572226524353,0.5975224375724792,0.025938816368579865,0.057105083018541336,0.6937500238418579,0.02623174712061882
GAMETES_Heterogeneity_20atts_1600_Het_0_4_0_2_75_EDM-2_001,LightGBM,1440,160,0.38903719186782837,0.575492262840271,0.03928633779287338,0.055240899324417114,0.699999988079071,0.026359807699918747
GAMETES_Heterogeneity_20atts_1600_Het_0_4_0_2_75_EDM-2_001,LinearModel,1440,160,0.49416011571884155,0.6873816251754761,0.03799274563789368,0.044424280524253845,0.581250011920929,0.025598226115107536
GAMETES_Heterogeneity_20atts_1600_Het_0_4_0_2_75_EDM-2_001,NeuralNetFastAI,1440,160,0.38123640418052673,0.5628064274787903,0.045038141310214996,0.08633801341056824,0.6937500238418579,0.026302088052034378
GAMETES_Heterogeneity_20atts_1600_Het_0_4_0_2_75_EDM-2_001,NeuralNetTorch,1440,160,0.3661016523838043,0.5478097200393677,0.06495945155620575,0.0939415991306305,0.7124999761581421,0.025769902393221855
GAMETES_Heterogeneity_20atts_1600_Het_0_4_0_2_75_EDM-2_001,RandomForest,1440,160,0.40546560287475586,0.5922491550445557,0.032588303089141846,0.05839800834655762,0.6812499761581421,0.025873474776744843
GAMETES_Heterogeneity_20atts_1600_Het_0_4_0_2_75_EDM-2_001,XGBoost,1440,160,0.39907321333885193,0.5835784673690796,0.04607326537370682,0.06945054978132248,0.6937500238418579,0.025848482735455036
Internet-Advertisements,CatBoost,2951,328,0.043623872101306915,0.09277880191802979,0.014952942728996277,0.023784253746271133,0.9756097793579102,0.031430311501026154
Internet-Advertisements,ExtraTrees,2951,328,0.031214671209454536,0.07602152228355408,0.01265320461243391,0.022563140839338303,0.9817073345184326,0.030007516965270042
Internet-Advertisements,LightGBM,2951,328,0.044561516493558884,0.09069404006004333,0.015141397714614868,0.024506783112883568,0.9786585569381714,0.030697930604219437
Internet-Advertisements,LinearModel,2951,328,0.06331636011600494,0.13195247948169708,0.014152433723211288,0.02334761433303356,0.9603658318519592,0.0311092771589756
Internet-Advertisements,NeuralNetFastAI,2951,328,0.054675597697496414,0.11344039440155029,0.013753222301602364,0.023978421464562416,0.9664633870124817,0.030643783509731293
Internet-Advertisements,NeuralNetTorch,2951,328,0.05227690190076828,0.1099243313074112,0.015178084373474121,0.02177368849515915,0.9603658318519592,0.031001264229416847
Internet-Advertisements,RandomForest,2951,328,0.040181104093790054,0.08369918912649155,0.012262597680091858,0.022916287183761597,0.9756097793579102,0.030332080088555813
Internet-Advertisements,XGBoost,2951,328,0.05272858962416649,0.10595759004354477,0.012469470500946045,0.018008451908826828,0.9695122241973877,0.030995198525488377
OVA_Colon,CatBoost,1390,155,0.07300219684839249,0.15615347027778625,0.01863083988428116,0.028137169778347015,0.9612902998924255,0.025357503443956375
OVA_Colon,ExtraTrees,1390,155,0.06831636279821396,0.14762282371520996,0.022903911769390106,0.03031574934720993,0.9612902998924255,0.0250912019982934
OVA_Colon,LightGBM,1390,155,0.0632500946521759,0.13821719586849213,0.02132653072476387,0.023003486916422844,0.9677419066429138,0.02580788265913725
OVA_Colon,LinearModel,1390,155,0.06545723974704742,0.14538811147212982,0.01786436140537262,0.02281024679541588,0.9677419066429138,0.02629768941551447
OVA_Colon,NeuralNetFastAI,1390,155,0.09004238247871399,0.1823551058769226,0.028683919459581375,0.05244811624288559,0.9419354796409607,0.026014679111540318
OVA_Colon,NeuralNetTorch,1390,155,0.08696099370718002,0.1768973171710968,0.03001548908650875,0.057882338762283325,0.9419354796409607,0.02569383755326271
OVA_Colon,RandomForest,1390,155,0.08621536940336227,0.1775442361831665,0.019323471933603287,0.03449862450361252,0.948387086391449,0.025857294909656048
OVA_Colon,XGBoost,1390,155,0.0708266869187355,0.15448766946792603,0.018137315288186073,0.028299368917942047,0.9612902998924255,0.02682039514183998
OVA_Endometrium,CatBoost,1390,155,0.05572311207652092,0.09831172227859497,0.01862970180809498,0.028468575328588486,0.9741935729980469,0.027090491726994514
OVA_Endometrium,ExtraTrees,1390,155,0.060377318412065506,0.11703266948461533,0.021572699770331383,0.032683536410331726,0.9612902998924255,0.027102806605398655
OVA_Endometrium,LightGBM,1390,155,0.048038169741630554,0.09196238964796066,0.019366348162293434,0.022123713046312332,0.9741935729980469,0.025728732347488403
OVA_Endometrium,LinearModel,1390,155,0.037346355617046356,0.06491824239492416,0.014280013740062714,0.022204041481018066,0.9677419066429138,0.025930616073310375
OVA_Endometrium,NeuralNetFastAI,1390,155,0.049398552626371384,0.0850650817155838,0.009877357631921768,0.01758267544209957,0.9612902998924255,0.025631748139858246
OVA_Endometrium,NeuralNetTorch,1390,155,0.04324891045689583,0.09100686013698578,0.015500961802899837,0.02026928775012493,0.9741935729980469,0.02493804134428501
OVA_Endometrium,RandomForest,1390,155,0.05374421924352646,0.1123138889670372,0.0234018936753273,0.032628465443849564,0.9677419066429138,0.025443466380238533
OVA_Endometrium,XGBoost,1390,155,0.04896155372262001,0.08814343810081482,0.015686245635151863,0.03485976159572601,0.9612902998924255,0.025363782420754433
OVA_Kidney,CatBoost,1390,155,0.016522932797670364,0.04943083971738815,0.0208665169775486,0.02214079722762108,0.9935483932495117,0.02566381823271513
OVA_Kidney,ExtraTrees,1390,155,0.016409600153565407,0.04852762818336487,0.018328208476305008,0.020750265568494797,0.9935483932495117,0.02473592571914196
OVA_Kidney,LightGBM,1390,155,0.0145931551232934,0.04513375833630562,0.015501407906413078,0.01833144947886467,0.9935483932495117,0.02548116073012352
OVA_Kidney,LinearModel,1390,155,0.015219965018332005,0.04518677666783333,0.01560099795460701,0.0178835429251194,0.9935483932495117,0.024691155180335045
OVA_Kidney,NeuralNetFastAI,1390,155,0.02093031257390976,0.05635789409279823,0.021286627277731895,0.0310295931994915,0.9935483932495117,0.025702204555273056
OVA_Kidney,NeuralNetTorch,1390,155,0.01899532787501812,0.05286692827939987,0.022169675678014755,0.024256329983472824,0.9935483932495117,0.0252984669059515
OVA_Kidney,RandomForest,1390,155,0.015668680891394615,0.04888403043150902,0.018577387556433678,0.021177062764763832,0.9935483932495117,0.024888284504413605
OVA_Kidney,XGBoost,1390,155,0.016453178599476814,0.04709577187895775,0.017967160791158676,0.0207656417042017,0.9935483932495117,0.025285795331001282
OVA_Lung,CatBoost,1390,155,0.014244808815419674,0.052026938647031784,0.011742870323359966,0.011311369016766548,0.9935483932495117,0.02614704053848982
OVA_Lung,ExtraTrees,1390,155,0.024277323856949806,0.05989719554781914,0.006823954172432423,0.018361547961831093,0.9870967864990234,0.025799650698900223
OVA_Lung,LightGBM,1390,155,0.02009226568043232,0.057955317199230194,0.018249623477458954,0.015959270298480988,0.9870967864990234,0.025262889452278614
OVA_Lung,LinearModel,1390,155,0.0320066399872303,0.07346019148826599,0.018489236012101173,0.016320031136274338,0.9806451797485352,0.02501856815069914
OVA_Lung,NeuralNetFastAI,1390,155,0.03226173296570778,0.07031244039535522,0.012995174154639244,0.0170761551707983,0.9806451797485352,0.02512046042829752
OVA_Lung,NeuralNetTorch,1390,155,0.02571580559015274,0.06887710839509964,0.014864591881632805,0.01138322427868843,0.9870967864990234,0.02545737288892269
OVA_Lung,RandomForest,1390,155,0.03652093932032585,0.08359763771295547,0.014952206052839756,0.013774139806628227,0.9806451797485352,0.025896071456372738
OVA_Lung,XGBoost,1390,155,0.0147423529997468,0.052057839930057526,0.011379042640328407,0.012653090059757233,0.9935483932495117,0.02574867568910122
OVA_Ovary,CatBoost,1390,155,0.10550916194915771,0.17189477384090424,0.029976878315210342,0.05652716010808945,0.9225806593894958,0.02573914360255003
OVA_Ovary,ExtraTrees,1390,155,0.11496014893054962,0.17912615835666656,0.03698199242353439,0.058834731578826904,0.9096774458885193,0.02609254978597164
OVA_Ovary,LightGBM,1390,155,0.09627433866262436,0.1570233255624771,0.020729247480630875,0.03592200577259064,0.9354838728904724,0.025543893687427044
OVA_Ovary,LinearModel,1390,155,0.11002695560455322,0.1779407411813736,0.017438752576708794,0.043470367789268494,0.9161290526390076,0.02594856731593609
OVA_Ovary,NeuralNetFastAI,1390,155,0.10577917098999023,0.16801416873931885,0.02657420188188553,0.07774914801120758,0.9161290526390076,0.026596910320222378
OVA_Ovary,NeuralNetTorch,1390,155,0.09596320241689682,0.15218378603458405,0.027828393504023552,0.044434256851673126,0.9354838728904724,0.025289565324783325
OVA_Ovary,RandomForest,1390,155,0.12016050517559052,0.18087871372699738,0.0377008393406868,0.07943723350763321,0.9096774458885193,0.025965312495827675
OVA_Ovary,XGBoost,1390,155,0.103696808218956,0.17696726322174072,0.02482307143509388,0.04332634434103966,0.9161290526390076,0.026283228769898415
OVA_Prostate,CatBoost,1390,155,0.014223337173461914,0.03111683577299118,0.00635085254907608,0.011235570535063744,0.9935483932495117,0.024024344980716705
OVA_Prostate,ExtraTrees,1390,155,0.013023053295910358,0.030927101150155067,0.009040853008627892,0.011389350518584251,0.9935483932495117,0.02516550663858652
OVA_Prostate,LightGBM,1390,155,0.012526638805866241,0.028150156140327454,0.007150880992412567,0.00885587278753519,0.9935483932495117,0.024394315667450428
OVA_Prostate,LinearModel,1390,155,0.02043488807976246,0.03873920068144798,0.011859197169542313,0.011859205551445484,0.9870967864990234,0.025256178341805935
OVA_Prostate,NeuralNetFastAI,1390,155,0.016284504905343056,0.03375032916665077,0.01163497380912304,0.01267014816403389,0.9870967864990234,0.0247272327542305
OVA_Prostate,NeuralNetTorch,1390,155,0.012355675920844078,0.027859337627887726,0.007812038064002991,0.007812040857970715,0.9935483932495117,0.023468020372092724
OVA_Prostate,RandomForest,1390,155,0.01667581871151924,0.03559194505214691,0.007433392107486725,0.014506952837109566,0.9870967864990234,0.02388455905020237
OVA_Prostate,XGBoost,1390,155,0.020927606150507927,0.03901010379195213,0.0062819793820381165,0.014168456196784973,0.9870967864990234,0.02479749731719494
PhishingWebsites,CatBoost,9949,1106,0.04860098287463188,0.09793607890605927,0.016701988875865936,0.02720896527171135,0.9701627492904663,0.052648577839136124
PhishingWebsites,ExtraTrees,9949,1106,0.058828625828027725,0.113123819231987,0.017314963042736053,0.028882645070552826,0.9638336300849915,0.05274260230362415
PhishingWebsites,LightGBM,9949,1106,0.0475991927087307,0.09609998762607574,0.01664508879184723,0.02231387048959732,0.9674502611160278,0.056024947203695774
PhishingWebsites,LinearModel,9949,1106,0.09571461379528046,0.1670355349779129,0.012284759432077408,0.03243566304445267,0.9339963793754578,0.05421894509345293
PhishingWebsites,NeuralNetFastAI,9949,1106,0.04938550665974617,0.09746546298265457,0.01620231568813324,0.02963053062558174,0.9674502611160278,0.05229917261749506
PhishingWebsites,NeuralNetTorch,9949,1106,0.04739790037274361,0.09497144818305969,0.017374441027641296,0.028379011899232864,0.9683544039726257,0.05136621464043856
PhishingWebsites,RandomForest,9949,1106,0.05671912804245949,0.11034335941076279,0.016976282000541687,0.024733206257224083,0.9629294872283936,0.051696802489459515
PhishingWebsites,XGBoost,9949,1106,0.04932096600532532,0.09992688149213791,0.01606544852256775,0.026089543476700783,0.9683544039726257,0.05243154242634773
Run_or_walk_information,CatBoost,79729,8859,0.01054217666387558,0.038315609097480774,0.013203727081418037,0.025177814066410065,0.9936787486076355,0.2502396460622549
Run_or_walk_information,ExtraTrees,79729,8859,0.01269453950226307,0.0424385666847229,0.012687296606600285,0.024151206016540527,0.9928885698318481,0.22321718093007803
Run_or_walk_information,LightGBM,79729,8859,0.009710936807096004,0.0371987447142601,0.01299976371228695,0.024233859032392502,0.9945817589759827,0.24075900577008724
Run_or_walk_information,LinearModel,79729,8859,0.21521377563476562,0.3354696035385132,0.019663415849208832,0.0237092524766922,0.8372277021408081,0.27076154481619596
Run_or_walk_information,NeuralNetFastAI,79729,8859,0.014438656158745289,0.045546140521764755,0.013578685000538826,0.02442954108119011,0.9913082718849182,0.2474314421415329
Run_or_walk_information,NeuralNetTorch,79729,8859,0.011912220157682896,0.04172224923968315,0.014090035110712051,0.025719054043293,0.9935658574104309,0.23835102282464504
Run_or_walk_information,RandomForest,79729,8859,0.014031189493834972,0.04442800581455231,0.012976603582501411,0.02437804453074932,0.9920984506607056,0.2275924999266863
Run_or_walk_information,XGBoost,79729,8859,0.011199354194104671,0.0394500233232975,0.01280229538679123,0.024767186492681503,0.9934529662132263,0.2445019157603383
Satellite,CatBoost,4590,510,0.013968327082693577,0.026347897946834564,0.0035911318846046925,0.004784338641911745,0.9901960492134094,0.0350634828209877
Satellite,ExtraTrees,4590,510,0.0160985104739666,0.02677517756819725,0.004672485403716564,0.004913506098091602,0.9882352948188782,0.03362290654331446
Satellite,LightGBM,4590,510,0.012762028723955154,0.02313929609954357,0.006793498992919922,0.0046723452396690845,0.9901960492134094,0.03578229155391455
Satellite,LinearModel,4590,510,0.0147144990041852,0.027474403381347656,0.0055871265940368176,0.0067803869023919106,0.9921568632125854,0.03715587314218283
Satellite,NeuralNetFastAI,4590,510,0.011332111433148384,0.023229138925671577,0.003977672196924686,0.005882710684090853,0.9921568632125854,0.035773757845163345
Satellite,NeuralNetTorch,4590,510,0.01469386462122202,0.027844615280628204,0.006471799686551094,0.00548757566139102,0.9901960492134094,0.03658433724194765
Satellite,RandomForest,4590,510,0.014495179057121277,0.024600815027952194,0.00544911902397871,0.00811033882200718,0.9882352948188782,0.03365043643862009
Satellite,XGBoost,4590,510,0.014275782741606236,0.02369876764714718,0.004866002593189478,0.006338006816804409,0.9901960492134094,0.034621961414813995
SpeedDating,CatBoost,7540,838,0.17728720605373383,0.2926226854324341,0.023090891540050507,0.03854423388838768,0.8806682825088501,0.04798242263495922
SpeedDating,ExtraTrees,7540,838,0.19254229962825775,0.31184110045433044,0.01668960601091385,0.03688281774520874,0.8699284195899963,0.04824551288038492
SpeedDating,LightGBM,7540,838,0.1791086494922638,0.29569709300994873,0.024701319634914398,0.037150584161281586,0.8902148008346558,0.04858533851802349
SpeedDating,LinearModel,7540,838,0.19099287688732147,0.31650421023368835,0.0249360091984272,0.03437265008687973,0.8735083341598511,0.04847189225256443
SpeedDating,NeuralNetFastAI,7540,838,0.1883457452058792,0.31025004386901855,0.02288227528333664,0.03597264736890793,0.8747016787528992,0.04826393537223339
SpeedDating,NeuralNetTorch,7540,838,0.18787941336631775,0.3083415627479553,0.023029744625091553,0.02747327648103237,0.8699284195899963,0.048123594373464584
SpeedDating,RandomForest,7540,838,0.1914508044719696,0.31512629985809326,0.02079593762755394,0.034572944045066833,0.8711217045783997,0.0480817798525095
SpeedDating,XGBoost,7540,838,0.1766163855791092,0.291885644197464,0.021311303600668907,0.031292758882045746,0.8854415416717529,0.0481764217838645
Titanic,CatBoost,1980,221,0.2542709708213806,0.41384249925613403,0.06574892997741699,0.0536385178565979,0.8325791954994202,0.02702901791781187
Titanic,ExtraTrees,1980,221,0.25494587421417236,0.4139777421951294,0.07440135627985,0.05728404223918915,0.8325791954994202,0.028179828077554703
Titanic,LightGBM,1980,221,0.2536759078502655,0.4100942611694336,0.0674743801355362,0.052987344563007355,0.8325791954994202,0.02652695681899786
Titanic,LinearModel,1980,221,0.25639525055885315,0.419429212808609,0.06459666043519974,0.06065497174859047,0.8325791954994202,0.02673453837633133
Titanic,NeuralNetFastAI,1980,221,0.25307098031044006,0.40987664461135864,0.06482648849487305,0.052816055715084076,0.8325791954994202,0.028000121004879475
Titanic,NeuralNetTorch,1980,221,0.2552032470703125,0.41194021701812744,0.06704984605312347,0.06306890398263931,0.8325791954994202,0.028724447824060917
Titanic,RandomForest,1980,221,0.25640079379081726,0.4147495925426483,0.07194876670837402,0.06089101731777191,0.8325791954994202,0.02842850051820278
Titanic,XGBoost,1980,221,0.253935307264328,0.4110713005065918,0.0644679069519043,0.05051179602742195,0.8325791954994202,0.02643745020031929
ada,CatBoost,3732,415,0.17020604014396667,0.2725195288658142,0.015437573194503784,0.029710914939641953,0.8819277286529541,0.034336634911596775
ada,ExtraTrees,3732,415,0.19672255218029022,0.31256502866744995,0.019444312900304794,0.03384140133857727,0.8554216623306274,0.034425330348312855
ada,LightGBM,3732,415,0.1728629171848297,0.279286652803421,0.015663867816329002,0.045624375343322754,0.87469881772995,0.03438554052263498
ada,LinearModel,3732,415,0.20033854246139526,0.3193233013153076,0.01752694696187973,0.02785162255167961,0.8626505732536316,0.03589107282459736
ada,NeuralNetFastAI,3732,415,0.18679088354110718,0.30292949080467224,0.016595937311649323,0.042607516050338745,0.87469881772995,0.036140707321465015
ada,NeuralNetTorch,3732,415,0.18450982868671417,0.2934092879295349,0.01598292961716652,0.03417550399899483,0.8722891807556152,0.03396855294704437
ada,RandomForest,3732,415,0.1808336079120636,0.29101407527923584,0.01586809754371643,0.033469218760728836,0.8771084547042847,0.03455303609371185
ada,XGBoost,3732,415,0.17328430712223053,0.2804487943649292,0.013291900977492332,0.028786174952983856,0.87469881772995,0.03415362350642681
adult,CatBoost,43957,4885,0.17215457558631897,0.27466657757759094,0.010401606559753418,0.018795587122440338,0.8771750330924988,0.16020206548273563
adult,ExtraTrees,43957,4885,0.1905834823846817,0.3031849265098572,0.010458532720804214,0.022785542532801628,0.8595700860023499,0.16156909614801407
adult,LightGBM,43957,4885,0.17188090085983276,0.27345141768455505,0.010014470666646957,0.021499112248420715,0.8763561844825745,0.15881926286965609
adult,LinearModel,43957,4885,0.20339849591255188,0.3195399045944214,0.00905221700668335,0.015303365886211395,0.8528147339820862,0.16338053531944752
adult,NeuralNetFastAI,43957,4885,0.19059117138385773,0.3017902076244354,0.011764857918024063,0.01934058964252472,0.863459587097168,0.16517105139791965
adult,NeuralNetTorch,43957,4885,0.19210152328014374,0.3033328950405121,0.010841203853487968,0.01524321548640728,0.8636642694473267,0.16590764746069908
adult,RandomForest,43957,4885,0.18745531141757965,0.2972352206707001,0.009920736774802208,0.0187159925699234,0.8630501627922058,0.16397953126579523
adult,XGBoost,43957,4885,0.17056390643119812,0.27156904339790344,0.009833481162786484,0.0185528714209795,0.8759467601776123,0.16018284857273102
ailerons,CatBoost,12375,1375,0.15846389532089233,0.2628015875816345,0.010212406516075134,0.027957338839769363,0.8894545435905457,0.06339520681649446
ailerons,ExtraTrees,12375,1375,0.16812951862812042,0.2748296856880188,0.010730065405368805,0.020988786593079567,0.8807272911071777,0.06354291457682848
ailerons,LightGBM,12375,1375,0.15861834585666656,0.26245591044425964,0.01139135379344225,0.026605701074004173,0.8930909037590027,0.06359587609767914
ailerons,LinearModel,12375,1375,0.16968800127506256,0.27933621406555176,0.014423452317714691,0.028412705287337303,0.8821818232536316,0.06473757792264223
ailerons,NeuralNetFastAI,12375,1375,0.16709241271018982,0.2757694721221924,0.011238545179367065,0.02507856674492359,0.8850908875465393,0.06329981610178947
ailerons,NeuralNetTorch,12375,1375,0.16508324444293976,0.27132922410964966,0.009054277092218399,0.02439095266163349,0.8814545273780823,0.06285022757947445
ailerons,RandomForest,12375,1375,0.1641649454832077,0.2719443440437317,0.011453855782747269,0.02932015433907509,0.8821818232536316,0.06356174126267433
ailerons,XGBoost,12375,1375,0.15929730236530304,0.2627005875110626,0.00965399295091629,0.02521575428545475,0.8887272477149963,0.06389200873672962
arcene,CatBoost,90,10,0.45809826254844666,0.7103663682937622,0.16155651211738586,0.1983138918876648,0.699999988079071,0.02075926586985588
arcene,ExtraTrees,90,10,0.3597623109817505,0.5715621709823608,0.11596158146858215,0.18278244137763977,0.699999988079071,0.02095185685902834
arcene,LightGBM,90,10,0.4457186162471771,0.6946289539337158,0.15348172187805176,0.20819611847400665,0.699999988079071,0.020140884444117546
arcene,LinearModel,90,10,0.4320186674594879,0.6568164229393005,0.10409685224294662,0.20740076899528503,0.699999988079071,0.020143793895840645
arcene,NeuralNetFastAI,90,10,0.3531344532966614,0.5849751234054565,0.10908936709165573,0.18494494259357452,0.699999988079071,0.0203065425157547
arcene,NeuralNetTorch,90,10,0.37649086117744446,0.5889548659324646,0.1370449811220169,0.23504580557346344,0.699999988079071,0.020353514701128006
arcene,RandomForest,90,10,0.4659227728843689,0.6862407922744751,0.16567203402519226,0.30240002274513245,0.6000000238418579,0.020477003417909145
arcene,XGBoost,90,10,0.4011475443840027,0.6209415793418884,0.09314151108264923,0.20853322744369507,0.699999988079071,0.020220337435603142
arsenic-female-bladder,CatBoost,503,56,0.21790394186973572,0.3455032706260681,0.0286799818277359,0.060780324041843414,0.8571428656578064,0.022987608797848225
arsenic-female-bladder,ExtraTrees,503,56,0.2420709878206253,0.3877846896648407,0.04345002770423889,0.08374664932489395,0.8214285969734192,0.02247070148587227
arsenic-female-bladder,LightGBM,503,56,0.21784965693950653,0.3668810725212097,0.05397234857082367,0.07931947708129883,0.875,0.02239302732050419
arsenic-female-bladder,LinearModel,503,56,0.22566911578178406,0.3509729504585266,0.05351248383522034,0.07867101579904556,0.8571428656578064,0.022927968762815
arsenic-female-bladder,NeuralNetFastAI,503,56,0.22372376918792725,0.3393256366252899,0.06078910082578659,0.11677225679159164,0.8392857313156128,0.02348409593105316
arsenic-female-bladder,NeuralNetTorch,503,56,0.19510531425476074,0.3138137459754944,0.03893515467643738,0.043605998158454895,0.875,0.022917944937944412
arsenic-female-bladder,RandomForest,503,56,0.22278080880641937,0.36118385195732117,0.06327575445175171,0.11077626794576645,0.8571428656578064,0.024502387270331383
arsenic-female-bladder,XGBoost,503,56,0.21020253002643585,0.3361749053001404,0.03492491692304611,0.0652613565325737,0.8571428656578064,0.023779687471687794
autoUniv-au1-1000,CatBoost,900,100,0.3819695711135864,0.5715974569320679,0.07241378724575043,0.13271547853946686,0.7300000190734863,0.025127796456217766
autoUniv-au1-1000,ExtraTrees,900,100,0.3841405510902405,0.5745237469673157,0.052185818552970886,0.07056481391191483,0.7300000190734863,0.025486323051154613
autoUniv-au1-1000,LightGBM,900,100,0.3584624230861664,0.544414758682251,0.03690354526042938,0.10518807917833328,0.7599999904632568,0.025747129693627357
autoUniv-au1-1000,LinearModel,900,100,0.38399094343185425,0.5772421360015869,0.07101505994796753,0.10202547907829285,0.75,0.024162203073501587
autoUniv-au1-1000,NeuralNetFastAI,900,100,0.3519858419895172,0.5439099073410034,0.06484194099903107,0.09928150475025177,0.7699999809265137,0.023843091912567616
autoUniv-au1-1000,NeuralNetTorch,900,100,0.3527812063694,0.5330278873443604,0.03403342515230179,0.07543519139289856,0.75,0.025044412352144718
autoUniv-au1-1000,RandomForest,900,100,0.37795692682266235,0.5600115060806274,0.0611136257648468,0.0785314068198204,0.7300000190734863,0.024456694722175598
autoUniv-au1-1000,XGBoost,900,100,0.3761051893234253,0.5607262253761292,0.0621047243475914,0.13131828606128693,0.699999988079071,0.024977263063192368
bank-marketing,CatBoost,40689,4522,0.11749390512704849,0.18912583589553833,0.007014578208327293,0.010518581606447697,0.9153029918670654,0.15653398912400007
bank-marketing,ExtraTrees,40689,4522,0.1258777678012848,0.2016817182302475,0.007169635035097599,0.013193070888519287,0.906899631023407,0.15084168314933777
bank-marketing,LightGBM,40689,4522,0.11958657950162888,0.19141708314418793,0.006644953973591328,0.013293617404997349,0.9119858741760254,0.1531619867309928
bank-marketing,LinearModel,40689,4522,0.14110833406448364,0.22858384251594543,0.0076812198385596275,0.010388733819127083,0.9000442028045654,0.15554786380380392
bank-marketing,NeuralNetFastAI,40689,4522,0.12071233987808228,0.19327418506145477,0.007542576640844345,0.0124702462926507,0.9066784381866455,0.1553015811368823
bank-marketing,NeuralNetTorch,40689,4522,0.12036062777042389,0.19284950196743011,0.009504744783043861,0.014378906227648258,0.9093321561813354,0.15251005627214909
bank-marketing,RandomForest,40689,4522,0.12530526518821716,0.2007235437631607,0.007596355862915516,0.011398116126656532,0.9066784381866455,0.15251216385513544
bank-marketing,XGBoost,40689,4522,0.11932148784399033,0.19168883562088013,0.006517777219414711,0.010857871733605862,0.9137549996376038,0.15192980039864779
bank32nh,CatBoost,7372,820,0.26859551668167114,0.4123750925064087,0.02094379812479019,0.038577768951654434,0.795121967792511,0.04807104729115963
bank32nh,ExtraTrees,7372,820,0.2701397240161896,0.41349977254867554,0.01896628364920616,0.039239998906850815,0.7987805008888245,0.04831394460052252
bank32nh,LightGBM,7372,820,0.26894664764404297,0.4156425893306732,0.019418353214859962,0.044883307069540024,0.795121967792511,0.04874166566878557
bank32nh,LinearModel,7372,820,0.2674388587474823,0.40952208638191223,0.017779763787984848,0.03076143004000187,0.795121967792511,0.04822344146668911
bank32nh,NeuralNetFastAI,7372,820,0.2559286653995514,0.3967565894126892,0.018948111683130264,0.031267207115888596,0.8085365891456604,0.04759120009839535
bank32nh,NeuralNetTorch,7372,820,0.26140904426574707,0.4038946032524109,0.015531538054347038,0.026226013898849487,0.8024390339851379,0.04778942093253136
bank32nh,RandomForest,7372,820,0.28455159068107605,0.43455612659454346,0.020685123279690742,0.029457570984959602,0.790243923664093,0.04692745953798294
bank32nh,XGBoost,7372,820,0.2721179127693176,0.41882336139678955,0.019067127257585526,0.02677770145237446,0.8048780560493469,0.04834991414099932
bank8FM,CatBoost,7372,820,0.0749259740114212,0.13383328914642334,0.015036866068840027,0.028707357123494148,0.9487804770469666,0.0461086044088006
bank8FM,ExtraTrees,7372,820,0.07882751524448395,0.13888117671012878,0.016389764845371246,0.03385227173566818,0.9487804770469666,0.04596392344683409
bank8FM,LightGBM,7372,820,0.07646074891090393,0.13459190726280212,0.016522347927093506,0.036500729620456696,0.9487804770469666,0.04604817554354668
bank8FM,LinearModel,7372,820,0.08285828679800034,0.1475147157907486,0.014201657846570015,0.029113400727510452,0.9463414549827576,0.04604896251112223
bank8FM,NeuralNetFastAI,7372,820,0.07748457044363022,0.13326026499271393,0.014414336532354355,0.03594088926911354,0.9475609660148621,0.046456288546323776
bank8FM,NeuralNetTorch,7372,820,0.08152538537979126,0.1400657594203949,0.014934096485376358,0.0303175188601017,0.9439024329185486,0.046316868625581264
bank8FM,RandomForest,7372,820,0.08053215593099594,0.14549192786216736,0.018291480839252472,0.03645513579249382,0.9463414549827576,0.04537592828273773
bank8FM,XGBoost,7372,820,0.07677440345287323,0.13894912600517273,0.015387177467346191,0.03618163987994194,0.9439024329185486,0.047034768387675285
blood-transfusion-service-center,CatBoost,673,75,0.3396633565425873,0.5161064863204956,0.07368874549865723,0.0955667793750763,0.7599999904632568,0.023265842348337173
blood-transfusion-service-center,ExtraTrees,673,75,0.34786421060562134,0.5219621658325195,0.060806795954704285,0.08634906262159348,0.7599999904632568,0.02355948183685541
blood-transfusion-service-center,LightGBM,673,75,0.347220778465271,0.521595299243927,0.05272688716650009,0.12143463641405106,0.746666669845581,0.023999503813683987
blood-transfusion-service-center,LinearModel,673,75,0.33285775780677795,0.4942167103290558,0.057582348585128784,0.09838221967220306,0.7333333492279053,0.023790419101715088
blood-transfusion-service-center,NeuralNetFastAI,673,75,0.34126153588294983,0.5093898773193359,0.06897460669279099,0.1586320698261261,0.746666669845581,0.023798590525984764
blood-transfusion-service-center,NeuralNetTorch,673,75,0.3133815824985504,0.46559932827949524,0.04777740314602852,0.08328092843294144,0.7733333110809326,0.023928843438625336
blood-transfusion-service-center,RandomForest,673,75,0.3448658883571625,0.525597333908081,0.07751704007387161,0.08186477422714233,0.7599999904632568,0.023866791278123856
blood-transfusion-service-center,XGBoost,673,75,0.34750857949256897,0.5285247564315796,0.044422898441553116,0.10313864052295685,0.746666669845581,0.024487415328621864
boston_corrected,CatBoost,455,51,0.16834039986133575,0.28371521830558777,0.07968850433826447,0.12410423904657364,0.9019607901573181,0.02494017779827118
boston_corrected,ExtraTrees,455,51,0.1676131784915924,0.27511337399482727,0.08612748980522156,0.11514385044574738,0.9019607901573181,0.02294747903943062
boston_corrected,LightGBM,455,51,0.16023285686969757,0.2732330560684204,0.10310417413711548,0.13605235517024994,0.9411764740943909,0.02299177087843418
boston_corrected,LinearModel,455,51,0.18034057319164276,0.28804612159729004,0.08666088432073593,0.12847788631916046,0.8627451062202454,0.023017258383333683
boston_corrected,NeuralNetFastAI,455,51,0.15595313906669617,0.26549142599105835,0.13721592724323273,0.16517388820648193,0.8627451062202454,0.023010296747088432
boston_corrected,NeuralNetTorch,455,51,0.23423945903778076,0.34944581985473633,0.11633795499801636,0.15450090169906616,0.8039215803146362,0.022846052423119545
boston_corrected,RandomForest,455,51,0.19861114025115967,0.3145361840724945,0.08583465963602066,0.1336473971605301,0.843137264251709,0.02329728752374649
boston_corrected,XGBoost,455,51,0.20352472364902496,0.32023486495018005,0.09033083915710449,0.11601652204990387,0.843137264251709,0.022987045347690582
churn,CatBoost,4500,500,0.08365237712860107,0.17124928534030914,0.012499679811298847,0.01710437424480915,0.949999988079071,0.03578628785908222
churn,ExtraTrees,4500,500,0.08329995721578598,0.1702522337436676,0.013042699545621872,0.019925370812416077,0.9520000219345093,0.035399315878748894
churn,LightGBM,4500,500,0.08928614854812622,0.1828811913728714,0.012042772956192493,0.023352717980742455,0.9480000138282776,0.036437541246414185
churn,LinearModel,4500,500,0.18338583409786224,0.300837904214859,0.022898659110069275,0.027251331135630608,0.8600000143051147,0.037732032127678394
churn,NeuralNetFastAI,4500,500,0.07749985158443451,0.1630212962627411,0.009194344282150269,0.01444368064403534,0.9559999704360962,0.03588505368679762
churn,NeuralNetTorch,4500,500,0.08563465625047684,0.17694538831710815,0.020005088299512863,0.027848832309246063,0.9520000219345093,0.036592951975762844
churn,RandomForest,4500,500,0.099335215985775,0.19169430434703827,0.013960009440779686,0.018314644694328308,0.9340000152587891,0.03608118835836649
churn,XGBoost,4500,500,0.08679146319627762,0.17496466636657715,0.013031939044594765,0.026342472061514854,0.949999988079071,0.03628815058618784
climate-model-simulation-crashes,CatBoost,486,54,0.10161729902029037,0.19543735682964325,0.0556965246796608,0.06845241039991379,0.9259259104728699,0.022596989758312702
climate-model-simulation-crashes,ExtraTrees,486,54,0.09595798701047897,0.19078654050827026,0.0469001866877079,0.048863910138607025,0.9444444179534912,0.021428437903523445
climate-model-simulation-crashes,LightGBM,486,54,0.08856315910816193,0.1787351369857788,0.04800347611308098,0.05165550485253334,0.9444444179534912,0.021701611578464508
climate-model-simulation-crashes,LinearModel,486,54,0.10581608861684799,0.21352797746658325,0.057786792516708374,0.059105224907398224,0.9259259104728699,0.022184894420206547
climate-model-simulation-crashes,NeuralNetFastAI,486,54,0.08616204559803009,0.18244697153568268,0.044056884944438934,0.052559271454811096,0.9444444179534912,0.021965796127915382
climate-model-simulation-crashes,NeuralNetTorch,486,54,0.10337089747190475,0.20354993641376495,0.0531095415353775,0.07278330624103546,0.9259259104728699,0.02184559591114521
climate-model-simulation-crashes,RandomForest,486,54,0.09955654293298721,0.21299417316913605,0.07016237825155258,0.08332251012325287,0.9259259104728699,0.022094604559242725
climate-model-simulation-crashes,XGBoost,486,54,0.08537956327199936,0.18532127141952515,0.054828714579343796,0.08423954993486404,0.9629629850387573,0.021442336961627007
colleges_usnews,CatBoost,1171,131,0.37051963806152344,0.5380961894989014,0.05970819666981697,0.1066451370716095,0.7099236845970154,0.0251749400049448
colleges_usnews,ExtraTrees,1171,131,0.36511218547821045,0.5335522294044495,0.07285228371620178,0.09411691129207611,0.6793892979621887,0.02477165311574936
colleges_usnews,LightGBM,1171,131,0.3905528485774994,0.5697256922721863,0.06544286757707596,0.12905597686767578,0.6793892979621887,0.024451907724142075
colleges_usnews,LinearModel,1171,131,0.4018707573413849,0.5916107296943665,0.057681381702423096,0.12462559342384338,0.6641221642494202,0.02544037625193596
colleges_usnews,NeuralNetFastAI,1171,131,0.39466774463653564,0.5684230327606201,0.07622605562210083,0.10111679136753082,0.694656491279602,0.024959487840533257
colleges_usnews,NeuralNetTorch,1171,131,0.3829258382320404,0.5536415576934814,0.07834618538618088,0.16004833579063416,0.7251908183097839,0.024760904721915722
colleges_usnews,RandomForest,1171,131,0.3710295855998993,0.5551421046257019,0.05992719158530235,0.1005244255065918,0.732824444770813,0.02486632764339447
colleges_usnews,XGBoost,1171,131,0.3822225034236908,0.5517393946647644,0.06764556467533112,0.14108943939208984,0.694656491279602,0.024743578396737576
cpu_act,CatBoost,7372,820,0.06824860721826553,0.12799163162708282,0.02320031449198723,0.0436435304582119,0.959756076335907,0.04403424263000488
cpu_act,ExtraTrees,7372,820,0.07786282896995544,0.14093203842639923,0.02227550745010376,0.04377598688006401,0.9512194991111755,0.04428182356059551
cpu_act,LightGBM,7372,820,0.07065802812576294,0.12950006127357483,0.023288190364837646,0.03969944268465042,0.954878032207489,0.04569496959447861
cpu_act,LinearModel,7372,820,0.0869934931397438,0.1570698320865631,0.023164894431829453,0.04380524158477783,0.9439024329185486,0.046120356768369675
cpu_act,NeuralNetFastAI,7372,820,0.07453447580337524,0.13691972196102142,0.026255453005433083,0.04620559513568878,0.9475609660148621,0.0457829600200057
cpu_act,NeuralNetTorch,7372,820,0.08017217367887497,0.14608004689216614,0.02719302661716938,0.03842134773731232,0.9426829218864441,0.044154112227261066
cpu_act,RandomForest,7372,820,0.07664015889167786,0.14112317562103271,0.021772025153040886,0.040304094552993774,0.95243901014328,0.04427416995167732
cpu_act,XGBoost,7372,820,0.06848354637622833,0.12760698795318604,0.023659687489271164,0.041069936007261276,0.9536585211753845,0.04509107209742069
cpu_small,CatBoost,7372,820,0.09854690730571747,0.16750767827033997,0.02117065340280533,0.03498384356498718,0.9365853667259216,0.04505016654729843
cpu_small,ExtraTrees,7372,820,0.10521519929170609,0.17778465151786804,0.017732523381710052,0.0430951863527298,0.9329268336296082,0.04448528215289116
cpu_small,LightGBM,7372,820,0.0995805412530899,0.16902054846286774,0.0190901942551136,0.040824808180332184,0.9378048777580261,0.045439125038683414
cpu_small,LinearModel,7372,820,0.12614719569683075,0.20923829078674316,0.018365832045674324,0.03914995491504669,0.9085366129875183,0.04708557203412056
cpu_small,NeuralNetFastAI,7372,820,0.11105723679065704,0.18375720083713531,0.016214702278375626,0.036440737545490265,0.9170731902122498,0.04677054286003113
cpu_small,NeuralNetTorch,7372,820,0.10417792946100235,0.17715254426002502,0.02026134356856346,0.03849750757217407,0.9256097674369812,0.04672077018767595
cpu_small,RandomForest,7372,820,0.10259141027927399,0.17474231123924255,0.020092137157917023,0.04042137414216995,0.9304878115653992,0.04564795084297657
cpu_small,XGBoost,7372,820,0.10064476728439331,0.1705855280160904,0.02110907807946205,0.04610632732510567,0.9256097674369812,0.04617684241384268
credit-g,CatBoost,900,100,0.27471545338630676,0.4287869930267334,0.054173827171325684,0.07676143199205399,0.800000011920929,0.025071035139262676
credit-g,ExtraTrees,900,100,0.2897847890853882,0.45245277881622314,0.05665203183889389,0.11251512169837952,0.800000011920929,0.024349404498934746
credit-g,LightGBM,900,100,0.2897416055202484,0.4496491551399231,0.041053783148527145,0.0975712388753891,0.7900000214576721,0.02481808979064226
credit-g,LinearModel,900,100,0.3237137496471405,0.49404671788215637,0.05983823537826538,0.1326901763677597,0.75,0.024449648335576057
credit-g,NeuralNetFastAI,900,100,0.31027817726135254,0.4703054130077362,0.03752882033586502,0.08292058110237122,0.75,0.02428255882114172
credit-g,NeuralNetTorch,900,100,0.29602721333503723,0.4556324779987335,0.045435093343257904,0.09612234681844711,0.7799999713897705,0.024958951398730278
credit-g,RandomForest,900,100,0.28211840987205505,0.43771421909332275,0.058184556663036346,0.1030866950750351,0.7799999713897705,0.024494411423802376
credit-g,XGBoost,900,100,0.2908599376678467,0.4453656077384949,0.051672354340553284,0.09429101645946503,0.7699999809265137,0.02517557330429554
cylinder-bands,CatBoost,486,54,0.19455863535404205,0.3259866237640381,0.03665737062692642,0.11523346602916718,0.8518518805503845,0.023099878802895546
cylinder-bands,ExtraTrees,486,54,0.20037882030010223,0.3279944956302643,0.05093693360686302,0.10799011588096619,0.8518518805503845,0.023163571022450924
cylinder-bands,LightGBM,486,54,0.2084374576807022,0.34442010521888733,0.047039713710546494,0.10587209463119507,0.8703703880310059,0.026435134932398796
cylinder-bands,LinearModel,486,54,0.2765558063983917,0.43743473291397095,0.055027205497026443,0.138273224234581,0.8333333134651184,0.023448959924280643
cylinder-bands,NeuralNetFastAI,486,54,0.24556903541088104,0.4040364921092987,0.0699123740196228,0.17767201364040375,0.8148148059844971,0.02446214947849512
cylinder-bands,NeuralNetTorch,486,54,0.2276948094367981,0.37071195244789124,0.07322710752487183,0.12985409796237946,0.8518518805503845,0.02475128974765539
cylinder-bands,RandomForest,486,54,0.17565631866455078,0.2971799075603485,0.05566205829381943,0.11774395406246185,0.9074074029922485,0.023000427521765232
cylinder-bands,XGBoost,486,54,0.17256015539169312,0.30442798137664795,0.06405271589756012,0.11100876331329346,0.8518518805503845,0.022712276317179203
delta_ailerons,CatBoost,6416,713,0.09091494977474213,0.18175169825553894,0.014305479824543,0.02642844058573246,0.948106586933136,0.04408375360071659
delta_ailerons,ExtraTrees,6416,713,0.09305639564990997,0.1822720319032669,0.016543390229344368,0.024412067607045174,0.946704089641571,0.04260860849171877
delta_ailerons,LightGBM,6416,713,0.09159495681524277,0.18227005004882812,0.017253626137971878,0.028098400682210922,0.9424964785575867,0.04434347432106733
delta_ailerons,LinearModel,6416,713,0.1110185906291008,0.21848899126052856,0.0131749352440238,0.02571786567568779,0.9410939812660217,0.044473813846707344
delta_ailerons,NeuralNetFastAI,6416,713,0.1023009866476059,0.2014334350824356,0.01354304887354374,0.019443748518824577,0.9438990354537964,0.042155089788138866
delta_ailerons,NeuralNetTorch,6416,713,0.10153107345104218,0.19842278957366943,0.014204969629645348,0.02729397639632225,0.9453015327453613,0.04139377549290657
delta_ailerons,RandomForest,6416,713,0.0943317711353302,0.18367420136928558,0.016683341935276985,0.03384587913751602,0.9438990354537964,0.041662681847810745
delta_ailerons,XGBoost,6416,713,0.09246466308832169,0.1834874451160431,0.014561712741851807,0.029163531959056854,0.9453015327453613,0.04205673839896917
delta_elevators,CatBoost,8565,952,0.1785399168729782,0.3005978763103485,0.015246160328388214,0.02886129915714264,0.8844537734985352,0.04934343229979277
delta_elevators,ExtraTrees,8565,952,0.1804167926311493,0.30348464846611023,0.012274726293981075,0.03320884704589844,0.8802521228790283,0.05174353811889887
delta_elevators,LightGBM,8565,952,0.17783135175704956,0.2995271682739258,0.014519449323415756,0.04116842895746231,0.8886554837226868,0.05131521075963974
delta_elevators,LinearModel,8565,952,0.18058931827545166,0.307551771402359,0.015223030932247639,0.02774438075721264,0.8823529481887817,0.050846852362155914
delta_elevators,NeuralNetFastAI,8565,952,0.17844530940055847,0.3020423948764801,0.013523243367671967,0.0239796731621027,0.881302535533905,0.05111030675470829
delta_elevators,NeuralNetTorch,8565,952,0.1772303581237793,0.2997681200504303,0.013425067067146301,0.02802176959812641,0.8855041861534119,0.0508764274418354
delta_elevators,RandomForest,8565,952,0.1830439269542694,0.30534103512763977,0.010946080088615417,0.030635371804237366,0.8728991746902466,0.051142530515789986
delta_elevators,XGBoost,8565,952,0.1773120015859604,0.29973354935646057,0.012223826721310616,0.028554143384099007,0.8823529481887817,0.05141698755323887
diabetes,CatBoost,691,77,0.2531132698059082,0.4033408761024475,0.05773567780852318,0.10297028720378876,0.8181818127632141,0.024118032306432724
diabetes,ExtraTrees,691,77,0.2434043437242508,0.3867780566215515,0.03701176866889,0.09749997407197952,0.8311688303947449,0.024035748094320297
diabetes,LightGBM,691,77,0.2497924268245697,0.39499977231025696,0.047393132001161575,0.11744002252817154,0.8051947951316833,0.02448202855885029
diabetes,LinearModel,691,77,0.23340685665607452,0.3756589889526367,0.07287169247865677,0.12789350748062134,0.8311688303947449,0.02386487741023302
diabetes,NeuralNetFastAI,691,77,0.2542916238307953,0.39422205090522766,0.05934271961450577,0.11188122630119324,0.8181818127632141,0.023755840957164764
diabetes,NeuralNetTorch,691,77,0.24037215113639832,0.37628600001335144,0.0654342770576477,0.12329129129648209,0.8051947951316833,0.024238727055490017
diabetes,RandomForest,691,77,0.2504529356956482,0.3966546654701233,0.04349570348858833,0.09018021821975708,0.8051947951316833,0.023621201515197754
diabetes,XGBoost,691,77,0.2764710783958435,0.43125689029693604,0.039824776351451874,0.10860089957714081,0.8051947951316833,0.023908271454274654
dresses-sales,CatBoost,450,50,0.457676500082016,0.6492284536361694,0.06523005664348602,0.13672053813934326,0.6399999856948853,0.023480411618947983
dresses-sales,ExtraTrees,450,50,0.5287641882896423,0.7289045453071594,0.09254427999258041,0.1489677131175995,0.5799999833106995,0.022241240367293358
dresses-sales,LightGBM,450,50,0.5031064748764038,0.7063313126564026,0.07794874906539917,0.19728824496269226,0.5400000214576721,0.022282014600932598
dresses-sales,LinearModel,450,50,0.4982489347457886,0.6953733563423157,0.09513241797685623,0.16666999459266663,0.6200000047683716,0.02251538075506687
dresses-sales,NeuralNetFastAI,450,50,0.5350471138954163,0.7534398436546326,0.0875585749745369,0.1719469279050827,0.5799999833106995,0.0226514870300889
dresses-sales,NeuralNetTorch,450,50,0.49826204776763916,0.7046188116073608,0.09395147114992142,0.17552872002124786,0.5799999833106995,0.022384338080883026
dresses-sales,RandomForest,450,50,0.5339415073394775,0.7395997643470764,0.12008853256702423,0.1775563806295395,0.5799999833106995,0.023126263171434402
dresses-sales,XGBoost,450,50,0.49024802446365356,0.6832722425460815,0.0854620561003685,0.1344713568687439,0.5199999809265137,0.02402882557362318
eeg-eye-state,CatBoost,13482,1498,0.06224993243813515,0.12079450488090515,0.01491917110979557,0.024536771699786186,0.9599465727806091,0.06469849031418562
eeg-eye-state,ExtraTrees,13482,1498,0.08220943808555603,0.14790184795856476,0.018841706216335297,0.03454885259270668,0.9412550330162048,0.06510233413428068
eeg-eye-state,LightGBM,13482,1498,0.06881162524223328,0.1297234296798706,0.01826900616288185,0.032081592828035355,0.9572763442993164,0.0649521192535758
eeg-eye-state,LinearModel,13482,1498,0.4466407001018524,0.6360021233558655,0.022658586502075195,0.032550148665905,0.6301735639572144,0.06902997195720673
eeg-eye-state,NeuralNetFastAI,13482,1498,0.25799667835235596,0.40962648391723633,0.05143671855330467,0.08758632838726044,0.8237650394439697,0.06815499905496836
eeg-eye-state,NeuralNetTorch,13482,1498,0.027777142822742462,0.06588330864906311,0.014240910299122334,0.02968103066086769,0.9813084006309509,0.06197997368872166
eeg-eye-state,RandomForest,13482,1498,0.09560544043779373,0.17074239253997803,0.01728065311908722,0.02813582308590412,0.9359145760536194,0.06531766802072525
eeg-eye-state,XGBoost,13482,1498,0.07150759547948837,0.13418158888816833,0.01619354821741581,0.026554133743047714,0.9539386034011841,0.0652399929240346
electricity,CatBoost,40780,4532,0.08190478384494781,0.15230435132980347,0.014058474451303482,0.026680823415517807,0.94748455286026,0.14992326498031616
electricity,ExtraTrees,40780,4532,0.13806664943695068,0.23389671742916107,0.01346646249294281,0.022220760583877563,0.9048985242843628,0.14959286991506815
electricity,LightGBM,40780,4532,0.08277594298124313,0.15415601432323456,0.015903526917099953,0.029403643682599068,0.948808491230011,0.14896665513515472
electricity,LinearModel,40780,4532,0.329761803150177,0.49706536531448364,0.016919583082199097,0.017649147659540176,0.7561782598495483,0.15749380830675364
electricity,NeuralNetFastAI,40780,4532,0.22075186669826508,0.35099896788597107,0.016816765069961548,0.02725052647292614,0.8453221321105957,0.15638695564121008
electricity,NeuralNetTorch,40780,4532,0.18655535578727722,0.30586549639701843,0.023130133748054504,0.039306070655584335,0.8718005418777466,0.15585235599428415
electricity,RandomForest,40780,4532,0.10651471465826035,0.1882784366607666,0.012652577832341194,0.020259803161025047,0.9302735924720764,0.1453958796337247
electricity,XGBoost,40780,4532,0.08054380118846893,0.15016406774520874,0.015099912881851196,0.029143132269382477,0.94748455286026,0.14776052348315716
fri_c0_1000_5,CatBoost,900,100,0.12069912999868393,0.20030659437179565,0.060526974499225616,0.08563168346881866,0.8999999761581421,0.02468029595911503
fri_c0_1000_5,ExtraTrees,900,100,0.16382335126399994,0.25097420811653137,0.05483083799481392,0.09169185161590576,0.8899999856948853,0.024637604132294655
fri_c0_1000_5,LightGBM,900,100,0.11903240531682968,0.1959543228149414,0.050332266837358475,0.09589347243309021,0.8799999952316284,0.024752349592745304
fri_c0_1000_5,LinearModel,900,100,0.22779317200183868,0.3751782178878784,0.06515361368656158,0.10103248059749603,0.8399999737739563,0.02449653670191765
fri_c0_1000_5,NeuralNetFastAI,900,100,0.10335570573806763,0.17944030463695526,0.05309438705444336,0.07896675914525986,0.9399999976158142,0.024918819777667522
fri_c0_1000_5,NeuralNetTorch,900,100,0.11743512749671936,0.1878739893436432,0.03799322247505188,0.10124772787094116,0.9100000262260437,0.024504730477929115
fri_c0_1000_5,RandomForest,900,100,0.13764220476150513,0.23806244134902954,0.05511903017759323,0.07546818256378174,0.9300000071525574,0.024683822877705097
fri_c0_1000_5,XGBoost,900,100,0.13363990187644958,0.22096699476242065,0.05691657215356827,0.08984469622373581,0.9100000262260437,0.024860342033207417
fri_c0_500_5,CatBoost,450,50,0.1832795888185501,0.3035467267036438,0.06353620439767838,0.11459409445524216,0.8799999952316284,0.023027353920042515
fri_c0_500_5,ExtraTrees,450,50,0.24667590856552124,0.3857576847076416,0.0815274566411972,0.11605130881071091,0.8199999928474426,0.02338511496782303
fri_c0_500_5,LightGBM,450,50,0.19791114330291748,0.33161965012550354,0.06980150938034058,0.11556790769100189,0.8799999952316284,0.023009970784187317
fri_c0_500_5,LinearModel,450,50,0.3041592836380005,0.49052485823631287,0.058506086468696594,0.1419278383255005,0.800000011920929,0.023003945127129555
fri_c0_500_5,NeuralNetFastAI,450,50,0.21372154355049133,0.33855366706848145,0.0573335736989975,0.08844110369682312,0.8399999737739563,0.022509596310555935
fri_c0_500_5,NeuralNetTorch,450,50,0.16922827064990997,0.27484166622161865,0.05981326848268509,0.09505878388881683,0.8799999952316284,0.02289212215691805
fri_c0_500_5,RandomForest,450,50,0.26402002573013306,0.4222910702228546,0.07444363832473755,0.12945148348808289,0.7799999713897705,0.023552045226097107
fri_c0_500_5,XGBoost,450,50,0.2160581797361374,0.33838409185409546,0.06352701783180237,0.05852355435490608,0.8199999928474426,0.02280254103243351
fri_c1_1000_50,CatBoost,900,100,0.11456183344125748,0.20229391753673553,0.02637401968240738,0.04542575776576996,0.9300000071525574,0.024190866388380527
fri_c1_1000_50,ExtraTrees,900,100,0.11313921958208084,0.20269876718521118,0.03942691162228584,0.061397064477205276,0.9200000166893005,0.024668939411640167
fri_c1_1000_50,LightGBM,900,100,0.14530616998672485,0.23203113675117493,0.030382178723812103,0.08495103567838669,0.8700000047683716,0.024632292799651623
fri_c1_1000_50,LinearModel,900,100,0.417144238948822,0.6053566932678223,0.04432746767997742,0.09095989912748337,0.6800000071525574,0.024173264391720295
fri_c1_1000_50,NeuralNetFastAI,900,100,0.14083439111709595,0.25357291102409363,0.05708935856819153,0.07876934111118317,0.8899999856948853,0.025574070401489735
fri_c1_1000_50,NeuralNetTorch,900,100,0.2435019612312317,0.3880079984664917,0.05378095060586929,0.08218080550432205,0.8299999833106995,0.025706253945827484
fri_c1_1000_50,RandomForest,900,100,0.15283037722110748,0.2631274163722992,0.03785763308405876,0.08210963010787964,0.8999999761581421,0.02584576327353716
fri_c1_1000_50,XGBoost,900,100,0.12440157681703568,0.2164948284626007,0.030462894588708878,0.071112260222435,0.9100000262260437,0.024417157284915447
fri_c2_1000_25,CatBoost,900,100,0.13350477814674377,0.22756606340408325,0.038021527230739594,0.060922373086214066,0.9100000262260437,0.024404010735452175
fri_c2_1000_25,ExtraTrees,900,100,0.14294016361236572,0.24486277997493744,0.02357340045273304,0.057667385786771774,0.8899999856948853,0.02482542861253023
fri_c2_1000_25,LightGBM,900,100,0.14546716213226318,0.24806688725948334,0.03717847168445587,0.037553731352090836,0.8899999856948853,0.024837772361934185
fri_c2_1000_25,LinearModel,900,100,0.3569988012313843,0.5278788208961487,0.08465331047773361,0.12061864137649536,0.7300000190734863,0.024420050904154778
fri_c2_1000_25,NeuralNetFastAI,900,100,0.12221111357212067,0.21068574488162994,0.024492869153618813,0.07438886165618896,0.9300000071525574,0.024199416860938072
fri_c2_1000_25,NeuralNetTorch,900,100,0.14210695028305054,0.24742943048477173,0.03305290639400482,0.05888400226831436,0.8899999856948853,0.024939182214438915
fri_c2_1000_25,RandomForest,900,100,0.16464783251285553,0.28034743666648865,0.04013330861926079,0.045525431632995605,0.8600000143051147,0.025716598145663738
fri_c2_1000_25,XGBoost,900,100,0.1382053941488266,0.23816871643066406,0.04035855084657669,0.07613518089056015,0.8899999856948853,0.026381312869489193
fri_c2_500_50,CatBoost,450,50,0.19884291291236877,0.3071826696395874,0.05668102949857712,0.13453829288482666,0.8399999737739563,0.0227485504001379
fri_c2_500_50,ExtraTrees,450,50,0.25482380390167236,0.37837114930152893,0.07243487983942032,0.14174282550811768,0.8199999928474426,0.02300835493952036
fri_c2_500_50,LightGBM,450,50,0.19500182569026947,0.30093374848365784,0.05220574885606766,0.10349632054567337,0.8600000143051147,0.022675310261547565
fri_c2_500_50,LinearModel,450,50,0.40379050374031067,0.5824649930000305,0.08904761075973511,0.2268734872341156,0.699999988079071,0.02305049914866686
fri_c2_500_50,NeuralNetFastAI,450,50,0.20172925293445587,0.3495035469532013,0.06602056324481964,0.1377130150794983,0.8999999761581421,0.023254274390637875
fri_c2_500_50,NeuralNetTorch,450,50,0.2555789649486542,0.42102211713790894,0.03914922475814819,0.13203711807727814,0.800000011920929,0.022724168375134468
fri_c2_500_50,RandomForest,450,50,0.24785137176513672,0.3762874901294708,0.061010561883449554,0.14090466499328613,0.800000011920929,0.02301125694066286
fri_c2_500_50,XGBoost,450,50,0.2502521276473999,0.3883076012134552,0.05155041441321373,0.11768680810928345,0.8399999737739563,0.022793611511588097
fri_c3_1000_10,CatBoost,900,100,0.10272570699453354,0.18973904848098755,0.03625050187110901,0.06472454965114594,0.949999988079071,0.02401703968644142
fri_c3_1000_10,ExtraTrees,900,100,0.09528129547834396,0.18253248929977417,0.024697795510292053,0.03222832828760147,0.9399999976158142,0.024730605073273182
fri_c3_1000_10,LightGBM,900,100,0.1220686063170433,0.20753657817840576,0.022005688399076462,0.05215167999267578,0.9300000071525574,0.025298481807112694
fri_c3_1000_10,LinearModel,900,100,0.3925403952598572,0.5767703056335449,0.058226123452186584,0.12257940322160721,0.7300000190734863,0.024521746672689915
fri_c3_1000_10,NeuralNetFastAI,900,100,0.09970550239086151,0.17084108293056488,0.03042813390493393,0.06052494794130325,0.9300000071525574,0.02451340015977621
fri_c3_1000_10,NeuralNetTorch,900,100,0.09283988922834396,0.1754605621099472,0.04091563820838928,0.06787463277578354,0.949999988079071,0.02463245578110218
fri_c3_1000_10,RandomForest,900,100,0.12844008207321167,0.22969380021095276,0.031027771532535553,0.08424640446901321,0.9200000166893005,0.024590980261564255
fri_c3_1000_10,XGBoost,900,100,0.11297189444303513,0.20373660326004028,0.04704020172357559,0.08665960282087326,0.949999988079071,0.025225485675036907
fri_c3_1000_25,CatBoost,900,100,0.13337700068950653,0.21234571933746338,0.03571069985628128,0.09346459805965424,0.9100000262260437,0.024443235248327255
fri_c3_1000_25,ExtraTrees,900,100,0.10635208338499069,0.17833909392356873,0.01980721950531006,0.07902011275291443,0.9200000166893005,0.024359031580388546
fri_c3_1000_25,LightGBM,900,100,0.08208149671554565,0.1475246101617813,0.032085590064525604,0.06793007254600525,0.949999988079071,0.024229969829320908
fri_c3_1000_25,LinearModel,900,100,0.4356442987918854,0.620753824710846,0.04596048593521118,0.08225247263908386,0.6399999856948853,0.024635997600853443
fri_c3_1000_25,NeuralNetFastAI,900,100,0.08353223651647568,0.15512621402740479,0.03358524292707443,0.06294634938240051,0.949999988079071,0.023931408300995827
fri_c3_1000_25,NeuralNetTorch,900,100,0.0853823572397232,0.1707799881696701,0.04185013473033905,0.08383899927139282,0.9599999785423279,0.02522761933505535
fri_c3_1000_25,RandomForest,900,100,0.14141008257865906,0.22741268575191498,0.02862396091222763,0.08941343426704407,0.8799999952316284,0.024444743990898132
fri_c3_1000_25,XGBoost,900,100,0.095810167491436,0.1743980199098587,0.028583817183971405,0.06358625739812851,0.9399999976158142,0.02346837893128395
fri_c3_500_10,CatBoost,450,50,0.17647655308246613,0.2883021831512451,0.05927733704447746,0.10555396229028702,0.8600000143051147,0.023134798742830753
fri_c3_500_10,ExtraTrees,450,50,0.22333186864852905,0.3744453489780426,0.06023995205760002,0.10163779556751251,0.8600000143051147,0.02267386205494404
fri_c3_500_10,LightGBM,450,50,0.25132328271865845,0.3828766644001007,0.08061602711677551,0.12695837020874023,0.800000011920929,0.022207207046449184
fri_c3_500_10,LinearModel,450,50,0.40072983503341675,0.5851280093193054,0.08927348256111145,0.18523843586444855,0.6399999856948853,0.022710821591317654
fri_c3_500_10,NeuralNetFastAI,450,50,0.2092909961938858,0.34298375248908997,0.06515335291624069,0.10724829882383347,0.8600000143051147,0.022811117582023144
fri_c3_500_10,NeuralNetTorch,450,50,0.19037221372127533,0.3413568139076233,0.036527253687381744,0.10813296586275101,0.8999999761581421,0.022334130480885506
fri_c3_500_10,RandomForest,450,50,0.2267821729183197,0.3638630211353302,0.061017438769340515,0.07711068540811539,0.8399999737739563,0.022691362537443638
fri_c3_500_10,XGBoost,450,50,0.20509129762649536,0.3345099687576294,0.05695251375436783,0.11290834844112396,0.8600000143051147,0.02301313541829586
fri_c3_500_50,CatBoost,450,50,0.2149553894996643,0.3519118130207062,0.0619429275393486,0.16289272904396057,0.8399999737739563,0.022991792298853397
fri_c3_500_50,ExtraTrees,450,50,0.2177945375442505,0.35195595026016235,0.07401417940855026,0.16754034161567688,0.8399999737739563,0.022721126675605774
fri_c3_500_50,LightGBM,450,50,0.19965484738349915,0.33134540915489197,0.036329686641693115,0.11943517625331879,0.8600000143051147,0.023134557530283928
fri_c3_500_50,LinearModel,450,50,0.4157216548919678,0.593737006187439,0.08320635557174683,0.13715849816799164,0.5799999833106995,0.02259546611458063
fri_c3_500_50,NeuralNetFastAI,450,50,0.4046679735183716,0.587822675704956,0.07692825794219971,0.15896061062812805,0.6800000071525574,0.02307099848985672
fri_c3_500_50,NeuralNetTorch,450,50,0.3814624547958374,0.5667929649353027,0.10101321339607239,0.16315396130084991,0.7200000286102295,0.023354671895503998
fri_c3_500_50,RandomForest,450,50,0.20745939016342163,0.32892563939094543,0.04564468190073967,0.07545606791973114,0.8600000143051147,0.023783836513757706
fri_c3_500_50,XGBoost,450,50,0.18233221769332886,0.3128018081188202,0.0626247227191925,0.08022162318229675,0.8799999952316284,0.02408470492810011
fri_c4_500_100,CatBoost,450,50,0.17806725203990936,0.2698998749256134,0.04594068601727486,0.11283653229475021,0.8600000143051147,0.023783191107213497
fri_c4_500_100,ExtraTrees,450,50,0.14665202796459198,0.24185457825660706,0.07399994134902954,0.09397785365581512,0.8999999761581421,0.02269634511321783
fri_c4_500_100,LightGBM,450,50,0.19450825452804565,0.30531758069992065,0.05189209803938866,0.13520340621471405,0.8399999737739563,0.022570683620870113
fri_c4_500_100,LinearModel,450,50,0.4488700032234192,0.6370479464530945,0.06494909524917603,0.09268999099731445,0.5799999833106995,0.023459337651729584
fri_c4_500_100,NeuralNetFastAI,450,50,0.44793927669525146,0.6365296244621277,0.09386851638555527,0.15959182381629944,0.6000000238418579,0.022655842825770378
fri_c4_500_100,NeuralNetTorch,450,50,0.41023877263069153,0.5947861075401306,0.059764787554740906,0.0991748720407486,0.6399999856948853,0.021949014626443386
fri_c4_500_100,RandomForest,450,50,0.1810067743062973,0.28619876503944397,0.05208082124590874,0.09690910577774048,0.8600000143051147,0.022380457259714603
fri_c4_500_100,XGBoost,450,50,0.1431259959936142,0.2325633466243744,0.07466214895248413,0.11051085591316223,0.8799999952316284,0.023458278737962246
fried,CatBoost,36691,4077,0.09334424883127213,0.16063407063484192,0.014160536229610443,0.024690452963113785,0.932548463344574,0.13201732747256756
fried,ExtraTrees,36691,4077,0.11482816189527512,0.19249342381954193,0.01614004746079445,0.029027758166193962,0.9195486903190613,0.13382967468351126
fried,LightGBM,36691,4077,0.09443800151348114,0.16241534054279327,0.014516336843371391,0.030321864411234856,0.9305862188339233,0.13560833130031824
fried,LinearModel,36691,4077,0.23235614597797394,0.3705630600452423,0.014405153691768646,0.018414059653878212,0.8373804092407227,0.14356132876127958
fried,NeuralNetFastAI,36691,4077,0.09141764789819717,0.1572175920009613,0.013501780107617378,0.02651263400912285,0.9342653751373291,0.13354051019996405
fried,NeuralNetTorch,36691,4077,0.09139095991849899,0.1582145094871521,0.01392048317939043,0.028478123247623444,0.9350012540817261,0.1344400132074952
fried,RandomForest,36691,4077,0.11619788408279419,0.1949150711297989,0.014858572743833065,0.02953575924038887,0.9175864458084106,0.1368900453671813
fried,XGBoost,36691,4077,0.09589365869760513,0.1652722954750061,0.01560942642390728,0.02843131497502327,0.9335295557975769,0.13594423793256283
gina,CatBoost,2837,316,0.06336726248264313,0.1218683123588562,0.020655928179621696,0.03940080478787422,0.9588607549667358,0.032939267344772816
gina,ExtraTrees,2837,316,0.092683807015419,0.16897274553775787,0.01609608344733715,0.04121527448296547,0.9430379867553711,0.03244189824908972
gina,LightGBM,2837,316,0.06773151457309723,0.13022302091121674,0.014205727726221085,0.03697562217712402,0.9588607549667358,0.032413952983915806
gina,LinearModel,2837,316,0.22904248535633087,0.3734554350376129,0.048752713948488235,0.08930380642414093,0.8417721390724182,0.03344639018177986
gina,NeuralNetFastAI,2837,316,0.06395246088504791,0.1310642659664154,0.03854504972696304,0.06890740245580673,0.9715189933776855,0.031025785021483898
gina,NeuralNetTorch,2837,316,0.06968273222446442,0.13842616975307465,0.03318525850772858,0.061457559466362,0.9556962251663208,0.031182398088276386
gina,RandomForest,2837,316,0.09266212582588196,0.17022806406021118,0.013271138072013855,0.030218729749321938,0.9398733973503113,0.031023606657981873
gina,XGBoost,2837,316,0.06947493553161621,0.13475611805915833,0.015280287712812424,0.03970850259065628,0.9588607549667358,0.031804376281797886
hill-valley,CatBoost,1090,122,0.4897290766239166,0.6830233931541443,0.07583533972501755,0.14074310660362244,0.5655737519264221,0.024785950779914856
hill-valley,ExtraTrees,1090,122,0.4785872995853424,0.6713823676109314,0.035058870911598206,0.05477575957775116,0.5901639461517334,0.025405160151422024
hill-valley,LightGBM,1090,122,0.46974480152130127,0.6618926525115967,0.041515447199344635,0.09933634847402573,0.5737704634666443,0.025142407976090908
hill-valley,LinearModel,1090,122,0.15057645738124847,0.2537202835083008,0.05189530551433563,0.0733141303062439,0.8934426307678223,0.025100489147007465
hill-valley,NeuralNetFastAI,1090,122,0.19396212697029114,0.33013173937797546,0.09504944086074829,0.15841498970985413,0.868852436542511,0.02530017402023077
hill-valley,NeuralNetTorch,1090,122,0.13761375844478607,0.23738279938697815,0.05951733514666557,0.07533582299947739,0.9098360538482666,0.025395958684384823
hill-valley,RandomForest,1090,122,0.4793093204498291,0.6718384623527527,0.04147212207317352,0.08147837966680527,0.5819672346115112,0.025182408280670643
hill-valley,XGBoost,1090,122,0.47186359763145447,0.6644773483276367,0.04122927039861679,0.050498802214860916,0.5983606576919556,0.02435547299683094
hiva_agnostic,CatBoost,3806,423,0.06529956310987473,0.13851876556873322,0.013326341286301613,0.019810903817415237,0.957446813583374,0.034646136686205864
hiva_agnostic,ExtraTrees,3806,423,0.06933484226465225,0.1436345875263214,0.016193825751543045,0.017076872289180756,0.9598108530044556,0.03409616183489561
hiva_agnostic,LightGBM,3806,423,0.06661184132099152,0.1390906125307083,0.01288316398859024,0.018760336562991142,0.9645389914512634,0.03470878582447767
hiva_agnostic,LinearModel,3806,423,0.06023856997489929,0.13418059051036835,0.013331115245819092,0.00838490854948759,0.9645389914512634,0.03394586220383644
hiva_agnostic,NeuralNetFastAI,3806,423,0.06458288431167603,0.13940085470676422,0.009099084883928299,0.019194751977920532,0.9669030904769897,0.03505132254213095
hiva_agnostic,NeuralNetTorch,3806,423,0.06251788139343262,0.14530178904533386,0.013843169435858727,0.012601177208125591,0.9669030904769897,0.03469282854348421
hiva_agnostic,RandomForest,3806,423,0.06998074054718018,0.14665934443473816,0.017900582402944565,0.017054961994290352,0.9527186751365662,0.0345620047301054
hiva_agnostic,XGBoost,3806,423,0.06361328065395355,0.14045821130275726,0.014275368303060532,0.021966150030493736,0.9692671298980713,0.03478734940290451
houses,CatBoost,18576,2064,0.018560711294412613,0.05056200921535492,0.01390054076910019,0.02703229710459709,0.9893410801887512,0.0765599375590682
houses,ExtraTrees,18576,2064,0.01676211692392826,0.04787052422761917,0.013803618028759956,0.027106426656246185,0.9903100728988647,0.06928763631731272
houses,LightGBM,18576,2064,0.01989174075424671,0.0523892305791378,0.01579131931066513,0.02981836348772049,0.9864341020584106,0.07816635444760323
houses,LinearModel,18576,2064,0.04456799477338791,0.0894782766699791,0.015567095018923283,0.028185173869132996,0.9680232405662537,0.07831094600260258
houses,NeuralNetFastAI,18576,2064,0.020029902458190918,0.05192512646317482,0.014826062135398388,0.027668217197060585,0.9864341020584106,0.07650921028107405
houses,NeuralNetTorch,18576,2064,0.020853646099567413,0.053117427974939346,0.014176144264638424,0.027603207156062126,0.9864341020584106,0.07521453872323036
houses,RandomForest,18576,2064,0.02009367011487484,0.05289171263575554,0.014174449257552624,0.026603935286402702,0.9878876209259033,0.06997933052480221
houses,XGBoost,18576,2064,0.01963019371032715,0.052246395498514175,0.01461561769247055,0.028049182146787643,0.9888566136360168,0.07557213678956032
ilpd,CatBoost,524,59,0.3734118938446045,0.5438182353973389,0.05396425724029541,0.12811869382858276,0.7118644118309021,0.022648862563073635
ilpd,ExtraTrees,524,59,0.3496890366077423,0.5072008371353149,0.04319080710411072,0.1025247722864151,0.7118644118309021,0.022838763892650604
ilpd,LightGBM,524,59,0.3827238380908966,0.5561650395393372,0.0688590332865715,0.10785418748855591,0.7457627058029175,0.022506757639348507
ilpd,LinearModel,524,59,0.39274469017982483,0.556184709072113,0.07469400018453598,0.1474733054637909,0.6271186470985413,0.022738206200301647
ilpd,NeuralNetFastAI,524,59,0.36856716871261597,0.5190721750259399,0.05383804440498352,0.10790091753005981,0.6779661178588867,0.023140810430049896
ilpd,NeuralNetTorch,524,59,0.37664228677749634,0.5472517609596252,0.08586335182189941,0.1588076949119568,0.6440678238868713,0.02290503028780222
ilpd,RandomForest,524,59,0.39187315106391907,0.5589438080787659,0.0895557850599289,0.1651618927717209,0.6779661178588867,0.023260079324245453
ilpd,XGBoost,524,59,0.3900624215602875,0.5474197268486023,0.06837557256221771,0.1118198111653328,0.6440678238868713,0.023060892708599567
jasmine,CatBoost,2685,299,0.26659926772117615,0.4119483530521393,0.03364815562963486,0.04561227187514305,0.8060200810432434,0.03114320430904627
jasmine,ExtraTrees,2685,299,0.2731000781059265,0.41735562682151794,0.02024158462882042,0.03563128039240837,0.8193979859352112,0.030680717900395393
jasmine,LightGBM,2685,299,0.2652665078639984,0.41130757331848145,0.02418297715485096,0.04640518128871918,0.8227424621582031,0.03171048313379288
jasmine,LinearModel,2685,299,0.28796952962875366,0.4405090808868408,0.02429208531975746,0.0396314300596714,0.7993311285972595,0.03080629277974367
jasmine,NeuralNetFastAI,2685,299,0.2818584740161896,0.43051332235336304,0.026950303465127945,0.048301707953214645,0.8060200810432434,0.03136295825242996
jasmine,NeuralNetTorch,2685,299,0.28334054350852966,0.43309229612350464,0.032620880752801895,0.05652090907096863,0.8060200810432434,0.030816849321126938
jasmine,RandomForest,2685,299,0.26622000336647034,0.4090275466442108,0.03574526309967041,0.07354612648487091,0.8026756048202515,0.03091093059629202
jasmine,XGBoost,2685,299,0.2590707540512085,0.40413787961006165,0.0234585739672184,0.030382011085748672,0.829431414604187,0.031409820541739464
jm1,CatBoost,9796,1089,0.26648780703544617,0.42064473032951355,0.010388396680355072,0.02001950517296791,0.8163452744483948,0.055928632616996765
jm1,ExtraTrees,9796,1089,0.2657632827758789,0.4193008542060852,0.01590774580836296,0.035677965730428696,0.8200183510780334,0.0555765125900507
jm1,LightGBM,9796,1089,0.26447975635528564,0.4193710386753082,0.010971426963806152,0.02002325840294361,0.8255280256271362,0.05535072926431894
jm1,LinearModel,9796,1089,0.2806096076965332,0.4428611397743225,0.0148940309882164,0.026708737015724182,0.8145087361335754,0.05503263510763645
jm1,NeuralNetFastAI,9796,1089,0.27184030413627625,0.4325377345085144,0.01809965819120407,0.03839591518044472,0.8218548893928528,0.05675607267767191
jm1,NeuralNetTorch,9796,1089,0.2767554819583893,0.4368966221809387,0.018882431089878082,0.031899869441986084,0.8145087361335754,0.056003324687480927
jm1,RandomForest,9796,1089,0.2632084786891937,0.4159429371356964,0.011924933642148972,0.027016034349799156,0.8200183510780334,0.055971091613173485
jm1,XGBoost,9796,1089,0.26560336351394653,0.42059826850891113,0.011578631587326527,0.020383968949317932,0.8163452744483948,0.05596640985459089
kc1,CatBoost,1898,211,0.19071613252162933,0.3156246244907379,0.025227542966604233,0.04154421389102936,0.8720378875732422,0.027924981899559498
kc1,ExtraTrees,1898,211,0.18901562690734863,0.31696635484695435,0.026608869433403015,0.026684535667300224,0.8767772316932678,0.028069247491657734
kc1,LightGBM,1898,211,0.19050242006778717,0.3203255236148834,0.023671630769968033,0.042538780719041824,0.8815165758132935,0.028788641095161438
kc1,LinearModel,1898,211,0.21550753712654114,0.3500056266784668,0.031156327575445175,0.05439166724681854,0.8625592589378357,0.027980887331068516
kc1,NeuralNetFastAI,1898,211,0.19933553040027618,0.3261922597885132,0.028312597423791885,0.06869249045848846,0.8720378875732422,0.028297276236116886
kc1,NeuralNetTorch,1898,211,0.20968760550022125,0.33659109473228455,0.024851251393556595,0.04752739146351814,0.8483412265777588,0.02894590701907873
kc1,RandomForest,1898,211,0.18205851316452026,0.30373555421829224,0.032528556883335114,0.046398695558309555,0.8862559199333191,0.02930570114403963
kc1,XGBoost,1898,211,0.19394122064113617,0.31619226932525635,0.029119670391082764,0.045694366097450256,0.8767772316932678,0.028260874561965466
kc2,CatBoost,469,53,0.24590815603733063,0.36667078733444214,0.07050777971744537,0.14475619792938232,0.7924528121948242,0.023250294849276543
kc2,ExtraTrees,469,53,0.2673557996749878,0.3903253376483917,0.07525433599948883,0.13363656401634216,0.7735849022865295,0.022837326861917973
kc2,LightGBM,469,53,0.20132479071617126,0.30763766169548035,0.06341230869293213,0.14177799224853516,0.7924528121948242,0.022922943346202374
kc2,LinearModel,469,53,0.29354193806648254,0.42834600806236267,0.09175073355436325,0.17547835409641266,0.7735849022865295,0.02274075336754322
kc2,NeuralNetFastAI,469,53,0.26090937852859497,0.3920622766017914,0.05359490215778351,0.11659463495016098,0.7547169923782349,0.022672236897051334
kc2,NeuralNetTorch,469,53,0.2859455347061157,0.4523267149925232,0.05362725630402565,0.09595559537410736,0.7547169923782349,0.022843659855425358
kc2,RandomForest,469,53,0.2396293729543686,0.34668102860450745,0.058595094829797745,0.11098136007785797,0.7924528121948242,0.023104037158191204
kc2,XGBoost,469,53,0.2500075101852417,0.3752100467681885,0.07917308807373047,0.10951773822307587,0.8113207817077637,0.02208375371992588
kdd_el_nino-small,CatBoost,703,79,0.10903330892324448,0.16901083290576935,0.042649611830711365,0.07033790647983551,0.9113923907279968,0.02356343623250723
kdd_el_nino-small,ExtraTrees,703,79,0.13409219682216644,0.23007245361804962,0.03808983042836189,0.04927831515669823,0.8987341523170471,0.023333114571869373
kdd_el_nino-small,LightGBM,703,79,0.12144269794225693,0.20758184790611267,0.04868189990520477,0.04481629282236099,0.9367088675498962,0.022832508198916912
kdd_el_nino-small,LinearModel,703,79,0.10385514795780182,0.17362667620182037,0.036451369524002075,0.06568457186222076,0.9240506291389465,0.024224978871643543
kdd_el_nino-small,NeuralNetFastAI,703,79,0.10206285119056702,0.19092872738838196,0.02291388250887394,0.06923743337392807,0.949367105960846,0.02362803742289543
kdd_el_nino-small,NeuralNetTorch,703,79,0.1382194310426712,0.22992798686027527,0.03475179523229599,0.04171545058488846,0.9113923907279968,0.022924186661839485
kdd_el_nino-small,RandomForest,703,79,0.10487160831689835,0.1848520189523697,0.027360504493117332,0.048213891685009,0.9240506291389465,0.02338142041116953
kdd_el_nino-small,XGBoost,703,79,0.10571090877056122,0.18570899963378906,0.03839509189128876,0.04853437468409538,0.9367088675498962,0.02371824812144041
kdd_internet_usage,CatBoost,9097,1011,0.150155171751976,0.24040600657463074,0.011599697172641754,0.02733498625457287,0.9000989198684692,0.05221751984208822
kdd_internet_usage,ExtraTrees,9097,1011,0.16182759404182434,0.2584284245967865,0.013604719191789627,0.02545679174363613,0.888229489326477,0.05197492986917496
kdd_internet_usage,LightGBM,9097,1011,0.14970973134040833,0.23899132013320923,0.013767710886895657,0.02395695261657238,0.8971315622329712,0.05205201730132103
kdd_internet_usage,LinearModel,9097,1011,0.16876676678657532,0.2750639021396637,0.009511295706033707,0.029090119525790215,0.8753709197044373,0.05224728025496006
kdd_internet_usage,NeuralNetFastAI,9097,1011,0.1517094522714615,0.24078646302223206,0.013646669685840607,0.027087504044175148,0.8892185688018799,0.05186960566788912
kdd_internet_usage,NeuralNetTorch,9097,1011,0.1522141695022583,0.2408474087715149,0.015736587345600128,0.03674284368753433,0.8902077078819275,0.05169255007058382
kdd_internet_usage,RandomForest,9097,1011,0.15969359874725342,0.2544838488101959,0.01382286474108696,0.0344654805958271,0.8892185688018799,0.05169030372053385
kdd_internet_usage,XGBoost,9097,1011,0.1501302719116211,0.24124684929847717,0.011268840171396732,0.029253046959638596,0.8991097807884216,0.05221561063081026
kick,CatBoost,65684,7299,0.16141089797019958,0.2850896418094635,0.004902288317680359,0.00941474735736847,0.9034114480018616,0.23350304458290339
kick,ExtraTrees,65684,7299,0.16858717799186707,0.296543687582016,0.004957249388098717,0.009600022807717323,0.899301290512085,0.23446247819811106
kick,LightGBM,65684,7299,0.16419309377670288,0.2900497615337372,0.005264831241220236,0.008733369410037994,0.9020413756370544,0.2315544681623578
kick,LinearModel,65684,7299,0.17123378813266754,0.30181506276130676,0.005800571292638779,0.005544275511056185,0.8980682492256165,0.24013947136700153
kick,NeuralNetFastAI,65684,7299,0.1640048325061798,0.28966212272644043,0.006105292588472366,0.00920712761580944,0.9014933705329895,0.23380892630666494
kick,NeuralNetTorch,65684,7299,0.16408827900886536,0.2902265787124634,0.0057183243334293365,0.011661991477012634,0.9025893807411194,0.23136225529015064
kick,RandomForest,65684,7299,0.16689619421958923,0.29373571276664734,0.005292012356221676,0.012368199415504932,0.8994382619857788,0.23513707052916288
kick,XGBoost,65684,7299,0.16187112033367157,0.28612518310546875,0.004704497754573822,0.008602728135883808,0.903685450553894,0.2308571981266141
kin8nm,CatBoost,7372,820,0.14811420440673828,0.2430042177438736,0.0228407084941864,0.04089890792965889,0.8914633989334106,0.04782079439610243
kin8nm,ExtraTrees,7372,820,0.21631647646427155,0.342529296875,0.023314431309700012,0.040428295731544495,0.8402438759803772,0.04861619509756565
kin8nm,LightGBM,7372,820,0.15235565602779388,0.25001418590545654,0.02197679877281189,0.03855631873011589,0.8902438879013062,0.04741558153182268
kin8nm,LinearModel,7372,820,0.3566802144050598,0.533595621585846,0.013311009854078293,0.02078068256378174,0.7304878234863281,0.047805024310946465
kin8nm,NeuralNetFastAI,7372,820,0.12803314626216888,0.21310783922672272,0.015561709180474281,0.03222384676337242,0.9048780202865601,0.04564823303371668
kin8nm,NeuralNetTorch,7372,820,0.12595121562480927,0.2097359001636505,0.01593807339668274,0.027787650004029274,0.9121951460838318,0.04648291692137718
kin8nm,RandomForest,7372,820,0.21317128837108612,0.34012115001678467,0.02389317750930786,0.029937051236629486,0.8402438759803772,0.047246264293789864
kin8nm,XGBoost,7372,820,0.17907319962978363,0.2926578223705292,0.028965234756469727,0.046575505286455154,0.8804877996444702,0.04678585100919008
madeline,CatBoost,2826,314,0.19344045221805573,0.3285209834575653,0.02616789937019348,0.056207075715065,0.8726114630699158,0.031953501515090466
madeline,ExtraTrees,2826,314,0.22323071956634521,0.36623629927635193,0.018018504604697227,0.042169418185949326,0.8407643437385559,0.03172519989311695
madeline,LightGBM,2826,314,0.2162872552871704,0.3586766719818115,0.020756930112838745,0.036174796521663666,0.8630573153495789,0.03163543716073036
madeline,LinearModel,2826,314,0.4854276180267334,0.6782048940658569,0.029925554990768433,0.03877358138561249,0.5891719460487366,0.03167979419231415
madeline,NeuralNetFastAI,2826,314,0.39418548345565796,0.579605758190155,0.04425331950187683,0.06959399580955505,0.7006369233131409,0.03249295148998499
madeline,NeuralNetTorch,2826,314,0.359642893075943,0.5410849452018738,0.05904082953929901,0.08956394344568253,0.7547770738601685,0.03186506871134043
madeline,RandomForest,2826,314,0.2297593653202057,0.37928539514541626,0.021142296493053436,0.06246788799762726,0.8535031676292419,0.03179889917373657
madeline,XGBoost,2826,314,0.2181394100189209,0.35943302512168884,0.026937052607536316,0.0434778667986393,0.8662420511245728,0.03222789894789457
madelon,CatBoost,2340,260,0.19359304010868073,0.3249736428260803,0.03122561424970627,0.07279165089130402,0.8653846383094788,0.030710679478943348
madelon,ExtraTrees,2340,260,0.20931756496429443,0.3504558503627777,0.03448895737528801,0.05890372022986412,0.857692301273346,0.03069546539336443
madelon,LightGBM,2340,260,0.19338423013687134,0.331388384103775,0.04491245001554489,0.08868955820798874,0.8846153616905212,0.030521751381456852
madelon,LinearModel,2340,260,0.4890258312225342,0.6820792555809021,0.03460603579878807,0.03946704417467117,0.5769230723381042,0.03263302240520716
madelon,NeuralNetFastAI,2340,260,0.40031933784484863,0.5882493257522583,0.07334357500076294,0.11952902376651764,0.7346153855323792,0.02968661207705736
madelon,NeuralNetTorch,2340,260,0.43052223324775696,0.6207215785980225,0.06271908432245255,0.08686055988073349,0.6884615421295166,0.027966906316578388
madelon,RandomForest,2340,260,0.2140415608882904,0.3544301390647888,0.02774215117096901,0.06810388714075089,0.8653846383094788,0.028447928838431835
madelon,XGBoost,2340,260,0.20059749484062195,0.33861085772514343,0.032354068011045456,0.06368435174226761,0.8653846383094788,0.029909338802099228
mammography,CatBoost,10064,1119,0.021374110132455826,0.04964996501803398,0.0034329048357903957,0.004849629011005163,0.9857015013694763,0.050418500788509846
mammography,ExtraTrees,10064,1119,0.026743531227111816,0.05872097983956337,0.006480570416897535,0.008130422793328762,0.9865951538085938,0.05220816470682621
mammography,LightGBM,10064,1119,0.022665314376354218,0.05108530819416046,0.004321314860135317,0.005143847782164812,0.9857015013694763,0.052440148778259754
mammography,LinearModel,10064,1119,0.03082931973040104,0.06987085938453674,0.0061937374994158745,0.009406019002199173,0.9812332391738892,0.05215363297611475
mammography,NeuralNetFastAI,10064,1119,0.024425938725471497,0.05234672874212265,0.004582385066896677,0.006766251288354397,0.9857015013694763,0.05303593073040247
mammography,NeuralNetTorch,10064,1119,0.0249510258436203,0.05349678918719292,0.0038970247842371464,0.004806532524526119,0.983020544052124,0.052707222290337086
mammography,RandomForest,10064,1119,0.027341092005372047,0.05945921316742897,0.0058818599209189415,0.00883528869599104,0.9839141964912415,0.05299134273082018
mammography,XGBoost,10064,1119,0.02306436188519001,0.05172022804617882,0.004804822616279125,0.008866873569786549,0.9883824586868286,0.05132408533245325
mc1,CatBoost,8519,947,0.008405031636357307,0.016823913902044296,0.0033611534163355827,0.00447485875338316,0.9947201609611511,0.04670719522982836
mc1,ExtraTrees,8519,947,0.008861401118338108,0.02046755515038967,0.0034101433120667934,0.004085992928594351,0.9947201609611511,0.046208906918764114
mc1,LightGBM,8519,947,0.006620424799621105,0.01430025976151228,0.0028295486699789762,0.0034934140276163816,0.9968320727348328,0.046496872790157795
mc1,LinearModel,8519,947,0.011672346852719784,0.03084147721529007,0.005033288616687059,0.0029611557256430387,0.9926082491874695,0.04951677471399307
mc1,NeuralNetFastAI,8519,947,0.011229785159230232,0.028561033308506012,0.0035951207391917706,0.0033601780887693167,0.9936642050743103,0.048490931279957294
mc1,NeuralNetTorch,8519,947,0.01301005482673645,0.032305583357810974,0.004761385731399059,0.0050248196348547935,0.9926082491874695,0.04929976724088192
mc1,RandomForest,8519,947,0.010409255512058735,0.02360205538570881,0.0033676933962851763,0.0031234712805598974,0.9947201609611511,0.04608619399368763
mc1,XGBoost,8519,947,0.008291749283671379,0.015623399056494236,0.002296751830726862,0.002579888328909874,0.9947201609611511,0.04629205819219351
meta,CatBoost,475,53,0.08099274337291718,0.13631047308444977,0.03814198076725006,0.057057350873947144,0.9622641801834106,0.02415609546005726
meta,ExtraTrees,475,53,0.16203947365283966,0.26073578000068665,0.0480445995926857,0.11430324614048004,0.9056603908538818,0.02436040434986353
meta,LightGBM,475,53,0.10656331479549408,0.16844108700752258,0.04690977931022644,0.07294397801160812,0.9245283007621765,0.022604827769100666
meta,LinearModel,475,53,0.11899393051862717,0.18111734092235565,0.03982269763946533,0.08006098121404648,0.9056603908538818,0.022751348093152046
meta,NeuralNetFastAI,475,53,0.12878376245498657,0.21841265261173248,0.07695633172988892,0.10118487477302551,0.9245283007621765,0.02273894101381302
meta,NeuralNetTorch,475,53,0.08223822712898254,0.14704911410808563,0.04592828452587128,0.05693398788571358,0.9622641801834106,0.023387495428323746
meta,RandomForest,475,53,0.12911222875118256,0.21258127689361572,0.056030549108982086,0.06538105010986328,0.9245283007621765,0.022578081116080284
meta,XGBoost,475,53,0.10454659163951874,0.16342668235301971,0.036767780780792236,0.05942399799823761,0.9245283007621765,0.023001321591436863
mozilla4,CatBoost,13990,1555,0.06948600709438324,0.13391408324241638,0.014735296368598938,0.028071817010641098,0.9543408155441284,0.06625871825963259
mozilla4,ExtraTrees,13990,1555,0.06944285333156586,0.1331186145544052,0.012151677161455154,0.02638132870197296,0.9549839496612549,0.06322908401489258
mozilla4,LightGBM,13990,1555,0.06656228005886078,0.1295585185289383,0.016859252005815506,0.03010205179452896,0.9562700986862183,0.06677315477281809
mozilla4,LinearModel,13990,1555,0.11223898828029633,0.20523126423358917,0.01680948957800865,0.02173737809062004,0.9344051480293274,0.06804117280989885
mozilla4,NeuralNetFastAI,13990,1555,0.11508584022521973,0.2104797512292862,0.014335595071315765,0.02591889724135399,0.9260450005531311,0.06826337147504091
mozilla4,NeuralNetTorch,13990,1555,0.09235965460538864,0.1694713532924652,0.018713943660259247,0.032261982560157776,0.9395498633384705,0.06583224143832922
mozilla4,RandomForest,13990,1555,0.06968143582344055,0.13092495501041412,0.013233743607997894,0.028152508661150932,0.9517685174942017,0.06355832517147064
mozilla4,XGBoost,13990,1555,0.06887822598218918,0.1327294558286667,0.016698937863111496,0.03360015153884888,0.953054666519165,0.06696445122361183
no2,CatBoost,450,50,0.41892769932746887,0.6064193248748779,0.05936363711953163,0.08467872440814972,0.6600000262260437,0.023681162856519222
no2,ExtraTrees,450,50,0.41273003816604614,0.5977795124053955,0.045991212129592896,0.07485432177782059,0.6600000262260437,0.022772650234401226
no2,LightGBM,450,50,0.46906471252441406,0.6612125635147095,0.0815666913986206,0.14998334646224976,0.6000000238418579,0.022585876286029816
no2,LinearModel,450,50,0.48271822929382324,0.6765074133872986,0.15605805814266205,0.2148827612400055,0.47999998927116394,0.023080097511410713
no2,NeuralNetFastAI,450,50,0.44104552268981934,0.6285974383354187,0.09876392781734467,0.2385871261358261,0.5799999833106995,0.02290069591253996
no2,NeuralNetTorch,450,50,0.4590853452682495,0.6499702334403992,0.08420261740684509,0.1282263845205307,0.6200000047683716,0.02301053237169981
no2,RandomForest,450,50,0.4506029486656189,0.6354649066925049,0.08305719494819641,0.15647737681865692,0.6000000238418579,0.023119806312024593
no2,XGBoost,450,50,0.43636658787727356,0.6230512261390686,0.06104698404669762,0.16781151294708252,0.6200000047683716,0.0230427123606205
nomao,CatBoost,31018,3447,0.03926565498113632,0.08084135502576828,0.011632469482719898,0.02292669005692005,0.9744705557823181,0.11701823025941849
nomao,ExtraTrees,31018,3447,0.05096694827079773,0.10053347051143646,0.010412817820906639,0.02009398676455021,0.9669277667999268,0.10992794204503298
nomao,LightGBM,31018,3447,0.038518026471138,0.08021784573793411,0.010698653757572174,0.02209220640361309,0.9750507473945618,0.11653523426502943
nomao,LinearModel,31018,3447,0.07397838681936264,0.13393104076385498,0.011376660317182541,0.02204897813498974,0.9498114585876465,0.12047150917351246
nomao,NeuralNetFastAI,31018,3447,0.05309576541185379,0.10285491496324539,0.01130861695855856,0.023267868906259537,0.967798113822937,0.11657731793820858
nomao,NeuralNetTorch,31018,3447,0.053039923310279846,0.1023281067609787,0.010480780154466629,0.023870956152677536,0.9643167853355408,0.11684624757617712
nomao,RandomForest,31018,3447,0.047749608755111694,0.09523266553878784,0.009564533829689026,0.020547522231936455,0.9704090356826782,0.10831625200808048
nomao,XGBoost,31018,3447,0.038973256945610046,0.08076371252536774,0.011220701038837433,0.021899983286857605,0.9756309986114502,0.11505515221506357
numerai28_6,CatBoost,86688,9632,0.4990403652191162,0.6921859979629517,0.008840221911668777,0.0027727519627660513,0.5123546719551086,0.2997764153406024
numerai28_6,ExtraTrees,86688,9632,0.4991215169429779,0.6922682523727417,0.0068680644035339355,0.004995872266590595,0.5141196250915527,0.29474335350096226
numerai28_6,LightGBM,86688,9632,0.4990209937095642,0.6921643018722534,0.00897739827632904,0.002853370737284422,0.5112126469612122,0.29024566896259785
numerai28_6,LinearModel,86688,9632,0.49896422028541565,0.6921104192733765,0.0059450119733810425,0.0017571410862728953,0.5186877250671387,0.29427220206707716
numerai28_6,NeuralNetFastAI,86688,9632,0.4988599419593811,0.6920061707496643,0.007850071415305138,0.005249327979981899,0.5182723999023438,0.30150969605892897
numerai28_6,NeuralNetTorch,86688,9632,0.4989297688007355,0.6920777559280396,0.006876919884234667,0.0028372996021062136,0.5209717750549316,0.2990380385890603
numerai28_6,RandomForest,86688,9632,0.4994015097618103,0.6925477981567383,0.012258544564247131,0.006003374699503183,0.5132890343666077,0.2974648717790842
numerai28_6,XGBoost,86688,9632,0.49949783086776733,0.6926465630531311,0.00962875783443451,0.007263203151524067,0.5141196250915527,0.2995512606576085
ozone-level-8hr,CatBoost,2280,254,0.08101662248373032,0.1364535093307495,0.013265905901789665,0.02664581872522831,0.9488189220428467,0.029752252623438835
ozone-level-8hr,ExtraTrees,2280,254,0.07645397633314133,0.1276802271604538,0.013232916593551636,0.030046183615922928,0.9488189220428467,0.02994163054972887
ozone-level-8hr,LightGBM,2280,254,0.07830691337585449,0.13051512837409973,0.016256161034107208,0.035500943660736084,0.9370078444480896,0.03110594768077135
ozone-level-8hr,LinearModel,2280,254,0.07755052298307419,0.12719185650348663,0.01726309210062027,0.025204386562108994,0.9370078444480896,0.031588620506227016
ozone-level-8hr,NeuralNetFastAI,2280,254,0.07619314640760422,0.12506091594696045,0.020102832466363907,0.02783270925283432,0.9370078444480896,0.02973343711346388
ozone-level-8hr,NeuralNetTorch,2280,254,0.07257550954818726,0.12580247223377228,0.01227481383830309,0.019022498279809952,0.9448819160461426,0.02916538342833519
ozone-level-8hr,RandomForest,2280,254,0.07711814343929291,0.12925244867801666,0.0163952074944973,0.020939737558364868,0.9448819160461426,0.029730218462646008
ozone-level-8hr,XGBoost,2280,254,0.08398044109344482,0.14191460609436035,0.015664152801036835,0.026945140212774277,0.9370078444480896,0.02960552927106619
parity5_plus_5,CatBoost,1011,113,0.0011936090886592865,0.024732239544391632,0.012230019085109234,0.024429116398096085,1.0,0.023497159592807293
parity5_plus_5,ExtraTrees,1011,113,0.05526484549045563,0.12174021452665329,0.02056637778878212,0.04395032674074173,0.9646017551422119,0.027109100483357906
parity5_plus_5,LightGBM,1011,113,0.0011936090886592865,0.024732239544391632,0.012230019085109234,0.024429116398096085,1.0,0.023603939451277256
parity5_plus_5,LinearModel,1011,113,0.48350611329078674,0.6757816672325134,0.061359576880931854,0.08976059406995773,0.5663716793060303,0.024173298850655556
parity5_plus_5,NeuralNetFastAI,1011,113,0.0011936090886592865,0.024732239544391632,0.012230019085109234,0.024429116398096085,1.0,0.022791173309087753
parity5_plus_5,NeuralNetTorch,1011,113,0.0011936090886592865,0.024732239544391632,0.012230019085109234,0.024429116398096085,1.0,0.022142373025417328
parity5_plus_5,RandomForest,1011,113,0.07048831880092621,0.1348186880350113,0.039438456296920776,0.063115194439888,0.9469026327133179,0.02380951587110758
parity5_plus_5,XGBoost,1011,113,0.0011936090886592865,0.024732239544391632,0.012230019085109234,0.024429116398096085,1.0,0.02160739991813898
pbcseq,CatBoost,1750,195,0.19493705034255981,0.3322778046131134,0.04221049323678017,0.08372866362333298,0.892307698726654,0.02661044802516699
pbcseq,ExtraTrees,1750,195,0.23869501054286957,0.3880177438259125,0.03978067636489868,0.06855408102273941,0.8358974456787109,0.026423328556120396
pbcseq,LightGBM,1750,195,0.20680637657642365,0.3456282317638397,0.046573951840400696,0.08016306906938553,0.8769230842590332,0.026726681739091873
pbcseq,LinearModel,1750,195,0.4093453288078308,0.5954819321632385,0.04710168391466141,0.08533784747123718,0.656410276889801,0.026454816572368145
pbcseq,NeuralNetFastAI,1750,195,0.29023823142051697,0.45583808422088623,0.036497049033641815,0.06804654747247696,0.7897436022758484,0.027162414975464344
pbcseq,NeuralNetTorch,1750,195,0.30022063851356506,0.47267264127731323,0.06781013309955597,0.11475098878145218,0.8051282167434692,0.026892769150435925
pbcseq,RandomForest,1750,195,0.25062257051467896,0.4104735851287842,0.047865644097328186,0.09525392949581146,0.8615384697914124,0.02909326460212469
pbcseq,XGBoost,1750,195,0.18781045079231262,0.3276527523994446,0.043203577399253845,0.07895798981189728,0.8820512890815735,0.02834555134177208
pc1,CatBoost,998,111,0.09127925336360931,0.18183985352516174,0.024306422099471092,0.0578935481607914,0.9369369149208069,0.02479199692606926
pc1,ExtraTrees,998,111,0.0908905416727066,0.19176103174686432,0.030919838696718216,0.05639275163412094,0.954954981803894,0.0248835738748312
pc1,LightGBM,998,111,0.09550599753856659,0.1983097940683365,0.02500561624765396,0.05765601992607117,0.9369369149208069,0.024937739595770836
pc1,LinearModel,998,111,0.10701648890972137,0.19632022082805634,0.025934234261512756,0.04023471474647522,0.9369369149208069,0.024836898781359196
pc1,NeuralNetFastAI,998,111,0.10868999361991882,0.21263021230697632,0.03606312349438667,0.07140685617923737,0.9459459185600281,0.02427814807742834
pc1,NeuralNetTorch,998,111,0.10227227210998535,0.19113026559352875,0.02484588883817196,0.03200708329677582,0.9369369149208069,0.02480918075889349
pc1,RandomForest,998,111,0.08176388591527939,0.15104155242443085,0.022977424785494804,0.023992368951439857,0.9459459185600281,0.02513160463422537
pc1,XGBoost,998,111,0.08653096854686737,0.16087950766086578,0.020458338782191277,0.023533876985311508,0.9459459185600281,0.02543169353157282
pc2,CatBoost,5030,559,0.006303598638623953,0.01342914067208767,0.0031291607301682234,0.002038367558270693,0.9964221715927124,0.03730995114892721
pc2,ExtraTrees,5030,559,0.006610242184251547,0.01468521449714899,0.0034747631289064884,0.0009238329948857427,0.9964221715927124,0.035890478640794754
pc2,LightGBM,5030,559,0.006756811402738094,0.015231616795063019,0.002715957583859563,0.000649662921205163,0.9964221715927124,0.03737429715692997
pc2,LinearModel,5030,559,0.0065393210388720036,0.014239051379263401,0.0029872688464820385,0.0004639115068130195,0.9964221715927124,0.03793264925479889
pc2,NeuralNetFastAI,5030,559,0.006227368488907814,0.012327236123383045,0.002999507589265704,0.00600311066955328,0.9964221715927124,0.03797954134643078
pc2,NeuralNetTorch,5030,559,0.00671413354575634,0.015084834769368172,0.002358416561037302,6.52112066745758e-05,0.9964221715927124,0.037665714509785175
pc2,RandomForest,5030,559,0.006833074148744345,0.016095969825983047,0.0032499770168215036,0.0008943320717662573,0.9964221715927124,0.03581652697175741
pc2,XGBoost,5030,559,0.006306525785475969,0.012783104553818703,0.0029281368479132652,0.005530938971787691,0.9964221715927124,0.0367925763130188
pc3,CatBoost,1406,157,0.1710803061723709,0.28108152747154236,0.0414445698261261,0.0858999639749527,0.9044585824012756,0.02662401832640171
pc3,ExtraTrees,1406,157,0.16223248839378357,0.26163116097450256,0.028495144098997116,0.057883020490407944,0.8789808750152588,0.02596146520227194
pc3,LightGBM,1406,157,0.1686883270740509,0.28051233291625977,0.02986260876059532,0.05654756724834442,0.8917197585105896,0.026762676425278187
pc3,LinearModel,1406,157,0.18181034922599792,0.3037262558937073,0.039848506450653076,0.06753650307655334,0.8853503465652466,0.02631988748908043
pc3,NeuralNetFastAI,1406,157,0.1827957183122635,0.30379608273506165,0.042238689959049225,0.06148259714245796,0.8980891704559326,0.026140926405787468
pc3,NeuralNetTorch,1406,157,0.18610766530036926,0.31801798939704895,0.041270963847637177,0.07304976135492325,0.9044585824012756,0.02666350919753313
pc3,RandomForest,1406,157,0.16861586272716522,0.2769257724285126,0.027577213943004608,0.05225300416350365,0.8980891704559326,0.026077713817358017
pc3,XGBoost,1406,157,0.17273272573947906,0.27922290563583374,0.03802657127380371,0.060942649841308594,0.8789808750152588,0.026239694096148014
pc4,CatBoost,1312,146,0.12131810188293457,0.19844447076320648,0.03567139804363251,0.053210001438856125,0.9178082346916199,0.026045692153275013
pc4,ExtraTrees,1312,146,0.1284770369529724,0.21373069286346436,0.02353840321302414,0.06293432414531708,0.8904109597206116,0.025392322801053524
pc4,LightGBM,1312,146,0.12527583539485931,0.19884620606899261,0.02722335234284401,0.06346657127141953,0.8904109597206116,0.025137092918157578
pc4,LinearModel,1312,146,0.1177254244685173,0.19946104288101196,0.03976843133568764,0.05158526822924614,0.931506872177124,0.025837725028395653
pc4,NeuralNetFastAI,1312,146,0.1205095425248146,0.20498433709144592,0.035743921995162964,0.06450232118368149,0.931506872177124,0.02560028899461031
pc4,NeuralNetTorch,1312,146,0.13176800310611725,0.20830968022346497,0.029575742781162262,0.04481320083141327,0.9109588861465454,0.02572532743215561
pc4,RandomForest,1312,146,0.1251136064529419,0.19401490688323975,0.03282225504517555,0.0616891123354435,0.8972602486610413,0.025873398408293724
pc4,XGBoost,1312,146,0.1331479549407959,0.21112531423568726,0.032611869275569916,0.06050283461809158,0.8972602486610413,0.025559591129422188
philippine,CatBoost,5248,584,0.31662115454673767,0.474180668592453,0.0165896937251091,0.04500319063663483,0.7688356041908264,0.04035536199808121
philippine,ExtraTrees,5248,584,0.31755948066711426,0.47886741161346436,0.019791245460510254,0.03277173638343811,0.767123281955719,0.04014657251536846
philippine,LightGBM,5248,584,0.30247825384140015,0.45708221197128296,0.026349492371082306,0.034126535058021545,0.7773972749710083,0.040842569433152676
philippine,LinearModel,5248,584,0.375877320766449,0.5601138472557068,0.02243851125240326,0.04396241530776024,0.7243150472640991,0.04058910068124533
philippine,NeuralNetFastAI,5248,584,0.3664768636226654,0.5429690480232239,0.03201504051685333,0.055041830986738205,0.7431507110595703,0.04058556817471981
philippine,NeuralNetTorch,5248,584,0.3657180666923523,0.5466466546058655,0.02902136743068695,0.06387542933225632,0.7345890402793884,0.04057603422552347
philippine,RandomForest,5248,584,0.3217643201351166,0.48751166462898254,0.017277657985687256,0.042400162667036057,0.7602739930152893,0.04110903851687908
philippine,XGBoost,5248,584,0.3012673258781433,0.45839163661003113,0.021058350801467896,0.03592904284596443,0.7773972749710083,0.040784258395433426
phoneme,CatBoost,4863,541,0.13338661193847656,0.22369788587093353,0.01660422794520855,0.04982845112681389,0.905730128288269,0.03944868501275778
phoneme,ExtraTrees,4863,541,0.12500911951065063,0.21003885567188263,0.01342693530023098,0.03531009703874588,0.9112753868103027,0.03772962745279074
phoneme,LightGBM,4863,541,0.13544219732284546,0.2278290092945099,0.018133796751499176,0.04047725722193718,0.9131238460540771,0.038738083094358444
phoneme,LinearModel,4863,541,0.3186214566230774,0.4769846796989441,0.02220916748046875,0.03753451257944107,0.7634010910987854,0.0391472103074193
phoneme,NeuralNetFastAI,4863,541,0.15880639851093292,0.26105570793151855,0.020675867795944214,0.036325603723526,0.8835489749908447,0.03927496634423733
phoneme,NeuralNetTorch,4863,541,0.14251281321048737,0.24337176978588104,0.027936410158872604,0.05197005718946457,0.9112753868103027,0.03955886699259281
phoneme,RandomForest,4863,541,0.13212601840496063,0.22137293219566345,0.01532013714313507,0.03759855777025223,0.905730128288269,0.040062425658106804
phoneme,XGBoost,4863,541,0.13252407312393188,0.22496356070041656,0.02468731999397278,0.056775763630867004,0.9112753868103027,0.039932205341756344
pm10,CatBoost,450,50,0.43840426206588745,0.6335545778274536,0.09016165137290955,0.1350756287574768,0.7400000095367432,0.02422176767140627
pm10,ExtraTrees,450,50,0.464044988155365,0.6567274332046509,0.11253926157951355,0.21979597210884094,0.6200000047683716,0.02446637861430645
pm10,LightGBM,450,50,0.4259677827358246,0.6163548827171326,0.07264165580272675,0.14134827256202698,0.6600000262260437,0.023761608637869358
pm10,LinearModel,450,50,0.4756423830986023,0.668134868144989,0.05305730178952217,0.14370590448379517,0.5199999809265137,0.02350066602230072
pm10,NeuralNetFastAI,450,50,0.5462043285369873,0.7402240037918091,0.10619742423295975,0.15732291340827942,0.47999998927116394,0.0244590500369668
pm10,NeuralNetTorch,450,50,0.5179213881492615,0.7113670110702515,0.10618196427822113,0.16308334469795227,0.47999998927116394,0.024093950167298317
pm10,RandomForest,450,50,0.45439547300338745,0.6458251476287842,0.06210324168205261,0.10972671210765839,0.6600000262260437,0.02426398452371359
pm10,XGBoost,450,50,0.49069347977638245,0.6895028948783875,0.06877346336841583,0.13941481709480286,0.5600000023841858,0.02263767458498478
pollen,CatBoost,3463,385,0.5020734667778015,0.695264995098114,0.04456590116024017,0.009272288531064987,0.4961038827896118,0.03215168509632349
pollen,ExtraTrees,3463,385,0.5035295486450195,0.6967222690582275,0.05296429991722107,0.00612666504457593,0.48051947355270386,0.032955666072666645
pollen,LightGBM,3463,385,0.5040618777275085,0.6974474787712097,0.042624831199645996,0.01617174968123436,0.4987013041973114,0.03153897263109684
pollen,LinearModel,3463,385,0.5076643228530884,0.7008642554283142,0.04115644097328186,0.03883405774831772,0.4649350643157959,0.03322577103972435
pollen,NeuralNetFastAI,3463,385,0.5007359385490417,0.6939595937728882,0.02030061185359955,0.041641343384981155,0.5220779180526733,0.03272293880581856
pollen,NeuralNetTorch,3463,385,0.5020424723625183,0.6952057480812073,0.03479064628481865,0.042103394865989685,0.5064935088157654,0.03294513002038002
pollen,RandomForest,3463,385,0.5045302510261536,0.6976292729377747,0.04271155595779419,0.039706431329250336,0.4597402513027191,0.033166577108204365
pollen,XGBoost,3463,385,0.5041535496711731,0.6973031759262085,0.045039206743240356,0.04050968214869499,0.47792208194732666,0.03309723362326622
puma32H,CatBoost,7372,820,0.1314873993396759,0.21756182610988617,0.018184706568717957,0.03851079195737839,0.9048780202865601,0.04843165446072817
puma32H,ExtraTrees,7372,820,0.14597955346107483,0.23648789525032043,0.019152279943227768,0.04048104211688042,0.8951219320297241,0.04768768418580294
puma32H,LightGBM,7372,820,0.14499254524707794,0.23655860126018524,0.0176813043653965,0.03853926435112953,0.8914633989334106,0.04668775666505098
puma32H,LinearModel,7372,820,0.4645182490348816,0.6573548316955566,0.019822239875793457,0.031132711097598076,0.6390243768692017,0.047799223102629185
puma32H,NeuralNetFastAI,7372,820,0.10688404738903046,0.18720516562461853,0.01968660205602646,0.03549395874142647,0.9268292784690857,0.047136226668953896
puma32H,NeuralNetTorch,7372,820,0.11204365640878677,0.19630983471870422,0.02483183518052101,0.046298008412122726,0.9207317233085632,0.047224762849509716
puma32H,RandomForest,7372,820,0.15193717181682587,0.248018279671669,0.019861135631799698,0.05103446915745735,0.8865853548049927,0.046854523941874504
puma32H,XGBoost,7372,820,0.14687229692935944,0.24334686994552612,0.021095089614391327,0.04792097955942154,0.8939024209976196,0.04661184083670378
puma8NH,CatBoost,7372,820,0.2300988882780075,0.36679211258888245,0.019411977380514145,0.0469416119158268,0.8390243649482727,0.047947412356734276
puma8NH,ExtraTrees,7372,820,0.22916929423809052,0.3637295663356781,0.024044960737228394,0.05531653016805649,0.8378048539161682,0.0483285142108798
puma8NH,LightGBM,7372,820,0.23261290788650513,0.3709118366241455,0.024021808058023453,0.04399372637271881,0.8378048539161682,0.04817858338356018
puma8NH,LinearModel,7372,820,0.24648244678974152,0.38789820671081543,0.016042843461036682,0.049316491931676865,0.8341463208198547,0.049142101779580116
puma8NH,NeuralNetFastAI,7372,820,0.22787025570869446,0.36252519488334656,0.02495487779378891,0.06540745496749878,0.8463414907455444,0.04951724875718355
puma8NH,NeuralNetTorch,7372,820,0.22763243317604065,0.3605611026287079,0.023464344441890717,0.06095404922962189,0.8390243649482727,0.04823605902493
puma8NH,RandomForest,7372,820,0.22771967947483063,0.36487293243408203,0.022482745349407196,0.052243422716856,0.8451219797134399,0.048889816738665104
puma8NH,XGBoost,7372,820,0.23089425265789032,0.3683842420578003,0.02481105923652649,0.04317885637283325,0.8414633870124817,0.048476981930434704
qsar-biodeg,CatBoost,949,106,0.18463732302188873,0.30346813797950745,0.023066498339176178,0.08768988400697708,0.8584905862808228,0.026567217893898487
qsar-biodeg,ExtraTrees,949,106,0.1819712221622467,0.29965460300445557,0.030095841735601425,0.07456666976213455,0.8584905862808228,0.026707694865763187
qsar-biodeg,LightGBM,949,106,0.1700899302959442,0.292822003364563,0.03686114773154259,0.06746982783079147,0.8962264060974121,0.024454099126160145
qsar-biodeg,LinearModel,949,106,0.18460619449615479,0.30355319380760193,0.037368327379226685,0.11282103508710861,0.849056601524353,0.02503137569874525
qsar-biodeg,NeuralNetFastAI,949,106,0.1772332489490509,0.28842034935951233,0.042833540588617325,0.10636993497610092,0.8773584961891174,0.025472750887274742
qsar-biodeg,NeuralNetTorch,949,106,0.1920190006494522,0.3158452808856964,0.033023394644260406,0.10224135965108871,0.8773584961891174,0.024694430641829967
qsar-biodeg,RandomForest,949,106,0.17143389582633972,0.28792956471443176,0.03451532498002052,0.06605887413024902,0.8679245114326477,0.02500787004828453
qsar-biodeg,XGBoost,949,106,0.181418776512146,0.3054778575897217,0.02506548911333084,0.05409220978617668,0.8867924809455872,0.02481642086058855
ringnorm,CatBoost,6660,740,0.03174566105008125,0.07556494325399399,0.01449888851493597,0.02672327123582363,0.9824324250221252,0.046860599890351295
ringnorm,ExtraTrees,6660,740,0.03505296632647514,0.07770002633333206,0.012265948578715324,0.02721431851387024,0.9770269989967346,0.043599870055913925
ringnorm,LightGBM,6660,740,0.03153625875711441,0.07498364895582199,0.012275146320462227,0.027337048202753067,0.9824324250221252,0.04297333490103483
ringnorm,LinearModel,6660,740,0.30957841873168945,0.46729522943496704,0.023862868547439575,0.05115312710404396,0.7797297239303589,0.04412389546632767
ringnorm,NeuralNetFastAI,6660,740,0.03600898012518883,0.07863601297140121,0.0130316112190485,0.029009398072957993,0.9770269989967346,0.042841099202632904
ringnorm,NeuralNetTorch,6660,740,0.030989034101366997,0.0706249326467514,0.014286426827311516,0.028203703463077545,0.9783783555030823,0.0426341462880373
ringnorm,RandomForest,6660,740,0.05714381858706474,0.11458399146795273,0.013897620141506195,0.03388740494847298,0.9635134935379028,0.04386191628873348
ringnorm,XGBoost,6660,740,0.03560039773583412,0.08187296986579895,0.013700656592845917,0.032226383686065674,0.9797297120094299,0.04332632478326559
rmftsa_ladata,CatBoost,457,51,0.1761496365070343,0.2920367121696472,0.03840529918670654,0.09279486536979675,0.8823529481887817,0.02311794552952051
rmftsa_ladata,ExtraTrees,457,51,0.161905437707901,0.2548712491989136,0.04107573628425598,0.11387220025062561,0.8627451062202454,0.02268905844539404
rmftsa_ladata,LightGBM,457,51,0.17328399419784546,0.28137075901031494,0.03428911417722702,0.058484259992837906,0.8823529481887817,0.023080800659954548
rmftsa_ladata,LinearModel,457,51,0.11781731992959976,0.21117396652698517,0.054324936121702194,0.10988707840442657,0.9411764740943909,0.023129133507609367
rmftsa_ladata,NeuralNetFastAI,457,51,0.10334665328264236,0.18915213644504547,0.05433179810643196,0.11868003010749817,0.9607843160629272,0.02340712770819664
rmftsa_ladata,NeuralNetTorch,457,51,0.14943191409111023,0.25710394978523254,0.038299884647130966,0.12381909042596817,0.8823529481887817,0.023156728595495224
rmftsa_ladata,RandomForest,457,51,0.1609368473291397,0.264603853225708,0.03318022936582565,0.07381318509578705,0.8823529481887817,0.023025011643767357
rmftsa_ladata,XGBoost,457,51,0.19451473653316498,0.30751270055770874,0.03377088904380798,0.11005232483148575,0.9019607901573181,0.02300807647407055
spambase,CatBoost,4140,461,0.08079230040311813,0.14803378283977509,0.02922801673412323,0.041672371327877045,0.9479392766952515,0.0359701169654727
spambase,ExtraTrees,4140,461,0.08717899024486542,0.16215826570987701,0.029463401064276695,0.034378331154584885,0.9501084685325623,0.03484411537647247
spambase,LightGBM,4140,461,0.08768801391124725,0.1548001766204834,0.02976326271891594,0.04843843728303909,0.9414316415786743,0.03571525029838085
spambase,LinearModel,4140,461,0.10494334995746613,0.18962524831295013,0.024545347318053246,0.039567433297634125,0.9327548742294312,0.03599644359201193
spambase,NeuralNetFastAI,4140,461,0.09470339119434357,0.17764028906822205,0.023808252066373825,0.037403471767902374,0.9414316415786743,0.0352570740506053
spambase,NeuralNetTorch,4140,461,0.09051862359046936,0.16549357771873474,0.02592630870640278,0.0330272801220417,0.9349240660667419,0.035627118311822414
spambase,RandomForest,4140,461,0.09024333953857422,0.16166558861732483,0.02941196784377098,0.04349610209465027,0.9370932579040527,0.03413683082908392
spambase,XGBoost,4140,461,0.09303587675094604,0.161075621843338,0.03393286466598511,0.047167979180812836,0.9305856823921204,0.03590505197644234
sylvine,CatBoost,4611,513,0.08638828992843628,0.15966443717479706,0.026899166405200958,0.029115494340658188,0.943469762802124,0.03621968347579241
sylvine,ExtraTrees,4611,513,0.09184752404689789,0.16595032811164856,0.022944726049900055,0.038252536207437515,0.9356725215911865,0.03709037881344557
sylvine,LightGBM,4611,513,0.08688868582248688,0.15879371762275696,0.016597092151641846,0.02944660745561123,0.9395711421966553,0.03636988624930382
sylvine,LinearModel,4611,513,0.154414564371109,0.2634235918521881,0.017334312200546265,0.02936425805091858,0.8908382058143616,0.037587642669677734
sylvine,NeuralNetFastAI,4611,513,0.09946610033512115,0.18140815198421478,0.024979621171951294,0.03668217360973358,0.9356725215911865,0.03681160602718592
sylvine,NeuralNetTorch,4611,513,0.10191398859024048,0.18420852720737457,0.02608584612607956,0.05365125089883804,0.9337232112884521,0.03803257457911968
sylvine,RandomForest,4611,513,0.10968872904777527,0.19414111971855164,0.018115811049938202,0.029054610058665276,0.9278752207756042,0.037119741551578045
sylvine,XGBoost,4611,513,0.08806836605072021,0.16359896957874298,0.01698911562561989,0.03251909464597702,0.9415204524993896,0.03729271050542593
tokyo1,CatBoost,863,96,0.07085278630256653,0.1291649043560028,0.020572885870933533,0.060405973345041275,0.9270833134651184,0.024492493830621243
tokyo1,ExtraTrees,863,96,0.0751924142241478,0.14050278067588806,0.021531684324145317,0.05455524101853371,0.9270833134651184,0.02450473140925169
tokyo1,LightGBM,863,96,0.09476300328969955,0.16134674847126007,0.023456327617168427,0.05889056622982025,0.9375,0.024967106990516186
tokyo1,LinearModel,863,96,0.1212364137172699,0.2007933259010315,0.03548158332705498,0.08004297316074371,0.90625,0.024801481515169144
tokyo1,NeuralNetFastAI,863,96,0.09164353460073471,0.15111017227172852,0.024505117908120155,0.06647969782352448,0.9166666865348816,0.024789752438664436
tokyo1,NeuralNetTorch,863,96,0.07703929394483566,0.14390724897384644,0.023022202774882317,0.05125214159488678,0.9479166865348816,0.02432839386165142
tokyo1,RandomForest,863,96,0.07378451526165009,0.13505202531814575,0.02216784469783306,0.06246250122785568,0.9375,0.024477224797010422
tokyo1,XGBoost,863,96,0.09523770213127136,0.16301339864730835,0.028230024501681328,0.03567551076412201,0.9166666865348816,0.024690127931535244
twonorm,CatBoost,6660,740,0.033457301557064056,0.0750158503651619,0.016479425132274628,0.030405180528759956,0.9756757020950317,0.04403666500002146
twonorm,ExtraTrees,6660,740,0.032992567867040634,0.07613616436719894,0.017446046695113182,0.03468906134366989,0.9797297120094299,0.04297018051147461
twonorm,LightGBM,6660,740,0.034144047647714615,0.07664591073989868,0.016523074358701706,0.03630167245864868,0.9797297120094299,0.04306776728481054
twonorm,LinearModel,6660,740,0.030253812670707703,0.0713878870010376,0.01815701276063919,0.03236193209886551,0.9810810685157776,0.04262825474143028
twonorm,NeuralNetFastAI,6660,740,0.0328243114054203,0.07490744441747665,0.01786419004201889,0.028951415792107582,0.9783783555030823,0.04272285383194685
twonorm,NeuralNetTorch,6660,740,0.03022564761340618,0.07096341252326965,0.017179643735289574,0.033498261123895645,0.9797297120094299,0.04319958575069904
twonorm,RandomForest,6660,740,0.03444536402821541,0.07930225878953934,0.01923253759741783,0.03442984074354172,0.9810810685157776,0.04286256432533264
twonorm,XGBoost,6660,740,0.036893170326948166,0.08070854842662811,0.018796276301145554,0.03327517211437225,0.9770269989967346,0.043828134424984455
visualizing_soil,CatBoost,7776,865,0.0014586207689717412,0.023213209584355354,0.01143975742161274,0.022792208939790726,1.0,0.044673130847513676
visualizing_soil,ExtraTrees,7776,865,0.00100196513812989,0.02256009727716446,0.011352628469467163,0.022305551916360855,1.0,0.040916179306805134
visualizing_soil,LightGBM,7776,865,0.0010822158074006438,0.02287742681801319,0.011352620087563992,0.022600490599870682,1.0,0.04150916635990143
visualizing_soil,LinearModel,7776,865,0.0010154537158086896,0.022628556936979294,0.011353803798556328,0.022369517013430595,1.0,0.04149957839399576
visualizing_soil,NeuralNetFastAI,7776,865,0.0017233353573828936,0.023918885737657547,0.011781123466789722,0.023423796519637108,1.0,0.04416478145867586
visualizing_soil,NeuralNetTorch,7776,865,0.0010066499235108495,0.0225971769541502,0.011387147940695286,0.022339344024658203,1.0,0.042511326260864735
visualizing_soil,RandomForest,7776,865,0.0010750330984592438,0.022803572937846184,0.01139528863132,0.022528260946273804,1.0,0.039989834651350975
visualizing_soil,XGBoost,7776,865,0.0019788756035268307,0.024173516780138016,0.011885559186339378,0.02357536554336548,1.0,0.042851874604821205
wilt,CatBoost,4355,484,0.032791391015052795,0.057389069348573685,0.007270731031894684,0.011109104380011559,0.9793388247489929,0.03575093299150467
wilt,ExtraTrees,4355,484,0.03148317709565163,0.05910422280430794,0.0044638728722929955,0.007717243395745754,0.9814049601554871,0.033226520754396915
wilt,LightGBM,4355,484,0.031595271080732346,0.06120878830552101,0.004555551800876856,0.011709000915288925,0.9772727489471436,0.03559713065624237
wilt,LinearModel,4355,484,0.029966358095407486,0.051182400435209274,0.008053146302700043,0.013965640217065811,0.9814049601554871,0.03485405817627907
wilt,NeuralNetFastAI,4355,484,0.02267722599208355,0.03885218873620033,0.006957703270018101,0.01635746657848358,0.9834710955619812,0.03618331719189882
wilt,NeuralNetTorch,4355,484,0.028185630217194557,0.04678896442055702,0.006964663974940777,0.012875186279416084,0.9814049601554871,0.035969244316220284
wilt,RandomForest,4355,484,0.0355108343064785,0.06107979640364647,0.007516906131058931,0.009573717601597309,0.9772727489471436,0.03472064435482025
wilt,XGBoost,4355,484,0.03675086051225662,0.06239742040634155,0.008398698642849922,0.016018753871321678,0.9731404781341553,0.03476810920983553
wind,CatBoost,5916,658,0.1838626265525818,0.30020856857299805,0.025287851691246033,0.048822980374097824,0.8632218837738037,0.043018137104809284
wind,ExtraTrees,5916,658,0.18720878660678864,0.3067675828933716,0.021787963807582855,0.04956888407468796,0.8738601803779602,0.04429194796830416
wind,LightGBM,5916,658,0.18100260198116302,0.2961927652359009,0.024735264480113983,0.04762342572212219,0.869300901889801,0.04444749653339386
wind,LinearModel,5916,658,0.19903436303138733,0.32267218828201294,0.02363465167582035,0.03393065184354782,0.8601823449134827,0.04387161321938038
wind,NeuralNetFastAI,5916,658,0.17702585458755493,0.291240930557251,0.024226456880569458,0.041286926716566086,0.8784194588661194,0.043052119202911854
wind,NeuralNetTorch,5916,658,0.17600394785404205,0.28935369849205017,0.020669132471084595,0.0389879010617733,0.8784194588661194,0.043577649630606174
wind,RandomForest,5916,658,0.19220100343227386,0.3150619566440582,0.018368162214756012,0.0389714278280735,0.8662614226341248,0.043309987522661686
wind,XGBoost,5916,658,0.1827138215303421,0.30233222246170044,0.024637147784233093,0.05221244692802429,0.8768997192382812,0.04399316292256117
